metric	bits	capacity	errors	data_len	implementation	value
create-batch-K1[ns]	16	128	0	16	GENERIC	3.62891
create-batch-K1-total[ms]	16	128	0	16	GENERIC	0.00743
create-batch-K1[ns]	16	128	0	16	CLMUL	7.57324
create-batch-K1-total[ms]	16	128	0	16	CLMUL	0.01551
create-batch-K2[ns]	16	128	0	16	GENERIC	1.77979
create-batch-K2-total[ms]	16	128	0	16	GENERIC	0.00364
create-batch-K2[ns]	16	128	0	16	CLMUL	4.02344
create-batch-K2-total[ms]	16	128	0	16	CLMUL	0.00824
create-batch-K4[ns]	16	128	0	16	GENERIC	1.36719
create-batch-K4-total[ms]	16	128	0	16	GENERIC	0.00280
create-batch-K4[ns]	16	128	0	16	CLMUL	3.10449
create-batch-K4-total[ms]	16	128	0	16	CLMUL	0.00636
create-batch-K8[ns]	16	128	0	16	GENERIC	1.29541
create-batch-K8-total[ms]	16	128	0	16	GENERIC	0.00265
create-batch-K8[ns]	16	128	0	16	CLMUL	2.82910
create-batch-K8-total[ms]	16	128	0	16	CLMUL	0.00579
create-batch-K1[ns]	16	128	0	64	GENERIC	3.15906
create-batch-K1-total[ms]	16	128	0	64	GENERIC	0.02588
create-batch-K1[ns]	16	128	0	64	CLMUL	7.76550
create-batch-K1-total[ms]	16	128	0	64	CLMUL	0.06362
create-batch-K2[ns]	16	128	0	64	GENERIC	1.77100
create-batch-K2-total[ms]	16	128	0	64	GENERIC	0.01451
create-batch-K2[ns]	16	128	0	64	CLMUL	4.03406
create-batch-K2-total[ms]	16	128	0	64	CLMUL	0.03305
create-batch-K4[ns]	16	128	0	64	GENERIC	1.36023
create-batch-K4-total[ms]	16	128	0	64	GENERIC	0.01114
create-batch-K4[ns]	16	128	0	64	CLMUL	3.21985
create-batch-K4-total[ms]	16	128	0	64	CLMUL	0.02638
create-batch-K8[ns]	16	128	0	64	GENERIC	1.28821
create-batch-K8-total[ms]	16	128	0	64	GENERIC	0.01055
create-batch-K8[ns]	16	128	0	64	CLMUL	2.83423
create-batch-K8-total[ms]	16	128	0	64	CLMUL	0.02322
create-batch-K1[ns]	16	128	0	128	GENERIC	3.16119
create-batch-K1-total[ms]	16	128	0	128	GENERIC	0.05179
create-batch-K1[ns]	16	128	0	128	CLMUL	7.56476
create-batch-K1-total[ms]	16	128	0	128	CLMUL	0.12394
create-batch-K2[ns]	16	128	0	128	GENERIC	1.77179
create-batch-K2-total[ms]	16	128	0	128	GENERIC	0.02903
create-batch-K2[ns]	16	128	0	128	CLMUL	4.03998
create-batch-K2-total[ms]	16	128	0	128	CLMUL	0.06619
create-batch-K4[ns]	16	128	0	128	GENERIC	1.35925
create-batch-K4-total[ms]	16	128	0	128	GENERIC	0.02227
create-batch-K4[ns]	16	128	0	128	CLMUL	3.20538
create-batch-K4-total[ms]	16	128	0	128	CLMUL	0.05252
create-batch-K8[ns]	16	128	0	128	GENERIC	1.28687
create-batch-K8-total[ms]	16	128	0	128	GENERIC	0.02108
create-batch-K8[ns]	16	128	0	128	CLMUL	2.84082
create-batch-K8-total[ms]	16	128	0	128	CLMUL	0.04654
create-batch-K1[ns]	16	128	0	512	GENERIC	3.16016
create-batch-K1-total[ms]	16	128	0	512	GENERIC	0.20710
create-batch-K1[ns]	16	128	0	512	CLMUL	7.56410
create-batch-K1-total[ms]	16	128	0	512	CLMUL	0.49572
create-batch-K2[ns]	16	128	0	512	GENERIC	1.77122
create-batch-K2-total[ms]	16	128	0	512	GENERIC	0.11608
create-batch-K2[ns]	16	128	0	512	CLMUL	4.04062
create-batch-K2-total[ms]	16	128	0	512	CLMUL	0.26481
create-batch-K4[ns]	16	128	0	512	GENERIC	1.35735
create-batch-K4-total[ms]	16	128	0	512	GENERIC	0.08896
create-batch-K4[ns]	16	128	0	512	CLMUL	3.24802
create-batch-K4-total[ms]	16	128	0	512	CLMUL	0.21286
create-batch-K8[ns]	16	128	0	512	GENERIC	1.28545
create-batch-K8-total[ms]	16	128	0	512	GENERIC	0.08424
create-batch-K8[ns]	16	128	0	512	CLMUL	2.84515
create-batch-K8-total[ms]	16	128	0	512	CLMUL	0.18646
create-batch-K1[ns]	16	128	0	1024	GENERIC	3.15965
create-batch-K1-total[ms]	16	128	0	1024	GENERIC	0.41414
create-batch-K1[ns]	16	128	0	1024	CLMUL	7.56474
create-batch-K1-total[ms]	16	128	0	1024	CLMUL	0.99152
create-batch-K2[ns]	16	128	0	1024	GENERIC	1.77034
create-batch-K2-total[ms]	16	128	0	1024	GENERIC	0.23204
create-batch-K2[ns]	16	128	0	1024	CLMUL	4.03983
create-batch-K2-total[ms]	16	128	0	1024	CLMUL	0.52951
create-batch-K4[ns]	16	128	0	1024	GENERIC	1.35715
create-batch-K4-total[ms]	16	128	0	1024	GENERIC	0.17788
create-batch-K4[ns]	16	128	0	1024	CLMUL	3.23809
create-batch-K4-total[ms]	16	128	0	1024	CLMUL	0.42442
create-batch-K8[ns]	16	128	0	1024	GENERIC	1.28502
create-batch-K8-total[ms]	16	128	0	1024	GENERIC	0.16843
create-batch-K8[ns]	16	128	0	1024	CLMUL	2.84203
create-batch-K8-total[ms]	16	128	0	1024	CLMUL	0.37251
create-batch-K1[ns]	16	128	0	2048	GENERIC	3.16026
create-batch-K1-total[ms]	16	128	0	2048	GENERIC	0.82844
create-batch-K1[ns]	16	128	0	2048	CLMUL	7.56486
create-batch-K1-total[ms]	16	128	0	2048	CLMUL	1.98308
create-batch-K2[ns]	16	128	0	2048	GENERIC	1.77032
create-batch-K2-total[ms]	16	128	0	2048	GENERIC	0.46408
create-batch-K2[ns]	16	128	0	2048	CLMUL	4.04000
create-batch-K2-total[ms]	16	128	0	2048	CLMUL	1.05906
create-batch-K4[ns]	16	128	0	2048	GENERIC	1.35702
create-batch-K4-total[ms]	16	128	0	2048	GENERIC	0.35573
create-batch-K4[ns]	16	128	0	2048	CLMUL	3.23432
create-batch-K4-total[ms]	16	128	0	2048	CLMUL	0.84786
create-batch-K8[ns]	16	128	0	2048	GENERIC	1.28517
create-batch-K8-total[ms]	16	128	0	2048	GENERIC	0.33690
create-batch-K8[ns]	16	128	0	2048	CLMUL	2.84291
create-batch-K8-total[ms]	16	128	0	2048	CLMUL	0.74525
create-batch-K1[ns]	16	128	0	4096	GENERIC	3.16084
create-batch-K1-total[ms]	16	128	0	4096	GENERIC	1.65719
create-batch-K1[ns]	16	128	0	4096	CLMUL	7.56919
create-batch-K1-total[ms]	16	128	0	4096	CLMUL	3.96843
create-batch-K2[ns]	16	128	0	4096	GENERIC	1.77151
create-batch-K2-total[ms]	16	128	0	4096	GENERIC	0.92878
create-batch-K2[ns]	16	128	0	4096	CLMUL	4.04442
create-batch-K2-total[ms]	16	128	0	4096	CLMUL	2.12044
create-batch-K4[ns]	16	128	0	4096	GENERIC	1.35798
create-batch-K4-total[ms]	16	128	0	4096	GENERIC	0.71197
create-batch-K4[ns]	16	128	0	4096	CLMUL	3.22427
create-batch-K4-total[ms]	16	128	0	4096	CLMUL	1.69045
create-batch-K8[ns]	16	128	0	4096	GENERIC	1.28552
create-batch-K8-total[ms]	16	128	0	4096	GENERIC	0.67398
create-batch-K8[ns]	16	128	0	4096	CLMUL	2.84547
create-batch-K8-total[ms]	16	128	0	4096	CLMUL	1.49185
create-batch-K1[ns]	16	128	0	8192	GENERIC	3.16205
create-batch-K1-total[ms]	16	128	0	8192	GENERIC	3.31564
create-batch-K1[ns]	16	128	0	8192	CLMUL	7.56997
create-batch-K1-total[ms]	16	128	0	8192	CLMUL	7.93769
create-batch-K2[ns]	16	128	0	8192	GENERIC	1.77223
create-batch-K2-total[ms]	16	128	0	8192	GENERIC	1.85832
create-batch-K2[ns]	16	128	0	8192	CLMUL	4.04858
create-batch-K2-total[ms]	16	128	0	8192	CLMUL	4.24525
create-batch-K4[ns]	16	128	0	8192	GENERIC	1.35885
create-batch-K4-total[ms]	16	128	0	8192	GENERIC	1.42485
create-batch-K4[ns]	16	128	0	8192	CLMUL	3.21941
create-batch-K4-total[ms]	16	128	0	8192	CLMUL	3.37580
create-batch-K8[ns]	16	128	0	8192	GENERIC	1.28582
create-batch-K8-total[ms]	16	128	0	8192	GENERIC	1.34827
create-batch-K8[ns]	16	128	0	8192	CLMUL	2.84364
create-batch-K8-total[ms]	16	128	0	8192	CLMUL	2.98177
create-batch-K1[ns]	16	256	0	16	GENERIC	3.08325
create-batch-K1-total[ms]	16	256	0	16	GENERIC	0.01263
create-batch-K1[ns]	16	256	0	16	CLMUL	7.60571
create-batch-K1-total[ms]	16	256	0	16	CLMUL	0.03115
create-batch-K2[ns]	16	256	0	16	GENERIC	1.67603
create-batch-K2-total[ms]	16	256	0	16	GENERIC	0.00687
create-batch-K2[ns]	16	256	0	16	CLMUL	4.02417
create-batch-K2-total[ms]	16	256	0	16	CLMUL	0.01648
create-batch-K4[ns]	16	256	0	16	GENERIC	1.26270
create-batch-K4-total[ms]	16	256	0	16	GENERIC	0.00517
create-batch-K4[ns]	16	256	0	16	CLMUL	3.15894
create-batch-K4-total[ms]	16	256	0	16	CLMUL	0.01294
create-batch-K8[ns]	16	256	0	16	GENERIC	1.19653
create-batch-K8-total[ms]	16	256	0	16	GENERIC	0.00490
create-batch-K8[ns]	16	256	0	16	CLMUL	2.84375
create-batch-K8-total[ms]	16	256	0	16	CLMUL	0.01165
create-batch-K1[ns]	16	256	0	64	GENERIC	3.16193
create-batch-K1-total[ms]	16	256	0	64	GENERIC	0.05181
create-batch-K1[ns]	16	256	0	64	CLMUL	7.60541
create-batch-K1-total[ms]	16	256	0	64	CLMUL	0.12461
create-batch-K2[ns]	16	256	0	64	GENERIC	1.71509
create-batch-K2-total[ms]	16	256	0	64	GENERIC	0.02810
create-batch-K2[ns]	16	256	0	64	CLMUL	4.14801
create-batch-K2-total[ms]	16	256	0	64	CLMUL	0.06796
create-batch-K4[ns]	16	256	0	64	GENERIC	1.29297
create-batch-K4-total[ms]	16	256	0	64	GENERIC	0.02118
create-batch-K4[ns]	16	256	0	64	CLMUL	3.30389
create-batch-K4-total[ms]	16	256	0	64	CLMUL	0.05413
create-batch-K8[ns]	16	256	0	64	GENERIC	1.22198
create-batch-K8-total[ms]	16	256	0	64	GENERIC	0.02002
create-batch-K8[ns]	16	256	0	64	CLMUL	2.83862
create-batch-K8-total[ms]	16	256	0	64	CLMUL	0.04651
create-batch-K1[ns]	16	256	0	128	GENERIC	3.08084
create-batch-K1-total[ms]	16	256	0	128	GENERIC	0.10095
create-batch-K1[ns]	16	256	0	128	CLMUL	7.60666
create-batch-K1-total[ms]	16	256	0	128	CLMUL	0.24925
create-batch-K2[ns]	16	256	0	128	GENERIC	1.67102
create-batch-K2-total[ms]	16	256	0	128	GENERIC	0.05476
create-batch-K2[ns]	16	256	0	128	CLMUL	4.04132
create-batch-K2-total[ms]	16	256	0	128	CLMUL	0.13243
create-batch-K4[ns]	16	256	0	128	GENERIC	1.25961
create-batch-K4-total[ms]	16	256	0	128	GENERIC	0.04127
create-batch-K4[ns]	16	256	0	128	CLMUL	3.21631
create-batch-K4-total[ms]	16	256	0	128	CLMUL	0.10539
create-batch-K8[ns]	16	256	0	128	GENERIC	1.22162
create-batch-K8-total[ms]	16	256	0	128	GENERIC	0.04003
create-batch-K8[ns]	16	256	0	128	CLMUL	2.84412
create-batch-K8-total[ms]	16	256	0	128	CLMUL	0.09320
create-batch-K1[ns]	16	256	0	512	GENERIC	3.08170
create-batch-K1-total[ms]	16	256	0	512	GENERIC	0.40393
create-batch-K1[ns]	16	256	0	512	CLMUL	7.60272
create-batch-K1-total[ms]	16	256	0	512	CLMUL	0.99650
create-batch-K2[ns]	16	256	0	512	GENERIC	1.67137
create-batch-K2-total[ms]	16	256	0	512	GENERIC	0.21907
create-batch-K2[ns]	16	256	0	512	CLMUL	4.04052
create-batch-K2-total[ms]	16	256	0	512	CLMUL	0.52960
create-batch-K4[ns]	16	256	0	512	GENERIC	1.25763
create-batch-K4-total[ms]	16	256	0	512	GENERIC	0.16484
create-batch-K4[ns]	16	256	0	512	CLMUL	3.23300
create-batch-K4-total[ms]	16	256	0	512	CLMUL	0.42376
create-batch-K8[ns]	16	256	0	512	GENERIC	1.18900
create-batch-K8-total[ms]	16	256	0	512	GENERIC	0.15584
create-batch-K8[ns]	16	256	0	512	CLMUL	2.83296
create-batch-K8-total[ms]	16	256	0	512	CLMUL	0.37132
create-batch-K1[ns]	16	256	0	1024	GENERIC	3.08184
create-batch-K1-total[ms]	16	256	0	1024	GENERIC	0.80789
create-batch-K1[ns]	16	256	0	1024	CLMUL	7.60307
create-batch-K1-total[ms]	16	256	0	1024	CLMUL	1.99310
create-batch-K2[ns]	16	256	0	1024	GENERIC	1.67145
create-batch-K2-total[ms]	16	256	0	1024	GENERIC	0.43816
create-batch-K2[ns]	16	256	0	1024	CLMUL	4.04102
create-batch-K2-total[ms]	16	256	0	1024	CLMUL	1.05933
create-batch-K4[ns]	16	256	0	1024	GENERIC	1.25737
create-batch-K4-total[ms]	16	256	0	1024	GENERIC	0.32961
create-batch-K4[ns]	16	256	0	1024	CLMUL	3.23402
create-batch-K4-total[ms]	16	256	0	1024	CLMUL	0.84778
create-batch-K8[ns]	16	256	0	1024	GENERIC	1.18879
create-batch-K8-total[ms]	16	256	0	1024	GENERIC	0.31163
create-batch-K8[ns]	16	256	0	1024	CLMUL	2.84003
create-batch-K8-total[ms]	16	256	0	1024	CLMUL	0.74450
create-batch-K1[ns]	16	256	0	2048	GENERIC	3.08169
create-batch-K1-total[ms]	16	256	0	2048	GENERIC	1.61569
create-batch-K1[ns]	16	256	0	2048	CLMUL	7.60688
create-batch-K1-total[ms]	16	256	0	2048	CLMUL	3.98819
create-batch-K2[ns]	16	256	0	2048	GENERIC	1.67184
create-batch-K2-total[ms]	16	256	0	2048	GENERIC	0.87652
create-batch-K2[ns]	16	256	0	2048	CLMUL	4.04221
create-batch-K2-total[ms]	16	256	0	2048	CLMUL	2.11928
create-batch-K4[ns]	16	256	0	2048	GENERIC	1.25727
create-batch-K4-total[ms]	16	256	0	2048	GENERIC	0.65917
create-batch-K4[ns]	16	256	0	2048	CLMUL	3.24075
create-batch-K4-total[ms]	16	256	0	2048	CLMUL	1.69908
create-batch-K8[ns]	16	256	0	2048	GENERIC	1.18874
create-batch-K8-total[ms]	16	256	0	2048	GENERIC	0.62324
create-batch-K8[ns]	16	256	0	2048	CLMUL	2.83708
create-batch-K8-total[ms]	16	256	0	2048	CLMUL	1.48745
create-batch-K1[ns]	16	256	0	4096	GENERIC	3.08256
create-batch-K1-total[ms]	16	256	0	4096	GENERIC	3.23230
create-batch-K1[ns]	16	256	0	4096	CLMUL	7.60672
create-batch-K1-total[ms]	16	256	0	4096	CLMUL	7.97622
create-batch-K2[ns]	16	256	0	4096	GENERIC	1.67205
create-batch-K2-total[ms]	16	256	0	4096	GENERIC	1.75327
create-batch-K2[ns]	16	256	0	4096	CLMUL	4.04928
create-batch-K2-total[ms]	16	256	0	4096	CLMUL	4.24598
create-batch-K4[ns]	16	256	0	4096	GENERIC	1.25719
create-batch-K4-total[ms]	16	256	0	4096	GENERIC	1.31826
create-batch-K4[ns]	16	256	0	4096	CLMUL	3.23964
create-batch-K4-total[ms]	16	256	0	4096	CLMUL	3.39701
create-batch-K8[ns]	16	256	0	4096	GENERIC	1.18878
create-batch-K8-total[ms]	16	256	0	4096	GENERIC	1.24652
create-batch-K8[ns]	16	256	0	4096	CLMUL	2.83992
create-batch-K8-total[ms]	16	256	0	4096	CLMUL	2.97787
create-batch-K1[ns]	16	256	0	8192	GENERIC	3.08300
create-batch-K1-total[ms]	16	256	0	8192	GENERIC	6.46552
create-batch-K1[ns]	16	256	0	8192	CLMUL	7.60692
create-batch-K1-total[ms]	16	256	0	8192	CLMUL	15.95287
create-batch-K2[ns]	16	256	0	8192	GENERIC	1.67274
create-batch-K2-total[ms]	16	256	0	8192	GENERIC	3.50799
create-batch-K2[ns]	16	256	0	8192	CLMUL	4.04953
create-batch-K2-total[ms]	16	256	0	8192	CLMUL	8.49248
create-batch-K4[ns]	16	256	0	8192	GENERIC	1.25709
create-batch-K4-total[ms]	16	256	0	8192	GENERIC	2.63630
create-batch-K4[ns]	16	256	0	8192	CLMUL	3.23833
create-batch-K4-total[ms]	16	256	0	8192	CLMUL	6.79127
create-batch-K8[ns]	16	256	0	8192	GENERIC	1.18893
create-batch-K8-total[ms]	16	256	0	8192	GENERIC	2.49337
create-batch-K8[ns]	16	256	0	8192	CLMUL	2.83992
create-batch-K8-total[ms]	16	256	0	8192	CLMUL	5.95574
create-batch-K1[ns]	16	512	0	16	GENERIC	3.04041
create-batch-K1-total[ms]	16	512	0	16	GENERIC	0.02491
create-batch-K1[ns]	16	512	0	16	CLMUL	7.62292
create-batch-K1-total[ms]	16	512	0	16	CLMUL	0.06245
create-batch-K2[ns]	16	512	0	16	GENERIC	1.62280
create-batch-K2-total[ms]	16	512	0	16	GENERIC	0.01329
create-batch-K2[ns]	16	512	0	16	CLMUL	4.04431
create-batch-K2-total[ms]	16	512	0	16	CLMUL	0.03313
create-batch-K4[ns]	16	512	0	16	GENERIC	1.21094
create-batch-K4-total[ms]	16	512	0	16	GENERIC	0.00992
create-batch-K4[ns]	16	512	0	16	CLMUL	3.08875
create-batch-K4-total[ms]	16	512	0	16	CLMUL	0.02530
create-batch-K8[ns]	16	512	0	16	GENERIC	1.14392
create-batch-K8-total[ms]	16	512	0	16	GENERIC	0.00937
create-batch-K8[ns]	16	512	0	16	CLMUL	2.82275
create-batch-K8-total[ms]	16	512	0	16	CLMUL	0.02312
create-batch-K1[ns]	16	512	0	64	GENERIC	3.04214
create-batch-K1-total[ms]	16	512	0	64	GENERIC	0.09969
create-batch-K1[ns]	16	512	0	64	CLMUL	7.62146
create-batch-K1-total[ms]	16	512	0	64	CLMUL	0.24974
create-batch-K2[ns]	16	512	0	64	GENERIC	1.62201
create-batch-K2-total[ms]	16	512	0	64	GENERIC	0.05315
create-batch-K2[ns]	16	512	0	64	CLMUL	4.04181
create-batch-K2-total[ms]	16	512	0	64	CLMUL	0.13244
create-batch-K4[ns]	16	512	0	64	GENERIC	1.20813
create-batch-K4-total[ms]	16	512	0	64	GENERIC	0.03959
create-batch-K4[ns]	16	512	0	64	CLMUL	3.19974
create-batch-K4-total[ms]	16	512	0	64	CLMUL	0.10485
create-batch-K8[ns]	16	512	0	64	GENERIC	1.14154
create-batch-K8-total[ms]	16	512	0	64	GENERIC	0.03741
create-batch-K8[ns]	16	512	0	64	CLMUL	2.82214
create-batch-K8-total[ms]	16	512	0	64	CLMUL	0.09248
create-batch-K1[ns]	16	512	0	128	GENERIC	3.04134
create-batch-K1-total[ms]	16	512	0	128	GENERIC	0.19932
create-batch-K1[ns]	16	512	0	128	CLMUL	7.62199
create-batch-K1-total[ms]	16	512	0	128	CLMUL	0.49951
create-batch-K2[ns]	16	512	0	128	GENERIC	1.62199
create-batch-K2-total[ms]	16	512	0	128	GENERIC	0.10630
create-batch-K2[ns]	16	512	0	128	CLMUL	4.03929
create-batch-K2-total[ms]	16	512	0	128	CLMUL	0.26472
create-batch-K4[ns]	16	512	0	128	GENERIC	1.20752
create-batch-K4-total[ms]	16	512	0	128	GENERIC	0.07914
create-batch-K4[ns]	16	512	0	128	CLMUL	3.23045
create-batch-K4-total[ms]	16	512	0	128	CLMUL	0.21171
create-batch-K8[ns]	16	512	0	128	GENERIC	1.14084
create-batch-K8-total[ms]	16	512	0	128	GENERIC	0.07477
create-batch-K8[ns]	16	512	0	128	CLMUL	2.83485
create-batch-K8-total[ms]	16	512	0	128	CLMUL	0.18579
create-batch-K1[ns]	16	512	0	512	GENERIC	3.04250
create-batch-K1-total[ms]	16	512	0	512	GENERIC	0.79757
create-batch-K1[ns]	16	512	0	512	CLMUL	7.62177
create-batch-K1-total[ms]	16	512	0	512	CLMUL	1.99800
create-batch-K2[ns]	16	512	0	512	GENERIC	1.62205
create-batch-K2-total[ms]	16	512	0	512	GENERIC	0.42521
create-batch-K2[ns]	16	512	0	512	CLMUL	4.04230
create-batch-K2-total[ms]	16	512	0	512	CLMUL	1.05967
create-batch-K4[ns]	16	512	0	512	GENERIC	1.20707
create-batch-K4-total[ms]	16	512	0	512	GENERIC	0.31643
create-batch-K4[ns]	16	512	0	512	CLMUL	3.23056
create-batch-K4-total[ms]	16	512	0	512	CLMUL	0.84687
create-batch-K8[ns]	16	512	0	512	GENERIC	1.14066
create-batch-K8-total[ms]	16	512	0	512	GENERIC	0.29902
create-batch-K8[ns]	16	512	0	512	CLMUL	2.83492
create-batch-K8-total[ms]	16	512	0	512	CLMUL	0.74316
create-batch-K1[ns]	16	512	0	1024	GENERIC	3.04255
create-batch-K1-total[ms]	16	512	0	1024	GENERIC	1.59517
create-batch-K1[ns]	16	512	0	1024	CLMUL	7.62516
create-batch-K1-total[ms]	16	512	0	1024	CLMUL	3.99778
create-batch-K2[ns]	16	512	0	1024	GENERIC	1.62194
create-batch-K2-total[ms]	16	512	0	1024	GENERIC	0.85036
create-batch-K2[ns]	16	512	0	1024	CLMUL	4.04318
create-batch-K2-total[ms]	16	512	0	1024	CLMUL	2.11979
create-batch-K4[ns]	16	512	0	1024	GENERIC	1.20700
create-batch-K4-total[ms]	16	512	0	1024	GENERIC	0.63282
create-batch-K4[ns]	16	512	0	1024	CLMUL	3.23660
create-batch-K4-total[ms]	16	512	0	1024	CLMUL	1.69691
create-batch-K8[ns]	16	512	0	1024	GENERIC	1.14067
create-batch-K8-total[ms]	16	512	0	1024	GENERIC	0.59804
create-batch-K8[ns]	16	512	0	1024	CLMUL	2.83716
create-batch-K8-total[ms]	16	512	0	1024	CLMUL	1.48749
create-batch-K1[ns]	16	512	0	2048	GENERIC	3.04301
create-batch-K1-total[ms]	16	512	0	2048	GENERIC	3.19082
create-batch-K1[ns]	16	512	0	2048	CLMUL	7.62515
create-batch-K1-total[ms]	16	512	0	2048	CLMUL	7.99555
create-batch-K2[ns]	16	512	0	2048	GENERIC	1.62220
create-batch-K2-total[ms]	16	512	0	2048	GENERIC	1.70100
create-batch-K2[ns]	16	512	0	2048	CLMUL	4.04590
create-batch-K2-total[ms]	16	512	0	2048	CLMUL	4.24243
create-batch-K4[ns]	16	512	0	2048	GENERIC	1.20694
create-batch-K4-total[ms]	16	512	0	2048	GENERIC	1.26556
create-batch-K4[ns]	16	512	0	2048	CLMUL	3.24048
create-batch-K4-total[ms]	16	512	0	2048	CLMUL	3.39789
create-batch-K8[ns]	16	512	0	2048	GENERIC	1.14064
create-batch-K8-total[ms]	16	512	0	2048	GENERIC	1.19605
create-batch-K8[ns]	16	512	0	2048	CLMUL	2.83549
create-batch-K8-total[ms]	16	512	0	2048	CLMUL	2.97322
create-batch-K1[ns]	16	512	0	4096	GENERIC	3.04382
create-batch-K1-total[ms]	16	512	0	4096	GENERIC	6.38335
create-batch-K1[ns]	16	512	0	4096	CLMUL	7.62539
create-batch-K1-total[ms]	16	512	0	4096	CLMUL	15.99160
create-batch-K2[ns]	16	512	0	4096	GENERIC	1.62283
create-batch-K2-total[ms]	16	512	0	4096	GENERIC	3.40333
create-batch-K2[ns]	16	512	0	4096	CLMUL	4.04936
create-batch-K2-total[ms]	16	512	0	4096	CLMUL	8.49212
create-batch-K4[ns]	16	512	0	4096	GENERIC	1.20687
create-batch-K4-total[ms]	16	512	0	4096	GENERIC	2.53098
create-batch-K4[ns]	16	512	0	4096	CLMUL	3.23530
create-batch-K4-total[ms]	16	512	0	4096	CLMUL	6.78492
create-batch-K8[ns]	16	512	0	4096	GENERIC	1.14064
create-batch-K8-total[ms]	16	512	0	4096	GENERIC	2.39210
create-batch-K8[ns]	16	512	0	4096	CLMUL	2.83694
create-batch-K8-total[ms]	16	512	0	4096	CLMUL	5.94949
create-batch-K1[ns]	16	512	0	8192	GENERIC	3.04405
create-batch-K1-total[ms]	16	512	0	8192	GENERIC	12.76769
create-batch-K1[ns]	16	512	0	8192	CLMUL	7.62568
create-batch-K1-total[ms]	16	512	0	8192	CLMUL	31.98442
create-batch-K2[ns]	16	512	0	8192	GENERIC	1.62301
create-batch-K2-total[ms]	16	512	0	8192	GENERIC	6.80739
create-batch-K2[ns]	16	512	0	8192	CLMUL	4.04930
create-batch-K2-total[ms]	16	512	0	8192	CLMUL	16.98398
create-batch-K4[ns]	16	512	0	8192	GENERIC	1.20728
create-batch-K4-total[ms]	16	512	0	8192	GENERIC	5.06372
create-batch-K4[ns]	16	512	0	8192	CLMUL	3.23519
create-batch-K4-total[ms]	16	512	0	8192	CLMUL	13.56937
create-batch-K8[ns]	16	512	0	8192	GENERIC	1.14103
create-batch-K8-total[ms]	16	512	0	8192	GENERIC	4.78583
create-batch-K8[ns]	16	512	0	8192	CLMUL	2.83650
create-batch-K8-total[ms]	16	512	0	8192	CLMUL	11.89713
create-batch-K1[ns]	16	1024	0	16	GENERIC	3.02271
create-batch-K1-total[ms]	16	1024	0	16	GENERIC	0.04952
create-batch-K1[ns]	16	1024	0	16	CLMUL	7.63336
create-batch-K1-total[ms]	16	1024	0	16	CLMUL	0.12507
create-batch-K2[ns]	16	1024	0	16	GENERIC	1.59784
create-batch-K2-total[ms]	16	1024	0	16	GENERIC	0.02618
create-batch-K2[ns]	16	1024	0	16	CLMUL	4.03088
create-batch-K2-total[ms]	16	1024	0	16	CLMUL	0.06604
create-batch-K4[ns]	16	1024	0	16	GENERIC	1.18494
create-batch-K4-total[ms]	16	1024	0	16	GENERIC	0.01941
create-batch-K4[ns]	16	1024	0	16	CLMUL	3.08698
create-batch-K4-total[ms]	16	1024	0	16	CLMUL	0.05058
create-batch-K8[ns]	16	1024	0	16	GENERIC	1.11859
create-batch-K8-total[ms]	16	1024	0	16	GENERIC	0.01833
create-batch-K8[ns]	16	1024	0	16	CLMUL	2.81702
create-batch-K8-total[ms]	16	1024	0	16	CLMUL	0.04615
create-batch-K1[ns]	16	1024	0	64	GENERIC	3.02361
create-batch-K1-total[ms]	16	1024	0	64	GENERIC	0.19815
create-batch-K1[ns]	16	1024	0	64	CLMUL	7.63187
create-batch-K1-total[ms]	16	1024	0	64	CLMUL	0.50016
create-batch-K2[ns]	16	1024	0	64	GENERIC	1.59735
create-batch-K2-total[ms]	16	1024	0	64	GENERIC	0.10468
create-batch-K2[ns]	16	1024	0	64	CLMUL	4.04190
create-batch-K2-total[ms]	16	1024	0	64	CLMUL	0.26489
create-batch-K4[ns]	16	1024	0	64	GENERIC	1.18237
create-batch-K4-total[ms]	16	1024	0	64	GENERIC	0.07749
create-batch-K4[ns]	16	1024	0	64	CLMUL	3.21379
create-batch-K4-total[ms]	16	1024	0	64	CLMUL	0.21062
create-batch-K8[ns]	16	1024	0	64	GENERIC	1.11739
create-batch-K8-total[ms]	16	1024	0	64	GENERIC	0.07323
create-batch-K8[ns]	16	1024	0	64	CLMUL	2.82600
create-batch-K8-total[ms]	16	1024	0	64	CLMUL	0.18521
create-batch-K1[ns]	16	1024	0	128	GENERIC	3.02287
create-batch-K1-total[ms]	16	1024	0	128	GENERIC	0.39621
create-batch-K1[ns]	16	1024	0	128	CLMUL	7.63091
create-batch-K1-total[ms]	16	1024	0	128	CLMUL	1.00020
create-batch-K2[ns]	16	1024	0	128	GENERIC	1.59699
create-batch-K2-total[ms]	16	1024	0	128	GENERIC	0.20932
create-batch-K2[ns]	16	1024	0	128	CLMUL	4.04216
create-batch-K2-total[ms]	16	1024	0	128	CLMUL	0.52981
create-batch-K4[ns]	16	1024	0	128	GENERIC	1.18203
create-batch-K4-total[ms]	16	1024	0	128	GENERIC	0.15493
create-batch-K4[ns]	16	1024	0	128	CLMUL	3.21374
create-batch-K4-total[ms]	16	1024	0	128	CLMUL	0.42123
create-batch-K8[ns]	16	1024	0	128	GENERIC	1.11707
create-batch-K8-total[ms]	16	1024	0	128	GENERIC	0.14642
create-batch-K8[ns]	16	1024	0	128	CLMUL	2.82898
create-batch-K8-total[ms]	16	1024	0	128	CLMUL	0.37080
create-batch-K1[ns]	16	1024	0	512	GENERIC	3.02306
create-batch-K1-total[ms]	16	1024	0	512	GENERIC	1.58496
create-batch-K1[ns]	16	1024	0	512	CLMUL	7.63454
create-batch-K1-total[ms]	16	1024	0	512	CLMUL	4.00270
create-batch-K2[ns]	16	1024	0	512	GENERIC	1.59751
create-batch-K2-total[ms]	16	1024	0	512	GENERIC	0.83755
create-batch-K2[ns]	16	1024	0	512	CLMUL	4.04373
create-batch-K2-total[ms]	16	1024	0	512	CLMUL	2.12008
create-batch-K4[ns]	16	1024	0	512	GENERIC	1.18184
create-batch-K4-total[ms]	16	1024	0	512	GENERIC	0.61962
create-batch-K4[ns]	16	1024	0	512	CLMUL	3.22148
create-batch-K4-total[ms]	16	1024	0	512	CLMUL	1.68898
create-batch-K8[ns]	16	1024	0	512	GENERIC	1.11690
create-batch-K8-total[ms]	16	1024	0	512	GENERIC	0.58558
create-batch-K8[ns]	16	1024	0	512	CLMUL	2.83706
create-batch-K8-total[ms]	16	1024	0	512	CLMUL	1.48743
create-batch-K1[ns]	16	1024	0	1024	GENERIC	3.02343
create-batch-K1-total[ms]	16	1024	0	1024	GENERIC	3.17030
create-batch-K1[ns]	16	1024	0	1024	CLMUL	7.63491
create-batch-K1-total[ms]	16	1024	0	1024	CLMUL	8.00578
create-batch-K2[ns]	16	1024	0	1024	GENERIC	1.59762
create-batch-K2-total[ms]	16	1024	0	1024	GENERIC	1.67522
create-batch-K2[ns]	16	1024	0	1024	CLMUL	4.04553
create-batch-K2-total[ms]	16	1024	0	1024	CLMUL	4.24204
create-batch-K4[ns]	16	1024	0	1024	GENERIC	1.18177
create-batch-K4-total[ms]	16	1024	0	1024	GENERIC	1.23918
create-batch-K4[ns]	16	1024	0	1024	CLMUL	3.23668
create-batch-K4-total[ms]	16	1024	0	1024	CLMUL	3.39390
create-batch-K8[ns]	16	1024	0	1024	GENERIC	1.11689
create-batch-K8-total[ms]	16	1024	0	1024	GENERIC	1.17114
create-batch-K8[ns]	16	1024	0	1024	CLMUL	2.83313
create-batch-K8-total[ms]	16	1024	0	1024	CLMUL	2.97076
create-batch-K1[ns]	16	1024	0	2048	GENERIC	3.02468
create-batch-K1-total[ms]	16	1024	0	2048	GENERIC	6.34320
create-batch-K1[ns]	16	1024	0	2048	CLMUL	7.63502
create-batch-K1-total[ms]	16	1024	0	2048	CLMUL	16.01180
create-batch-K2[ns]	16	1024	0	2048	GENERIC	1.59851
create-batch-K2-total[ms]	16	1024	0	2048	GENERIC	3.35231
create-batch-K2[ns]	16	1024	0	2048	CLMUL	4.04810
create-batch-K2-total[ms]	16	1024	0	2048	CLMUL	8.48949
create-batch-K4[ns]	16	1024	0	2048	GENERIC	1.18172
create-batch-K4-total[ms]	16	1024	0	2048	GENERIC	2.47824
create-batch-K4[ns]	16	1024	0	2048	CLMUL	3.23147
create-batch-K4-total[ms]	16	1024	0	2048	CLMUL	6.77689
create-batch-K8[ns]	16	1024	0	2048	GENERIC	1.11688
create-batch-K8-total[ms]	16	1024	0	2048	GENERIC	2.34226
create-batch-K8[ns]	16	1024	0	2048	CLMUL	2.83734
create-batch-K8-total[ms]	16	1024	0	2048	CLMUL	5.95034
create-batch-K1[ns]	16	1024	0	4096	GENERIC	3.02459
create-batch-K1-total[ms]	16	1024	0	4096	GENERIC	12.68604
create-batch-K1[ns]	16	1024	0	4096	CLMUL	7.63516
create-batch-K1-total[ms]	16	1024	0	4096	CLMUL	32.02420
create-batch-K2[ns]	16	1024	0	4096	GENERIC	1.59835
create-batch-K2-total[ms]	16	1024	0	4096	GENERIC	6.70395
create-batch-K2[ns]	16	1024	0	4096	CLMUL	4.05045
create-batch-K2-total[ms]	16	1024	0	4096	CLMUL	16.98880
create-batch-K4[ns]	16	1024	0	4096	GENERIC	1.18215
create-batch-K4-total[ms]	16	1024	0	4096	GENERIC	4.95828
create-batch-K4[ns]	16	1024	0	4096	CLMUL	3.23631
create-batch-K4-total[ms]	16	1024	0	4096	CLMUL	13.57405
create-batch-K8[ns]	16	1024	0	4096	GENERIC	1.11731
create-batch-K8-total[ms]	16	1024	0	4096	GENERIC	4.68635
create-batch-K8[ns]	16	1024	0	4096	CLMUL	2.83695
create-batch-K8-total[ms]	16	1024	0	4096	CLMUL	11.89905
create-batch-K1[ns]	16	1024	0	8192	GENERIC	3.02451
create-batch-K1-total[ms]	16	1024	0	8192	GENERIC	25.37144
create-batch-K1[ns]	16	1024	0	8192	CLMUL	7.63517
create-batch-K1-total[ms]	16	1024	0	8192	CLMUL	64.04849
create-batch-K2[ns]	16	1024	0	8192	GENERIC	1.59852
create-batch-K2-total[ms]	16	1024	0	8192	GENERIC	13.40933
create-batch-K2[ns]	16	1024	0	8192	CLMUL	4.05096
create-batch-K2-total[ms]	16	1024	0	8192	CLMUL	33.98194
create-batch-K4[ns]	16	1024	0	8192	GENERIC	1.18211
create-batch-K4-total[ms]	16	1024	0	8192	GENERIC	9.91623
create-batch-K4[ns]	16	1024	0	8192	CLMUL	3.23582
create-batch-K4-total[ms]	16	1024	0	8192	CLMUL	27.14406
create-batch-K8[ns]	16	1024	0	8192	GENERIC	1.11729
create-batch-K8-total[ms]	16	1024	0	8192	GENERIC	9.37248
create-batch-K8[ns]	16	1024	0	8192	CLMUL	2.83736
create-batch-K8-total[ms]	16	1024	0	8192	CLMUL	23.80153
create-batch-K1[ns]	16	2048	0	16	GENERIC	3.01657
create-batch-K1-total[ms]	16	2048	0	16	GENERIC	0.09885
create-batch-K1[ns]	16	2048	0	16	CLMUL	7.63498
create-batch-K1-total[ms]	16	2048	0	16	CLMUL	0.25018
create-batch-K2[ns]	16	2048	0	16	GENERIC	1.58801
create-batch-K2-total[ms]	16	2048	0	16	GENERIC	0.05204
create-batch-K2[ns]	16	2048	0	16	CLMUL	4.04211
create-batch-K2-total[ms]	16	2048	0	16	CLMUL	0.13245
create-batch-K4[ns]	16	2048	0	16	GENERIC	1.17072
create-batch-K4-total[ms]	16	2048	0	16	GENERIC	0.03836
create-batch-K4[ns]	16	2048	0	16	CLMUL	3.21408
create-batch-K4-total[ms]	16	2048	0	16	CLMUL	0.10532
create-batch-K8[ns]	16	2048	0	16	GENERIC	1.10638
create-batch-K8-total[ms]	16	2048	0	16	GENERIC	0.03625
create-batch-K8[ns]	16	2048	0	16	CLMUL	2.82828
create-batch-K8-total[ms]	16	2048	0	16	CLMUL	0.09268
create-batch-K1[ns]	16	2048	0	64	GENERIC	3.01590
create-batch-K1-total[ms]	16	2048	0	64	GENERIC	0.39530
create-batch-K1[ns]	16	2048	0	64	CLMUL	7.63588
create-batch-K1-total[ms]	16	2048	0	64	CLMUL	1.00085
create-batch-K2[ns]	16	2048	0	64	GENERIC	1.58727
create-batch-K2-total[ms]	16	2048	0	64	GENERIC	0.20805
create-batch-K2[ns]	16	2048	0	64	CLMUL	4.04211
create-batch-K2-total[ms]	16	2048	0	64	CLMUL	0.52981
create-batch-K4[ns]	16	2048	0	64	GENERIC	1.16952
create-batch-K4-total[ms]	16	2048	0	64	GENERIC	0.15329
create-batch-K4[ns]	16	2048	0	64	CLMUL	3.16518
create-batch-K4-total[ms]	16	2048	0	64	CLMUL	0.41487
create-batch-K8[ns]	16	2048	0	64	GENERIC	1.10538
create-batch-K8-total[ms]	16	2048	0	64	GENERIC	0.14489
create-batch-K8[ns]	16	2048	0	64	CLMUL	2.82586
create-batch-K8-total[ms]	16	2048	0	64	CLMUL	0.37039
create-batch-K1[ns]	16	2048	0	128	GENERIC	3.01664
create-batch-K1-total[ms]	16	2048	0	128	GENERIC	0.79079
create-batch-K1[ns]	16	2048	0	128	CLMUL	7.63559
create-batch-K1-total[ms]	16	2048	0	128	CLMUL	2.00162
create-batch-K2[ns]	16	2048	0	128	GENERIC	1.58723
create-batch-K2-total[ms]	16	2048	0	128	GENERIC	0.41608
create-batch-K2[ns]	16	2048	0	128	CLMUL	4.03939
create-batch-K2-total[ms]	16	2048	0	128	CLMUL	1.05890
create-batch-K4[ns]	16	2048	0	128	GENERIC	1.16942
create-batch-K4-total[ms]	16	2048	0	128	GENERIC	0.30656
create-batch-K4[ns]	16	2048	0	128	CLMUL	3.23713
create-batch-K4-total[ms]	16	2048	0	128	CLMUL	0.84859
create-batch-K8[ns]	16	2048	0	128	GENERIC	1.10524
create-batch-K8-total[ms]	16	2048	0	128	GENERIC	0.28973
create-batch-K8[ns]	16	2048	0	128	CLMUL	2.82916
create-batch-K8-total[ms]	16	2048	0	128	CLMUL	0.74165
create-batch-K1[ns]	16	2048	0	512	GENERIC	3.01690
create-batch-K1-total[ms]	16	2048	0	512	GENERIC	3.16345
create-batch-K1[ns]	16	2048	0	512	CLMUL	7.63938
create-batch-K1-total[ms]	16	2048	0	512	CLMUL	8.01047
create-batch-K2[ns]	16	2048	0	512	GENERIC	1.58770
create-batch-K2-total[ms]	16	2048	0	512	GENERIC	1.66483
create-batch-K2[ns]	16	2048	0	512	CLMUL	4.04498
create-batch-K2-total[ms]	16	2048	0	512	CLMUL	4.24147
create-batch-K4[ns]	16	2048	0	512	GENERIC	1.16930
create-batch-K4-total[ms]	16	2048	0	512	GENERIC	1.22610
create-batch-K4[ns]	16	2048	0	512	CLMUL	3.23425
create-batch-K4-total[ms]	16	2048	0	512	CLMUL	3.39136
create-batch-K8[ns]	16	2048	0	512	GENERIC	1.10515
create-batch-K8-total[ms]	16	2048	0	512	GENERIC	1.15883
create-batch-K8[ns]	16	2048	0	512	CLMUL	2.84001
create-batch-K8-total[ms]	16	2048	0	512	CLMUL	2.97796
create-batch-K1[ns]	16	2048	0	1024	GENERIC	3.01758
create-batch-K1-total[ms]	16	2048	0	1024	GENERIC	6.32832
create-batch-K1[ns]	16	2048	0	1024	CLMUL	7.63932
create-batch-K1-total[ms]	16	2048	0	1024	CLMUL	16.02082
create-batch-K2[ns]	16	2048	0	1024	GENERIC	1.58793
create-batch-K2-total[ms]	16	2048	0	1024	GENERIC	3.33014
create-batch-K2[ns]	16	2048	0	1024	CLMUL	4.04586
create-batch-K2-total[ms]	16	2048	0	1024	CLMUL	8.48478
create-batch-K4[ns]	16	2048	0	1024	GENERIC	1.16926
create-batch-K4-total[ms]	16	2048	0	1024	GENERIC	2.45213
create-batch-K4[ns]	16	2048	0	1024	CLMUL	3.23704
create-batch-K4-total[ms]	16	2048	0	1024	CLMUL	6.78857
create-batch-K8[ns]	16	2048	0	1024	GENERIC	1.10514
create-batch-K8-total[ms]	16	2048	0	1024	GENERIC	2.31764
create-batch-K8[ns]	16	2048	0	1024	CLMUL	2.83753
create-batch-K8-total[ms]	16	2048	0	1024	CLMUL	5.95074
create-batch-K1[ns]	16	2048	0	2048	GENERIC	3.01788
create-batch-K1-total[ms]	16	2048	0	2048	GENERIC	12.65790
create-batch-K1[ns]	16	2048	0	2048	CLMUL	7.63967
create-batch-K1-total[ms]	16	2048	0	2048	CLMUL	32.04311
create-batch-K2[ns]	16	2048	0	2048	GENERIC	1.58828
create-batch-K2-total[ms]	16	2048	0	2048	GENERIC	6.66174
create-batch-K2[ns]	16	2048	0	2048	CLMUL	4.04800
create-batch-K2-total[ms]	16	2048	0	2048	CLMUL	16.97854
create-batch-K4[ns]	16	2048	0	2048	GENERIC	1.16967
create-batch-K4-total[ms]	16	2048	0	2048	GENERIC	4.90595
create-batch-K4[ns]	16	2048	0	2048	CLMUL	3.23237
create-batch-K4-total[ms]	16	2048	0	2048	CLMUL	13.55756
create-batch-K8[ns]	16	2048	0	2048	GENERIC	1.10551
create-batch-K8-total[ms]	16	2048	0	2048	GENERIC	4.63684
create-batch-K8[ns]	16	2048	0	2048	CLMUL	2.83809
create-batch-K8-total[ms]	16	2048	0	2048	CLMUL	11.90383
create-batch-K1[ns]	16	2048	0	4096	GENERIC	3.01803
create-batch-K1-total[ms]	16	2048	0	4096	GENERIC	25.31710
create-batch-K1[ns]	16	2048	0	4096	CLMUL	7.63975
create-batch-K1-total[ms]	16	2048	0	4096	CLMUL	64.08688
create-batch-K2[ns]	16	2048	0	4096	GENERIC	1.58851
create-batch-K2-total[ms]	16	2048	0	4096	GENERIC	13.32536
create-batch-K2[ns]	16	2048	0	4096	CLMUL	4.04864
create-batch-K2-total[ms]	16	2048	0	4096	CLMUL	33.96242
create-batch-K4[ns]	16	2048	0	4096	GENERIC	1.16971
create-batch-K4-total[ms]	16	2048	0	4096	GENERIC	9.81220
create-batch-K4[ns]	16	2048	0	4096	CLMUL	3.23177
create-batch-K4-total[ms]	16	2048	0	4096	CLMUL	27.11005
create-batch-K8[ns]	16	2048	0	4096	GENERIC	1.10549
create-batch-K8-total[ms]	16	2048	0	4096	GENERIC	9.27354
create-batch-K8[ns]	16	2048	0	4096	CLMUL	2.83939
create-batch-K8-total[ms]	16	2048	0	4096	CLMUL	23.81853
create-batch-K1[ns]	16	2048	0	8192	GENERIC	3.01814
create-batch-K1-total[ms]	16	2048	0	8192	GENERIC	50.63604
create-batch-K1[ns]	16	2048	0	8192	CLMUL	7.63998
create-batch-K1-total[ms]	16	2048	0	8192	CLMUL	128.17766
create-batch-K2[ns]	16	2048	0	8192	GENERIC	1.58857
create-batch-K2-total[ms]	16	2048	0	8192	GENERIC	26.65181
create-batch-K2[ns]	16	2048	0	8192	CLMUL	4.05090
create-batch-K2-total[ms]	16	2048	0	8192	CLMUL	67.96284
create-batch-K4[ns]	16	2048	0	8192	GENERIC	1.16975
create-batch-K4-total[ms]	16	2048	0	8192	GENERIC	19.62508
create-batch-K4[ns]	16	2048	0	8192	CLMUL	3.23369
create-batch-K4-total[ms]	16	2048	0	8192	CLMUL	54.25232
create-batch-K8[ns]	16	2048	0	8192	GENERIC	1.10561
create-batch-K8-total[ms]	16	2048	0	8192	GENERIC	18.54903
create-batch-K8[ns]	16	2048	0	8192	CLMUL	2.83830
create-batch-K8-total[ms]	16	2048	0	8192	CLMUL	47.61877
create-batch-K1[ns]	16	3072	0	16	GENERIC	3.01351
create-batch-K1-total[ms]	16	3072	0	16	GENERIC	0.14812
create-batch-K1[ns]	16	3072	0	16	CLMUL	7.63635
create-batch-K1-total[ms]	16	3072	0	16	CLMUL	0.37534
create-batch-K2[ns]	16	3072	0	16	GENERIC	1.58323
create-batch-K2-total[ms]	16	3072	0	16	GENERIC	0.07782
create-batch-K2[ns]	16	3072	0	16	CLMUL	4.04163
create-batch-K2-total[ms]	16	3072	0	16	CLMUL	0.19865
create-batch-K4[ns]	16	3072	0	16	GENERIC	1.16624
create-batch-K4-total[ms]	16	3072	0	16	GENERIC	0.05732
create-batch-K4[ns]	16	3072	0	16	CLMUL	3.14933
create-batch-K4-total[ms]	16	3072	0	16	CLMUL	0.15480
create-batch-K8[ns]	16	3072	0	16	GENERIC	1.10154
create-batch-K8-total[ms]	16	3072	0	16	GENERIC	0.05414
create-batch-K8[ns]	16	3072	0	16	CLMUL	2.83405
create-batch-K8-total[ms]	16	3072	0	16	CLMUL	0.13930
create-batch-K1[ns]	16	3072	0	64	GENERIC	3.01222
create-batch-K1-total[ms]	16	3072	0	64	GENERIC	0.59223
create-batch-K1[ns]	16	3072	0	64	CLMUL	7.63782
create-batch-K1-total[ms]	16	3072	0	64	CLMUL	1.50166
create-batch-K2[ns]	16	3072	0	64	GENERIC	1.58250
create-batch-K2-total[ms]	16	3072	0	64	GENERIC	0.31113
create-batch-K2[ns]	16	3072	0	64	CLMUL	4.03674
create-batch-K2-total[ms]	16	3072	0	64	CLMUL	0.79366
create-batch-K4[ns]	16	3072	0	64	GENERIC	1.16538
create-batch-K4-total[ms]	16	3072	0	64	GENERIC	0.22912
create-batch-K4[ns]	16	3072	0	64	CLMUL	3.19698
create-batch-K4-total[ms]	16	3072	0	64	CLMUL	0.62855
create-batch-K8[ns]	16	3072	0	64	GENERIC	1.10105
create-batch-K8-total[ms]	16	3072	0	64	GENERIC	0.21648
create-batch-K8[ns]	16	3072	0	64	CLMUL	2.83691
create-batch-K8-total[ms]	16	3072	0	64	CLMUL	0.55776
create-batch-K1[ns]	16	3072	0	128	GENERIC	3.01209
create-batch-K1-total[ms]	16	3072	0	128	GENERIC	1.18440
create-batch-K1[ns]	16	3072	0	128	CLMUL	7.63792
create-batch-K1-total[ms]	16	3072	0	128	CLMUL	3.00335
create-batch-K2[ns]	16	3072	0	128	GENERIC	1.58295
create-batch-K2-total[ms]	16	3072	0	128	GENERIC	0.62244
create-batch-K2[ns]	16	3072	0	128	CLMUL	4.03954
create-batch-K2-total[ms]	16	3072	0	128	CLMUL	1.58841
create-batch-K4[ns]	16	3072	0	128	GENERIC	1.16526
create-batch-K4-total[ms]	16	3072	0	128	GENERIC	0.45820
create-batch-K4[ns]	16	3072	0	128	CLMUL	3.22109
create-batch-K4-total[ms]	16	3072	0	128	CLMUL	1.26658
create-batch-K8[ns]	16	3072	0	128	GENERIC	1.10095
create-batch-K8-total[ms]	16	3072	0	128	GENERIC	0.43291
create-batch-K8[ns]	16	3072	0	128	CLMUL	2.83907
create-batch-K8-total[ms]	16	3072	0	128	CLMUL	1.11637
create-batch-K1[ns]	16	3072	0	512	GENERIC	3.01343
create-batch-K1-total[ms]	16	3072	0	512	GENERIC	4.73971
create-batch-K1[ns]	16	3072	0	512	CLMUL	7.64106
create-batch-K1-total[ms]	16	3072	0	512	CLMUL	12.01835
create-batch-K2[ns]	16	3072	0	512	GENERIC	1.58293
create-batch-K2-total[ms]	16	3072	0	512	GENERIC	2.48974
create-batch-K2[ns]	16	3072	0	512	CLMUL	4.04688
create-batch-K2-total[ms]	16	3072	0	512	CLMUL	6.36519
create-batch-K4[ns]	16	3072	0	512	GENERIC	1.16516
create-batch-K4-total[ms]	16	3072	0	512	GENERIC	1.83264
create-batch-K4[ns]	16	3072	0	512	CLMUL	3.22793
create-batch-K4-total[ms]	16	3072	0	512	CLMUL	5.07709
create-batch-K8[ns]	16	3072	0	512	GENERIC	1.10089
create-batch-K8-total[ms]	16	3072	0	512	GENERIC	1.73155
create-batch-K8[ns]	16	3072	0	512	CLMUL	2.84261
create-batch-K8-total[ms]	16	3072	0	512	CLMUL	4.47105
create-batch-K1[ns]	16	3072	0	1024	GENERIC	3.01346
create-batch-K1-total[ms]	16	3072	0	1024	GENERIC	9.47952
create-batch-K1[ns]	16	3072	0	1024	CLMUL	7.64104
create-batch-K1-total[ms]	16	3072	0	1024	CLMUL	24.03662
create-batch-K2[ns]	16	3072	0	1024	GENERIC	1.58342
create-batch-K2-total[ms]	16	3072	0	1024	GENERIC	4.98102
create-batch-K2[ns]	16	3072	0	1024	CLMUL	4.04973
create-batch-K2-total[ms]	16	3072	0	1024	CLMUL	12.73934
create-batch-K4[ns]	16	3072	0	1024	GENERIC	1.16514
create-batch-K4-total[ms]	16	3072	0	1024	GENERIC	3.66520
create-batch-K4[ns]	16	3072	0	1024	CLMUL	3.23107
create-batch-K4-total[ms]	16	3072	0	1024	CLMUL	10.16408
create-batch-K8[ns]	16	3072	0	1024	GENERIC	1.10087
create-batch-K8-total[ms]	16	3072	0	1024	GENERIC	3.46304
create-batch-K8[ns]	16	3072	0	1024	CLMUL	2.83949
create-batch-K8-total[ms]	16	3072	0	1024	CLMUL	8.93227
create-batch-K1[ns]	16	3072	0	2048	GENERIC	3.01377
create-batch-K1-total[ms]	16	3072	0	2048	GENERIC	18.96102
create-batch-K1[ns]	16	3072	0	2048	CLMUL	7.64115
create-batch-K1-total[ms]	16	3072	0	2048	CLMUL	48.07398
create-batch-K2[ns]	16	3072	0	2048	GENERIC	1.58362
create-batch-K2-total[ms]	16	3072	0	2048	GENERIC	9.96328
create-batch-K2[ns]	16	3072	0	2048	CLMUL	4.04978
create-batch-K2-total[ms]	16	3072	0	2048	CLMUL	25.47902
create-batch-K4[ns]	16	3072	0	2048	GENERIC	1.16542
create-batch-K4-total[ms]	16	3072	0	2048	GENERIC	7.33218
create-batch-K4[ns]	16	3072	0	2048	CLMUL	3.22979
create-batch-K4-total[ms]	16	3072	0	2048	CLMUL	20.32009
create-batch-K8[ns]	16	3072	0	2048	GENERIC	1.10112
create-batch-K8-total[ms]	16	3072	0	2048	GENERIC	6.92767
create-batch-K8[ns]	16	3072	0	2048	CLMUL	2.83751
create-batch-K8-total[ms]	16	3072	0	2048	CLMUL	17.85209
create-batch-K1[ns]	16	3072	0	4096	GENERIC	3.01373
create-batch-K1-total[ms]	16	3072	0	4096	GENERIC	37.92147
create-batch-K1[ns]	16	3072	0	4096	CLMUL	7.64167
create-batch-K1-total[ms]	16	3072	0	4096	CLMUL	96.15445
create-batch-K2[ns]	16	3072	0	4096	GENERIC	1.58375
create-batch-K2-total[ms]	16	3072	0	4096	GENERIC	19.92820
create-batch-K2[ns]	16	3072	0	4096	CLMUL	4.05139
create-batch-K2-total[ms]	16	3072	0	4096	CLMUL	50.97828
create-batch-K4[ns]	16	3072	0	4096	GENERIC	1.16554
create-batch-K4-total[ms]	16	3072	0	4096	GENERIC	14.66591
create-batch-K4[ns]	16	3072	0	4096	CLMUL	3.23370
create-batch-K4-total[ms]	16	3072	0	4096	CLMUL	40.68942
create-batch-K8[ns]	16	3072	0	4096	GENERIC	1.10131
create-batch-K8-total[ms]	16	3072	0	4096	GENERIC	13.85768
create-batch-K8[ns]	16	3072	0	4096	CLMUL	2.83973
create-batch-K8-total[ms]	16	3072	0	4096	CLMUL	35.73201
create-batch-K1[ns]	16	3072	0	8192	GENERIC	3.01365
create-batch-K1-total[ms]	16	3072	0	8192	GENERIC	75.84096
create-batch-K1[ns]	16	3072	0	8192	CLMUL	7.64165
create-batch-K1-total[ms]	16	3072	0	8192	CLMUL	192.30838
create-batch-K2[ns]	16	3072	0	8192	GENERIC	1.58371
create-batch-K2-total[ms]	16	3072	0	8192	GENERIC	39.85548
create-batch-K2[ns]	16	3072	0	8192	CLMUL	4.04650
create-batch-K2-total[ms]	16	3072	0	8192	CLMUL	101.83357
create-batch-K4[ns]	16	3072	0	8192	GENERIC	1.16562
create-batch-K4-total[ms]	16	3072	0	8192	GENERIC	29.33368
create-batch-K4[ns]	16	3072	0	8192	CLMUL	3.23417
create-batch-K4-total[ms]	16	3072	0	8192	CLMUL	81.39049
create-batch-K8[ns]	16	3072	0	8192	GENERIC	1.10134
create-batch-K8-total[ms]	16	3072	0	8192	GENERIC	27.71604
create-batch-K8[ns]	16	3072	0	8192	CLMUL	2.83834
create-batch-K8-total[ms]	16	3072	0	8192	CLMUL	71.42916
create-batch-K1[ns]	16	4096	0	16	GENERIC	3.01065
create-batch-K1-total[ms]	16	4096	0	16	GENERIC	0.19731
create-batch-K1[ns]	16	4096	0	16	CLMUL	7.63786
create-batch-K1-total[ms]	16	4096	0	16	CLMUL	0.50055
create-batch-K2[ns]	16	4096	0	16	GENERIC	1.58159
create-batch-K2-total[ms]	16	4096	0	16	GENERIC	0.10365
create-batch-K2[ns]	16	4096	0	16	CLMUL	4.04198
create-batch-K2-total[ms]	16	4096	0	16	CLMUL	0.26489
create-batch-K4[ns]	16	4096	0	16	GENERIC	1.16385
create-batch-K4-total[ms]	16	4096	0	16	GENERIC	0.07627
create-batch-K4[ns]	16	4096	0	16	CLMUL	3.14964
create-batch-K4-total[ms]	16	4096	0	16	CLMUL	0.20641
create-batch-K8[ns]	16	4096	0	16	GENERIC	1.09940
create-batch-K8-total[ms]	16	4096	0	16	GENERIC	0.07205
create-batch-K8[ns]	16	4096	0	16	CLMUL	2.82613
create-batch-K8-total[ms]	16	4096	0	16	CLMUL	0.18521
create-batch-K1[ns]	16	4096	0	64	GENERIC	3.01146
create-batch-K1-total[ms]	16	4096	0	64	GENERIC	0.78943
create-batch-K1[ns]	16	4096	0	64	CLMUL	7.63831
create-batch-K1-total[ms]	16	4096	0	64	CLMUL	2.00234
create-batch-K2[ns]	16	4096	0	64	GENERIC	1.58146
create-batch-K2-total[ms]	16	4096	0	64	GENERIC	0.41457
create-batch-K2[ns]	16	4096	0	64	CLMUL	4.04218
create-batch-K2-total[ms]	16	4096	0	64	CLMUL	1.05963
create-batch-K4[ns]	16	4096	0	64	GENERIC	1.16321
create-batch-K4-total[ms]	16	4096	0	64	GENERIC	0.30493
create-batch-K4[ns]	16	4096	0	64	CLMUL	3.17949
create-batch-K4-total[ms]	16	4096	0	64	CLMUL	0.83348
create-batch-K8[ns]	16	4096	0	64	GENERIC	1.09892
create-batch-K8-total[ms]	16	4096	0	64	GENERIC	0.28807
create-batch-K8[ns]	16	4096	0	64	CLMUL	2.83430
create-batch-K8-total[ms]	16	4096	0	64	CLMUL	0.74299
create-batch-K1[ns]	16	4096	0	128	GENERIC	3.01122
create-batch-K1-total[ms]	16	4096	0	128	GENERIC	1.57875
create-batch-K1[ns]	16	4096	0	128	CLMUL	7.64126
create-batch-K1-total[ms]	16	4096	0	128	CLMUL	4.00622
create-batch-K2[ns]	16	4096	0	128	GENERIC	1.58147
create-batch-K2-total[ms]	16	4096	0	128	GENERIC	0.82915
create-batch-K2[ns]	16	4096	0	128	CLMUL	4.04235
create-batch-K2-total[ms]	16	4096	0	128	CLMUL	2.11935
create-batch-K4[ns]	16	4096	0	128	GENERIC	1.16309
create-batch-K4-total[ms]	16	4096	0	128	GENERIC	0.60979
create-batch-K4[ns]	16	4096	0	128	CLMUL	3.20816
create-batch-K4-total[ms]	16	4096	0	128	CLMUL	1.68200
create-batch-K8[ns]	16	4096	0	128	GENERIC	1.09883
create-batch-K8-total[ms]	16	4096	0	128	GENERIC	0.57611
create-batch-K8[ns]	16	4096	0	128	CLMUL	2.84661
create-batch-K8-total[ms]	16	4096	0	128	CLMUL	1.49245
create-batch-K1[ns]	16	4096	0	512	GENERIC	3.01271
create-batch-K1-total[ms]	16	4096	0	512	GENERIC	6.31811
create-batch-K1[ns]	16	4096	0	512	CLMUL	7.64156
create-batch-K1-total[ms]	16	4096	0	512	CLMUL	16.02551
create-batch-K2[ns]	16	4096	0	512	GENERIC	1.58188
create-batch-K2-total[ms]	16	4096	0	512	GENERIC	3.31744
create-batch-K2[ns]	16	4096	0	512	CLMUL	4.04698
create-batch-K2-total[ms]	16	4096	0	512	CLMUL	8.48712
create-batch-K4[ns]	16	4096	0	512	GENERIC	1.16301
create-batch-K4-total[ms]	16	4096	0	512	GENERIC	2.43901
create-batch-K4[ns]	16	4096	0	512	CLMUL	3.23042
create-batch-K4-total[ms]	16	4096	0	512	CLMUL	6.77468
create-batch-K8[ns]	16	4096	0	512	GENERIC	1.09877
create-batch-K8-total[ms]	16	4096	0	512	GENERIC	2.30429
create-batch-K8[ns]	16	4096	0	512	CLMUL	2.83993
create-batch-K8-total[ms]	16	4096	0	512	CLMUL	5.95577
create-batch-K1[ns]	16	4096	0	1024	GENERIC	3.01314
create-batch-K1-total[ms]	16	4096	0	1024	GENERIC	12.63804
create-batch-K1[ns]	16	4096	0	1024	CLMUL	7.64200
create-batch-K1-total[ms]	16	4096	0	1024	CLMUL	32.05289
create-batch-K2[ns]	16	4096	0	1024	GENERIC	1.58196
create-batch-K2-total[ms]	16	4096	0	1024	GENERIC	6.63520
create-batch-K2[ns]	16	4096	0	1024	CLMUL	4.05095
create-batch-K2-total[ms]	16	4096	0	1024	CLMUL	16.99093
create-batch-K4[ns]	16	4096	0	1024	GENERIC	1.16341
create-batch-K4-total[ms]	16	4096	0	1024	GENERIC	4.87968
create-batch-K4[ns]	16	4096	0	1024	CLMUL	3.22013
create-batch-K4-total[ms]	16	4096	0	1024	CLMUL	13.50619
create-batch-K8[ns]	16	4096	0	1024	GENERIC	1.09915
create-batch-K8-total[ms]	16	4096	0	1024	GENERIC	4.61019
create-batch-K8[ns]	16	4096	0	1024	CLMUL	2.84186
create-batch-K8-total[ms]	16	4096	0	1024	CLMUL	11.91961
create-batch-K1[ns]	16	4096	0	2048	GENERIC	3.01322
create-batch-K1-total[ms]	16	4096	0	2048	GENERIC	25.27672
create-batch-K1[ns]	16	4096	0	2048	CLMUL	7.64185
create-batch-K1-total[ms]	16	4096	0	2048	CLMUL	64.10446
create-batch-K2[ns]	16	4096	0	2048	GENERIC	1.58240
create-batch-K2-total[ms]	16	4096	0	2048	GENERIC	13.27414
create-batch-K2[ns]	16	4096	0	2048	CLMUL	4.05094
create-batch-K2-total[ms]	16	4096	0	2048	CLMUL	33.98172
create-batch-K4[ns]	16	4096	0	2048	GENERIC	1.16341
create-batch-K4-total[ms]	16	4096	0	2048	GENERIC	9.75938
create-batch-K4[ns]	16	4096	0	2048	CLMUL	3.22837
create-batch-K4-total[ms]	16	4096	0	2048	CLMUL	27.08151
create-batch-K8[ns]	16	4096	0	2048	GENERIC	1.09915
create-batch-K8-total[ms]	16	4096	0	2048	GENERIC	9.22037
create-batch-K8[ns]	16	4096	0	2048	CLMUL	2.83911
create-batch-K8-total[ms]	16	4096	0	2048	CLMUL	23.81620
create-batch-K1[ns]	16	4096	0	4096	GENERIC	3.01318
create-batch-K1-total[ms]	16	4096	0	4096	GENERIC	50.55277
create-batch-K1[ns]	16	4096	0	4096	CLMUL	7.64261
create-batch-K1-total[ms]	16	4096	0	4096	CLMUL	128.22164
create-batch-K2[ns]	16	4096	0	4096	GENERIC	1.58252
create-batch-K2-total[ms]	16	4096	0	4096	GENERIC	26.55021
create-batch-K2[ns]	16	4096	0	4096	CLMUL	4.05125
create-batch-K2-total[ms]	16	4096	0	4096	CLMUL	67.96877
create-batch-K4[ns]	16	4096	0	4096	GENERIC	1.16353
create-batch-K4-total[ms]	16	4096	0	4096	GENERIC	19.52077
create-batch-K4[ns]	16	4096	0	4096	CLMUL	3.22927
create-batch-K4-total[ms]	16	4096	0	4096	CLMUL	54.17811
create-batch-K8[ns]	16	4096	0	4096	GENERIC	1.09914
create-batch-K8-total[ms]	16	4096	0	4096	GENERIC	18.44059
create-batch-K8[ns]	16	4096	0	4096	CLMUL	2.84026
create-batch-K8-total[ms]	16	4096	0	4096	CLMUL	47.65172
create-batch-K1[ns]	16	4096	0	8192	GENERIC	3.01334
create-batch-K1-total[ms]	16	4096	0	8192	GENERIC	101.11084
create-batch-K1[ns]	16	4096	0	8192	CLMUL	7.64230
create-batch-K1-total[ms]	16	4096	0	8192	CLMUL	256.43312
create-batch-K2[ns]	16	4096	0	8192	GENERIC	1.58243
create-batch-K2-total[ms]	16	4096	0	8192	GENERIC	53.09764
create-batch-K2[ns]	16	4096	0	8192	CLMUL	4.05103
create-batch-K2-total[ms]	16	4096	0	8192	CLMUL	135.93003
create-batch-K4[ns]	16	4096	0	8192	GENERIC	1.16352
create-batch-K4-total[ms]	16	4096	0	8192	GENERIC	39.04109
create-batch-K4[ns]	16	4096	0	8192	CLMUL	3.22829
create-batch-K4-total[ms]	16	4096	0	8192	CLMUL	108.32338
create-batch-K8[ns]	16	4096	0	8192	GENERIC	1.09921
create-batch-K8-total[ms]	16	4096	0	8192	GENERIC	36.88328
create-batch-K8[ns]	16	4096	0	8192	CLMUL	2.84174
create-batch-K8-total[ms]	16	4096	0	8192	CLMUL	95.35296
create-batch-K1[ns]	16	5120	0	16	GENERIC	3.00955
create-batch-K1-total[ms]	16	5120	0	16	GENERIC	0.24654
create-batch-K1[ns]	16	5120	0	16	CLMUL	7.63785
create-batch-K1-total[ms]	16	5120	0	16	CLMUL	0.62569
create-batch-K2[ns]	16	5120	0	16	GENERIC	1.57976
create-batch-K2-total[ms]	16	5120	0	16	GENERIC	0.12941
create-batch-K2[ns]	16	5120	0	16	CLMUL	4.05110
create-batch-K2-total[ms]	16	5120	0	16	CLMUL	0.33187
create-batch-K4[ns]	16	5120	0	16	GENERIC	1.16238
create-batch-K4-total[ms]	16	5120	0	16	GENERIC	0.09522
create-batch-K4[ns]	16	5120	0	16	CLMUL	3.14891
create-batch-K4-total[ms]	16	5120	0	16	CLMUL	0.25796
create-batch-K8[ns]	16	5120	0	16	GENERIC	1.09807
create-batch-K8-total[ms]	16	5120	0	16	GENERIC	0.08995
create-batch-K8[ns]	16	5120	0	16	CLMUL	2.83304
create-batch-K8-total[ms]	16	5120	0	16	CLMUL	0.23208
create-batch-K1[ns]	16	5120	0	64	GENERIC	3.00981
create-batch-K1-total[ms]	16	5120	0	64	GENERIC	0.98626
create-batch-K1[ns]	16	5120	0	64	CLMUL	7.63929
create-batch-K1-total[ms]	16	5120	0	64	CLMUL	2.50324
create-batch-K2[ns]	16	5120	0	64	GENERIC	1.57951
create-batch-K2-total[ms]	16	5120	0	64	GENERIC	0.51757
create-batch-K2[ns]	16	5120	0	64	CLMUL	4.04261
create-batch-K2-total[ms]	16	5120	0	64	CLMUL	1.32468
create-batch-K4[ns]	16	5120	0	64	GENERIC	1.16190
create-batch-K4-total[ms]	16	5120	0	64	GENERIC	0.38073
create-batch-K4[ns]	16	5120	0	64	CLMUL	3.16179
create-batch-K4-total[ms]	16	5120	0	64	CLMUL	1.03605
create-batch-K8[ns]	16	5120	0	64	GENERIC	1.09756
create-batch-K8-total[ms]	16	5120	0	64	GENERIC	0.35965
create-batch-K8[ns]	16	5120	0	64	CLMUL	2.84293
create-batch-K8-total[ms]	16	5120	0	64	CLMUL	0.93157
create-batch-K1[ns]	16	5120	0	128	GENERIC	3.01021
create-batch-K1-total[ms]	16	5120	0	128	GENERIC	1.97277
create-batch-K1[ns]	16	5120	0	128	CLMUL	7.64129
create-batch-K1-total[ms]	16	5120	0	128	CLMUL	5.00780
create-batch-K2[ns]	16	5120	0	128	GENERIC	1.57986
create-batch-K2-total[ms]	16	5120	0	128	GENERIC	1.03538
create-batch-K2[ns]	16	5120	0	128	CLMUL	4.04478
create-batch-K2-total[ms]	16	5120	0	128	CLMUL	2.65079
create-batch-K4[ns]	16	5120	0	128	GENERIC	1.16178
create-batch-K4-total[ms]	16	5120	0	128	GENERIC	0.76138
create-batch-K4[ns]	16	5120	0	128	CLMUL	3.19679
create-batch-K4-total[ms]	16	5120	0	128	CLMUL	2.09505
create-batch-K8[ns]	16	5120	0	128	GENERIC	1.09751
create-batch-K8-total[ms]	16	5120	0	128	GENERIC	0.71926
create-batch-K8[ns]	16	5120	0	128	CLMUL	2.83768
create-batch-K8-total[ms]	16	5120	0	128	CLMUL	1.85970
create-batch-K1[ns]	16	5120	0	512	GENERIC	3.01116
create-batch-K1-total[ms]	16	5120	0	512	GENERIC	7.89356
create-batch-K1[ns]	16	5120	0	512	CLMUL	7.64212
create-batch-K1-total[ms]	16	5120	0	512	CLMUL	20.03336
create-batch-K2[ns]	16	5120	0	512	GENERIC	1.58060
create-batch-K2-total[ms]	16	5120	0	512	GENERIC	4.14344
create-batch-K2[ns]	16	5120	0	512	CLMUL	4.05074
create-batch-K2-total[ms]	16	5120	0	512	CLMUL	10.61878
create-batch-K4[ns]	16	5120	0	512	GENERIC	1.16171
create-batch-K4-total[ms]	16	5120	0	512	GENERIC	3.04536
create-batch-K4[ns]	16	5120	0	512	CLMUL	3.22166
create-batch-K4-total[ms]	16	5120	0	512	CLMUL	8.44538
create-batch-K8[ns]	16	5120	0	512	GENERIC	1.09750
create-batch-K8-total[ms]	16	5120	0	512	GENERIC	2.87703
create-batch-K8[ns]	16	5120	0	512	CLMUL	2.84375
create-batch-K8-total[ms]	16	5120	0	512	CLMUL	7.45471
create-batch-K1[ns]	16	5120	0	1024	GENERIC	3.01156
create-batch-K1-total[ms]	16	5120	0	1024	GENERIC	15.78927
create-batch-K1[ns]	16	5120	0	1024	CLMUL	7.64237
create-batch-K1-total[ms]	16	5120	0	1024	CLMUL	40.06804
create-batch-K2[ns]	16	5120	0	1024	GENERIC	1.58073
create-batch-K2-total[ms]	16	5120	0	1024	GENERIC	8.28757
create-batch-K2[ns]	16	5120	0	1024	CLMUL	4.05115
create-batch-K2-total[ms]	16	5120	0	1024	CLMUL	21.23971
create-batch-K4[ns]	16	5120	0	1024	GENERIC	1.16203
create-batch-K4-total[ms]	16	5120	0	1024	GENERIC	6.09241
create-batch-K4[ns]	16	5120	0	1024	CLMUL	3.22626
create-batch-K4-total[ms]	16	5120	0	1024	CLMUL	16.91492
create-batch-K8[ns]	16	5120	0	1024	GENERIC	1.09781
create-batch-K8-total[ms]	16	5120	0	1024	GENERIC	5.75569
create-batch-K8[ns]	16	5120	0	1024	CLMUL	2.84285
create-batch-K8-total[ms]	16	5120	0	1024	CLMUL	14.90471
create-batch-K1[ns]	16	5120	0	2048	GENERIC	3.01160
create-batch-K1-total[ms]	16	5120	0	2048	GENERIC	31.57894
create-batch-K1[ns]	16	5120	0	2048	CLMUL	7.64250
create-batch-K1-total[ms]	16	5120	0	2048	CLMUL	80.13737
create-batch-K2[ns]	16	5120	0	2048	GENERIC	1.58068
create-batch-K2-total[ms]	16	5120	0	2048	GENERIC	16.57465
create-batch-K2[ns]	16	5120	0	2048	CLMUL	4.05015
create-batch-K2-total[ms]	16	5120	0	2048	CLMUL	42.46890
create-batch-K4[ns]	16	5120	0	2048	GENERIC	1.16219
create-batch-K4-total[ms]	16	5120	0	2048	GENERIC	12.18647
create-batch-K4[ns]	16	5120	0	2048	CLMUL	3.22935
create-batch-K4-total[ms]	16	5120	0	2048	CLMUL	33.86217
create-batch-K8[ns]	16	5120	0	2048	GENERIC	1.09779
create-batch-K8-total[ms]	16	5120	0	2048	GENERIC	11.51118
create-batch-K8[ns]	16	5120	0	2048	CLMUL	2.84053
create-batch-K8-total[ms]	16	5120	0	2048	CLMUL	29.78516
create-batch-K1[ns]	16	5120	0	4096	GENERIC	3.01154
create-batch-K1-total[ms]	16	5120	0	4096	GENERIC	63.15654
create-batch-K1[ns]	16	5120	0	4096	CLMUL	7.64263
create-batch-K1-total[ms]	16	5120	0	4096	CLMUL	160.27766
create-batch-K2[ns]	16	5120	0	4096	GENERIC	1.58072
create-batch-K2-total[ms]	16	5120	0	4096	GENERIC	33.15017
create-batch-K2[ns]	16	5120	0	4096	CLMUL	4.05135
create-batch-K2-total[ms]	16	5120	0	4096	CLMUL	84.96291
create-batch-K4[ns]	16	5120	0	4096	GENERIC	1.16219
create-batch-K4-total[ms]	16	5120	0	4096	GENERIC	24.37284
create-batch-K4[ns]	16	5120	0	4096	CLMUL	3.22862
create-batch-K4-total[ms]	16	5120	0	4096	CLMUL	67.70899
create-batch-K8[ns]	16	5120	0	4096	GENERIC	1.09787
create-batch-K8-total[ms]	16	5120	0	4096	GENERIC	23.02400
create-batch-K8[ns]	16	5120	0	4096	CLMUL	2.84176
create-batch-K8-total[ms]	16	5120	0	4096	CLMUL	59.59602
create-batch-K1[ns]	16	5120	0	8192	GENERIC	3.01170
create-batch-K1-total[ms]	16	5120	0	8192	GENERIC	126.31979
create-batch-K1[ns]	16	5120	0	8192	CLMUL	7.64259
create-batch-K1-total[ms]	16	5120	0	8192	CLMUL	320.55349
create-batch-K2[ns]	16	5120	0	8192	GENERIC	1.58078
create-batch-K2-total[ms]	16	5120	0	8192	GENERIC	66.30286
create-batch-K2[ns]	16	5120	0	8192	CLMUL	4.05275
create-batch-K2-total[ms]	16	5120	0	8192	CLMUL	169.98469
create-batch-K4[ns]	16	5120	0	8192	GENERIC	1.16225
create-batch-K4-total[ms]	16	5120	0	8192	GENERIC	48.74829
create-batch-K4[ns]	16	5120	0	8192	CLMUL	3.22935
create-batch-K4-total[ms]	16	5120	0	8192	CLMUL	135.44877
create-batch-K8[ns]	16	5120	0	8192	GENERIC	1.09798
create-batch-K8-total[ms]	16	5120	0	8192	GENERIC	46.05241
create-batch-K8[ns]	16	5120	0	8192	CLMUL	2.84261
create-batch-K8-total[ms]	16	5120	0	8192	CLMUL	119.22785
create-batch-K1[ns]	16	6144	0	16	GENERIC	3.01054
create-batch-K1-total[ms]	16	6144	0	16	GENERIC	0.29595
create-batch-K1[ns]	16	6144	0	16	CLMUL	7.63804
create-batch-K1-total[ms]	16	6144	0	16	CLMUL	0.75085
create-batch-K2[ns]	16	6144	0	16	GENERIC	1.57958
create-batch-K2-total[ms]	16	6144	0	16	GENERIC	0.15528
create-batch-K2[ns]	16	6144	0	16	CLMUL	4.01985
create-batch-K2-total[ms]	16	6144	0	16	CLMUL	0.39517
create-batch-K4[ns]	16	6144	0	16	GENERIC	1.16148
create-batch-K4-total[ms]	16	6144	0	16	GENERIC	0.11418
create-batch-K4[ns]	16	6144	0	16	CLMUL	3.14811
create-batch-K4-total[ms]	16	6144	0	16	CLMUL	0.30947
create-batch-K8[ns]	16	6144	0	16	GENERIC	1.09705
create-batch-K8-total[ms]	16	6144	0	16	GENERIC	0.10784
create-batch-K8[ns]	16	6144	0	16	CLMUL	2.84449
create-batch-K8-total[ms]	16	6144	0	16	CLMUL	0.27962
create-batch-K1[ns]	16	6144	0	64	GENERIC	3.00994
create-batch-K1-total[ms]	16	6144	0	64	GENERIC	1.18356
create-batch-K1[ns]	16	6144	0	64	CLMUL	7.63980
create-batch-K1-total[ms]	16	6144	0	64	CLMUL	3.00409
create-batch-K2[ns]	16	6144	0	64	GENERIC	1.57945
create-batch-K2-total[ms]	16	6144	0	64	GENERIC	0.62106
create-batch-K2[ns]	16	6144	0	64	CLMUL	4.04252
create-batch-K2-total[ms]	16	6144	0	64	CLMUL	1.58958
create-batch-K4[ns]	16	6144	0	64	GENERIC	1.16100
create-batch-K4-total[ms]	16	6144	0	64	GENERIC	0.45653
create-batch-K4[ns]	16	6144	0	64	CLMUL	3.19677
create-batch-K4-total[ms]	16	6144	0	64	CLMUL	1.25702
create-batch-K8[ns]	16	6144	0	64	GENERIC	1.09667
create-batch-K8-total[ms]	16	6144	0	64	GENERIC	0.43123
create-batch-K8[ns]	16	6144	0	64	CLMUL	2.81680
create-batch-K8-total[ms]	16	6144	0	64	CLMUL	1.10761
create-batch-K1[ns]	16	6144	0	128	GENERIC	3.01039
create-batch-K1-total[ms]	16	6144	0	128	GENERIC	2.36747
create-batch-K1[ns]	16	6144	0	128	CLMUL	7.64161
create-batch-K1-total[ms]	16	6144	0	128	CLMUL	6.00961
create-batch-K2[ns]	16	6144	0	128	GENERIC	1.57960
create-batch-K2-total[ms]	16	6144	0	128	GENERIC	1.24225
create-batch-K2[ns]	16	6144	0	128	CLMUL	4.04603
create-batch-K2-total[ms]	16	6144	0	128	CLMUL	3.18193
create-batch-K4[ns]	16	6144	0	128	GENERIC	1.16092
create-batch-K4-total[ms]	16	6144	0	128	GENERIC	0.91298
create-batch-K4[ns]	16	6144	0	128	CLMUL	3.20693
create-batch-K4-total[ms]	16	6144	0	128	CLMUL	2.52204
create-batch-K8[ns]	16	6144	0	128	GENERIC	1.09664
create-batch-K8-total[ms]	16	6144	0	128	GENERIC	0.86243
create-batch-K8[ns]	16	6144	0	128	CLMUL	2.83802
create-batch-K8-total[ms]	16	6144	0	128	CLMUL	2.23191
create-batch-K1[ns]	16	6144	0	512	GENERIC	3.01118
create-batch-K1-total[ms]	16	6144	0	512	GENERIC	9.47236
create-batch-K1[ns]	16	6144	0	512	CLMUL	7.64289
create-batch-K1-total[ms]	16	6144	0	512	CLMUL	24.04244
create-batch-K2[ns]	16	6144	0	512	GENERIC	1.58020
create-batch-K2-total[ms]	16	6144	0	512	GENERIC	4.97088
create-batch-K2[ns]	16	6144	0	512	CLMUL	4.04704
create-batch-K2-total[ms]	16	6144	0	512	CLMUL	12.73088
create-batch-K4[ns]	16	6144	0	512	GENERIC	1.16087
create-batch-K4-total[ms]	16	6144	0	512	GENERIC	3.65177
create-batch-K4[ns]	16	6144	0	512	CLMUL	3.22335
create-batch-K4-total[ms]	16	6144	0	512	CLMUL	10.13977
create-batch-K8[ns]	16	6144	0	512	GENERIC	1.09663
create-batch-K8-total[ms]	16	6144	0	512	GENERIC	3.44971
create-batch-K8[ns]	16	6144	0	512	CLMUL	2.84283
create-batch-K8-total[ms]	16	6144	0	512	CLMUL	8.94276
create-batch-K1[ns]	16	6144	0	1024	GENERIC	3.01148
create-batch-K1-total[ms]	16	6144	0	1024	GENERIC	18.94660
create-batch-K1[ns]	16	6144	0	1024	CLMUL	7.64284
create-batch-K1-total[ms]	16	6144	0	1024	CLMUL	48.08459
create-batch-K2[ns]	16	6144	0	1024	GENERIC	1.58010
create-batch-K2-total[ms]	16	6144	0	1024	GENERIC	9.94115
create-batch-K2[ns]	16	6144	0	1024	CLMUL	4.05111
create-batch-K2-total[ms]	16	6144	0	1024	CLMUL	25.48738
create-batch-K4[ns]	16	6144	0	1024	GENERIC	1.16124
create-batch-K4-total[ms]	16	6144	0	1024	GENERIC	7.30590
create-batch-K4[ns]	16	6144	0	1024	CLMUL	3.21657
create-batch-K4-total[ms]	16	6144	0	1024	CLMUL	20.23691
create-batch-K8[ns]	16	6144	0	1024	GENERIC	1.09692
create-batch-K8-total[ms]	16	6144	0	1024	GENERIC	6.90119
create-batch-K8[ns]	16	6144	0	1024	CLMUL	2.84369
create-batch-K8-total[ms]	16	6144	0	1024	CLMUL	17.89096
create-batch-K1[ns]	16	6144	0	2048	GENERIC	3.01168
create-batch-K1-total[ms]	16	6144	0	2048	GENERIC	37.89566
create-batch-K1[ns]	16	6144	0	2048	CLMUL	7.64270
create-batch-K1-total[ms]	16	6144	0	2048	CLMUL	96.16737
create-batch-K2[ns]	16	6144	0	2048	GENERIC	1.58034
create-batch-K2-total[ms]	16	6144	0	2048	GENERIC	19.88530
create-batch-K2[ns]	16	6144	0	2048	CLMUL	4.05175
create-batch-K2-total[ms]	16	6144	0	2048	CLMUL	50.98278
create-batch-K4[ns]	16	6144	0	2048	GENERIC	1.16126
create-batch-K4-total[ms]	16	6144	0	2048	GENERIC	14.61204
create-batch-K4[ns]	16	6144	0	2048	CLMUL	3.22267
create-batch-K4-total[ms]	16	6144	0	2048	CLMUL	40.55056
create-batch-K8[ns]	16	6144	0	2048	GENERIC	1.09704
create-batch-K8-total[ms]	16	6144	0	2048	GENERIC	13.80400
create-batch-K8[ns]	16	6144	0	2048	CLMUL	2.84226
create-batch-K8-total[ms]	16	6144	0	2048	CLMUL	35.76392
create-batch-K1[ns]	16	6144	0	4096	GENERIC	3.01167
create-batch-K1-total[ms]	16	6144	0	4096	GENERIC	75.79115
create-batch-K1[ns]	16	6144	0	4096	CLMUL	7.64287
create-batch-K1-total[ms]	16	6144	0	4096	CLMUL	192.33916
create-batch-K2[ns]	16	6144	0	4096	GENERIC	1.58047
create-batch-K2-total[ms]	16	6144	0	4096	GENERIC	39.77386
create-batch-K2[ns]	16	6144	0	4096	CLMUL	4.05265
create-batch-K2-total[ms]	16	6144	0	4096	CLMUL	101.98818
create-batch-K4[ns]	16	6144	0	4096	GENERIC	1.16134
create-batch-K4-total[ms]	16	6144	0	4096	GENERIC	29.22600
create-batch-K4[ns]	16	6144	0	4096	CLMUL	3.22901
create-batch-K4-total[ms]	16	6144	0	4096	CLMUL	81.26070
create-batch-K8[ns]	16	6144	0	4096	GENERIC	1.09709
create-batch-K8-total[ms]	16	6144	0	4096	GENERIC	27.60923
create-batch-K8[ns]	16	6144	0	4096	CLMUL	2.84382
create-batch-K8-total[ms]	16	6144	0	4096	CLMUL	71.56699
create-batch-K1[ns]	16	6144	0	8192	GENERIC	3.01166
create-batch-K1-total[ms]	16	6144	0	8192	GENERIC	151.58157
create-batch-K1[ns]	16	6144	0	8192	CLMUL	7.64294
create-batch-K1-total[ms]	16	6144	0	8192	CLMUL	384.68195
create-batch-K2[ns]	16	6144	0	8192	GENERIC	1.58039
create-batch-K2-total[ms]	16	6144	0	8192	GENERIC	79.54384
create-batch-K2[ns]	16	6144	0	8192	CLMUL	4.05268
create-batch-K2-total[ms]	16	6144	0	8192	CLMUL	203.97785
create-batch-K4[ns]	16	6144	0	8192	GENERIC	1.16133
create-batch-K4-total[ms]	16	6144	0	8192	GENERIC	58.45179
create-batch-K4[ns]	16	6144	0	8192	CLMUL	3.22846
create-batch-K4-total[ms]	16	6144	0	8192	CLMUL	162.49372
create-batch-K8[ns]	16	6144	0	8192	GENERIC	1.09711
create-batch-K8-total[ms]	16	6144	0	8192	GENERIC	55.21926
create-batch-K8[ns]	16	6144	0	8192	CLMUL	2.85395
create-batch-K8-total[ms]	16	6144	0	8192	CLMUL	143.64413
create-batch-K1[ns]	16	7168	0	16	GENERIC	3.00853
create-batch-K1-total[ms]	16	7168	0	16	GENERIC	0.34504
create-batch-K1[ns]	16	7168	0	16	CLMUL	7.63956
create-batch-K1-total[ms]	16	7168	0	16	CLMUL	0.87617
create-batch-K2[ns]	16	7168	0	16	GENERIC	1.57913
create-batch-K2-total[ms]	16	7168	0	16	GENERIC	0.18111
create-batch-K2[ns]	16	7168	0	16	CLMUL	4.05086
create-batch-K2-total[ms]	16	7168	0	16	CLMUL	0.46459
create-batch-K4[ns]	16	7168	0	16	GENERIC	1.16074
create-batch-K4-total[ms]	16	7168	0	16	GENERIC	0.13312
create-batch-K4[ns]	16	7168	0	16	CLMUL	3.08460
create-batch-K4-total[ms]	16	7168	0	16	CLMUL	0.35377
create-batch-K8[ns]	16	7168	0	16	GENERIC	1.09630
create-batch-K8-total[ms]	16	7168	0	16	GENERIC	0.12573
create-batch-K8[ns]	16	7168	0	16	CLMUL	2.83439
create-batch-K8-total[ms]	16	7168	0	16	CLMUL	0.32507
create-batch-K1[ns]	16	7168	0	64	GENERIC	3.00901
create-batch-K1-total[ms]	16	7168	0	64	GENERIC	1.38039
create-batch-K1[ns]	16	7168	0	64	CLMUL	7.63977
create-batch-K1-total[ms]	16	7168	0	64	CLMUL	3.50476
create-batch-K2[ns]	16	7168	0	64	GENERIC	1.57863
create-batch-K2-total[ms]	16	7168	0	64	GENERIC	0.72420
create-batch-K2[ns]	16	7168	0	64	CLMUL	4.04697
create-batch-K2-total[ms]	16	7168	0	64	CLMUL	1.85655
create-batch-K4[ns]	16	7168	0	64	GENERIC	1.16035
create-batch-K4-total[ms]	16	7168	0	64	GENERIC	0.53231
create-batch-K4[ns]	16	7168	0	64	CLMUL	3.16850
create-batch-K4-total[ms]	16	7168	0	64	CLMUL	1.45356
create-batch-K8[ns]	16	7168	0	64	GENERIC	1.09610
create-batch-K8-total[ms]	16	7168	0	64	GENERIC	0.50284
create-batch-K8[ns]	16	7168	0	64	CLMUL	2.84594
create-batch-K8-total[ms]	16	7168	0	64	CLMUL	1.30558
create-batch-K1[ns]	16	7168	0	128	GENERIC	3.00949
create-batch-K1-total[ms]	16	7168	0	128	GENERIC	2.76122
create-batch-K1[ns]	16	7168	0	128	CLMUL	7.64169
create-batch-K1-total[ms]	16	7168	0	128	CLMUL	7.01128
create-batch-K2[ns]	16	7168	0	128	GENERIC	1.57868
create-batch-K2-total[ms]	16	7168	0	128	GENERIC	1.44844
create-batch-K2[ns]	16	7168	0	128	CLMUL	4.04739
create-batch-K2-total[ms]	16	7168	0	128	CLMUL	3.71350
create-batch-K4[ns]	16	7168	0	128	GENERIC	1.16029
create-batch-K4-total[ms]	16	7168	0	128	GENERIC	1.06457
create-batch-K4[ns]	16	7168	0	128	CLMUL	3.19170
create-batch-K4-total[ms]	16	7168	0	128	CLMUL	2.92840
create-batch-K8[ns]	16	7168	0	128	GENERIC	1.09605
create-batch-K8-total[ms]	16	7168	0	128	GENERIC	1.00563
create-batch-K8[ns]	16	7168	0	128	CLMUL	2.85079
create-batch-K8-total[ms]	16	7168	0	128	CLMUL	2.61561
create-batch-K1[ns]	16	7168	0	512	GENERIC	3.01057
create-batch-K1-total[ms]	16	7168	0	512	GENERIC	11.04886
create-batch-K1[ns]	16	7168	0	512	CLMUL	7.64308
create-batch-K1-total[ms]	16	7168	0	512	CLMUL	28.05021
create-batch-K2[ns]	16	7168	0	512	GENERIC	1.57925
create-batch-K2-total[ms]	16	7168	0	512	GENERIC	5.79589
create-batch-K2[ns]	16	7168	0	512	CLMUL	4.04716
create-batch-K2-total[ms]	16	7168	0	512	CLMUL	14.85316
create-batch-K4[ns]	16	7168	0	512	GENERIC	1.16073
create-batch-K4-total[ms]	16	7168	0	512	GENERIC	4.25989
create-batch-K4[ns]	16	7168	0	512	CLMUL	3.21916
create-batch-K4-total[ms]	16	7168	0	512	CLMUL	11.81437
create-batch-K8[ns]	16	7168	0	512	GENERIC	1.09650
create-batch-K8-total[ms]	16	7168	0	512	GENERIC	4.02419
create-batch-K8[ns]	16	7168	0	512	CLMUL	2.85192
create-batch-K8-total[ms]	16	7168	0	512	CLMUL	10.46659
create-batch-K1[ns]	16	7168	0	1024	GENERIC	3.01073
create-batch-K1-total[ms]	16	7168	0	1024	GENERIC	22.09889
create-batch-K1[ns]	16	7168	0	1024	CLMUL	7.64318
create-batch-K1-total[ms]	16	7168	0	1024	CLMUL	56.10119
create-batch-K2[ns]	16	7168	0	1024	GENERIC	1.57932
create-batch-K2-total[ms]	16	7168	0	1024	GENERIC	11.59227
create-batch-K2[ns]	16	7168	0	1024	CLMUL	4.05167
create-batch-K2-total[ms]	16	7168	0	1024	CLMUL	29.73942
create-batch-K4[ns]	16	7168	0	1024	GENERIC	1.16070
create-batch-K4-total[ms]	16	7168	0	1024	GENERIC	8.51961
create-batch-K4[ns]	16	7168	0	1024	CLMUL	3.21490
create-batch-K4-total[ms]	16	7168	0	1024	CLMUL	23.59745
create-batch-K8[ns]	16	7168	0	1024	GENERIC	1.09649
create-batch-K8-total[ms]	16	7168	0	1024	GENERIC	8.04826
create-batch-K8[ns]	16	7168	0	1024	CLMUL	2.85319
create-batch-K8-total[ms]	16	7168	0	1024	CLMUL	20.94250
create-batch-K1[ns]	16	7168	0	2048	GENERIC	3.01062
create-batch-K1-total[ms]	16	7168	0	2048	GENERIC	44.19604
create-batch-K1[ns]	16	7168	0	2048	CLMUL	7.64302
create-batch-K1-total[ms]	16	7168	0	2048	CLMUL	112.20000
create-batch-K2[ns]	16	7168	0	2048	GENERIC	1.57949
create-batch-K2-total[ms]	16	7168	0	2048	GENERIC	23.18695
create-batch-K2[ns]	16	7168	0	2048	CLMUL	4.05074
create-batch-K2-total[ms]	16	7168	0	2048	CLMUL	59.46515
create-batch-K4[ns]	16	7168	0	2048	GENERIC	1.16070
create-batch-K4-total[ms]	16	7168	0	2048	GENERIC	17.03917
create-batch-K4[ns]	16	7168	0	2048	CLMUL	3.22135
create-batch-K4-total[ms]	16	7168	0	2048	CLMUL	47.28966
create-batch-K8[ns]	16	7168	0	2048	GENERIC	1.09648
create-batch-K8-total[ms]	16	7168	0	2048	GENERIC	16.09636
create-batch-K8[ns]	16	7168	0	2048	CLMUL	2.85495
create-batch-K8-total[ms]	16	7168	0	2048	CLMUL	41.91092
create-batch-K1[ns]	16	7168	0	4096	GENERIC	3.01064
create-batch-K1-total[ms]	16	7168	0	4096	GENERIC	88.39289
create-batch-K1[ns]	16	7168	0	4096	CLMUL	7.64332
create-batch-K1-total[ms]	16	7168	0	4096	CLMUL	224.40890
create-batch-K2[ns]	16	7168	0	4096	GENERIC	1.57939
create-batch-K2-total[ms]	16	7168	0	4096	GENERIC	46.37116
create-batch-K2[ns]	16	7168	0	4096	CLMUL	4.05185
create-batch-K2-total[ms]	16	7168	0	4096	CLMUL	118.96289
create-batch-K4[ns]	16	7168	0	4096	GENERIC	1.16070
create-batch-K4-total[ms]	16	7168	0	4096	GENERIC	34.07842
create-batch-K4[ns]	16	7168	0	4096	CLMUL	3.22809
create-batch-K4-total[ms]	16	7168	0	4096	CLMUL	94.77725
create-batch-K8[ns]	16	7168	0	4096	GENERIC	1.09647
create-batch-K8-total[ms]	16	7168	0	4096	GENERIC	32.19253
create-batch-K8[ns]	16	7168	0	4096	CLMUL	2.85496
create-batch-K8-total[ms]	16	7168	0	4096	CLMUL	83.82196
create-batch-K1[ns]	16	7168	0	8192	GENERIC	3.01120
create-batch-K1-total[ms]	16	7168	0	8192	GENERIC	176.81857
create-batch-K1[ns]	16	7168	0	8192	CLMUL	7.64342
create-batch-K1-total[ms]	16	7168	0	8192	CLMUL	448.82380
create-batch-K2[ns]	16	7168	0	8192	GENERIC	1.57943
create-batch-K2-total[ms]	16	7168	0	8192	GENERIC	92.74438
create-batch-K2[ns]	16	7168	0	8192	CLMUL	4.05089
create-batch-K2-total[ms]	16	7168	0	8192	CLMUL	237.86916
create-batch-K4[ns]	16	7168	0	8192	GENERIC	1.16075
create-batch-K4-total[ms]	16	7168	0	8192	GENERIC	68.15929
create-batch-K4[ns]	16	7168	0	8192	CLMUL	3.22748
create-batch-K4-total[ms]	16	7168	0	8192	CLMUL	189.51864
create-batch-K8[ns]	16	7168	0	8192	GENERIC	1.09649
create-batch-K8-total[ms]	16	7168	0	8192	GENERIC	64.38602
create-batch-K8[ns]	16	7168	0	8192	CLMUL	2.85467
create-batch-K8-total[ms]	16	7168	0	8192	CLMUL	167.62717
create-batch-K1[ns]	16	8192	0	16	GENERIC	3.00897
create-batch-K1-total[ms]	16	8192	0	16	GENERIC	0.39439
create-batch-K1[ns]	16	8192	0	16	CLMUL	7.63923
create-batch-K1-total[ms]	16	8192	0	16	CLMUL	1.00129
create-batch-K2[ns]	16	8192	0	16	GENERIC	1.57846
create-batch-K2-total[ms]	16	8192	0	16	GENERIC	0.20689
create-batch-K2[ns]	16	8192	0	16	CLMUL	4.04231
create-batch-K2-total[ms]	16	8192	0	16	CLMUL	0.52983
create-batch-K4[ns]	16	8192	0	16	GENERIC	1.16021
create-batch-K4-total[ms]	16	8192	0	16	GENERIC	0.15207
create-batch-K4[ns]	16	8192	0	16	CLMUL	3.08455
create-batch-K4-total[ms]	16	8192	0	16	CLMUL	0.40430
create-batch-K8[ns]	16	8192	0	16	GENERIC	1.09583
create-batch-K8-total[ms]	16	8192	0	16	GENERIC	0.14363
create-batch-K8[ns]	16	8192	0	16	CLMUL	2.82579
create-batch-K8-total[ms]	16	8192	0	16	CLMUL	0.37038
create-batch-K1[ns]	16	8192	0	64	GENERIC	3.00939
create-batch-K1-total[ms]	16	8192	0	64	GENERIC	1.57779
create-batch-K1[ns]	16	8192	0	64	CLMUL	7.64282
create-batch-K1-total[ms]	16	8192	0	64	CLMUL	4.00704
create-batch-K2[ns]	16	8192	0	64	GENERIC	1.57831
create-batch-K2-total[ms]	16	8192	0	64	GENERIC	0.82749
create-batch-K2[ns]	16	8192	0	64	CLMUL	4.04494
create-batch-K2-total[ms]	16	8192	0	64	CLMUL	2.12072
create-batch-K4[ns]	16	8192	0	64	GENERIC	1.15989
create-batch-K4-total[ms]	16	8192	0	64	GENERIC	0.60812
create-batch-K4[ns]	16	8192	0	64	CLMUL	3.18487
create-batch-K4-total[ms]	16	8192	0	64	CLMUL	1.66979
create-batch-K8[ns]	16	8192	0	64	GENERIC	1.09564
create-batch-K8-total[ms]	16	8192	0	64	GENERIC	0.57443
create-batch-K8[ns]	16	8192	0	64	CLMUL	2.84793
create-batch-K8-total[ms]	16	8192	0	64	CLMUL	1.49314
create-batch-K1[ns]	16	8192	0	128	GENERIC	3.00966
create-batch-K1-total[ms]	16	8192	0	128	GENERIC	3.15586
create-batch-K1[ns]	16	8192	0	128	CLMUL	7.64274
create-batch-K1-total[ms]	16	8192	0	128	CLMUL	8.01399
create-batch-K2[ns]	16	8192	0	128	GENERIC	1.57852
create-batch-K2-total[ms]	16	8192	0	128	GENERIC	1.65520
create-batch-K2[ns]	16	8192	0	128	CLMUL	4.04788
create-batch-K2-total[ms]	16	8192	0	128	CLMUL	4.24451
create-batch-K4[ns]	16	8192	0	128	GENERIC	1.15983
create-batch-K4-total[ms]	16	8192	0	128	GENERIC	1.21617
create-batch-K4[ns]	16	8192	0	128	CLMUL	3.18565
create-batch-K4-total[ms]	16	8192	0	128	CLMUL	3.34039
create-batch-K8[ns]	16	8192	0	128	GENERIC	1.09558
create-batch-K8-total[ms]	16	8192	0	128	GENERIC	1.14880
create-batch-K8[ns]	16	8192	0	128	CLMUL	2.85514
create-batch-K8-total[ms]	16	8192	0	128	CLMUL	2.99383
create-batch-K1[ns]	16	8192	0	512	GENERIC	3.01071
create-batch-K1-total[ms]	16	8192	0	512	GENERIC	12.62784
create-batch-K1[ns]	16	8192	0	512	CLMUL	7.64329
create-batch-K1-total[ms]	16	8192	0	512	CLMUL	32.05827
create-batch-K2[ns]	16	8192	0	512	GENERIC	1.57902
create-batch-K2-total[ms]	16	8192	0	512	GENERIC	6.62288
create-batch-K2[ns]	16	8192	0	512	CLMUL	4.05046
create-batch-K2-total[ms]	16	8192	0	512	CLMUL	16.98887
create-batch-K4[ns]	16	8192	0	512	GENERIC	1.16021
create-batch-K4-total[ms]	16	8192	0	512	GENERIC	4.86628
create-batch-K4[ns]	16	8192	0	512	CLMUL	3.21761
create-batch-K4-total[ms]	16	8192	0	512	CLMUL	13.49562
create-batch-K8[ns]	16	8192	0	512	GENERIC	1.09599
create-batch-K8-total[ms]	16	8192	0	512	GENERIC	4.59691
create-batch-K8[ns]	16	8192	0	512	CLMUL	2.85472
create-batch-K8-total[ms]	16	8192	0	512	CLMUL	11.97357
create-batch-K1[ns]	16	8192	0	1024	GENERIC	3.01073
create-batch-K1-total[ms]	16	8192	0	1024	GENERIC	25.25586
create-batch-K1[ns]	16	8192	0	1024	CLMUL	7.64311
create-batch-K1-total[ms]	16	8192	0	1024	CLMUL	64.11509
create-batch-K2[ns]	16	8192	0	1024	GENERIC	1.57929
create-batch-K2-total[ms]	16	8192	0	1024	GENERIC	13.24805
create-batch-K2[ns]	16	8192	0	1024	CLMUL	4.05247
create-batch-K2-total[ms]	16	8192	0	1024	CLMUL	33.99454
create-batch-K4[ns]	16	8192	0	1024	GENERIC	1.16020
create-batch-K4-total[ms]	16	8192	0	1024	GENERIC	9.73249
create-batch-K4[ns]	16	8192	0	1024	CLMUL	3.21055
create-batch-K4-total[ms]	16	8192	0	1024	CLMUL	26.93204
create-batch-K8[ns]	16	8192	0	1024	GENERIC	1.09597
create-batch-K8-total[ms]	16	8192	0	1024	GENERIC	9.19369
create-batch-K8[ns]	16	8192	0	1024	CLMUL	2.85361
create-batch-K8-total[ms]	16	8192	0	1024	CLMUL	23.93782
create-batch-K1[ns]	16	8192	0	2048	GENERIC	3.01077
create-batch-K1-total[ms]	16	8192	0	2048	GENERIC	50.51233
create-batch-K1[ns]	16	8192	0	2048	CLMUL	7.64320
create-batch-K1-total[ms]	16	8192	0	2048	CLMUL	128.23161
create-batch-K2[ns]	16	8192	0	2048	GENERIC	1.57926
create-batch-K2-total[ms]	16	8192	0	2048	GENERIC	26.49558
create-batch-K2[ns]	16	8192	0	2048	CLMUL	4.05270
create-batch-K2-total[ms]	16	8192	0	2048	CLMUL	67.99305
create-batch-K4[ns]	16	8192	0	2048	GENERIC	1.16029
create-batch-K4-total[ms]	16	8192	0	2048	GENERIC	19.46642
create-batch-K4[ns]	16	8192	0	2048	CLMUL	3.22136
create-batch-K4-total[ms]	16	8192	0	2048	CLMUL	54.04550
create-batch-K8[ns]	16	8192	0	2048	GENERIC	1.09597
create-batch-K8-total[ms]	16	8192	0	2048	GENERIC	18.38731
create-batch-K8[ns]	16	8192	0	2048	CLMUL	2.85636
create-batch-K8-total[ms]	16	8192	0	2048	CLMUL	47.92178
create-batch-K1[ns]	16	8192	0	4096	GENERIC	3.01081
create-batch-K1-total[ms]	16	8192	0	4096	GENERIC	101.02611
create-batch-K1[ns]	16	8192	0	4096	CLMUL	7.64329
create-batch-K1-total[ms]	16	8192	0	4096	CLMUL	256.46635
create-batch-K2[ns]	16	8192	0	4096	GENERIC	1.57935
create-batch-K2-total[ms]	16	8192	0	4096	GENERIC	52.99403
create-batch-K2[ns]	16	8192	0	4096	CLMUL	4.05293
create-batch-K2-total[ms]	16	8192	0	4096	CLMUL	135.99391
create-batch-K4[ns]	16	8192	0	4096	GENERIC	1.16034
create-batch-K4-total[ms]	16	8192	0	4096	GENERIC	38.93455
create-batch-K4[ns]	16	8192	0	4096	CLMUL	3.22413
create-batch-K4-total[ms]	16	8192	0	4096	CLMUL	108.18397
create-batch-K8[ns]	16	8192	0	4096	GENERIC	1.09602
create-batch-K8-total[ms]	16	8192	0	4096	GENERIC	36.77628
create-batch-K8[ns]	16	8192	0	4096	CLMUL	2.85535
create-batch-K8-total[ms]	16	8192	0	4096	CLMUL	95.80969
create-batch-K1[ns]	16	8192	0	8192	GENERIC	3.01095
create-batch-K1-total[ms]	16	8192	0	8192	GENERIC	202.06168
create-batch-K1[ns]	16	8192	0	8192	CLMUL	7.64878
create-batch-K1-total[ms]	16	8192	0	8192	CLMUL	513.30109
create-batch-K2[ns]	16	8192	0	8192	GENERIC	1.57940
create-batch-K2-total[ms]	16	8192	0	8192	GENERIC	105.99189
create-batch-K2[ns]	16	8192	0	8192	CLMUL	4.05314
create-batch-K2-total[ms]	16	8192	0	8192	CLMUL	272.00182
create-batch-K4[ns]	16	8192	0	8192	GENERIC	1.16029
create-batch-K4-total[ms]	16	8192	0	8192	GENERIC	77.86556
create-batch-K4[ns]	16	8192	0	8192	CLMUL	3.22666
create-batch-K4-total[ms]	16	8192	0	8192	CLMUL	216.53720
create-batch-K8[ns]	16	8192	0	8192	GENERIC	1.09606
create-batch-K8-total[ms]	16	8192	0	8192	GENERIC	73.55514
create-batch-K8[ns]	16	8192	0	8192	CLMUL	2.85636
create-batch-K8-total[ms]	16	8192	0	8192	CLMUL	191.68719
create-batch-K1[ns]	29	128	0	16	GENERIC	4.94482
create-batch-K1-total[ms]	29	128	0	16	GENERIC	0.01013
create-batch-K1[ns]	29	128	0	16	CLMUL	8.47217
create-batch-K1-total[ms]	29	128	0	16	CLMUL	0.01735
create-batch-K1[ns]	29	128	0	16	CLMUL_TRI	5.16064
create-batch-K1-total[ms]	29	128	0	16	CLMUL_TRI	0.01057
create-batch-K2[ns]	29	128	0	16	GENERIC	2.92822
create-batch-K2-total[ms]	29	128	0	16	GENERIC	0.00600
create-batch-K2[ns]	29	128	0	16	CLMUL	4.59131
create-batch-K2-total[ms]	29	128	0	16	CLMUL	0.00940
create-batch-K2[ns]	29	128	0	16	CLMUL_TRI	2.36279
create-batch-K2-total[ms]	29	128	0	16	CLMUL_TRI	0.00484
create-batch-K4[ns]	29	128	0	16	GENERIC	2.40137
create-batch-K4-total[ms]	29	128	0	16	GENERIC	0.00492
create-batch-K4[ns]	29	128	0	16	CLMUL	3.16504
create-batch-K4-total[ms]	29	128	0	16	CLMUL	0.00648
create-batch-K4[ns]	29	128	0	16	CLMUL_TRI	2.00391
create-batch-K4-total[ms]	29	128	0	16	CLMUL_TRI	0.00410
create-batch-K8[ns]	29	128	0	16	GENERIC	2.36133
create-batch-K8-total[ms]	29	128	0	16	GENERIC	0.00484
create-batch-K8[ns]	29	128	0	16	CLMUL	2.48193
create-batch-K8-total[ms]	29	128	0	16	CLMUL	0.00508
create-batch-K8[ns]	29	128	0	16	CLMUL_TRI	1.93604
create-batch-K8-total[ms]	29	128	0	16	CLMUL_TRI	0.00396
create-batch-K1[ns]	29	128	0	64	GENERIC	4.28052
create-batch-K1-total[ms]	29	128	0	64	GENERIC	0.03507
create-batch-K1[ns]	29	128	0	64	CLMUL	7.37695
create-batch-K1-total[ms]	29	128	0	64	CLMUL	0.06043
create-batch-K1[ns]	29	128	0	64	CLMUL_TRI	4.49316
create-batch-K1-total[ms]	29	128	0	64	CLMUL_TRI	0.03681
create-batch-K2[ns]	29	128	0	64	GENERIC	2.54822
create-batch-K2-total[ms]	29	128	0	64	GENERIC	0.02087
create-batch-K2[ns]	29	128	0	64	CLMUL	4.01575
create-batch-K2-total[ms]	29	128	0	64	CLMUL	0.03290
create-batch-K2[ns]	29	128	0	64	CLMUL_TRI	2.33118
create-batch-K2-total[ms]	29	128	0	64	CLMUL_TRI	0.01910
create-batch-K4[ns]	29	128	0	64	GENERIC	2.38965
create-batch-K4-total[ms]	29	128	0	64	GENERIC	0.01958
create-batch-K4[ns]	29	128	0	64	CLMUL	3.22217
create-batch-K4-total[ms]	29	128	0	64	CLMUL	0.02640
create-batch-K4[ns]	29	128	0	64	CLMUL_TRI	2.00488
create-batch-K4-total[ms]	29	128	0	64	CLMUL_TRI	0.01642
create-batch-K8[ns]	29	128	0	64	GENERIC	2.35205
create-batch-K8-total[ms]	29	128	0	64	GENERIC	0.01927
create-batch-K8[ns]	29	128	0	64	CLMUL	2.43298
create-batch-K8-total[ms]	29	128	0	64	CLMUL	0.01993
create-batch-K8[ns]	29	128	0	64	CLMUL_TRI	1.94043
create-batch-K8-total[ms]	29	128	0	64	CLMUL_TRI	0.01590
create-batch-K1[ns]	29	128	0	128	GENERIC	4.23029
create-batch-K1-total[ms]	29	128	0	128	GENERIC	0.06931
create-batch-K1[ns]	29	128	0	128	CLMUL	7.37518
create-batch-K1-total[ms]	29	128	0	128	CLMUL	0.12083
create-batch-K1[ns]	29	128	0	128	CLMUL_TRI	4.49164
create-batch-K1-total[ms]	29	128	0	128	CLMUL_TRI	0.07359
create-batch-K2[ns]	29	128	0	128	GENERIC	2.54370
create-batch-K2-total[ms]	29	128	0	128	GENERIC	0.04168
create-batch-K2[ns]	29	128	0	128	CLMUL	4.03827
create-batch-K2-total[ms]	29	128	0	128	CLMUL	0.06616
create-batch-K2[ns]	29	128	0	128	CLMUL_TRI	2.32990
create-batch-K2-total[ms]	29	128	0	128	CLMUL_TRI	0.03817
create-batch-K4[ns]	29	128	0	128	GENERIC	2.38568
create-batch-K4-total[ms]	29	128	0	128	GENERIC	0.03909
create-batch-K4[ns]	29	128	0	128	CLMUL	3.24622
create-batch-K4-total[ms]	29	128	0	128	CLMUL	0.05319
create-batch-K4[ns]	29	128	0	128	CLMUL_TRI	2.00366
create-batch-K4-total[ms]	29	128	0	128	CLMUL_TRI	0.03283
create-batch-K8[ns]	29	128	0	128	GENERIC	2.34998
create-batch-K8-total[ms]	29	128	0	128	GENERIC	0.03850
create-batch-K8[ns]	29	128	0	128	CLMUL	2.41565
create-batch-K8-total[ms]	29	128	0	128	CLMUL	0.03958
create-batch-K8[ns]	29	128	0	128	CLMUL_TRI	1.94427
create-batch-K8-total[ms]	29	128	0	128	CLMUL_TRI	0.03186
create-batch-K1[ns]	29	128	0	512	GENERIC	4.30307
create-batch-K1-total[ms]	29	128	0	512	GENERIC	0.28201
create-batch-K1[ns]	29	128	0	512	CLMUL	7.37383
create-batch-K1-total[ms]	29	128	0	512	CLMUL	0.48325
create-batch-K1[ns]	29	128	0	512	CLMUL_TRI	4.49092
create-batch-K1-total[ms]	29	128	0	512	CLMUL_TRI	0.29432
create-batch-K2[ns]	29	128	0	512	GENERIC	2.54559
create-batch-K2-total[ms]	29	128	0	512	GENERIC	0.16683
create-batch-K2[ns]	29	128	0	512	CLMUL	4.02980
create-batch-K2-total[ms]	29	128	0	512	CLMUL	0.26410
create-batch-K2[ns]	29	128	0	512	CLMUL_TRI	2.32892
create-batch-K2-total[ms]	29	128	0	512	CLMUL_TRI	0.15263
create-batch-K4[ns]	29	128	0	512	GENERIC	2.38405
create-batch-K4-total[ms]	29	128	0	512	GENERIC	0.15624
create-batch-K4[ns]	29	128	0	512	CLMUL	3.24776
create-batch-K4-total[ms]	29	128	0	512	CLMUL	0.21285
create-batch-K4[ns]	29	128	0	512	CLMUL_TRI	2.00882
create-batch-K4-total[ms]	29	128	0	512	CLMUL_TRI	0.13165
create-batch-K8[ns]	29	128	0	512	GENERIC	2.34839
create-batch-K8-total[ms]	29	128	0	512	GENERIC	0.15390
create-batch-K8[ns]	29	128	0	512	CLMUL	2.46895
create-batch-K8-total[ms]	29	128	0	512	CLMUL	0.16181
create-batch-K8[ns]	29	128	0	512	CLMUL_TRI	1.94017
create-batch-K8-total[ms]	29	128	0	512	CLMUL_TRI	0.12715
create-batch-K1[ns]	29	128	0	1024	GENERIC	4.30099
create-batch-K1-total[ms]	29	128	0	1024	GENERIC	0.56374
create-batch-K1[ns]	29	128	0	1024	CLMUL	7.37373
create-batch-K1-total[ms]	29	128	0	1024	CLMUL	0.96649
create-batch-K1[ns]	29	128	0	1024	CLMUL_TRI	4.49074
create-batch-K1-total[ms]	29	128	0	1024	CLMUL_TRI	0.58861
create-batch-K2[ns]	29	128	0	1024	GENERIC	2.54496
create-batch-K2-total[ms]	29	128	0	1024	GENERIC	0.33357
create-batch-K2[ns]	29	128	0	1024	CLMUL	4.03950
create-batch-K2-total[ms]	29	128	0	1024	CLMUL	0.52946
create-batch-K2[ns]	29	128	0	1024	CLMUL_TRI	2.32877
create-batch-K2-total[ms]	29	128	0	1024	CLMUL_TRI	0.30524
create-batch-K4[ns]	29	128	0	1024	GENERIC	2.38379
create-batch-K4-total[ms]	29	128	0	1024	GENERIC	0.31245
create-batch-K4[ns]	29	128	0	1024	CLMUL	3.26159
create-batch-K4-total[ms]	29	128	0	1024	CLMUL	0.42750
create-batch-K4[ns]	29	128	0	1024	CLMUL_TRI	2.00844
create-batch-K4-total[ms]	29	128	0	1024	CLMUL_TRI	0.26325
create-batch-K8[ns]	29	128	0	1024	GENERIC	2.34797
create-batch-K8-total[ms]	29	128	0	1024	GENERIC	0.30775
create-batch-K8[ns]	29	128	0	1024	CLMUL	2.43958
create-batch-K8-total[ms]	29	128	0	1024	CLMUL	0.31976
create-batch-K8[ns]	29	128	0	1024	CLMUL_TRI	1.94206
create-batch-K8-total[ms]	29	128	0	1024	CLMUL_TRI	0.25455
create-batch-K1[ns]	29	128	0	2048	GENERIC	4.27473
create-batch-K1-total[ms]	29	128	0	2048	GENERIC	1.12060
create-batch-K1[ns]	29	128	0	2048	CLMUL	7.37391
create-batch-K1-total[ms]	29	128	0	2048	CLMUL	1.93303
create-batch-K1[ns]	29	128	0	2048	CLMUL_TRI	4.49077
create-batch-K1-total[ms]	29	128	0	2048	CLMUL_TRI	1.17723
create-batch-K2[ns]	29	128	0	2048	GENERIC	2.54543
create-batch-K2-total[ms]	29	128	0	2048	GENERIC	0.66727
create-batch-K2[ns]	29	128	0	2048	CLMUL	4.04082
create-batch-K2-total[ms]	29	128	0	2048	CLMUL	1.05928
create-batch-K2[ns]	29	128	0	2048	CLMUL_TRI	2.32866
create-batch-K2-total[ms]	29	128	0	2048	CLMUL_TRI	0.61045
create-batch-K4[ns]	29	128	0	2048	GENERIC	2.38397
create-batch-K4-total[ms]	29	128	0	2048	GENERIC	0.62494
create-batch-K4[ns]	29	128	0	2048	CLMUL	3.25773
create-batch-K4-total[ms]	29	128	0	2048	CLMUL	0.85399
create-batch-K4[ns]	29	128	0	2048	CLMUL_TRI	2.00936
create-batch-K4-total[ms]	29	128	0	2048	CLMUL_TRI	0.52674
create-batch-K8[ns]	29	128	0	2048	GENERIC	2.34850
create-batch-K8-total[ms]	29	128	0	2048	GENERIC	0.61564
create-batch-K8[ns]	29	128	0	2048	CLMUL	2.45383
create-batch-K8-total[ms]	29	128	0	2048	CLMUL	0.64326
create-batch-K8[ns]	29	128	0	2048	CLMUL_TRI	1.94115
create-batch-K8-total[ms]	29	128	0	2048	CLMUL_TRI	0.50886
create-batch-K1[ns]	29	128	0	4096	GENERIC	4.25661
create-batch-K1-total[ms]	29	128	0	4096	GENERIC	2.23169
create-batch-K1[ns]	29	128	0	4096	CLMUL	7.37786
create-batch-K1-total[ms]	29	128	0	4096	CLMUL	3.86812
create-batch-K1[ns]	29	128	0	4096	CLMUL_TRI	4.49158
create-batch-K1-total[ms]	29	128	0	4096	CLMUL_TRI	2.35488
create-batch-K2[ns]	29	128	0	4096	GENERIC	2.54866
create-batch-K2-total[ms]	29	128	0	4096	GENERIC	1.33623
create-batch-K2[ns]	29	128	0	4096	CLMUL	4.03736
create-batch-K2-total[ms]	29	128	0	4096	CLMUL	2.11674
create-batch-K2[ns]	29	128	0	4096	CLMUL_TRI	2.35065
create-batch-K2-total[ms]	29	128	0	4096	CLMUL_TRI	1.23242
create-batch-K4[ns]	29	128	0	4096	GENERIC	2.38482
create-batch-K4-total[ms]	29	128	0	4096	GENERIC	1.25033
create-batch-K4[ns]	29	128	0	4096	CLMUL	3.25281
create-batch-K4-total[ms]	29	128	0	4096	CLMUL	1.70541
create-batch-K4[ns]	29	128	0	4096	CLMUL_TRI	2.00626
create-batch-K4-total[ms]	29	128	0	4096	CLMUL_TRI	1.05186
create-batch-K8[ns]	29	128	0	4096	GENERIC	2.34874
create-batch-K8-total[ms]	29	128	0	4096	GENERIC	1.23142
create-batch-K8[ns]	29	128	0	4096	CLMUL	2.52385
create-batch-K8-total[ms]	29	128	0	4096	CLMUL	1.32322
create-batch-K8[ns]	29	128	0	4096	CLMUL_TRI	1.94096
create-batch-K8-total[ms]	29	128	0	4096	CLMUL_TRI	1.01762
create-batch-K1[ns]	29	128	0	8192	GENERIC	4.23195
create-batch-K1-total[ms]	29	128	0	8192	GENERIC	4.43752
create-batch-K1[ns]	29	128	0	8192	CLMUL	7.37778
create-batch-K1-total[ms]	29	128	0	8192	CLMUL	7.73616
create-batch-K1[ns]	29	128	0	8192	CLMUL_TRI	4.49339
create-batch-K1-total[ms]	29	128	0	8192	CLMUL_TRI	4.71166
create-batch-K2[ns]	29	128	0	8192	GENERIC	2.54969
create-batch-K2-total[ms]	29	128	0	8192	GENERIC	2.67354
create-batch-K2[ns]	29	128	0	8192	CLMUL	4.04351
create-batch-K2-total[ms]	29	128	0	8192	CLMUL	4.23992
create-batch-K2[ns]	29	128	0	8192	CLMUL_TRI	2.35644
create-batch-K2-total[ms]	29	128	0	8192	CLMUL_TRI	2.47090
create-batch-K4[ns]	29	128	0	8192	GENERIC	2.38610
create-batch-K4-total[ms]	29	128	0	8192	GENERIC	2.50201
create-batch-K4[ns]	29	128	0	8192	CLMUL	3.25513
create-batch-K4-total[ms]	29	128	0	8192	CLMUL	3.41325
create-batch-K4[ns]	29	128	0	8192	CLMUL_TRI	2.00640
create-batch-K4-total[ms]	29	128	0	8192	CLMUL_TRI	2.10387
create-batch-K8[ns]	29	128	0	8192	GENERIC	2.34910
create-batch-K8-total[ms]	29	128	0	8192	GENERIC	2.46321
create-batch-K8[ns]	29	128	0	8192	CLMUL	2.53578
create-batch-K8-total[ms]	29	128	0	8192	CLMUL	2.65896
create-batch-K8[ns]	29	128	0	8192	CLMUL_TRI	1.94059
create-batch-K8-total[ms]	29	128	0	8192	CLMUL_TRI	2.03486
create-batch-K1[ns]	29	256	0	16	GENERIC	4.10693
create-batch-K1-total[ms]	29	256	0	16	GENERIC	0.01682
create-batch-K1[ns]	29	256	0	16	CLMUL	7.41968
create-batch-K1-total[ms]	29	256	0	16	CLMUL	0.03039
create-batch-K1[ns]	29	256	0	16	CLMUL_TRI	4.49805
create-batch-K1-total[ms]	29	256	0	16	CLMUL_TRI	0.01842
create-batch-K2[ns]	29	256	0	16	GENERIC	2.40186
create-batch-K2-total[ms]	29	256	0	16	GENERIC	0.00984
create-batch-K2[ns]	29	256	0	16	CLMUL	3.97607
create-batch-K2-total[ms]	29	256	0	16	CLMUL	0.01629
create-batch-K2[ns]	29	256	0	16	CLMUL_TRI	2.32666
create-batch-K2-total[ms]	29	256	0	16	CLMUL_TRI	0.00953
create-batch-K4[ns]	29	256	0	16	GENERIC	2.25806
create-batch-K4-total[ms]	29	256	0	16	GENERIC	0.00925
create-batch-K4[ns]	29	256	0	16	CLMUL	3.09448
create-batch-K4-total[ms]	29	256	0	16	CLMUL	0.01268
create-batch-K4[ns]	29	256	0	16	CLMUL_TRI	1.98169
create-batch-K4-total[ms]	29	256	0	16	CLMUL_TRI	0.00812
create-batch-K8[ns]	29	256	0	16	GENERIC	2.22754
create-batch-K8-total[ms]	29	256	0	16	GENERIC	0.00912
create-batch-K8[ns]	29	256	0	16	CLMUL	2.42188
create-batch-K8-total[ms]	29	256	0	16	CLMUL	0.00992
create-batch-K8[ns]	29	256	0	16	CLMUL_TRI	1.92505
create-batch-K8-total[ms]	29	256	0	16	CLMUL_TRI	0.00788
create-batch-K1[ns]	29	256	0	64	GENERIC	4.15619
create-batch-K1-total[ms]	29	256	0	64	GENERIC	0.06810
create-batch-K1[ns]	29	256	0	64	CLMUL	7.41473
create-batch-K1-total[ms]	29	256	0	64	CLMUL	0.12148
create-batch-K1[ns]	29	256	0	64	CLMUL_TRI	4.49548
create-batch-K1-total[ms]	29	256	0	64	CLMUL_TRI	0.07365
create-batch-K2[ns]	29	256	0	64	GENERIC	2.40314
create-batch-K2-total[ms]	29	256	0	64	GENERIC	0.03937
create-batch-K2[ns]	29	256	0	64	CLMUL	4.02496
create-batch-K2-total[ms]	29	256	0	64	CLMUL	0.06595
create-batch-K2[ns]	29	256	0	64	CLMUL_TRI	2.32251
create-batch-K2-total[ms]	29	256	0	64	CLMUL_TRI	0.03805
create-batch-K4[ns]	29	256	0	64	GENERIC	2.25439
create-batch-K4-total[ms]	29	256	0	64	GENERIC	0.03694
create-batch-K4[ns]	29	256	0	64	CLMUL	3.18671
create-batch-K4-total[ms]	29	256	0	64	CLMUL	0.05221
create-batch-K4[ns]	29	256	0	64	CLMUL_TRI	1.98718
create-batch-K4-total[ms]	29	256	0	64	CLMUL_TRI	0.03256
create-batch-K8[ns]	29	256	0	64	GENERIC	2.22040
create-batch-K8-total[ms]	29	256	0	64	GENERIC	0.03638
create-batch-K8[ns]	29	256	0	64	CLMUL	2.41705
create-batch-K8-total[ms]	29	256	0	64	CLMUL	0.03960
create-batch-K8[ns]	29	256	0	64	CLMUL_TRI	1.93066
create-batch-K8-total[ms]	29	256	0	64	CLMUL_TRI	0.03163
create-batch-K1[ns]	29	256	0	128	GENERIC	4.15472
create-batch-K1-total[ms]	29	256	0	128	GENERIC	0.13614
create-batch-K1[ns]	29	256	0	128	CLMUL	7.41376
create-batch-K1-total[ms]	29	256	0	128	CLMUL	0.24293
create-batch-K1[ns]	29	256	0	128	CLMUL_TRI	4.49457
create-batch-K1-total[ms]	29	256	0	128	CLMUL_TRI	0.14728
create-batch-K2[ns]	29	256	0	128	GENERIC	2.40332
create-batch-K2-total[ms]	29	256	0	128	GENERIC	0.07875
create-batch-K2[ns]	29	256	0	128	CLMUL	4.03247
create-batch-K2-total[ms]	29	256	0	128	CLMUL	0.13214
create-batch-K2[ns]	29	256	0	128	CLMUL_TRI	2.32159
create-batch-K2-total[ms]	29	256	0	128	CLMUL_TRI	0.07607
create-batch-K4[ns]	29	256	0	128	GENERIC	2.25394
create-batch-K4-total[ms]	29	256	0	128	GENERIC	0.07386
create-batch-K4[ns]	29	256	0	128	CLMUL	3.21902
create-batch-K4-total[ms]	29	256	0	128	CLMUL	0.10548
create-batch-K4[ns]	29	256	0	128	CLMUL_TRI	2.00156
create-batch-K4-total[ms]	29	256	0	128	CLMUL_TRI	0.06559
create-batch-K8[ns]	29	256	0	128	GENERIC	2.21860
create-batch-K8-total[ms]	29	256	0	128	GENERIC	0.07270
create-batch-K8[ns]	29	256	0	128	CLMUL	2.44937
create-batch-K8-total[ms]	29	256	0	128	CLMUL	0.08026
create-batch-K8[ns]	29	256	0	128	CLMUL_TRI	1.93478
create-batch-K8-total[ms]	29	256	0	128	CLMUL_TRI	0.06340
create-batch-K1[ns]	29	256	0	512	GENERIC	4.09631
create-batch-K1-total[ms]	29	256	0	512	GENERIC	0.53691
create-batch-K1[ns]	29	256	0	512	CLMUL	7.41327
create-batch-K1-total[ms]	29	256	0	512	CLMUL	0.97167
create-batch-K1[ns]	29	256	0	512	CLMUL_TRI	4.49422
create-batch-K1-total[ms]	29	256	0	512	CLMUL_TRI	0.58907
create-batch-K2[ns]	29	256	0	512	GENERIC	2.40192
create-batch-K2-total[ms]	29	256	0	512	GENERIC	0.31483
create-batch-K2[ns]	29	256	0	512	CLMUL	4.02312
create-batch-K2-total[ms]	29	256	0	512	CLMUL	0.52732
create-batch-K2[ns]	29	256	0	512	CLMUL_TRI	2.32106
create-batch-K2-total[ms]	29	256	0	512	CLMUL_TRI	0.30423
create-batch-K4[ns]	29	256	0	512	GENERIC	2.25226
create-batch-K4-total[ms]	29	256	0	512	GENERIC	0.29521
create-batch-K4[ns]	29	256	0	512	CLMUL	3.23716
create-batch-K4-total[ms]	29	256	0	512	CLMUL	0.42430
create-batch-K4[ns]	29	256	0	512	CLMUL_TRI	1.99931
create-batch-K4-total[ms]	29	256	0	512	CLMUL_TRI	0.26205
create-batch-K8[ns]	29	256	0	512	GENERIC	2.21832
create-batch-K8-total[ms]	29	256	0	512	GENERIC	0.29076
create-batch-K8[ns]	29	256	0	512	CLMUL	2.46677
create-batch-K8-total[ms]	29	256	0	512	CLMUL	0.32333
create-batch-K8[ns]	29	256	0	512	CLMUL_TRI	1.93173
create-batch-K8-total[ms]	29	256	0	512	CLMUL_TRI	0.25320
create-batch-K1[ns]	29	256	0	1024	GENERIC	4.12268
create-batch-K1-total[ms]	29	256	0	1024	GENERIC	1.08074
create-batch-K1[ns]	29	256	0	1024	CLMUL	7.41311
create-batch-K1-total[ms]	29	256	0	1024	CLMUL	1.94330
create-batch-K1[ns]	29	256	0	1024	CLMUL_TRI	4.49414
create-batch-K1-total[ms]	29	256	0	1024	CLMUL_TRI	1.17811
create-batch-K2[ns]	29	256	0	1024	GENERIC	2.40194
create-batch-K2-total[ms]	29	256	0	1024	GENERIC	0.62965
create-batch-K2[ns]	29	256	0	1024	CLMUL	4.02954
create-batch-K2-total[ms]	29	256	0	1024	CLMUL	1.05632
create-batch-K2[ns]	29	256	0	1024	CLMUL_TRI	2.32395
create-batch-K2-total[ms]	29	256	0	1024	CLMUL_TRI	0.60921
create-batch-K4[ns]	29	256	0	1024	GENERIC	2.25210
create-batch-K4-total[ms]	29	256	0	1024	GENERIC	0.59037
create-batch-K4[ns]	29	256	0	1024	CLMUL	3.25146
create-batch-K4-total[ms]	29	256	0	1024	CLMUL	0.85235
create-batch-K4[ns]	29	256	0	1024	CLMUL_TRI	1.99946
create-batch-K4-total[ms]	29	256	0	1024	CLMUL_TRI	0.52415
create-batch-K8[ns]	29	256	0	1024	GENERIC	2.21824
create-batch-K8-total[ms]	29	256	0	1024	GENERIC	0.58150
create-batch-K8[ns]	29	256	0	1024	CLMUL	2.48066
create-batch-K8-total[ms]	29	256	0	1024	CLMUL	0.65029
create-batch-K8[ns]	29	256	0	1024	CLMUL_TRI	1.93399
create-batch-K8-total[ms]	29	256	0	1024	CLMUL_TRI	0.50698
create-batch-K1[ns]	29	256	0	2048	GENERIC	4.09661
create-batch-K1-total[ms]	29	256	0	2048	GENERIC	2.14780
create-batch-K1[ns]	29	256	0	2048	CLMUL	7.41652
create-batch-K1-total[ms]	29	256	0	2048	CLMUL	3.88839
create-batch-K1[ns]	29	256	0	2048	CLMUL_TRI	4.49438
create-batch-K1-total[ms]	29	256	0	2048	CLMUL_TRI	2.35635
create-batch-K2[ns]	29	256	0	2048	GENERIC	2.40249
create-batch-K2-total[ms]	29	256	0	2048	GENERIC	1.25960
create-batch-K2[ns]	29	256	0	2048	CLMUL	4.03653
create-batch-K2-total[ms]	29	256	0	2048	CLMUL	2.11630
create-batch-K2[ns]	29	256	0	2048	CLMUL_TRI	2.32335
create-batch-K2-total[ms]	29	256	0	2048	CLMUL_TRI	1.21810
create-batch-K4[ns]	29	256	0	2048	GENERIC	2.25215
create-batch-K4-total[ms]	29	256	0	2048	GENERIC	1.18077
create-batch-K4[ns]	29	256	0	2048	CLMUL	3.24900
create-batch-K4-total[ms]	29	256	0	2048	CLMUL	1.70341
create-batch-K4[ns]	29	256	0	2048	CLMUL_TRI	1.99935
create-batch-K4-total[ms]	29	256	0	2048	CLMUL_TRI	1.04824
create-batch-K8[ns]	29	256	0	2048	GENERIC	2.21822
create-batch-K8-total[ms]	29	256	0	2048	GENERIC	1.16298
create-batch-K8[ns]	29	256	0	2048	CLMUL	2.49245
create-batch-K8-total[ms]	29	256	0	2048	CLMUL	1.30676
create-batch-K8[ns]	29	256	0	2048	CLMUL_TRI	1.93336
create-batch-K8-total[ms]	29	256	0	2048	CLMUL_TRI	1.01364
create-batch-K1[ns]	29	256	0	4096	GENERIC	4.10392
create-batch-K1-total[ms]	29	256	0	4096	GENERIC	4.30327
create-batch-K1[ns]	29	256	0	4096	CLMUL	7.41650
create-batch-K1-total[ms]	29	256	0	4096	CLMUL	7.77676
create-batch-K1[ns]	29	256	0	4096	CLMUL_TRI	4.49628
create-batch-K1-total[ms]	29	256	0	4096	CLMUL_TRI	4.71469
create-batch-K2[ns]	29	256	0	4096	GENERIC	2.40548
create-batch-K2-total[ms]	29	256	0	4096	GENERIC	2.52233
create-batch-K2[ns]	29	256	0	4096	CLMUL	4.03872
create-batch-K2-total[ms]	29	256	0	4096	CLMUL	4.23490
create-batch-K2[ns]	29	256	0	4096	CLMUL_TRI	2.33151
create-batch-K2-total[ms]	29	256	0	4096	CLMUL_TRI	2.44476
create-batch-K4[ns]	29	256	0	4096	GENERIC	2.25246
create-batch-K4-total[ms]	29	256	0	4096	GENERIC	2.36187
create-batch-K4[ns]	29	256	0	4096	CLMUL	3.25112
create-batch-K4-total[ms]	29	256	0	4096	CLMUL	3.40905
create-batch-K4[ns]	29	256	0	4096	CLMUL_TRI	1.99857
create-batch-K4-total[ms]	29	256	0	4096	CLMUL_TRI	2.09565
create-batch-K8[ns]	29	256	0	4096	GENERIC	2.21838
create-batch-K8-total[ms]	29	256	0	4096	GENERIC	2.32614
create-batch-K8[ns]	29	256	0	4096	CLMUL	2.50852
create-batch-K8-total[ms]	29	256	0	4096	CLMUL	2.63037
create-batch-K8[ns]	29	256	0	4096	CLMUL_TRI	1.93447
create-batch-K8-total[ms]	29	256	0	4096	CLMUL_TRI	2.02844
create-batch-K1[ns]	29	256	0	8192	GENERIC	4.09829
create-batch-K1-total[ms]	29	256	0	8192	GENERIC	8.59475
create-batch-K1[ns]	29	256	0	8192	CLMUL	7.41698
create-batch-K1-total[ms]	29	256	0	8192	CLMUL	15.55453
create-batch-K1[ns]	29	256	0	8192	CLMUL_TRI	4.49635
create-batch-K1-total[ms]	29	256	0	8192	CLMUL_TRI	9.42954
create-batch-K2[ns]	29	256	0	8192	GENERIC	2.41013
create-batch-K2-total[ms]	29	256	0	8192	GENERIC	5.05442
create-batch-K2[ns]	29	256	0	8192	CLMUL	4.05705
create-batch-K2-total[ms]	29	256	0	8192	CLMUL	8.50826
create-batch-K2[ns]	29	256	0	8192	CLMUL_TRI	2.34992
create-batch-K2-total[ms]	29	256	0	8192	CLMUL_TRI	4.92815
create-batch-K4[ns]	29	256	0	8192	GENERIC	2.25319
create-batch-K4-total[ms]	29	256	0	8192	GENERIC	4.72527
create-batch-K4[ns]	29	256	0	8192	CLMUL	3.25157
create-batch-K4-total[ms]	29	256	0	8192	CLMUL	6.81903
create-batch-K4[ns]	29	256	0	8192	CLMUL_TRI	1.99910
create-batch-K4-total[ms]	29	256	0	8192	CLMUL_TRI	4.19242
create-batch-K8[ns]	29	256	0	8192	GENERIC	2.21929
create-batch-K8-total[ms]	29	256	0	8192	GENERIC	4.65418
create-batch-K8[ns]	29	256	0	8192	CLMUL	2.50170
create-batch-K8-total[ms]	29	256	0	8192	CLMUL	5.24644
create-batch-K8[ns]	29	256	0	8192	CLMUL_TRI	1.93388
create-batch-K8-total[ms]	29	256	0	8192	CLMUL_TRI	4.05565
create-batch-K1[ns]	29	512	0	16	GENERIC	4.07434
create-batch-K1-total[ms]	29	512	0	16	GENERIC	0.03338
create-batch-K1[ns]	29	512	0	16	CLMUL	7.43628
create-batch-K1-total[ms]	29	512	0	16	CLMUL	0.06092
create-batch-K1[ns]	29	512	0	16	CLMUL_TRI	4.49792
create-batch-K1-total[ms]	29	512	0	16	CLMUL_TRI	0.03685
create-batch-K2[ns]	29	512	0	16	GENERIC	2.33875
create-batch-K2-total[ms]	29	512	0	16	GENERIC	0.01916
create-batch-K2[ns]	29	512	0	16	CLMUL	3.93994
create-batch-K2-total[ms]	29	512	0	16	CLMUL	0.03228
create-batch-K2[ns]	29	512	0	16	CLMUL_TRI	2.31946
create-batch-K2-total[ms]	29	512	0	16	CLMUL_TRI	0.01900
create-batch-K4[ns]	29	512	0	16	GENERIC	2.19031
create-batch-K4-total[ms]	29	512	0	16	GENERIC	0.01794
create-batch-K4[ns]	29	512	0	16	CLMUL	3.15454
create-batch-K4-total[ms]	29	512	0	16	CLMUL	0.02584
create-batch-K4[ns]	29	512	0	16	CLMUL_TRI	1.94653
create-batch-K4-total[ms]	29	512	0	16	CLMUL_TRI	0.01595
create-batch-K8[ns]	29	512	0	16	GENERIC	2.15771
create-batch-K8-total[ms]	29	512	0	16	GENERIC	0.01768
create-batch-K8[ns]	29	512	0	16	CLMUL	2.44104
create-batch-K8-total[ms]	29	512	0	16	CLMUL	0.02000
create-batch-K8[ns]	29	512	0	16	CLMUL_TRI	1.93127
create-batch-K8-total[ms]	29	512	0	16	CLMUL_TRI	0.01582
create-batch-K1[ns]	29	512	0	64	GENERIC	4.09021
create-batch-K1-total[ms]	29	512	0	64	GENERIC	0.13403
create-batch-K1[ns]	29	512	0	64	CLMUL	7.43417
create-batch-K1-total[ms]	29	512	0	64	CLMUL	0.24360
create-batch-K1[ns]	29	512	0	64	CLMUL_TRI	4.49628
create-batch-K1-total[ms]	29	512	0	64	CLMUL_TRI	0.14733
create-batch-K2[ns]	29	512	0	64	GENERIC	2.40125
create-batch-K2-total[ms]	29	512	0	64	GENERIC	0.07868
create-batch-K2[ns]	29	512	0	64	CLMUL	3.98663
create-batch-K2-total[ms]	29	512	0	64	CLMUL	0.13063
create-batch-K2[ns]	29	512	0	64	CLMUL_TRI	2.31781
create-batch-K2-total[ms]	29	512	0	64	CLMUL_TRI	0.07595
create-batch-K4[ns]	29	512	0	64	GENERIC	2.18796
create-batch-K4-total[ms]	29	512	0	64	GENERIC	0.07169
create-batch-K4[ns]	29	512	0	64	CLMUL	3.16879
create-batch-K4-total[ms]	29	512	0	64	CLMUL	0.10383
create-batch-K4[ns]	29	512	0	64	CLMUL_TRI	1.97537
create-batch-K4-total[ms]	29	512	0	64	CLMUL_TRI	0.06473
create-batch-K8[ns]	29	512	0	64	GENERIC	2.15454
create-batch-K8-total[ms]	29	512	0	64	GENERIC	0.07060
create-batch-K8[ns]	29	512	0	64	CLMUL	2.46051
create-batch-K8-total[ms]	29	512	0	64	CLMUL	0.08063
create-batch-K8[ns]	29	512	0	64	CLMUL_TRI	1.92957
create-batch-K8-total[ms]	29	512	0	64	CLMUL_TRI	0.06323
create-batch-K1[ns]	29	512	0	128	GENERIC	4.08569
create-batch-K1-total[ms]	29	512	0	128	GENERIC	0.26776
create-batch-K1[ns]	29	512	0	128	CLMUL	7.43369
create-batch-K1-total[ms]	29	512	0	128	CLMUL	0.48717
create-batch-K1[ns]	29	512	0	128	CLMUL_TRI	4.49611
create-batch-K1-total[ms]	29	512	0	128	CLMUL_TRI	0.29466
create-batch-K2[ns]	29	512	0	128	GENERIC	2.33698
create-batch-K2-total[ms]	29	512	0	128	GENERIC	0.15316
create-batch-K2[ns]	29	512	0	128	CLMUL	4.02954
create-batch-K2-total[ms]	29	512	0	128	CLMUL	0.26408
create-batch-K2[ns]	29	512	0	128	CLMUL_TRI	2.31725
create-batch-K2-total[ms]	29	512	0	128	CLMUL_TRI	0.15186
create-batch-K4[ns]	29	512	0	128	GENERIC	2.18726
create-batch-K4-total[ms]	29	512	0	128	GENERIC	0.14334
create-batch-K4[ns]	29	512	0	128	CLMUL	3.20123
create-batch-K4-total[ms]	29	512	0	128	CLMUL	0.20980
create-batch-K4[ns]	29	512	0	128	CLMUL_TRI	1.98784
create-batch-K4-total[ms]	29	512	0	128	CLMUL_TRI	0.13028
create-batch-K8[ns]	29	512	0	128	GENERIC	2.15395
create-batch-K8-total[ms]	29	512	0	128	GENERIC	0.14116
create-batch-K8[ns]	29	512	0	128	CLMUL	2.46075
create-batch-K8-total[ms]	29	512	0	128	CLMUL	0.16127
create-batch-K8[ns]	29	512	0	128	CLMUL_TRI	1.92920
create-batch-K8-total[ms]	29	512	0	128	CLMUL_TRI	0.12643
create-batch-K1[ns]	29	512	0	512	GENERIC	4.08401
create-batch-K1-total[ms]	29	512	0	512	GENERIC	1.07060
create-batch-K1[ns]	29	512	0	512	CLMUL	7.43358
create-batch-K1-total[ms]	29	512	0	512	CLMUL	1.94867
create-batch-K1[ns]	29	512	0	512	CLMUL_TRI	4.49586
create-batch-K1-total[ms]	29	512	0	512	CLMUL_TRI	1.17856
create-batch-K2[ns]	29	512	0	512	GENERIC	2.33813
create-batch-K2-total[ms]	29	512	0	512	GENERIC	0.61293
create-batch-K2[ns]	29	512	0	512	CLMUL	4.02639
create-batch-K2-total[ms]	29	512	0	512	CLMUL	1.05549
create-batch-K2[ns]	29	512	0	512	CLMUL_TRI	2.31710
create-batch-K2-total[ms]	29	512	0	512	CLMUL_TRI	0.60741
create-batch-K4[ns]	29	512	0	512	GENERIC	2.18638
create-batch-K4-total[ms]	29	512	0	512	GENERIC	0.57315
create-batch-K4[ns]	29	512	0	512	CLMUL	3.24085
create-batch-K4-total[ms]	29	512	0	512	CLMUL	0.84957
create-batch-K4[ns]	29	512	0	512	CLMUL_TRI	1.98975
create-batch-K4-total[ms]	29	512	0	512	CLMUL_TRI	0.52160
create-batch-K8[ns]	29	512	0	512	GENERIC	2.15350
create-batch-K8-total[ms]	29	512	0	512	GENERIC	0.56453
create-batch-K8[ns]	29	512	0	512	CLMUL	2.46317
create-batch-K8-total[ms]	29	512	0	512	CLMUL	0.64570
create-batch-K8[ns]	29	512	0	512	CLMUL_TRI	1.93023
create-batch-K8-total[ms]	29	512	0	512	CLMUL_TRI	0.50600
create-batch-K1[ns]	29	512	0	1024	GENERIC	4.03032
create-batch-K1-total[ms]	29	512	0	1024	GENERIC	2.11305
create-batch-K1[ns]	29	512	0	1024	CLMUL	7.43343
create-batch-K1-total[ms]	29	512	0	1024	CLMUL	3.89726
create-batch-K1[ns]	29	512	0	1024	CLMUL_TRI	4.49603
create-batch-K1-total[ms]	29	512	0	1024	CLMUL_TRI	2.35722
create-batch-K2[ns]	29	512	0	1024	GENERIC	2.33880
create-batch-K2-total[ms]	29	512	0	1024	GENERIC	1.22620
create-batch-K2[ns]	29	512	0	1024	CLMUL	4.03137
create-batch-K2-total[ms]	29	512	0	1024	CLMUL	2.11360
create-batch-K2[ns]	29	512	0	1024	CLMUL_TRI	2.31692
create-batch-K2-total[ms]	29	512	0	1024	CLMUL_TRI	1.21473
create-batch-K4[ns]	29	512	0	1024	GENERIC	2.18640
create-batch-K4-total[ms]	29	512	0	1024	GENERIC	1.14631
create-batch-K4[ns]	29	512	0	1024	CLMUL	3.23987
create-batch-K4-total[ms]	29	512	0	1024	CLMUL	1.69863
create-batch-K4[ns]	29	512	0	1024	CLMUL_TRI	1.99199
create-batch-K4-total[ms]	29	512	0	1024	CLMUL_TRI	1.04438
create-batch-K8[ns]	29	512	0	1024	GENERIC	2.15363
create-batch-K8-total[ms]	29	512	0	1024	GENERIC	1.12912
create-batch-K8[ns]	29	512	0	1024	CLMUL	2.47506
create-batch-K8-total[ms]	29	512	0	1024	CLMUL	1.29764
create-batch-K8[ns]	29	512	0	1024	CLMUL_TRI	1.93121
create-batch-K8-total[ms]	29	512	0	1024	CLMUL_TRI	1.01251
create-batch-K1[ns]	29	512	0	2048	GENERIC	4.03160
create-batch-K1-total[ms]	29	512	0	2048	GENERIC	4.22744
create-batch-K1[ns]	29	512	0	2048	CLMUL	7.43673
create-batch-K1-total[ms]	29	512	0	2048	CLMUL	7.79797
create-batch-K1[ns]	29	512	0	2048	CLMUL_TRI	4.49761
create-batch-K1-total[ms]	29	512	0	2048	CLMUL_TRI	4.71609
create-batch-K2[ns]	29	512	0	2048	GENERIC	2.34312
create-batch-K2-total[ms]	29	512	0	2048	GENERIC	2.45694
create-batch-K2[ns]	29	512	0	2048	CLMUL	4.03481
create-batch-K2-total[ms]	29	512	0	2048	CLMUL	4.23081
create-batch-K2[ns]	29	512	0	2048	CLMUL_TRI	2.32513
create-batch-K2-total[ms]	29	512	0	2048	CLMUL_TRI	2.43808
create-batch-K4[ns]	29	512	0	2048	GENERIC	2.18634
create-batch-K4-total[ms]	29	512	0	2048	GENERIC	2.29254
create-batch-K4[ns]	29	512	0	2048	CLMUL	3.24543
create-batch-K4-total[ms]	29	512	0	2048	CLMUL	3.40308
create-batch-K4[ns]	29	512	0	2048	CLMUL_TRI	1.99147
create-batch-K4-total[ms]	29	512	0	2048	CLMUL_TRI	2.08820
create-batch-K8[ns]	29	512	0	2048	GENERIC	2.15354
create-batch-K8-total[ms]	29	512	0	2048	GENERIC	2.25815
create-batch-K8[ns]	29	512	0	2048	CLMUL	2.49807
create-batch-K8-total[ms]	29	512	0	2048	CLMUL	2.61942
create-batch-K8[ns]	29	512	0	2048	CLMUL_TRI	1.93185
create-batch-K8-total[ms]	29	512	0	2048	CLMUL_TRI	2.02569
create-batch-K1[ns]	29	512	0	4096	GENERIC	4.03190
create-batch-K1-total[ms]	29	512	0	4096	GENERIC	8.45550
create-batch-K1[ns]	29	512	0	4096	CLMUL	7.43626
create-batch-K1-total[ms]	29	512	0	4096	CLMUL	15.59498
create-batch-K1[ns]	29	512	0	4096	CLMUL_TRI	4.49782
create-batch-K1-total[ms]	29	512	0	4096	CLMUL_TRI	9.43262
create-batch-K2[ns]	29	512	0	4096	GENERIC	2.34114
create-batch-K2-total[ms]	29	512	0	4096	GENERIC	4.90972
create-batch-K2[ns]	29	512	0	4096	CLMUL	4.05764
create-batch-K2-total[ms]	29	512	0	4096	CLMUL	8.50949
create-batch-K2[ns]	29	512	0	4096	CLMUL_TRI	2.33461
create-batch-K2-total[ms]	29	512	0	4096	CLMUL_TRI	4.89604
create-batch-K4[ns]	29	512	0	4096	GENERIC	2.18719
create-batch-K4-total[ms]	29	512	0	4096	GENERIC	4.58688
create-batch-K4[ns]	29	512	0	4096	CLMUL	3.24433
create-batch-K4-total[ms]	29	512	0	4096	CLMUL	6.80386
create-batch-K4[ns]	29	512	0	4096	CLMUL_TRI	1.99151
create-batch-K4-total[ms]	29	512	0	4096	CLMUL_TRI	4.17650
create-batch-K8[ns]	29	512	0	4096	GENERIC	2.15449
create-batch-K8-total[ms]	29	512	0	4096	GENERIC	4.51828
create-batch-K8[ns]	29	512	0	4096	CLMUL	2.51657
create-batch-K8-total[ms]	29	512	0	4096	CLMUL	5.27763
create-batch-K8[ns]	29	512	0	4096	CLMUL_TRI	1.93137
create-batch-K8-total[ms]	29	512	0	4096	CLMUL_TRI	4.05039
create-batch-K1[ns]	29	512	0	8192	GENERIC	4.03218
create-batch-K1-total[ms]	29	512	0	8192	GENERIC	16.91220
create-batch-K1[ns]	29	512	0	8192	CLMUL	7.43645
create-batch-K1-total[ms]	29	512	0	8192	CLMUL	31.19072
create-batch-K1[ns]	29	512	0	8192	CLMUL_TRI	4.49809
create-batch-K1-total[ms]	29	512	0	8192	CLMUL_TRI	18.86634
create-batch-K2[ns]	29	512	0	8192	GENERIC	2.34070
create-batch-K2-total[ms]	29	512	0	8192	GENERIC	9.81762
create-batch-K2[ns]	29	512	0	8192	CLMUL	4.06459
create-batch-K2-total[ms]	29	512	0	8192	CLMUL	17.04811
create-batch-K2[ns]	29	512	0	8192	CLMUL_TRI	2.34052
create-batch-K2-total[ms]	29	512	0	8192	CLMUL_TRI	9.81686
create-batch-K4[ns]	29	512	0	8192	GENERIC	2.18729
create-batch-K4-total[ms]	29	512	0	8192	GENERIC	9.17415
create-batch-K4[ns]	29	512	0	8192	CLMUL	3.24638
create-batch-K4-total[ms]	29	512	0	8192	CLMUL	13.61629
create-batch-K4[ns]	29	512	0	8192	CLMUL_TRI	1.99095
create-batch-K4-total[ms]	29	512	0	8192	CLMUL_TRI	8.35065
create-batch-K8[ns]	29	512	0	8192	GENERIC	2.15439
create-batch-K8-total[ms]	29	512	0	8192	GENERIC	9.03618
create-batch-K8[ns]	29	512	0	8192	CLMUL	2.45303
create-batch-K8-total[ms]	29	512	0	8192	CLMUL	10.28875
create-batch-K8[ns]	29	512	0	8192	CLMUL_TRI	1.93134
create-batch-K8-total[ms]	29	512	0	8192	CLMUL_TRI	8.10063
create-batch-K1[ns]	29	1024	0	16	GENERIC	4.00574
create-batch-K1-total[ms]	29	1024	0	16	GENERIC	0.06563
create-batch-K1[ns]	29	1024	0	16	CLMUL	7.44482
create-batch-K1-total[ms]	29	1024	0	16	CLMUL	0.12198
create-batch-K1[ns]	29	1024	0	16	CLMUL_TRI	4.49792
create-batch-K1-total[ms]	29	1024	0	16	CLMUL_TRI	0.07369
create-batch-K2[ns]	29	1024	0	16	GENERIC	2.30109
create-batch-K2-total[ms]	29	1024	0	16	GENERIC	0.03770
create-batch-K2[ns]	29	1024	0	16	CLMUL	3.98584
create-batch-K2-total[ms]	29	1024	0	16	CLMUL	0.06530
create-batch-K2[ns]	29	1024	0	16	CLMUL_TRI	2.31677
create-batch-K2-total[ms]	29	1024	0	16	CLMUL_TRI	0.03796
create-batch-K4[ns]	29	1024	0	16	GENERIC	2.15594
create-batch-K4-total[ms]	29	1024	0	16	GENERIC	0.03532
create-batch-K4[ns]	29	1024	0	16	CLMUL	3.09033
create-batch-K4-total[ms]	29	1024	0	16	CLMUL	0.05063
create-batch-K4[ns]	29	1024	0	16	CLMUL_TRI	1.96893
create-batch-K4-total[ms]	29	1024	0	16	CLMUL_TRI	0.03226
create-batch-K8[ns]	29	1024	0	16	GENERIC	2.12598
create-batch-K8-total[ms]	29	1024	0	16	GENERIC	0.03483
create-batch-K8[ns]	29	1024	0	16	CLMUL	2.38220
create-batch-K8-total[ms]	29	1024	0	16	CLMUL	0.03903
create-batch-K8[ns]	29	1024	0	16	CLMUL_TRI	1.91992
create-batch-K8-total[ms]	29	1024	0	16	CLMUL_TRI	0.03146
create-batch-K1[ns]	29	1024	0	64	GENERIC	4.06345
create-batch-K1-total[ms]	29	1024	0	64	GENERIC	0.26630
create-batch-K1[ns]	29	1024	0	64	CLMUL	7.44366
create-batch-K1-total[ms]	29	1024	0	64	CLMUL	0.48783
create-batch-K1[ns]	29	1024	0	64	CLMUL_TRI	4.49709
create-batch-K1-total[ms]	29	1024	0	64	CLMUL_TRI	0.29472
create-batch-K2[ns]	29	1024	0	64	GENERIC	2.31061
create-batch-K2-total[ms]	29	1024	0	64	GENERIC	0.15143
create-batch-K2[ns]	29	1024	0	64	CLMUL	4.00117
create-batch-K2-total[ms]	29	1024	0	64	CLMUL	0.26222
create-batch-K2[ns]	29	1024	0	64	CLMUL_TRI	2.31538
create-batch-K2-total[ms]	29	1024	0	64	CLMUL_TRI	0.15174
create-batch-K4[ns]	29	1024	0	64	GENERIC	2.15434
create-batch-K4-total[ms]	29	1024	0	64	GENERIC	0.14119
create-batch-K4[ns]	29	1024	0	64	CLMUL	3.18289
create-batch-K4-total[ms]	29	1024	0	64	CLMUL	0.20859
create-batch-K4[ns]	29	1024	0	64	CLMUL_TRI	1.97346
create-batch-K4-total[ms]	29	1024	0	64	CLMUL_TRI	0.12933
create-batch-K8[ns]	29	1024	0	64	GENERIC	2.12430
create-batch-K8-total[ms]	29	1024	0	64	GENERIC	0.13922
create-batch-K8[ns]	29	1024	0	64	CLMUL	2.39720
create-batch-K8-total[ms]	29	1024	0	64	CLMUL	0.15710
create-batch-K8[ns]	29	1024	0	64	CLMUL_TRI	1.92590
create-batch-K8-total[ms]	29	1024	0	64	CLMUL_TRI	0.12622
create-batch-K1[ns]	29	1024	0	128	GENERIC	4.00899
create-batch-K1-total[ms]	29	1024	0	128	GENERIC	0.52547
create-batch-K1[ns]	29	1024	0	128	CLMUL	7.44352
create-batch-K1-total[ms]	29	1024	0	128	CLMUL	0.97564
create-batch-K1[ns]	29	1024	0	128	CLMUL_TRI	4.49691
create-batch-K1-total[ms]	29	1024	0	128	CLMUL_TRI	0.58942
create-batch-K2[ns]	29	1024	0	128	GENERIC	2.31033
create-batch-K2-total[ms]	29	1024	0	128	GENERIC	0.30282
create-batch-K2[ns]	29	1024	0	128	CLMUL	4.00684
create-batch-K2-total[ms]	29	1024	0	128	CLMUL	0.52518
create-batch-K2[ns]	29	1024	0	128	CLMUL_TRI	2.31519
create-batch-K2-total[ms]	29	1024	0	128	CLMUL_TRI	0.30346
create-batch-K4[ns]	29	1024	0	128	GENERIC	2.15381
create-batch-K4-total[ms]	29	1024	0	128	GENERIC	0.28230
create-batch-K4[ns]	29	1024	0	128	CLMUL	3.20347
create-batch-K4-total[ms]	29	1024	0	128	CLMUL	0.41989
create-batch-K4[ns]	29	1024	0	128	CLMUL_TRI	1.98540
create-batch-K4-total[ms]	29	1024	0	128	CLMUL_TRI	0.26023
create-batch-K8[ns]	29	1024	0	128	GENERIC	2.12396
create-batch-K8-total[ms]	29	1024	0	128	GENERIC	0.27839
create-batch-K8[ns]	29	1024	0	128	CLMUL	2.39484
create-batch-K8-total[ms]	29	1024	0	128	CLMUL	0.31390
create-batch-K8[ns]	29	1024	0	128	CLMUL_TRI	1.92493
create-batch-K8-total[ms]	29	1024	0	128	CLMUL_TRI	0.25231
create-batch-K1[ns]	29	1024	0	512	GENERIC	4.01367
create-batch-K1-total[ms]	29	1024	0	512	GENERIC	2.10432
create-batch-K1[ns]	29	1024	0	512	CLMUL	7.44653
create-batch-K1-total[ms]	29	1024	0	512	CLMUL	3.90413
create-batch-K1[ns]	29	1024	0	512	CLMUL_TRI	4.49686
create-batch-K1-total[ms]	29	1024	0	512	CLMUL_TRI	2.35765
create-batch-K2[ns]	29	1024	0	512	GENERIC	2.31105
create-batch-K2-total[ms]	29	1024	0	512	GENERIC	1.21165
create-batch-K2[ns]	29	1024	0	512	CLMUL	4.02931
create-batch-K2-total[ms]	29	1024	0	512	CLMUL	2.11252
create-batch-K2[ns]	29	1024	0	512	CLMUL_TRI	2.31505
create-batch-K2-total[ms]	29	1024	0	512	CLMUL_TRI	1.21375
create-batch-K4[ns]	29	1024	0	512	GENERIC	2.15389
create-batch-K4-total[ms]	29	1024	0	512	GENERIC	1.12926
create-batch-K4[ns]	29	1024	0	512	CLMUL	3.23135
create-batch-K4-total[ms]	29	1024	0	512	CLMUL	1.69416
create-batch-K4[ns]	29	1024	0	512	CLMUL_TRI	1.98602
create-batch-K4-total[ms]	29	1024	0	512	CLMUL_TRI	1.04124
create-batch-K8[ns]	29	1024	0	512	GENERIC	2.12382
create-batch-K8-total[ms]	29	1024	0	512	GENERIC	1.11349
create-batch-K8[ns]	29	1024	0	512	CLMUL	2.40479
create-batch-K8-total[ms]	29	1024	0	512	CLMUL	1.26080
create-batch-K8[ns]	29	1024	0	512	CLMUL_TRI	1.92689
create-batch-K8-total[ms]	29	1024	0	512	CLMUL_TRI	1.01024
create-batch-K1[ns]	29	1024	0	1024	GENERIC	4.01043
create-batch-K1-total[ms]	29	1024	0	1024	GENERIC	4.20524
create-batch-K1[ns]	29	1024	0	1024	CLMUL	7.44504
create-batch-K1-total[ms]	29	1024	0	1024	CLMUL	7.80669
create-batch-K1[ns]	29	1024	0	1024	CLMUL_TRI	4.49845
create-batch-K1-total[ms]	29	1024	0	1024	CLMUL_TRI	4.71697
create-batch-K2[ns]	29	1024	0	1024	GENERIC	2.31312
create-batch-K2-total[ms]	29	1024	0	1024	GENERIC	2.42548
create-batch-K2[ns]	29	1024	0	1024	CLMUL	4.02882
create-batch-K2-total[ms]	29	1024	0	1024	CLMUL	4.22452
create-batch-K2[ns]	29	1024	0	1024	CLMUL_TRI	2.32835
create-batch-K2-total[ms]	29	1024	0	1024	CLMUL_TRI	2.44145
create-batch-K4[ns]	29	1024	0	1024	GENERIC	2.15392
create-batch-K4-total[ms]	29	1024	0	1024	GENERIC	2.25855
create-batch-K4[ns]	29	1024	0	1024	CLMUL	3.23888
create-batch-K4-total[ms]	29	1024	0	1024	CLMUL	3.39621
create-batch-K4[ns]	29	1024	0	1024	CLMUL_TRI	1.98836
create-batch-K4-total[ms]	29	1024	0	1024	CLMUL_TRI	2.08495
create-batch-K8[ns]	29	1024	0	1024	GENERIC	2.12376
create-batch-K8-total[ms]	29	1024	0	1024	GENERIC	2.22693
create-batch-K8[ns]	29	1024	0	1024	CLMUL	2.41971
create-batch-K8-total[ms]	29	1024	0	1024	CLMUL	2.53725
create-batch-K8[ns]	29	1024	0	1024	CLMUL_TRI	1.92701
create-batch-K8-total[ms]	29	1024	0	1024	CLMUL_TRI	2.02062
create-batch-K1[ns]	29	1024	0	2048	GENERIC	4.01571
create-batch-K1-total[ms]	29	1024	0	2048	GENERIC	8.42155
create-batch-K1[ns]	29	1024	0	2048	CLMUL	7.44623
create-batch-K1-total[ms]	29	1024	0	2048	CLMUL	15.61588
create-batch-K1[ns]	29	1024	0	2048	CLMUL_TRI	4.49846
create-batch-K1-total[ms]	29	1024	0	2048	CLMUL_TRI	9.43394
create-batch-K2[ns]	29	1024	0	2048	GENERIC	2.31310
create-batch-K2-total[ms]	29	1024	0	2048	GENERIC	4.85093
create-batch-K2[ns]	29	1024	0	2048	CLMUL	4.05769
create-batch-K2-total[ms]	29	1024	0	2048	CLMUL	8.50960
create-batch-K2[ns]	29	1024	0	2048	CLMUL_TRI	2.33138
create-batch-K2-total[ms]	29	1024	0	2048	CLMUL_TRI	4.88925
create-batch-K4[ns]	29	1024	0	2048	GENERIC	2.15469
create-batch-K4-total[ms]	29	1024	0	2048	GENERIC	4.51870
create-batch-K4[ns]	29	1024	0	2048	CLMUL	3.23675
create-batch-K4-total[ms]	29	1024	0	2048	CLMUL	6.78796
create-batch-K4[ns]	29	1024	0	2048	CLMUL_TRI	1.98791
create-batch-K4-total[ms]	29	1024	0	2048	CLMUL_TRI	4.16895
create-batch-K8[ns]	29	1024	0	2048	GENERIC	2.12459
create-batch-K8-total[ms]	29	1024	0	2048	GENERIC	4.45560
create-batch-K8[ns]	29	1024	0	2048	CLMUL	2.44822
create-batch-K8-total[ms]	29	1024	0	2048	CLMUL	5.13429
create-batch-K8[ns]	29	1024	0	2048	CLMUL_TRI	1.93005
create-batch-K8-total[ms]	29	1024	0	2048	CLMUL_TRI	4.04761
create-batch-K1[ns]	29	1024	0	4096	GENERIC	4.01248
create-batch-K1-total[ms]	29	1024	0	4096	GENERIC	16.82957
create-batch-K1[ns]	29	1024	0	4096	CLMUL	7.44633
create-batch-K1-total[ms]	29	1024	0	4096	CLMUL	31.23216
create-batch-K1[ns]	29	1024	0	4096	CLMUL_TRI	4.49890
create-batch-K1-total[ms]	29	1024	0	4096	CLMUL_TRI	18.86977
create-batch-K2[ns]	29	1024	0	4096	GENERIC	2.31369
create-batch-K2-total[ms]	29	1024	0	4096	GENERIC	9.70433
create-batch-K2[ns]	29	1024	0	4096	CLMUL	4.06027
create-batch-K2-total[ms]	29	1024	0	4096	CLMUL	17.03000
create-batch-K2[ns]	29	1024	0	4096	CLMUL_TRI	2.32792
create-batch-K2-total[ms]	29	1024	0	4096	CLMUL_TRI	9.76399
create-batch-K4[ns]	29	1024	0	4096	GENERIC	2.15461
create-batch-K4-total[ms]	29	1024	0	4096	GENERIC	9.03711
create-batch-K4[ns]	29	1024	0	4096	CLMUL	3.24594
create-batch-K4-total[ms]	29	1024	0	4096	CLMUL	13.61444
create-batch-K4[ns]	29	1024	0	4096	CLMUL_TRI	1.98712
create-batch-K4-total[ms]	29	1024	0	4096	CLMUL_TRI	8.33458
create-batch-K8[ns]	29	1024	0	4096	GENERIC	2.12454
create-batch-K8-total[ms]	29	1024	0	4096	GENERIC	8.91095
create-batch-K8[ns]	29	1024	0	4096	CLMUL	2.46151
create-batch-K8-total[ms]	29	1024	0	4096	CLMUL	10.32432
create-batch-K8[ns]	29	1024	0	4096	CLMUL_TRI	1.93036
create-batch-K8-total[ms]	29	1024	0	4096	CLMUL_TRI	8.09653
create-batch-K1[ns]	29	1024	0	8192	GENERIC	4.01138
create-batch-K1-total[ms]	29	1024	0	8192	GENERIC	33.64988
create-batch-K1[ns]	29	1024	0	8192	CLMUL	7.44650
create-batch-K1-total[ms]	29	1024	0	8192	CLMUL	62.46581
create-batch-K1[ns]	29	1024	0	8192	CLMUL_TRI	4.49871
create-batch-K1-total[ms]	29	1024	0	8192	CLMUL_TRI	37.73790
create-batch-K2[ns]	29	1024	0	8192	GENERIC	2.31907
create-batch-K2-total[ms]	29	1024	0	8192	GENERIC	19.45373
create-batch-K2[ns]	29	1024	0	8192	CLMUL	4.06623
create-batch-K2-total[ms]	29	1024	0	8192	CLMUL	34.10998
create-batch-K2[ns]	29	1024	0	8192	CLMUL_TRI	2.33528
create-batch-K2-total[ms]	29	1024	0	8192	CLMUL_TRI	19.58971
create-batch-K4[ns]	29	1024	0	8192	GENERIC	2.15476
create-batch-K4-total[ms]	29	1024	0	8192	GENERIC	18.07543
create-batch-K4[ns]	29	1024	0	8192	CLMUL	3.15821
create-batch-K4-total[ms]	29	1024	0	8192	CLMUL	26.49295
create-batch-K4[ns]	29	1024	0	8192	CLMUL_TRI	1.98990
create-batch-K4-total[ms]	29	1024	0	8192	CLMUL_TRI	16.69245
create-batch-K8[ns]	29	1024	0	8192	GENERIC	2.12461
create-batch-K8-total[ms]	29	1024	0	8192	GENERIC	17.82249
create-batch-K8[ns]	29	1024	0	8192	CLMUL	2.45725
create-batch-K8-total[ms]	29	1024	0	8192	CLMUL	20.61288
create-batch-K8[ns]	29	1024	0	8192	CLMUL_TRI	1.93054
create-batch-K8-total[ms]	29	1024	0	8192	CLMUL_TRI	16.19453
create-batch-K1[ns]	29	2048	0	16	GENERIC	4.00864
create-batch-K1-total[ms]	29	2048	0	16	GENERIC	0.13135
create-batch-K1[ns]	29	2048	0	16	CLMUL	7.44904
create-batch-K1-total[ms]	29	2048	0	16	CLMUL	0.24409
create-batch-K1[ns]	29	2048	0	16	CLMUL_TRI	4.49780
create-batch-K1-total[ms]	29	2048	0	16	CLMUL_TRI	0.14738
create-batch-K2[ns]	29	2048	0	16	GENERIC	2.28925
create-batch-K2-total[ms]	29	2048	0	16	GENERIC	0.07501
create-batch-K2[ns]	29	2048	0	16	CLMUL	3.96878
create-batch-K2-total[ms]	29	2048	0	16	CLMUL	0.13005
create-batch-K2[ns]	29	2048	0	16	CLMUL_TRI	2.31448
create-batch-K2-total[ms]	29	2048	0	16	CLMUL_TRI	0.07584
create-batch-K4[ns]	29	2048	0	16	GENERIC	2.14081
create-batch-K4-total[ms]	29	2048	0	16	GENERIC	0.07015
create-batch-K4[ns]	29	2048	0	16	CLMUL	3.08643
create-batch-K4-total[ms]	29	2048	0	16	CLMUL	0.10114
create-batch-K4[ns]	29	2048	0	16	CLMUL_TRI	1.96991
create-batch-K4-total[ms]	29	2048	0	16	CLMUL_TRI	0.06455
create-batch-K8[ns]	29	2048	0	16	GENERIC	2.10718
create-batch-K8-total[ms]	29	2048	0	16	GENERIC	0.06905
create-batch-K8[ns]	29	2048	0	16	CLMUL	2.38766
create-batch-K8-total[ms]	29	2048	0	16	CLMUL	0.07824
create-batch-K8[ns]	29	2048	0	16	CLMUL_TRI	1.91486
create-batch-K8-total[ms]	29	2048	0	16	CLMUL_TRI	0.06275
create-batch-K1[ns]	29	2048	0	64	GENERIC	4.01817
create-batch-K1-total[ms]	29	2048	0	64	GENERIC	0.52667
create-batch-K1[ns]	29	2048	0	64	CLMUL	7.44847
create-batch-K1-total[ms]	29	2048	0	64	CLMUL	0.97629
create-batch-K1[ns]	29	2048	0	64	CLMUL_TRI	4.49734
create-batch-K1-total[ms]	29	2048	0	64	CLMUL_TRI	0.58948
create-batch-K2[ns]	29	2048	0	64	GENERIC	2.28998
create-batch-K2-total[ms]	29	2048	0	64	GENERIC	0.30015
create-batch-K2[ns]	29	2048	0	64	CLMUL	3.99628
create-batch-K2-total[ms]	29	2048	0	64	CLMUL	0.52380
create-batch-K2[ns]	29	2048	0	64	CLMUL_TRI	2.31423
create-batch-K2-total[ms]	29	2048	0	64	CLMUL_TRI	0.30333
create-batch-K4[ns]	29	2048	0	64	GENERIC	2.14053
create-batch-K4-total[ms]	29	2048	0	64	GENERIC	0.28056
create-batch-K4[ns]	29	2048	0	64	CLMUL	3.10184
create-batch-K4-total[ms]	29	2048	0	64	CLMUL	0.40657
create-batch-K4[ns]	29	2048	0	64	CLMUL_TRI	1.97173
create-batch-K4-total[ms]	29	2048	0	64	CLMUL_TRI	0.25844
create-batch-K8[ns]	29	2048	0	64	GENERIC	2.10628
create-batch-K8-total[ms]	29	2048	0	64	GENERIC	0.27607
create-batch-K8[ns]	29	2048	0	64	CLMUL	2.43011
create-batch-K8-total[ms]	29	2048	0	64	CLMUL	0.31852
create-batch-K8[ns]	29	2048	0	64	CLMUL_TRI	1.92031
create-batch-K8-total[ms]	29	2048	0	64	CLMUL_TRI	0.25170
create-batch-K1[ns]	29	2048	0	128	GENERIC	4.03871
create-batch-K1-total[ms]	29	2048	0	128	GENERIC	1.05872
create-batch-K1[ns]	29	2048	0	128	CLMUL	7.44833
create-batch-K1-total[ms]	29	2048	0	128	CLMUL	1.95253
create-batch-K1[ns]	29	2048	0	128	CLMUL_TRI	4.49733
create-batch-K1-total[ms]	29	2048	0	128	CLMUL_TRI	1.17895
create-batch-K2[ns]	29	2048	0	128	GENERIC	2.29189
create-batch-K2-total[ms]	29	2048	0	128	GENERIC	0.60081
create-batch-K2[ns]	29	2048	0	128	CLMUL	4.01022
create-batch-K2-total[ms]	29	2048	0	128	CLMUL	1.05125
create-batch-K2[ns]	29	2048	0	128	CLMUL_TRI	2.31414
create-batch-K2-total[ms]	29	2048	0	128	CLMUL_TRI	0.60664
create-batch-K4[ns]	29	2048	0	128	GENERIC	2.14026
create-batch-K4-total[ms]	29	2048	0	128	GENERIC	0.56106
create-batch-K4[ns]	29	2048	0	128	CLMUL	3.10128
create-batch-K4-total[ms]	29	2048	0	128	CLMUL	0.81298
create-batch-K4[ns]	29	2048	0	128	CLMUL_TRI	1.98343
create-batch-K4-total[ms]	29	2048	0	128	CLMUL_TRI	0.51994
create-batch-K8[ns]	29	2048	0	128	GENERIC	2.10614
create-batch-K8-total[ms]	29	2048	0	128	GENERIC	0.55211
create-batch-K8[ns]	29	2048	0	128	CLMUL	2.43719
create-batch-K8-total[ms]	29	2048	0	128	CLMUL	0.63890
create-batch-K8[ns]	29	2048	0	128	CLMUL_TRI	1.92313
create-batch-K8-total[ms]	29	2048	0	128	CLMUL_TRI	0.50414
create-batch-K1[ns]	29	2048	0	512	GENERIC	3.99464
create-batch-K1-total[ms]	29	2048	0	512	GENERIC	4.18868
create-batch-K1[ns]	29	2048	0	512	CLMUL	7.45135
create-batch-K1-total[ms]	29	2048	0	512	CLMUL	7.81331
create-batch-K1[ns]	29	2048	0	512	CLMUL_TRI	4.49890
create-batch-K1-total[ms]	29	2048	0	512	CLMUL_TRI	4.71744
create-batch-K2[ns]	29	2048	0	512	GENERIC	2.29472
create-batch-K2-total[ms]	29	2048	0	512	GENERIC	2.40619
create-batch-K2[ns]	29	2048	0	512	CLMUL	4.04022
create-batch-K2-total[ms]	29	2048	0	512	CLMUL	4.23647
create-batch-K2[ns]	29	2048	0	512	CLMUL_TRI	2.32046
create-batch-K2-total[ms]	29	2048	0	512	CLMUL_TRI	2.43318
create-batch-K4[ns]	29	2048	0	512	GENERIC	2.14020
create-batch-K4-total[ms]	29	2048	0	512	GENERIC	2.24417
create-batch-K4[ns]	29	2048	0	512	CLMUL	3.22834
create-batch-K4-total[ms]	29	2048	0	512	CLMUL	3.38516
create-batch-K4[ns]	29	2048	0	512	CLMUL_TRI	1.97871
create-batch-K4-total[ms]	29	2048	0	512	CLMUL_TRI	2.07483
create-batch-K8[ns]	29	2048	0	512	GENERIC	2.10607
create-batch-K8-total[ms]	29	2048	0	512	GENERIC	2.20837
create-batch-K8[ns]	29	2048	0	512	CLMUL	2.42433
create-batch-K8-total[ms]	29	2048	0	512	CLMUL	2.54210
create-batch-K8[ns]	29	2048	0	512	CLMUL_TRI	1.92497
create-batch-K8-total[ms]	29	2048	0	512	CLMUL_TRI	2.01848
create-batch-K1[ns]	29	2048	0	1024	GENERIC	4.00948
create-batch-K1-total[ms]	29	2048	0	1024	GENERIC	8.40848
create-batch-K1[ns]	29	2048	0	1024	CLMUL	7.45080
create-batch-K1-total[ms]	29	2048	0	1024	CLMUL	15.62547
create-batch-K1[ns]	29	2048	0	1024	CLMUL_TRI	4.49890
create-batch-K1-total[ms]	29	2048	0	1024	CLMUL_TRI	9.43489
create-batch-K2[ns]	29	2048	0	1024	GENERIC	2.29825
create-batch-K2-total[ms]	29	2048	0	1024	GENERIC	4.81978
create-batch-K2[ns]	29	2048	0	1024	CLMUL	4.05374
create-batch-K2-total[ms]	29	2048	0	1024	CLMUL	8.50132
create-batch-K2[ns]	29	2048	0	1024	CLMUL_TRI	2.32006
create-batch-K2-total[ms]	29	2048	0	1024	CLMUL_TRI	4.86552
create-batch-K4[ns]	29	2048	0	1024	GENERIC	2.14114
create-batch-K4-total[ms]	29	2048	0	1024	GENERIC	4.49029
create-batch-K4[ns]	29	2048	0	1024	CLMUL	3.20290
create-batch-K4-total[ms]	29	2048	0	1024	CLMUL	6.71697
create-batch-K4[ns]	29	2048	0	1024	CLMUL_TRI	1.98419
create-batch-K4-total[ms]	29	2048	0	1024	CLMUL_TRI	4.16115
create-batch-K8[ns]	29	2048	0	1024	GENERIC	2.10689
create-batch-K8-total[ms]	29	2048	0	1024	GENERIC	4.41846
create-batch-K8[ns]	29	2048	0	1024	CLMUL	2.44645
create-batch-K8-total[ms]	29	2048	0	1024	CLMUL	5.13058
create-batch-K8[ns]	29	2048	0	1024	CLMUL_TRI	1.92754
create-batch-K8-total[ms]	29	2048	0	1024	CLMUL_TRI	4.04235
create-batch-K1[ns]	29	2048	0	2048	GENERIC	3.99550
create-batch-K1-total[ms]	29	2048	0	2048	GENERIC	16.75834
create-batch-K1[ns]	29	2048	0	2048	CLMUL	7.45132
create-batch-K1-total[ms]	29	2048	0	2048	CLMUL	31.25310
create-batch-K1[ns]	29	2048	0	2048	CLMUL_TRI	4.49887
create-batch-K1-total[ms]	29	2048	0	2048	CLMUL_TRI	18.86964
create-batch-K2[ns]	29	2048	0	2048	GENERIC	2.29697
create-batch-K2-total[ms]	29	2048	0	2048	GENERIC	9.63420
create-batch-K2[ns]	29	2048	0	2048	CLMUL	4.06205
create-batch-K2-total[ms]	29	2048	0	2048	CLMUL	17.03749
create-batch-K2[ns]	29	2048	0	2048	CLMUL_TRI	2.32142
create-batch-K2-total[ms]	29	2048	0	2048	CLMUL_TRI	9.73674
create-batch-K4[ns]	29	2048	0	2048	GENERIC	2.14102
create-batch-K4-total[ms]	29	2048	0	2048	GENERIC	8.98008
create-batch-K4[ns]	29	2048	0	2048	CLMUL	3.22929
create-batch-K4-total[ms]	29	2048	0	2048	CLMUL	13.54464
create-batch-K4[ns]	29	2048	0	2048	CLMUL_TRI	1.98554
create-batch-K4-total[ms]	29	2048	0	2048	CLMUL_TRI	8.32794
create-batch-K8[ns]	29	2048	0	2048	GENERIC	2.10689
create-batch-K8-total[ms]	29	2048	0	2048	GENERIC	8.83694
create-batch-K8[ns]	29	2048	0	2048	CLMUL	2.45627
create-batch-K8-total[ms]	29	2048	0	2048	CLMUL	10.30236
create-batch-K8[ns]	29	2048	0	2048	CLMUL_TRI	1.92317
create-batch-K8-total[ms]	29	2048	0	2048	CLMUL_TRI	8.06637
create-batch-K1[ns]	29	2048	0	4096	GENERIC	3.99465
create-batch-K1-total[ms]	29	2048	0	4096	GENERIC	33.50956
create-batch-K1[ns]	29	2048	0	4096	CLMUL	7.45159
create-batch-K1-total[ms]	29	2048	0	4096	CLMUL	62.50846
create-batch-K1[ns]	29	2048	0	4096	CLMUL_TRI	4.49910
create-batch-K1-total[ms]	29	2048	0	4096	CLMUL_TRI	37.74122
create-batch-K2[ns]	29	2048	0	4096	GENERIC	2.29804
create-batch-K2-total[ms]	29	2048	0	4096	GENERIC	19.27736
create-batch-K2[ns]	29	2048	0	4096	CLMUL	4.06574
create-batch-K2-total[ms]	29	2048	0	4096	CLMUL	34.10593
create-batch-K2[ns]	29	2048	0	4096	CLMUL_TRI	2.33031
create-batch-K2-total[ms]	29	2048	0	4096	CLMUL_TRI	19.54807
create-batch-K4[ns]	29	2048	0	4096	GENERIC	2.14111
create-batch-K4-total[ms]	29	2048	0	4096	GENERIC	17.96096
create-batch-K4[ns]	29	2048	0	4096	CLMUL	3.23140
create-batch-K4-total[ms]	29	2048	0	4096	CLMUL	27.10694
create-batch-K4[ns]	29	2048	0	4096	CLMUL_TRI	1.98879
create-batch-K4-total[ms]	29	2048	0	4096	CLMUL_TRI	16.68316
create-batch-K8[ns]	29	2048	0	4096	GENERIC	2.10691
create-batch-K8-total[ms]	29	2048	0	4096	GENERIC	17.67401
create-batch-K8[ns]	29	2048	0	4096	CLMUL	2.45603
create-batch-K8-total[ms]	29	2048	0	4096	CLMUL	20.60268
create-batch-K8[ns]	29	2048	0	4096	CLMUL_TRI	1.92537
create-batch-K8-total[ms]	29	2048	0	4096	CLMUL_TRI	16.15116
create-batch-K1[ns]	29	2048	0	8192	GENERIC	3.99442
create-batch-K1-total[ms]	29	2048	0	8192	GENERIC	67.01517
create-batch-K1[ns]	29	2048	0	8192	CLMUL	7.45165
create-batch-K1-total[ms]	29	2048	0	8192	CLMUL	125.01789
create-batch-K1[ns]	29	2048	0	8192	CLMUL_TRI	4.49927
create-batch-K1-total[ms]	29	2048	0	8192	CLMUL_TRI	75.48526
create-batch-K2[ns]	29	2048	0	8192	GENERIC	2.29830
create-batch-K2-total[ms]	29	2048	0	8192	GENERIC	38.55909
create-batch-K2[ns]	29	2048	0	8192	CLMUL	4.06550
create-batch-K2-total[ms]	29	2048	0	8192	CLMUL	68.20779
create-batch-K2[ns]	29	2048	0	8192	CLMUL_TRI	2.33014
create-batch-K2-total[ms]	29	2048	0	8192	CLMUL_TRI	39.09333
create-batch-K4[ns]	29	2048	0	8192	GENERIC	2.14123
create-batch-K4-total[ms]	29	2048	0	8192	GENERIC	35.92393
create-batch-K4[ns]	29	2048	0	8192	CLMUL	3.23337
create-batch-K4-total[ms]	29	2048	0	8192	CLMUL	54.24701
create-batch-K4[ns]	29	2048	0	8192	CLMUL_TRI	1.98789
create-batch-K4-total[ms]	29	2048	0	8192	CLMUL_TRI	33.35125
create-batch-K8[ns]	29	2048	0	8192	GENERIC	2.10699
create-batch-K8-total[ms]	29	2048	0	8192	GENERIC	35.34943
create-batch-K8[ns]	29	2048	0	8192	CLMUL	2.45793
create-batch-K8-total[ms]	29	2048	0	8192	CLMUL	41.23723
create-batch-K8[ns]	29	2048	0	8192	CLMUL_TRI	1.92737
create-batch-K8-total[ms]	29	2048	0	8192	CLMUL_TRI	32.33583
create-batch-K1[ns]	29	3072	0	16	GENERIC	4.00098
create-batch-K1-total[ms]	29	3072	0	16	GENERIC	0.19666
create-batch-K1[ns]	29	3072	0	16	CLMUL	7.45046
create-batch-K1-total[ms]	29	3072	0	16	CLMUL	0.36621
create-batch-K1[ns]	29	3072	0	16	CLMUL_TRI	4.49786
create-batch-K1-total[ms]	29	3072	0	16	CLMUL_TRI	0.22108
create-batch-K2[ns]	29	3072	0	16	GENERIC	2.30404
create-batch-K2-total[ms]	29	3072	0	16	GENERIC	0.11325
create-batch-K2[ns]	29	3072	0	16	CLMUL	4.00226
create-batch-K2-total[ms]	29	3072	0	16	CLMUL	0.19672
create-batch-K2[ns]	29	3072	0	16	CLMUL_TRI	2.31689
create-batch-K2-total[ms]	29	3072	0	16	CLMUL_TRI	0.11388
create-batch-K4[ns]	29	3072	0	16	GENERIC	2.13426
create-batch-K4-total[ms]	29	3072	0	16	GENERIC	0.10490
create-batch-K4[ns]	29	3072	0	16	CLMUL	3.14982
create-batch-K4-total[ms]	29	3072	0	16	CLMUL	0.15482
create-batch-K4[ns]	29	3072	0	16	CLMUL_TRI	1.97213
create-batch-K4-total[ms]	29	3072	0	16	CLMUL_TRI	0.09693
create-batch-K8[ns]	29	3072	0	16	GENERIC	2.10081
create-batch-K8-total[ms]	29	3072	0	16	GENERIC	0.10326
create-batch-K8[ns]	29	3072	0	16	CLMUL	2.37579
create-batch-K8-total[ms]	29	3072	0	16	CLMUL	0.11678
create-batch-K8[ns]	29	3072	0	16	CLMUL_TRI	1.91445
create-batch-K8-total[ms]	29	3072	0	16	CLMUL_TRI	0.09410
create-batch-K1[ns]	29	3072	0	64	GENERIC	3.98710
create-batch-K1-total[ms]	29	3072	0	64	GENERIC	0.78389
create-batch-K1[ns]	29	3072	0	64	CLMUL	7.45017
create-batch-K1-total[ms]	29	3072	0	64	CLMUL	1.46476
create-batch-K1[ns]	29	3072	0	64	CLMUL_TRI	4.49752
create-batch-K1-total[ms]	29	3072	0	64	CLMUL_TRI	0.88425
create-batch-K2[ns]	29	3072	0	64	GENERIC	2.31168
create-batch-K2-total[ms]	29	3072	0	64	GENERIC	0.45450
create-batch-K2[ns]	29	3072	0	64	CLMUL	3.98054
create-batch-K2-total[ms]	29	3072	0	64	CLMUL	0.78261
create-batch-K2[ns]	29	3072	0	64	CLMUL_TRI	2.31412
create-batch-K2-total[ms]	29	3072	0	64	CLMUL_TRI	0.45497
create-batch-K4[ns]	29	3072	0	64	GENERIC	2.13391
create-batch-K4-total[ms]	29	3072	0	64	GENERIC	0.41954
create-batch-K4[ns]	29	3072	0	64	CLMUL	3.19712
create-batch-K4-total[ms]	29	3072	0	64	CLMUL	0.62858
create-batch-K4[ns]	29	3072	0	64	CLMUL_TRI	1.97256
create-batch-K4-total[ms]	29	3072	0	64	CLMUL_TRI	0.38782
create-batch-K8[ns]	29	3072	0	64	GENERIC	2.10039
create-batch-K8-total[ms]	29	3072	0	64	GENERIC	0.41295
create-batch-K8[ns]	29	3072	0	64	CLMUL	2.40267
create-batch-K8-total[ms]	29	3072	0	64	CLMUL	0.47238
create-batch-K8[ns]	29	3072	0	64	CLMUL_TRI	1.92400
create-batch-K8-total[ms]	29	3072	0	64	CLMUL_TRI	0.37827
create-batch-K1[ns]	29	3072	0	128	GENERIC	3.98729
create-batch-K1-total[ms]	29	3072	0	128	GENERIC	1.56787
create-batch-K1[ns]	29	3072	0	128	CLMUL	7.45008
create-batch-K1-total[ms]	29	3072	0	128	CLMUL	2.92949
create-batch-K1[ns]	29	3072	0	128	CLMUL_TRI	4.49748
create-batch-K1-total[ms]	29	3072	0	128	CLMUL_TRI	1.76848
create-batch-K2[ns]	29	3072	0	128	GENERIC	2.31344
create-batch-K2-total[ms]	29	3072	0	128	GENERIC	0.90968
create-batch-K2[ns]	29	3072	0	128	CLMUL	4.01819
create-batch-K2-total[ms]	29	3072	0	128	CLMUL	1.58002
create-batch-K2[ns]	29	3072	0	128	CLMUL_TRI	2.31859
create-batch-K2-total[ms]	29	3072	0	128	CLMUL_TRI	0.91171
create-batch-K4[ns]	29	3072	0	128	GENERIC	2.13382
create-batch-K4-total[ms]	29	3072	0	128	GENERIC	0.83905
create-batch-K4[ns]	29	3072	0	128	CLMUL	3.18594
create-batch-K4-total[ms]	29	3072	0	128	CLMUL	1.25276
create-batch-K4[ns]	29	3072	0	128	CLMUL_TRI	1.97440
create-batch-K4-total[ms]	29	3072	0	128	CLMUL_TRI	0.77636
create-batch-K8[ns]	29	3072	0	128	GENERIC	2.10017
create-batch-K8-total[ms]	29	3072	0	128	GENERIC	0.82582
create-batch-K8[ns]	29	3072	0	128	CLMUL	2.39571
create-batch-K8-total[ms]	29	3072	0	128	CLMUL	0.94203
create-batch-K8[ns]	29	3072	0	128	CLMUL_TRI	1.92238
create-batch-K8-total[ms]	29	3072	0	128	CLMUL_TRI	0.75591
create-batch-K1[ns]	29	3072	0	512	GENERIC	3.99094
create-batch-K1-total[ms]	29	3072	0	512	GENERIC	6.27721
create-batch-K1[ns]	29	3072	0	512	CLMUL	7.45213
create-batch-K1-total[ms]	29	3072	0	512	CLMUL	11.72119
create-batch-K1[ns]	29	3072	0	512	CLMUL_TRI	4.49854
create-batch-K1-total[ms]	29	3072	0	512	CLMUL_TRI	7.07559
create-batch-K2[ns]	29	3072	0	512	GENERIC	2.31481
create-batch-K2-total[ms]	29	3072	0	512	GENERIC	3.64088
create-batch-K2[ns]	29	3072	0	512	CLMUL	4.04592
create-batch-K2-total[ms]	29	3072	0	512	CLMUL	6.36369
create-batch-K2[ns]	29	3072	0	512	CLMUL_TRI	2.31662
create-batch-K2-total[ms]	29	3072	0	512	CLMUL_TRI	3.64373
create-batch-K4[ns]	29	3072	0	512	GENERIC	2.13491
create-batch-K4-total[ms]	29	3072	0	512	GENERIC	3.35793
create-batch-K4[ns]	29	3072	0	512	CLMUL	3.21695
create-batch-K4-total[ms]	29	3072	0	512	CLMUL	5.05983
create-batch-K4[ns]	29	3072	0	512	CLMUL_TRI	1.97501
create-batch-K4-total[ms]	29	3072	0	512	CLMUL_TRI	3.10643
create-batch-K8[ns]	29	3072	0	512	GENERIC	2.10022
create-batch-K8-total[ms]	29	3072	0	512	GENERIC	3.30336
create-batch-K8[ns]	29	3072	0	512	CLMUL	2.43524
create-batch-K8-total[ms]	29	3072	0	512	CLMUL	3.83031
create-batch-K8[ns]	29	3072	0	512	CLMUL_TRI	1.92307
create-batch-K8-total[ms]	29	3072	0	512	CLMUL_TRI	3.02473
create-batch-K1[ns]	29	3072	0	1024	GENERIC	3.99079
create-batch-K1-total[ms]	29	3072	0	1024	GENERIC	12.55395
create-batch-K1[ns]	29	3072	0	1024	CLMUL	7.45280
create-batch-K1-total[ms]	29	3072	0	1024	CLMUL	23.44448
create-batch-K1[ns]	29	3072	0	1024	CLMUL_TRI	4.49925
create-batch-K1-total[ms]	29	3072	0	1024	CLMUL_TRI	14.15342
create-batch-K2[ns]	29	3072	0	1024	GENERIC	2.31523
create-batch-K2-total[ms]	29	3072	0	1024	GENERIC	7.28308
create-batch-K2[ns]	29	3072	0	1024	CLMUL	4.06055
create-batch-K2-total[ms]	29	3072	0	1024	CLMUL	12.77340
create-batch-K2[ns]	29	3072	0	1024	CLMUL_TRI	2.32362
create-batch-K2-total[ms]	29	3072	0	1024	CLMUL_TRI	7.30946
create-batch-K4[ns]	29	3072	0	1024	GENERIC	2.13438
create-batch-K4-total[ms]	29	3072	0	1024	GENERIC	6.71417
create-batch-K4[ns]	29	3072	0	1024	CLMUL	3.22230
create-batch-K4-total[ms]	29	3072	0	1024	CLMUL	10.13647
create-batch-K4[ns]	29	3072	0	1024	CLMUL_TRI	1.97632
create-batch-K4-total[ms]	29	3072	0	1024	CLMUL_TRI	6.21696
create-batch-K8[ns]	29	3072	0	1024	GENERIC	2.10080
create-batch-K8-total[ms]	29	3072	0	1024	GENERIC	6.60854
create-batch-K8[ns]	29	3072	0	1024	CLMUL	2.43905
create-batch-K8-total[ms]	29	3072	0	1024	CLMUL	7.67258
create-batch-K8[ns]	29	3072	0	1024	CLMUL_TRI	1.92606
create-batch-K8-total[ms]	29	3072	0	1024	CLMUL_TRI	6.05886
create-batch-K1[ns]	29	3072	0	2048	GENERIC	3.99000
create-batch-K1-total[ms]	29	3072	0	2048	GENERIC	25.10289
create-batch-K1[ns]	29	3072	0	2048	CLMUL	7.45297
create-batch-K1-total[ms]	29	3072	0	2048	CLMUL	46.89005
create-batch-K1[ns]	29	3072	0	2048	CLMUL_TRI	4.49929
create-batch-K1-total[ms]	29	3072	0	2048	CLMUL_TRI	28.30710
create-batch-K2[ns]	29	3072	0	2048	GENERIC	2.31551
create-batch-K2-total[ms]	29	3072	0	2048	GENERIC	14.56792
create-batch-K2[ns]	29	3072	0	2048	CLMUL	4.05986
create-batch-K2-total[ms]	29	3072	0	2048	CLMUL	25.54242
create-batch-K2[ns]	29	3072	0	2048	CLMUL_TRI	2.32236
create-batch-K2-total[ms]	29	3072	0	2048	CLMUL_TRI	14.61100
create-batch-K4[ns]	29	3072	0	2048	GENERIC	2.13483
create-batch-K4-total[ms]	29	3072	0	2048	GENERIC	13.43117
create-batch-K4[ns]	29	3072	0	2048	CLMUL	3.22734
create-batch-K4-total[ms]	29	3072	0	2048	CLMUL	20.30470
create-batch-K4[ns]	29	3072	0	2048	CLMUL_TRI	1.97646
create-batch-K4-total[ms]	29	3072	0	2048	CLMUL_TRI	12.43483
create-batch-K8[ns]	29	3072	0	2048	GENERIC	2.10098
create-batch-K8-total[ms]	29	3072	0	2048	GENERIC	13.21822
create-batch-K8[ns]	29	3072	0	2048	CLMUL	2.44999
create-batch-K8-total[ms]	29	3072	0	2048	CLMUL	15.41398
create-batch-K8[ns]	29	3072	0	2048	CLMUL_TRI	1.92435
create-batch-K8-total[ms]	29	3072	0	2048	CLMUL_TRI	12.10696
create-batch-K1[ns]	29	3072	0	4096	GENERIC	3.98879
create-batch-K1-total[ms]	29	3072	0	4096	GENERIC	50.19062
create-batch-K1[ns]	29	3072	0	4096	CLMUL	7.45329
create-batch-K1-total[ms]	29	3072	0	4096	CLMUL	93.78408
create-batch-K1[ns]	29	3072	0	4096	CLMUL_TRI	4.49932
create-batch-K1-total[ms]	29	3072	0	4096	CLMUL_TRI	56.61460
create-batch-K2[ns]	29	3072	0	4096	GENERIC	2.31585
create-batch-K2-total[ms]	29	3072	0	4096	GENERIC	29.14012
create-batch-K2[ns]	29	3072	0	4096	CLMUL	4.06494
create-batch-K2-total[ms]	29	3072	0	4096	CLMUL	51.14877
create-batch-K2[ns]	29	3072	0	4096	CLMUL_TRI	2.32538
create-batch-K2-total[ms]	29	3072	0	4096	CLMUL_TRI	29.26011
create-batch-K4[ns]	29	3072	0	4096	GENERIC	2.13474
create-batch-K4-total[ms]	29	3072	0	4096	GENERIC	26.86125
create-batch-K4[ns]	29	3072	0	4096	CLMUL	3.13729
create-batch-K4-total[ms]	29	3072	0	4096	CLMUL	39.47619
create-batch-K4[ns]	29	3072	0	4096	CLMUL_TRI	1.98017
create-batch-K4-total[ms]	29	3072	0	4096	CLMUL_TRI	24.91626
create-batch-K8[ns]	29	3072	0	4096	GENERIC	2.10100
create-batch-K8-total[ms]	29	3072	0	4096	GENERIC	26.43673
create-batch-K8[ns]	29	3072	0	4096	CLMUL	2.45836
create-batch-K8-total[ms]	29	3072	0	4096	CLMUL	30.93335
create-batch-K8[ns]	29	3072	0	4096	CLMUL_TRI	1.92597
create-batch-K8-total[ms]	29	3072	0	4096	CLMUL_TRI	24.23434
create-batch-K1[ns]	29	3072	0	8192	GENERIC	3.98930
create-batch-K1-total[ms]	29	3072	0	8192	GENERIC	100.39405
create-batch-K1[ns]	29	3072	0	8192	CLMUL	7.45317
create-batch-K1-total[ms]	29	3072	0	8192	CLMUL	187.56511
create-batch-K1[ns]	29	3072	0	8192	CLMUL_TRI	4.49934
create-batch-K1-total[ms]	29	3072	0	8192	CLMUL_TRI	113.22958
create-batch-K2[ns]	29	3072	0	8192	GENERIC	2.31641
create-batch-K2-total[ms]	29	3072	0	8192	GENERIC	58.29440
create-batch-K2[ns]	29	3072	0	8192	CLMUL	4.06541
create-batch-K2-total[ms]	29	3072	0	8192	CLMUL	102.30935
create-batch-K2[ns]	29	3072	0	8192	CLMUL_TRI	2.32630
create-batch-K2-total[ms]	29	3072	0	8192	CLMUL_TRI	58.54323
create-batch-K4[ns]	29	3072	0	8192	GENERIC	2.13469
create-batch-K4-total[ms]	29	3072	0	8192	GENERIC	53.72132
create-batch-K4[ns]	29	3072	0	8192	CLMUL	3.13719
create-batch-K4-total[ms]	29	3072	0	8192	CLMUL	78.95006
create-batch-K4[ns]	29	3072	0	8192	CLMUL_TRI	1.98012
create-batch-K4-total[ms]	29	3072	0	8192	CLMUL_TRI	49.83128
create-batch-K8[ns]	29	3072	0	8192	GENERIC	2.10109
create-batch-K8-total[ms]	29	3072	0	8192	GENERIC	52.87561
create-batch-K8[ns]	29	3072	0	8192	CLMUL	2.46322
create-batch-K8-total[ms]	29	3072	0	8192	CLMUL	61.98892
create-batch-K8[ns]	29	3072	0	8192	CLMUL_TRI	1.92508
create-batch-K8-total[ms]	29	3072	0	8192	CLMUL_TRI	48.44617
create-batch-K1[ns]	29	4096	0	16	GENERIC	4.03110
create-batch-K1-total[ms]	29	4096	0	16	GENERIC	0.26418
create-batch-K1[ns]	29	4096	0	16	CLMUL	7.45131
create-batch-K1-total[ms]	29	4096	0	16	CLMUL	0.48833
create-batch-K1[ns]	29	4096	0	16	CLMUL_TRI	4.49799
create-batch-K1-total[ms]	29	4096	0	16	CLMUL_TRI	0.29478
create-batch-K2[ns]	29	4096	0	16	GENERIC	2.27802
create-batch-K2-total[ms]	29	4096	0	16	GENERIC	0.14929
create-batch-K2[ns]	29	4096	0	16	CLMUL	4.00047
create-batch-K2-total[ms]	29	4096	0	16	CLMUL	0.26217
create-batch-K2[ns]	29	4096	0	16	CLMUL_TRI	2.31412
create-batch-K2-total[ms]	29	4096	0	16	CLMUL_TRI	0.15166
create-batch-K4[ns]	29	4096	0	16	GENERIC	2.13078
create-batch-K4-total[ms]	29	4096	0	16	GENERIC	0.13964
create-batch-K4[ns]	29	4096	0	16	CLMUL	3.08638
create-batch-K4-total[ms]	29	4096	0	16	CLMUL	0.20227
create-batch-K4[ns]	29	4096	0	16	CLMUL_TRI	1.97626
create-batch-K4-total[ms]	29	4096	0	16	CLMUL_TRI	0.12952
create-batch-K8[ns]	29	4096	0	16	GENERIC	2.09795
create-batch-K8-total[ms]	29	4096	0	16	GENERIC	0.13749
create-batch-K8[ns]	29	4096	0	16	CLMUL	2.37018
create-batch-K8-total[ms]	29	4096	0	16	CLMUL	0.15533
create-batch-K8[ns]	29	4096	0	16	CLMUL_TRI	1.91391
create-batch-K8-total[ms]	29	4096	0	16	CLMUL_TRI	0.12543
create-batch-K1[ns]	29	4096	0	64	GENERIC	3.99211
create-batch-K1-total[ms]	29	4096	0	64	GENERIC	1.04651
create-batch-K1[ns]	29	4096	0	64	CLMUL	7.45095
create-batch-K1-total[ms]	29	4096	0	64	CLMUL	1.95322
create-batch-K1[ns]	29	4096	0	64	CLMUL_TRI	4.49766
create-batch-K1-total[ms]	29	4096	0	64	CLMUL_TRI	1.17903
create-batch-K2[ns]	29	4096	0	64	GENERIC	2.28230
create-batch-K2-total[ms]	29	4096	0	64	GENERIC	0.59829
create-batch-K2[ns]	29	4096	0	64	CLMUL	4.01915
create-batch-K2-total[ms]	29	4096	0	64	CLMUL	1.05360
create-batch-K2[ns]	29	4096	0	64	CLMUL_TRI	2.31723
create-batch-K2-total[ms]	29	4096	0	64	CLMUL_TRI	0.60745
create-batch-K4[ns]	29	4096	0	64	GENERIC	2.13065
create-batch-K4-total[ms]	29	4096	0	64	GENERIC	0.55854
create-batch-K4[ns]	29	4096	0	64	CLMUL	3.10102
create-batch-K4-total[ms]	29	4096	0	64	CLMUL	0.81291
create-batch-K4[ns]	29	4096	0	64	CLMUL_TRI	1.97572
create-batch-K4-total[ms]	29	4096	0	64	CLMUL_TRI	0.51792
create-batch-K8[ns]	29	4096	0	64	GENERIC	2.09756
create-batch-K8-total[ms]	29	4096	0	64	GENERIC	0.54986
create-batch-K8[ns]	29	4096	0	64	CLMUL	2.41559
create-batch-K8-total[ms]	29	4096	0	64	CLMUL	0.63323
create-batch-K8[ns]	29	4096	0	64	CLMUL_TRI	1.92694
create-batch-K8-total[ms]	29	4096	0	64	CLMUL_TRI	0.50514
create-batch-K1[ns]	29	4096	0	128	GENERIC	3.98901
create-batch-K1-total[ms]	29	4096	0	128	GENERIC	2.09139
create-batch-K1[ns]	29	4096	0	128	CLMUL	7.45414
create-batch-K1-total[ms]	29	4096	0	128	CLMUL	3.90812
create-batch-K1[ns]	29	4096	0	128	CLMUL_TRI	4.49765
create-batch-K1-total[ms]	29	4096	0	128	CLMUL_TRI	2.35806
create-batch-K2[ns]	29	4096	0	128	GENERIC	2.28203
create-batch-K2-total[ms]	29	4096	0	128	GENERIC	1.19644
create-batch-K2[ns]	29	4096	0	128	CLMUL	4.03016
create-batch-K2-total[ms]	29	4096	0	128	CLMUL	2.11297
create-batch-K2[ns]	29	4096	0	128	CLMUL_TRI	2.31727
create-batch-K2-total[ms]	29	4096	0	128	CLMUL_TRI	1.21492
create-batch-K4[ns]	29	4096	0	128	GENERIC	2.13055
create-batch-K4-total[ms]	29	4096	0	128	GENERIC	1.11702
create-batch-K4[ns]	29	4096	0	128	CLMUL	3.10536
create-batch-K4-total[ms]	29	4096	0	128	CLMUL	1.62810
create-batch-K4[ns]	29	4096	0	128	CLMUL_TRI	1.97288
create-batch-K4-total[ms]	29	4096	0	128	CLMUL_TRI	1.03436
create-batch-K8[ns]	29	4096	0	128	GENERIC	2.09753
create-batch-K8-total[ms]	29	4096	0	128	GENERIC	1.09971
create-batch-K8[ns]	29	4096	0	128	CLMUL	2.40434
create-batch-K8-total[ms]	29	4096	0	128	CLMUL	1.26057
create-batch-K8[ns]	29	4096	0	128	CLMUL_TRI	1.92661
create-batch-K8-total[ms]	29	4096	0	128	CLMUL_TRI	1.01010
create-batch-K1[ns]	29	4096	0	512	GENERIC	3.98628
create-batch-K1-total[ms]	29	4096	0	512	GENERIC	8.35984
create-batch-K1[ns]	29	4096	0	512	CLMUL	7.45317
create-batch-K1-total[ms]	29	4096	0	512	CLMUL	15.63044
create-batch-K1[ns]	29	4096	0	512	CLMUL_TRI	4.49915
create-batch-K1-total[ms]	29	4096	0	512	CLMUL_TRI	9.43539
create-batch-K2[ns]	29	4096	0	512	GENERIC	2.28334
create-batch-K2-total[ms]	29	4096	0	512	GENERIC	4.78852
create-batch-K2[ns]	29	4096	0	512	CLMUL	4.04608
create-batch-K2-total[ms]	29	4096	0	512	CLMUL	8.48524
create-batch-K2[ns]	29	4096	0	512	CLMUL_TRI	2.32045
create-batch-K2-total[ms]	29	4096	0	512	CLMUL_TRI	4.86633
create-batch-K4[ns]	29	4096	0	512	GENERIC	2.13144
create-batch-K4-total[ms]	29	4096	0	512	GENERIC	4.46995
create-batch-K4[ns]	29	4096	0	512	CLMUL	3.12029
create-batch-K4-total[ms]	29	4096	0	512	CLMUL	6.54371
create-batch-K4[ns]	29	4096	0	512	CLMUL_TRI	1.97469
create-batch-K4-total[ms]	29	4096	0	512	CLMUL_TRI	4.14122
create-batch-K8[ns]	29	4096	0	512	GENERIC	2.09830
create-batch-K8-total[ms]	29	4096	0	512	GENERIC	4.40046
create-batch-K8[ns]	29	4096	0	512	CLMUL	2.45893
create-batch-K8-total[ms]	29	4096	0	512	CLMUL	5.15675
create-batch-K8[ns]	29	4096	0	512	CLMUL_TRI	1.92280
create-batch-K8-total[ms]	29	4096	0	512	CLMUL_TRI	4.03240
create-batch-K1[ns]	29	4096	0	1024	GENERIC	3.98788
create-batch-K1-total[ms]	29	4096	0	1024	GENERIC	16.72638
create-batch-K1[ns]	29	4096	0	1024	CLMUL	7.45373
create-batch-K1-total[ms]	29	4096	0	1024	CLMUL	31.26321
create-batch-K1[ns]	29	4096	0	1024	CLMUL_TRI	4.49955
create-batch-K1-total[ms]	29	4096	0	1024	CLMUL_TRI	18.87247
create-batch-K2[ns]	29	4096	0	1024	GENERIC	2.28345
create-batch-K2-total[ms]	29	4096	0	1024	GENERIC	9.57747
create-batch-K2[ns]	29	4096	0	1024	CLMUL	4.05745
create-batch-K2-total[ms]	29	4096	0	1024	CLMUL	17.01817
create-batch-K2[ns]	29	4096	0	1024	CLMUL_TRI	2.32349
create-batch-K2-total[ms]	29	4096	0	1024	CLMUL_TRI	9.74543
create-batch-K4[ns]	29	4096	0	1024	GENERIC	2.13131
create-batch-K4-total[ms]	29	4096	0	1024	GENERIC	8.93934
create-batch-K4[ns]	29	4096	0	1024	CLMUL	3.12604
create-batch-K4-total[ms]	29	4096	0	1024	CLMUL	13.11156
create-batch-K4[ns]	29	4096	0	1024	CLMUL_TRI	1.97587
create-batch-K4-total[ms]	29	4096	0	1024	CLMUL_TRI	8.28738
create-batch-K8[ns]	29	4096	0	1024	GENERIC	2.09825
create-batch-K8-total[ms]	29	4096	0	1024	GENERIC	8.80069
create-batch-K8[ns]	29	4096	0	1024	CLMUL	2.46075
create-batch-K8-total[ms]	29	4096	0	1024	CLMUL	10.32114
create-batch-K8[ns]	29	4096	0	1024	CLMUL_TRI	1.92158
create-batch-K8-total[ms]	29	4096	0	1024	CLMUL_TRI	8.05971
create-batch-K1[ns]	29	4096	0	2048	GENERIC	3.98651
create-batch-K1-total[ms]	29	4096	0	2048	GENERIC	33.44125
create-batch-K1[ns]	29	4096	0	2048	CLMUL	7.45384
create-batch-K1-total[ms]	29	4096	0	2048	CLMUL	62.52731
create-batch-K1[ns]	29	4096	0	2048	CLMUL_TRI	4.49943
create-batch-K1-total[ms]	29	4096	0	2048	CLMUL_TRI	37.74392
create-batch-K2[ns]	29	4096	0	2048	GENERIC	2.28734
create-batch-K2-total[ms]	29	4096	0	2048	GENERIC	19.18757
create-batch-K2[ns]	29	4096	0	2048	CLMUL	4.05803
create-batch-K2-total[ms]	29	4096	0	2048	CLMUL	34.04118
create-batch-K2[ns]	29	4096	0	2048	CLMUL_TRI	2.32238
create-batch-K2-total[ms]	29	4096	0	2048	CLMUL_TRI	19.48157
create-batch-K4[ns]	29	4096	0	2048	GENERIC	2.13133
create-batch-K4-total[ms]	29	4096	0	2048	GENERIC	17.87893
create-batch-K4[ns]	29	4096	0	2048	CLMUL	3.13311
create-batch-K4-total[ms]	29	4096	0	2048	CLMUL	26.28244
create-batch-K4[ns]	29	4096	0	2048	CLMUL_TRI	1.97918
create-batch-K4-total[ms]	29	4096	0	2048	CLMUL_TRI	16.60256
create-batch-K8[ns]	29	4096	0	2048	GENERIC	2.09824
create-batch-K8-total[ms]	29	4096	0	2048	GENERIC	17.60134
create-batch-K8[ns]	29	4096	0	2048	CLMUL	2.46068
create-batch-K8-total[ms]	29	4096	0	2048	CLMUL	20.64164
create-batch-K8[ns]	29	4096	0	2048	CLMUL_TRI	1.92449
create-batch-K8-total[ms]	29	4096	0	2048	CLMUL_TRI	16.14378
create-batch-K1[ns]	29	4096	0	4096	GENERIC	3.98644
create-batch-K1-total[ms]	29	4096	0	4096	GENERIC	66.88139
create-batch-K1[ns]	29	4096	0	4096	CLMUL	7.45388
create-batch-K1-total[ms]	29	4096	0	4096	CLMUL	125.05541
create-batch-K1[ns]	29	4096	0	4096	CLMUL_TRI	4.49942
create-batch-K1-total[ms]	29	4096	0	4096	CLMUL_TRI	75.48775
create-batch-K2[ns]	29	4096	0	4096	GENERIC	2.28511
create-batch-K2-total[ms]	29	4096	0	4096	GENERIC	38.33785
create-batch-K2[ns]	29	4096	0	4096	CLMUL	4.06517
create-batch-K2-total[ms]	29	4096	0	4096	CLMUL	68.20228
create-batch-K2[ns]	29	4096	0	4096	CLMUL_TRI	2.32312
create-batch-K2-total[ms]	29	4096	0	4096	CLMUL_TRI	38.97543
create-batch-K4[ns]	29	4096	0	4096	GENERIC	2.13147
create-batch-K4-total[ms]	29	4096	0	4096	GENERIC	35.76007
create-batch-K4[ns]	29	4096	0	4096	CLMUL	3.14095
create-batch-K4-total[ms]	29	4096	0	4096	CLMUL	52.69638
create-batch-K4[ns]	29	4096	0	4096	CLMUL_TRI	1.97867
create-batch-K4-total[ms]	29	4096	0	4096	CLMUL_TRI	33.19649
create-batch-K8[ns]	29	4096	0	4096	GENERIC	2.09832
create-batch-K8-total[ms]	29	4096	0	4096	GENERIC	35.20404
create-batch-K8[ns]	29	4096	0	4096	CLMUL	2.45882
create-batch-K8-total[ms]	29	4096	0	4096	CLMUL	41.25214
create-batch-K8[ns]	29	4096	0	4096	CLMUL_TRI	1.92554
create-batch-K8-total[ms]	29	4096	0	4096	CLMUL_TRI	32.30528
create-batch-K1[ns]	29	4096	0	8192	GENERIC	3.98701
create-batch-K1-total[ms]	29	4096	0	8192	GENERIC	133.78173
create-batch-K1[ns]	29	4096	0	8192	CLMUL	7.45416
create-batch-K1-total[ms]	29	4096	0	8192	CLMUL	250.12004
create-batch-K1[ns]	29	4096	0	8192	CLMUL_TRI	4.49937
create-batch-K1-total[ms]	29	4096	0	8192	CLMUL_TRI	150.97397
create-batch-K2[ns]	29	4096	0	8192	GENERIC	2.28436
create-batch-K2-total[ms]	29	4096	0	8192	GENERIC	76.65038
create-batch-K2[ns]	29	4096	0	8192	CLMUL	4.06585
create-batch-K2-total[ms]	29	4096	0	8192	CLMUL	136.42743
create-batch-K2[ns]	29	4096	0	8192	CLMUL_TRI	2.32302
create-batch-K2-total[ms]	29	4096	0	8192	CLMUL_TRI	77.94759
create-batch-K4[ns]	29	4096	0	8192	GENERIC	2.13145
create-batch-K4-total[ms]	29	4096	0	8192	GENERIC	71.51973
create-batch-K4[ns]	29	4096	0	8192	CLMUL	3.13716
create-batch-K4-total[ms]	29	4096	0	8192	CLMUL	105.26577
create-batch-K4[ns]	29	4096	0	8192	CLMUL_TRI	1.97983
create-batch-K4-total[ms]	29	4096	0	8192	CLMUL_TRI	66.43211
create-batch-K8[ns]	29	4096	0	8192	GENERIC	2.09829
create-batch-K8-total[ms]	29	4096	0	8192	GENERIC	70.40696
create-batch-K8[ns]	29	4096	0	8192	CLMUL	2.46108
create-batch-K8-total[ms]	29	4096	0	8192	CLMUL	82.58031
create-batch-K8[ns]	29	4096	0	8192	CLMUL_TRI	1.92496
create-batch-K8-total[ms]	29	4096	0	8192	CLMUL_TRI	64.59087
create-batch-K1[ns]	29	5120	0	16	GENERIC	4.02212
create-batch-K1-total[ms]	29	5120	0	16	GENERIC	0.32949
create-batch-K1[ns]	29	5120	0	16	CLMUL	7.45181
create-batch-K1-total[ms]	29	5120	0	16	CLMUL	0.61045
create-batch-K1[ns]	29	5120	0	16	CLMUL_TRI	4.49792
create-batch-K1-total[ms]	29	5120	0	16	CLMUL_TRI	0.36847
create-batch-K2[ns]	29	5120	0	16	GENERIC	2.28242
create-batch-K2-total[ms]	29	5120	0	16	GENERIC	0.18698
create-batch-K2[ns]	29	5120	0	16	CLMUL	3.93627
create-batch-K2-total[ms]	29	5120	0	16	CLMUL	0.32246
create-batch-K2[ns]	29	5120	0	16	CLMUL_TRI	2.31417
create-batch-K2-total[ms]	29	5120	0	16	CLMUL_TRI	0.18958
create-batch-K4[ns]	29	5120	0	16	GENERIC	2.12878
create-batch-K4-total[ms]	29	5120	0	16	GENERIC	0.17439
create-batch-K4[ns]	29	5120	0	16	CLMUL	3.08583
create-batch-K4-total[ms]	29	5120	0	16	CLMUL	0.25279
create-batch-K4[ns]	29	5120	0	16	CLMUL_TRI	1.95383
create-batch-K4-total[ms]	29	5120	0	16	CLMUL_TRI	0.16006
create-batch-K8[ns]	29	5120	0	16	GENERIC	2.09614
create-batch-K8-total[ms]	29	5120	0	16	GENERIC	0.17172
create-batch-K8[ns]	29	5120	0	16	CLMUL	2.38049
create-batch-K8-total[ms]	29	5120	0	16	CLMUL	0.19501
create-batch-K8[ns]	29	5120	0	16	CLMUL_TRI	1.91550
create-batch-K8-total[ms]	29	5120	0	16	CLMUL_TRI	0.15692
create-batch-K1[ns]	29	5120	0	64	GENERIC	3.99047
create-batch-K1-total[ms]	29	5120	0	64	GENERIC	1.30760
create-batch-K1[ns]	29	5120	0	64	CLMUL	7.45145
create-batch-K1-total[ms]	29	5120	0	64	CLMUL	2.44169
create-batch-K1[ns]	29	5120	0	64	CLMUL_TRI	4.49763
create-batch-K1-total[ms]	29	5120	0	64	CLMUL_TRI	1.47378
create-batch-K2[ns]	29	5120	0	64	GENERIC	2.27841
create-batch-K2-total[ms]	29	5120	0	64	GENERIC	0.74659
create-batch-K2[ns]	29	5120	0	64	CLMUL	4.00007
create-batch-K2-total[ms]	29	5120	0	64	CLMUL	1.31074
create-batch-K2[ns]	29	5120	0	64	CLMUL_TRI	2.31714
create-batch-K2-total[ms]	29	5120	0	64	CLMUL_TRI	0.75928
create-batch-K4[ns]	29	5120	0	64	GENERIC	2.12855
create-batch-K4-total[ms]	29	5120	0	64	GENERIC	0.69748
create-batch-K4[ns]	29	5120	0	64	CLMUL	3.10759
create-batch-K4-total[ms]	29	5120	0	64	CLMUL	1.01830
create-batch-K4[ns]	29	5120	0	64	CLMUL_TRI	1.96994
create-batch-K4-total[ms]	29	5120	0	64	CLMUL_TRI	0.64551
create-batch-K8[ns]	29	5120	0	64	GENERIC	2.09571
create-batch-K8-total[ms]	29	5120	0	64	GENERIC	0.68672
create-batch-K8[ns]	29	5120	0	64	CLMUL	2.36642
create-batch-K8-total[ms]	29	5120	0	64	CLMUL	0.77543
create-batch-K8[ns]	29	5120	0	64	CLMUL_TRI	1.92211
create-batch-K8-total[ms]	29	5120	0	64	CLMUL_TRI	0.62984
create-batch-K1[ns]	29	5120	0	128	GENERIC	3.98492
create-batch-K1-total[ms]	29	5120	0	128	GENERIC	2.61156
create-batch-K1[ns]	29	5120	0	128	CLMUL	7.45393
create-batch-K1-total[ms]	29	5120	0	128	CLMUL	4.88501
create-batch-K1[ns]	29	5120	0	128	CLMUL_TRI	4.49764
create-batch-K1-total[ms]	29	5120	0	128	CLMUL_TRI	2.94758
create-batch-K2[ns]	29	5120	0	128	GENERIC	2.27946
create-batch-K2-total[ms]	29	5120	0	128	GENERIC	1.49387
create-batch-K2[ns]	29	5120	0	128	CLMUL	4.02007
create-batch-K2-total[ms]	29	5120	0	128	CLMUL	2.63460
create-batch-K2[ns]	29	5120	0	128	CLMUL_TRI	2.31405
create-batch-K2-total[ms]	29	5120	0	128	CLMUL_TRI	1.51654
create-batch-K4[ns]	29	5120	0	128	GENERIC	2.12861
create-batch-K4-total[ms]	29	5120	0	128	GENERIC	1.39501
create-batch-K4[ns]	29	5120	0	128	CLMUL	3.11237
create-batch-K4-total[ms]	29	5120	0	128	CLMUL	2.03972
create-batch-K4[ns]	29	5120	0	128	CLMUL_TRI	1.97231
create-batch-K4-total[ms]	29	5120	0	128	CLMUL_TRI	1.29257
create-batch-K8[ns]	29	5120	0	128	GENERIC	2.09569
create-batch-K8-total[ms]	29	5120	0	128	GENERIC	1.37343
create-batch-K8[ns]	29	5120	0	128	CLMUL	2.38943
create-batch-K8-total[ms]	29	5120	0	128	CLMUL	1.56594
create-batch-K8[ns]	29	5120	0	128	CLMUL_TRI	1.92210
create-batch-K8-total[ms]	29	5120	0	128	CLMUL_TRI	1.25967
create-batch-K1[ns]	29	5120	0	512	GENERIC	3.98703
create-batch-K1-total[ms]	29	5120	0	512	GENERIC	10.45177
create-batch-K1[ns]	29	5120	0	512	CLMUL	7.45439
create-batch-K1-total[ms]	29	5120	0	512	CLMUL	19.54123
create-batch-K1[ns]	29	5120	0	512	CLMUL_TRI	4.49946
create-batch-K1-total[ms]	29	5120	0	512	CLMUL_TRI	11.79506
create-batch-K2[ns]	29	5120	0	512	GENERIC	2.28528
create-batch-K2-total[ms]	29	5120	0	512	GENERIC	5.99072
create-batch-K2[ns]	29	5120	0	512	CLMUL	4.05343
create-batch-K2-total[ms]	29	5120	0	512	CLMUL	10.62581
create-batch-K2[ns]	29	5120	0	512	CLMUL_TRI	2.32194
create-batch-K2-total[ms]	29	5120	0	512	CLMUL_TRI	6.08682
create-batch-K4[ns]	29	5120	0	512	GENERIC	2.12925
create-batch-K4-total[ms]	29	5120	0	512	GENERIC	5.58170
create-batch-K4[ns]	29	5120	0	512	CLMUL	3.12573
create-batch-K4-total[ms]	29	5120	0	512	CLMUL	8.19390
create-batch-K4[ns]	29	5120	0	512	CLMUL_TRI	1.97180
create-batch-K4-total[ms]	29	5120	0	512	CLMUL_TRI	5.16897
create-batch-K8[ns]	29	5120	0	512	GENERIC	2.09620
create-batch-K8-total[ms]	29	5120	0	512	GENERIC	5.49507
create-batch-K8[ns]	29	5120	0	512	CLMUL	2.44148
create-batch-K8-total[ms]	29	5120	0	512	CLMUL	6.40020
create-batch-K8[ns]	29	5120	0	512	CLMUL_TRI	1.92328
create-batch-K8-total[ms]	29	5120	0	512	CLMUL_TRI	5.04176
create-batch-K1[ns]	29	5120	0	1024	GENERIC	3.98761
create-batch-K1-total[ms]	29	5120	0	1024	GENERIC	20.90656
create-batch-K1[ns]	29	5120	0	1024	CLMUL	7.45428
create-batch-K1-total[ms]	29	5120	0	1024	CLMUL	39.08190
create-batch-K1[ns]	29	5120	0	1024	CLMUL_TRI	4.49941
create-batch-K1-total[ms]	29	5120	0	1024	CLMUL_TRI	23.58986
create-batch-K2[ns]	29	5120	0	1024	GENERIC	2.28328
create-batch-K2-total[ms]	29	5120	0	1024	GENERIC	11.97097
create-batch-K2[ns]	29	5120	0	1024	CLMUL	4.05763
create-batch-K2-total[ms]	29	5120	0	1024	CLMUL	21.27364
create-batch-K2[ns]	29	5120	0	1024	CLMUL_TRI	2.32398
create-batch-K2-total[ms]	29	5120	0	1024	CLMUL_TRI	12.18437
create-batch-K4[ns]	29	5120	0	1024	GENERIC	2.12931
create-batch-K4-total[ms]	29	5120	0	1024	GENERIC	11.16373
create-batch-K4[ns]	29	5120	0	1024	CLMUL	3.13188
create-batch-K4-total[ms]	29	5120	0	1024	CLMUL	16.42009
create-batch-K4[ns]	29	5120	0	1024	CLMUL_TRI	1.97491
create-batch-K4-total[ms]	29	5120	0	1024	CLMUL_TRI	10.35424
create-batch-K8[ns]	29	5120	0	1024	GENERIC	2.09625
create-batch-K8-total[ms]	29	5120	0	1024	GENERIC	10.99039
create-batch-K8[ns]	29	5120	0	1024	CLMUL	2.44874
create-batch-K8-total[ms]	29	5120	0	1024	CLMUL	12.83843
create-batch-K8[ns]	29	5120	0	1024	CLMUL_TRI	1.92470
create-batch-K8-total[ms]	29	5120	0	1024	CLMUL_TRI	10.09096
create-batch-K1[ns]	29	5120	0	2048	GENERIC	3.98624
create-batch-K1-total[ms]	29	5120	0	2048	GENERIC	41.79872
create-batch-K1[ns]	29	5120	0	2048	CLMUL	7.45440
create-batch-K1-total[ms]	29	5120	0	2048	CLMUL	78.16500
create-batch-K1[ns]	29	5120	0	2048	CLMUL_TRI	4.49981
create-batch-K1-total[ms]	29	5120	0	2048	CLMUL_TRI	47.18392
create-batch-K2[ns]	29	5120	0	2048	GENERIC	2.28327
create-batch-K2-total[ms]	29	5120	0	2048	GENERIC	23.94186
create-batch-K2[ns]	29	5120	0	2048	CLMUL	4.05927
create-batch-K2-total[ms]	29	5120	0	2048	CLMUL	42.56458
create-batch-K2[ns]	29	5120	0	2048	CLMUL_TRI	2.32337
create-batch-K2-total[ms]	29	5120	0	2048	CLMUL_TRI	24.36233
create-batch-K4[ns]	29	5120	0	2048	GENERIC	2.12944
create-batch-K4-total[ms]	29	5120	0	2048	GENERIC	22.32879
create-batch-K4[ns]	29	5120	0	2048	CLMUL	3.13438
create-batch-K4-total[ms]	29	5120	0	2048	CLMUL	32.86633
create-batch-K4[ns]	29	5120	0	2048	CLMUL_TRI	1.97464
create-batch-K4-total[ms]	29	5120	0	2048	CLMUL_TRI	20.70555
create-batch-K8[ns]	29	5120	0	2048	GENERIC	2.09664
create-batch-K8-total[ms]	29	5120	0	2048	GENERIC	21.98484
create-batch-K8[ns]	29	5120	0	2048	CLMUL	2.45704
create-batch-K8-total[ms]	29	5120	0	2048	CLMUL	25.76392
create-batch-K8[ns]	29	5120	0	2048	CLMUL_TRI	1.92574
create-batch-K8-total[ms]	29	5120	0	2048	CLMUL_TRI	20.19286
create-batch-K1[ns]	29	5120	0	4096	GENERIC	3.98628
create-batch-K1-total[ms]	29	5120	0	4096	GENERIC	83.59843
create-batch-K1[ns]	29	5120	0	4096	CLMUL	7.45463
create-batch-K1-total[ms]	29	5120	0	4096	CLMUL	156.33494
create-batch-K1[ns]	29	5120	0	4096	CLMUL_TRI	4.49948
create-batch-K1-total[ms]	29	5120	0	4096	CLMUL_TRI	94.36102
create-batch-K2[ns]	29	5120	0	4096	GENERIC	2.28458
create-batch-K2-total[ms]	29	5120	0	4096	GENERIC	47.91108
create-batch-K2[ns]	29	5120	0	4096	CLMUL	4.06115
create-batch-K2-total[ms]	29	5120	0	4096	CLMUL	85.16859
create-batch-K2[ns]	29	5120	0	4096	CLMUL_TRI	2.32377
create-batch-K2-total[ms]	29	5120	0	4096	CLMUL_TRI	48.73302
create-batch-K4[ns]	29	5120	0	4096	GENERIC	2.12952
create-batch-K4-total[ms]	29	5120	0	4096	GENERIC	44.65918
create-batch-K4[ns]	29	5120	0	4096	CLMUL	3.13125
create-batch-K4-total[ms]	29	5120	0	4096	CLMUL	65.66705
create-batch-K4[ns]	29	5120	0	4096	CLMUL_TRI	1.97761
create-batch-K4-total[ms]	29	5120	0	4096	CLMUL_TRI	41.47354
create-batch-K8[ns]	29	5120	0	4096	GENERIC	2.09643
create-batch-K8-total[ms]	29	5120	0	4096	GENERIC	43.96527
create-batch-K8[ns]	29	5120	0	4096	CLMUL	2.46125
create-batch-K8-total[ms]	29	5120	0	4096	CLMUL	51.61623
create-batch-K8[ns]	29	5120	0	4096	CLMUL_TRI	1.92555
create-batch-K8-total[ms]	29	5120	0	4096	CLMUL_TRI	40.38179
create-batch-K1[ns]	29	5120	0	8192	GENERIC	3.98647
create-batch-K1-total[ms]	29	5120	0	8192	GENERIC	167.20453
create-batch-K1[ns]	29	5120	0	8192	CLMUL	7.45447
create-batch-K1-total[ms]	29	5120	0	8192	CLMUL	312.66298
create-batch-K1[ns]	29	5120	0	8192	CLMUL_TRI	4.49966
create-batch-K1-total[ms]	29	5120	0	8192	CLMUL_TRI	188.72950
create-batch-K2[ns]	29	5120	0	8192	GENERIC	2.28481
create-batch-K2-total[ms]	29	5120	0	8192	GENERIC	95.83179
create-batch-K2[ns]	29	5120	0	8192	CLMUL	4.06309
create-batch-K2-total[ms]	29	5120	0	8192	CLMUL	170.41831
create-batch-K2[ns]	29	5120	0	8192	CLMUL_TRI	2.32381
create-batch-K2-total[ms]	29	5120	0	8192	CLMUL_TRI	97.46760
create-batch-K4[ns]	29	5120	0	8192	GENERIC	2.12953
create-batch-K4-total[ms]	29	5120	0	8192	GENERIC	89.31884
create-batch-K4[ns]	29	5120	0	8192	CLMUL	3.14705
create-batch-K4-total[ms]	29	5120	0	8192	CLMUL	131.99679
create-batch-K4[ns]	29	5120	0	8192	CLMUL_TRI	1.97743
create-batch-K4-total[ms]	29	5120	0	8192	CLMUL_TRI	82.93925
create-batch-K8[ns]	29	5120	0	8192	GENERIC	2.09661
create-batch-K8-total[ms]	29	5120	0	8192	GENERIC	87.93835
create-batch-K8[ns]	29	5120	0	8192	CLMUL	2.45694
create-batch-K8-total[ms]	29	5120	0	8192	CLMUL	103.05153
create-batch-K8[ns]	29	5120	0	8192	CLMUL_TRI	1.92629
create-batch-K8-total[ms]	29	5120	0	8192	CLMUL_TRI	80.79435
create-batch-K1[ns]	29	6144	0	16	GENERIC	3.98271
create-batch-K1-total[ms]	29	6144	0	16	GENERIC	0.39152
create-batch-K1[ns]	29	6144	0	16	CLMUL	7.45203
create-batch-K1-total[ms]	29	6144	0	16	CLMUL	0.73256
create-batch-K1[ns]	29	6144	0	16	CLMUL_TRI	4.49791
create-batch-K1-total[ms]	29	6144	0	16	CLMUL_TRI	0.44216
create-batch-K2[ns]	29	6144	0	16	GENERIC	2.27563
create-batch-K2-total[ms]	29	6144	0	16	GENERIC	0.22370
create-batch-K2[ns]	29	6144	0	16	CLMUL	3.96793
create-batch-K2-total[ms]	29	6144	0	16	CLMUL	0.39006
create-batch-K2[ns]	29	6144	0	16	CLMUL_TRI	2.31646
create-batch-K2-total[ms]	29	6144	0	16	CLMUL_TRI	0.22772
create-batch-K4[ns]	29	6144	0	16	GENERIC	2.12755
create-batch-K4-total[ms]	29	6144	0	16	GENERIC	0.20915
create-batch-K4[ns]	29	6144	0	16	CLMUL	3.08483
create-batch-K4-total[ms]	29	6144	0	16	CLMUL	0.30325
create-batch-K4[ns]	29	6144	0	16	CLMUL_TRI	1.96015
create-batch-K4-total[ms]	29	6144	0	16	CLMUL_TRI	0.19269
create-batch-K8[ns]	29	6144	0	16	GENERIC	2.09487
create-batch-K8-total[ms]	29	6144	0	16	GENERIC	0.20593
create-batch-K8[ns]	29	6144	0	16	CLMUL	2.37491
create-batch-K8-total[ms]	29	6144	0	16	CLMUL	0.23346
create-batch-K8[ns]	29	6144	0	16	CLMUL_TRI	1.91384
create-batch-K8-total[ms]	29	6144	0	16	CLMUL_TRI	0.18814
create-batch-K1[ns]	29	6144	0	64	GENERIC	3.98295
create-batch-K1-total[ms]	29	6144	0	64	GENERIC	1.56616
create-batch-K1[ns]	29	6144	0	64	CLMUL	7.45176
create-batch-K1-total[ms]	29	6144	0	64	CLMUL	2.93015
create-batch-K1[ns]	29	6144	0	64	CLMUL_TRI	4.49766
create-batch-K1-total[ms]	29	6144	0	64	CLMUL_TRI	1.76855
create-batch-K2[ns]	29	6144	0	64	GENERIC	2.27922
create-batch-K2-total[ms]	29	6144	0	64	GENERIC	0.89623
create-batch-K2[ns]	29	6144	0	64	CLMUL	4.01996
create-batch-K2-total[ms]	29	6144	0	64	CLMUL	1.58071
create-batch-K2[ns]	29	6144	0	64	CLMUL_TRI	2.31747
create-batch-K2-total[ms]	29	6144	0	64	CLMUL_TRI	0.91126
create-batch-K4[ns]	29	6144	0	64	GENERIC	2.12733
create-batch-K4-total[ms]	29	6144	0	64	GENERIC	0.83650
create-batch-K4[ns]	29	6144	0	64	CLMUL	3.10062
create-batch-K4-total[ms]	29	6144	0	64	CLMUL	1.21921
create-batch-K4[ns]	29	6144	0	64	CLMUL_TRI	1.96632
create-batch-K4-total[ms]	29	6144	0	64	CLMUL_TRI	0.77319
create-batch-K8[ns]	29	6144	0	64	GENERIC	2.09450
create-batch-K8-total[ms]	29	6144	0	64	GENERIC	0.82359
create-batch-K8[ns]	29	6144	0	64	CLMUL	2.41416
create-batch-K8-total[ms]	29	6144	0	64	CLMUL	0.94929
create-batch-K8[ns]	29	6144	0	64	CLMUL_TRI	1.91923
create-batch-K8-total[ms]	29	6144	0	64	CLMUL_TRI	0.75467
create-batch-K1[ns]	29	6144	0	128	GENERIC	3.98544
create-batch-K1-total[ms]	29	6144	0	128	GENERIC	3.13428
create-batch-K1[ns]	29	6144	0	128	CLMUL	7.45390
create-batch-K1-total[ms]	29	6144	0	128	CLMUL	5.86199
create-batch-K1[ns]	29	6144	0	128	CLMUL_TRI	4.49766
create-batch-K1-total[ms]	29	6144	0	128	CLMUL_TRI	3.53710
create-batch-K2[ns]	29	6144	0	128	GENERIC	2.27811
create-batch-K2-total[ms]	29	6144	0	128	GENERIC	1.79158
create-batch-K2[ns]	29	6144	0	128	CLMUL	4.03080
create-batch-K2-total[ms]	29	6144	0	128	CLMUL	3.16995
create-batch-K2[ns]	29	6144	0	128	CLMUL_TRI	2.31559
create-batch-K2-total[ms]	29	6144	0	128	CLMUL_TRI	1.82105
create-batch-K4[ns]	29	6144	0	128	GENERIC	2.12727
create-batch-K4-total[ms]	29	6144	0	128	GENERIC	1.67295
create-batch-K4[ns]	29	6144	0	128	CLMUL	3.11272
create-batch-K4-total[ms]	29	6144	0	128	CLMUL	2.44794
create-batch-K4[ns]	29	6144	0	128	CLMUL_TRI	1.97137
create-batch-K4-total[ms]	29	6144	0	128	CLMUL_TRI	1.55035
create-batch-K8[ns]	29	6144	0	128	GENERIC	2.09446
create-batch-K8-total[ms]	29	6144	0	128	GENERIC	1.64715
create-batch-K8[ns]	29	6144	0	128	CLMUL	2.43269
create-batch-K8-total[ms]	29	6144	0	128	CLMUL	1.91314
create-batch-K8[ns]	29	6144	0	128	CLMUL_TRI	1.92567
create-batch-K8-total[ms]	29	6144	0	128	CLMUL_TRI	1.51441
create-batch-K1[ns]	29	6144	0	512	GENERIC	3.98476
create-batch-K1-total[ms]	29	6144	0	512	GENERIC	12.53498
create-batch-K1[ns]	29	6144	0	512	CLMUL	7.45429
create-batch-K1-total[ms]	29	6144	0	512	CLMUL	23.44917
create-batch-K1[ns]	29	6144	0	512	CLMUL_TRI	4.49913
create-batch-K1-total[ms]	29	6144	0	512	CLMUL_TRI	14.15304
create-batch-K2[ns]	29	6144	0	512	GENERIC	2.28086
create-batch-K2-total[ms]	29	6144	0	512	GENERIC	7.17497
create-batch-K2[ns]	29	6144	0	512	CLMUL	4.05788
create-batch-K2-total[ms]	29	6144	0	512	CLMUL	12.76499
create-batch-K2[ns]	29	6144	0	512	CLMUL_TRI	2.32094
create-batch-K2-total[ms]	29	6144	0	512	CLMUL_TRI	7.30105
create-batch-K4[ns]	29	6144	0	512	GENERIC	2.12778
create-batch-K4-total[ms]	29	6144	0	512	GENERIC	6.69341
create-batch-K4[ns]	29	6144	0	512	CLMUL	3.12791
create-batch-K4-total[ms]	29	6144	0	512	CLMUL	9.83955
create-batch-K4[ns]	29	6144	0	512	CLMUL_TRI	1.97555
create-batch-K4-total[ms]	29	6144	0	512	CLMUL_TRI	6.21453
create-batch-K8[ns]	29	6144	0	512	GENERIC	2.09496
create-batch-K8-total[ms]	29	6144	0	512	GENERIC	6.59016
create-batch-K8[ns]	29	6144	0	512	CLMUL	2.44765
create-batch-K8-total[ms]	29	6144	0	512	CLMUL	7.69963
create-batch-K8[ns]	29	6144	0	512	CLMUL_TRI	1.92502
create-batch-K8-total[ms]	29	6144	0	512	CLMUL_TRI	6.05558
create-batch-K1[ns]	29	6144	0	1024	GENERIC	3.98504
create-batch-K1-total[ms]	29	6144	0	1024	GENERIC	25.07168
create-batch-K1[ns]	29	6144	0	1024	CLMUL	7.45494
create-batch-K1-total[ms]	29	6144	0	1024	CLMUL	46.90242
create-batch-K1[ns]	29	6144	0	1024	CLMUL_TRI	4.49942
create-batch-K1-total[ms]	29	6144	0	1024	CLMUL_TRI	28.30791
create-batch-K2[ns]	29	6144	0	1024	GENERIC	2.28512
create-batch-K2-total[ms]	29	6144	0	1024	GENERIC	14.37675
create-batch-K2[ns]	29	6144	0	1024	CLMUL	4.05370
create-batch-K2-total[ms]	29	6144	0	1024	CLMUL	25.50369
create-batch-K2[ns]	29	6144	0	1024	CLMUL_TRI	2.32118
create-batch-K2-total[ms]	29	6144	0	1024	CLMUL_TRI	14.60361
create-batch-K4[ns]	29	6144	0	1024	GENERIC	2.12806
create-batch-K4-total[ms]	29	6144	0	1024	GENERIC	13.38858
create-batch-K4[ns]	29	6144	0	1024	CLMUL	3.13621
create-batch-K4-total[ms]	29	6144	0	1024	CLMUL	19.73132
create-batch-K4[ns]	29	6144	0	1024	CLMUL_TRI	1.97913
create-batch-K4-total[ms]	29	6144	0	1024	CLMUL_TRI	12.45163
create-batch-K8[ns]	29	6144	0	1024	GENERIC	2.09519
create-batch-K8-total[ms]	29	6144	0	1024	GENERIC	13.18177
create-batch-K8[ns]	29	6144	0	1024	CLMUL	2.46393
create-batch-K8-total[ms]	29	6144	0	1024	CLMUL	15.50172
create-batch-K8[ns]	29	6144	0	1024	CLMUL_TRI	1.92493
create-batch-K8-total[ms]	29	6144	0	1024	CLMUL_TRI	12.11059
create-batch-K1[ns]	29	6144	0	2048	GENERIC	3.98479
create-batch-K1-total[ms]	29	6144	0	2048	GENERIC	50.14030
create-batch-K1[ns]	29	6144	0	2048	CLMUL	7.45493
create-batch-K1-total[ms]	29	6144	0	2048	CLMUL	93.80467
create-batch-K1[ns]	29	6144	0	2048	CLMUL_TRI	4.49947
create-batch-K1-total[ms]	29	6144	0	2048	CLMUL_TRI	56.61642
create-batch-K2[ns]	29	6144	0	2048	GENERIC	2.28215
create-batch-K2-total[ms]	29	6144	0	2048	GENERIC	28.71610
create-batch-K2[ns]	29	6144	0	2048	CLMUL	4.05852
create-batch-K2-total[ms]	29	6144	0	2048	CLMUL	51.06798
create-batch-K2[ns]	29	6144	0	2048	CLMUL_TRI	2.32155
create-batch-K2-total[ms]	29	6144	0	2048	CLMUL_TRI	29.21191
create-batch-K4[ns]	29	6144	0	2048	GENERIC	2.12822
create-batch-K4-total[ms]	29	6144	0	2048	GENERIC	26.77920
create-batch-K4[ns]	29	6144	0	2048	CLMUL	3.12898
create-batch-K4-total[ms]	29	6144	0	2048	CLMUL	39.37168
create-batch-K4[ns]	29	6144	0	2048	CLMUL_TRI	1.97755
create-batch-K4-total[ms]	29	6144	0	2048	CLMUL_TRI	24.88333
create-batch-K8[ns]	29	6144	0	2048	GENERIC	2.09521
create-batch-K8-total[ms]	29	6144	0	2048	GENERIC	26.36388
create-batch-K8[ns]	29	6144	0	2048	CLMUL	2.46003
create-batch-K8-total[ms]	29	6144	0	2048	CLMUL	30.95437
create-batch-K8[ns]	29	6144	0	2048	CLMUL_TRI	1.92512
create-batch-K8-total[ms]	29	6144	0	2048	CLMUL_TRI	24.22367
create-batch-K1[ns]	29	6144	0	4096	GENERIC	3.98526
create-batch-K1-total[ms]	29	6144	0	4096	GENERIC	100.29246
create-batch-K1[ns]	29	6144	0	4096	CLMUL	7.45482
create-batch-K1-total[ms]	29	6144	0	4096	CLMUL	187.60671
create-batch-K1[ns]	29	6144	0	4096	CLMUL_TRI	4.49969
create-batch-K1-total[ms]	29	6144	0	4096	CLMUL_TRI	113.23843
create-batch-K2[ns]	29	6144	0	4096	GENERIC	2.28218
create-batch-K2-total[ms]	29	6144	0	4096	GENERIC	57.43297
create-batch-K2[ns]	29	6144	0	4096	CLMUL	4.06265
create-batch-K2-total[ms]	29	6144	0	4096	CLMUL	102.23996
create-batch-K2[ns]	29	6144	0	4096	CLMUL_TRI	2.32232
create-batch-K2-total[ms]	29	6144	0	4096	CLMUL_TRI	58.44312
create-batch-K4[ns]	29	6144	0	4096	GENERIC	2.12824
create-batch-K4-total[ms]	29	6144	0	4096	GENERIC	53.55903
create-batch-K4[ns]	29	6144	0	4096	CLMUL	3.13347
create-batch-K4-total[ms]	29	6144	0	4096	CLMUL	78.85631
create-batch-K4[ns]	29	6144	0	4096	CLMUL_TRI	1.97892
create-batch-K4-total[ms]	29	6144	0	4096	CLMUL_TRI	49.80117
create-batch-K8[ns]	29	6144	0	4096	GENERIC	2.09531
create-batch-K8-total[ms]	29	6144	0	4096	GENERIC	52.73029
create-batch-K8[ns]	29	6144	0	4096	CLMUL	2.46149
create-batch-K8-total[ms]	29	6144	0	4096	CLMUL	61.94543
create-batch-K8[ns]	29	6144	0	4096	CLMUL_TRI	1.92620
create-batch-K8-total[ms]	29	6144	0	4096	CLMUL_TRI	48.47439
create-batch-K1[ns]	29	6144	0	8192	GENERIC	3.98509
create-batch-K1-total[ms]	29	6144	0	8192	GENERIC	200.57632
create-batch-K1[ns]	29	6144	0	8192	CLMUL	7.45600
create-batch-K1-total[ms]	29	6144	0	8192	CLMUL	375.27253
create-batch-K1[ns]	29	6144	0	8192	CLMUL_TRI	4.49947
create-batch-K1-total[ms]	29	6144	0	8192	CLMUL_TRI	226.46561
create-batch-K2[ns]	29	6144	0	8192	GENERIC	2.28371
create-batch-K2-total[ms]	29	6144	0	8192	GENERIC	114.94295
create-batch-K2[ns]	29	6144	0	8192	CLMUL	4.06219
create-batch-K2-total[ms]	29	6144	0	8192	CLMUL	204.45696
create-batch-K2[ns]	29	6144	0	8192	CLMUL_TRI	2.32187
create-batch-K2-total[ms]	29	6144	0	8192	CLMUL_TRI	116.86338
create-batch-K4[ns]	29	6144	0	8192	GENERIC	2.12825
create-batch-K4-total[ms]	29	6144	0	8192	GENERIC	107.11834
create-batch-K4[ns]	29	6144	0	8192	CLMUL	3.13190
create-batch-K4-total[ms]	29	6144	0	8192	CLMUL	157.63385
create-batch-K4[ns]	29	6144	0	8192	CLMUL_TRI	1.97986
create-batch-K4-total[ms]	29	6144	0	8192	CLMUL_TRI	99.64971
create-batch-K8[ns]	29	6144	0	8192	GENERIC	2.09624
create-batch-K8-total[ms]	29	6144	0	8192	GENERIC	105.50738
create-batch-K8[ns]	29	6144	0	8192	CLMUL	2.46678
create-batch-K8-total[ms]	29	6144	0	8192	CLMUL	124.15722
create-batch-K8[ns]	29	6144	0	8192	CLMUL_TRI	1.92601
create-batch-K8-total[ms]	29	6144	0	8192	CLMUL_TRI	96.93933
create-batch-K1[ns]	29	7168	0	16	GENERIC	3.98234
create-batch-K1-total[ms]	29	7168	0	16	GENERIC	0.45673
create-batch-K1[ns]	29	7168	0	16	CLMUL	7.45236
create-batch-K1-total[ms]	29	7168	0	16	CLMUL	0.85470
create-batch-K1[ns]	29	7168	0	16	CLMUL_TRI	4.49801
create-batch-K1-total[ms]	29	7168	0	16	CLMUL_TRI	0.51587
create-batch-K2[ns]	29	7168	0	16	GENERIC	2.27472
create-batch-K2-total[ms]	29	7168	0	16	GENERIC	0.26088
create-batch-K2[ns]	29	7168	0	16	CLMUL	3.93624
create-batch-K2-total[ms]	29	7168	0	16	CLMUL	0.45144
create-batch-K2[ns]	29	7168	0	16	CLMUL_TRI	2.31620
create-batch-K2-total[ms]	29	7168	0	16	CLMUL_TRI	0.26564
create-batch-K4[ns]	29	7168	0	16	GENERIC	2.12646
create-batch-K4-total[ms]	29	7168	0	16	GENERIC	0.24388
create-batch-K4[ns]	29	7168	0	16	CLMUL	3.08484
create-batch-K4-total[ms]	29	7168	0	16	CLMUL	0.35379
create-batch-K4[ns]	29	7168	0	16	CLMUL_TRI	1.97343
create-batch-K4-total[ms]	29	7168	0	16	CLMUL_TRI	0.22633
create-batch-K8[ns]	29	7168	0	16	GENERIC	2.09382
create-batch-K8-total[ms]	29	7168	0	16	GENERIC	0.24014
create-batch-K8[ns]	29	7168	0	16	CLMUL	2.39258
create-batch-K8-total[ms]	29	7168	0	16	CLMUL	0.27440
create-batch-K8[ns]	29	7168	0	16	CLMUL_TRI	1.91384
create-batch-K8-total[ms]	29	7168	0	16	CLMUL_TRI	0.21949
create-batch-K1[ns]	29	7168	0	64	GENERIC	4.02772
create-batch-K1-total[ms]	29	7168	0	64	GENERIC	1.84772
create-batch-K1[ns]	29	7168	0	64	CLMUL	7.45204
create-batch-K1-total[ms]	29	7168	0	64	CLMUL	3.41864
create-batch-K1[ns]	29	7168	0	64	CLMUL_TRI	4.49770
create-batch-K1-total[ms]	29	7168	0	64	CLMUL_TRI	2.06333
create-batch-K2[ns]	29	7168	0	64	GENERIC	2.27978
create-batch-K2-total[ms]	29	7168	0	64	GENERIC	1.04585
create-batch-K2[ns]	29	7168	0	64	CLMUL	3.99591
create-batch-K2-total[ms]	29	7168	0	64	CLMUL	1.83313
create-batch-K2[ns]	29	7168	0	64	CLMUL_TRI	2.32013
create-batch-K2-total[ms]	29	7168	0	64	CLMUL_TRI	1.06437
create-batch-K4[ns]	29	7168	0	64	GENERIC	2.12639
create-batch-K4-total[ms]	29	7168	0	64	GENERIC	0.97549
create-batch-K4[ns]	29	7168	0	64	CLMUL	3.08967
create-batch-K4-total[ms]	29	7168	0	64	CLMUL	1.41739
create-batch-K4[ns]	29	7168	0	64	CLMUL_TRI	1.96464
create-batch-K4-total[ms]	29	7168	0	64	CLMUL_TRI	0.90128
create-batch-K8[ns]	29	7168	0	64	GENERIC	2.09361
create-batch-K8-total[ms]	29	7168	0	64	GENERIC	0.96045
create-batch-K8[ns]	29	7168	0	64	CLMUL	2.42742
create-batch-K8-total[ms]	29	7168	0	64	CLMUL	1.11359
create-batch-K8[ns]	29	7168	0	64	CLMUL_TRI	1.92213
create-batch-K8-total[ms]	29	7168	0	64	CLMUL_TRI	0.88178
create-batch-K1[ns]	29	7168	0	128	GENERIC	3.99025
create-batch-K1-total[ms]	29	7168	0	128	GENERIC	3.66107
create-batch-K1[ns]	29	7168	0	128	CLMUL	7.45412
create-batch-K1-total[ms]	29	7168	0	128	CLMUL	6.83918
create-batch-K1[ns]	29	7168	0	128	CLMUL_TRI	4.49958
create-batch-K1-total[ms]	29	7168	0	128	CLMUL_TRI	4.12838
create-batch-K2[ns]	29	7168	0	128	GENERIC	2.27830
create-batch-K2-total[ms]	29	7168	0	128	GENERIC	2.09035
create-batch-K2[ns]	29	7168	0	128	CLMUL	4.02273
create-batch-K2-total[ms]	29	7168	0	128	CLMUL	3.69087
create-batch-K2[ns]	29	7168	0	128	CLMUL_TRI	2.33569
create-batch-K2-total[ms]	29	7168	0	128	CLMUL_TRI	2.14300
create-batch-K4[ns]	29	7168	0	128	GENERIC	2.12634
create-batch-K4-total[ms]	29	7168	0	128	GENERIC	1.95093
create-batch-K4[ns]	29	7168	0	128	CLMUL	3.15222
create-batch-K4-total[ms]	29	7168	0	128	CLMUL	2.89218
create-batch-K4[ns]	29	7168	0	128	CLMUL_TRI	1.96640
create-batch-K4-total[ms]	29	7168	0	128	CLMUL_TRI	1.80418
create-batch-K8[ns]	29	7168	0	128	GENERIC	2.09361
create-batch-K8-total[ms]	29	7168	0	128	GENERIC	1.92090
create-batch-K8[ns]	29	7168	0	128	CLMUL	2.43828
create-batch-K8-total[ms]	29	7168	0	128	CLMUL	2.23713
create-batch-K8[ns]	29	7168	0	128	CLMUL_TRI	1.92717
create-batch-K8-total[ms]	29	7168	0	128	CLMUL_TRI	1.76819
create-batch-K1[ns]	29	7168	0	512	GENERIC	3.98882
create-batch-K1-total[ms]	29	7168	0	512	GENERIC	14.63904
create-batch-K1[ns]	29	7168	0	512	CLMUL	7.45529
create-batch-K1-total[ms]	29	7168	0	512	CLMUL	27.36103
create-batch-K1[ns]	29	7168	0	512	CLMUL_TRI	4.49940
create-batch-K1-total[ms]	29	7168	0	512	CLMUL_TRI	16.51286
create-batch-K2[ns]	29	7168	0	512	GENERIC	2.28048
create-batch-K2-total[ms]	29	7168	0	512	GENERIC	8.36939
create-batch-K2[ns]	29	7168	0	512	CLMUL	4.04618
create-batch-K2-total[ms]	29	7168	0	512	CLMUL	14.84955
create-batch-K2[ns]	29	7168	0	512	CLMUL_TRI	2.32461
create-batch-K2-total[ms]	29	7168	0	512	CLMUL_TRI	8.53135
create-batch-K4[ns]	29	7168	0	512	GENERIC	2.12735
create-batch-K4-total[ms]	29	7168	0	512	GENERIC	7.80740
create-batch-K4[ns]	29	7168	0	512	CLMUL	3.13842
create-batch-K4-total[ms]	29	7168	0	512	CLMUL	11.51807
create-batch-K4[ns]	29	7168	0	512	CLMUL_TRI	1.97559
create-batch-K4-total[ms]	29	7168	0	512	CLMUL_TRI	7.25043
create-batch-K8[ns]	29	7168	0	512	GENERIC	2.09448
create-batch-K8-total[ms]	29	7168	0	512	GENERIC	7.68677
create-batch-K8[ns]	29	7168	0	512	CLMUL	2.45408
create-batch-K8-total[ms]	29	7168	0	512	CLMUL	9.00650
create-batch-K8[ns]	29	7168	0	512	CLMUL_TRI	1.92465
create-batch-K8-total[ms]	29	7168	0	512	CLMUL_TRI	7.06351
create-batch-K1[ns]	29	7168	0	1024	GENERIC	3.98512
create-batch-K1-total[ms]	29	7168	0	1024	GENERIC	29.25094
create-batch-K1[ns]	29	7168	0	1024	CLMUL	7.45527
create-batch-K1-total[ms]	29	7168	0	1024	CLMUL	54.72196
create-batch-K1[ns]	29	7168	0	1024	CLMUL_TRI	4.49952
create-batch-K1-total[ms]	29	7168	0	1024	CLMUL_TRI	33.02665
create-batch-K2[ns]	29	7168	0	1024	GENERIC	2.28287
create-batch-K2-total[ms]	29	7168	0	1024	GENERIC	16.75631
create-batch-K2[ns]	29	7168	0	1024	CLMUL	4.04950
create-batch-K2-total[ms]	29	7168	0	1024	CLMUL	29.72348
create-batch-K2[ns]	29	7168	0	1024	CLMUL_TRI	2.32366
create-batch-K2-total[ms]	29	7168	0	1024	CLMUL_TRI	17.05576
create-batch-K4[ns]	29	7168	0	1024	GENERIC	2.12705
create-batch-K4-total[ms]	29	7168	0	1024	GENERIC	15.61259
create-batch-K4[ns]	29	7168	0	1024	CLMUL	3.14117
create-batch-K4-total[ms]	29	7168	0	1024	CLMUL	23.05631
create-batch-K4[ns]	29	7168	0	1024	CLMUL_TRI	1.97773
create-batch-K4-total[ms]	29	7168	0	1024	CLMUL_TRI	14.51658
create-batch-K8[ns]	29	7168	0	1024	GENERIC	2.09424
create-batch-K8-total[ms]	29	7168	0	1024	GENERIC	15.37177
create-batch-K8[ns]	29	7168	0	1024	CLMUL	2.45741
create-batch-K8-total[ms]	29	7168	0	1024	CLMUL	18.03744
create-batch-K8[ns]	29	7168	0	1024	CLMUL_TRI	1.92716
create-batch-K8-total[ms]	29	7168	0	1024	CLMUL_TRI	14.14545
create-batch-K1[ns]	29	7168	0	2048	GENERIC	3.98412
create-batch-K1-total[ms]	29	7168	0	2048	GENERIC	58.48707
create-batch-K1[ns]	29	7168	0	2048	CLMUL	7.45535
create-batch-K1-total[ms]	29	7168	0	2048	CLMUL	109.44502
create-batch-K1[ns]	29	7168	0	2048	CLMUL_TRI	4.49962
create-batch-K1-total[ms]	29	7168	0	2048	CLMUL_TRI	66.05464
create-batch-K2[ns]	29	7168	0	2048	GENERIC	2.28254
create-batch-K2-total[ms]	29	7168	0	2048	GENERIC	33.50781
create-batch-K2[ns]	29	7168	0	2048	CLMUL	4.05353
create-batch-K2-total[ms]	29	7168	0	2048	CLMUL	59.50608
create-batch-K2[ns]	29	7168	0	2048	CLMUL_TRI	2.32491
create-batch-K2-total[ms]	29	7168	0	2048	CLMUL_TRI	34.12976
create-batch-K4[ns]	29	7168	0	2048	GENERIC	2.12716
create-batch-K4-total[ms]	29	7168	0	2048	GENERIC	31.22689
create-batch-K4[ns]	29	7168	0	2048	CLMUL	3.14108
create-batch-K4-total[ms]	29	7168	0	2048	CLMUL	46.11132
create-batch-K4[ns]	29	7168	0	2048	CLMUL_TRI	1.97799
create-batch-K4-total[ms]	29	7168	0	2048	CLMUL_TRI	29.03704
create-batch-K8[ns]	29	7168	0	2048	GENERIC	2.09437
create-batch-K8-total[ms]	29	7168	0	2048	GENERIC	30.74544
create-batch-K8[ns]	29	7168	0	2048	CLMUL	2.46759
create-batch-K8-total[ms]	29	7168	0	2048	CLMUL	36.22439
create-batch-K8[ns]	29	7168	0	2048	CLMUL_TRI	1.92737
create-batch-K8-total[ms]	29	7168	0	2048	CLMUL_TRI	28.29393
create-batch-K1[ns]	29	7168	0	4096	GENERIC	3.98468
create-batch-K1-total[ms]	29	7168	0	4096	GENERIC	116.99081
create-batch-K1[ns]	29	7168	0	4096	CLMUL	7.45655
create-batch-K1-total[ms]	29	7168	0	4096	CLMUL	218.92537
create-batch-K1[ns]	29	7168	0	4096	CLMUL_TRI	4.49952
create-batch-K1-total[ms]	29	7168	0	4096	CLMUL_TRI	132.10657
create-batch-K2[ns]	29	7168	0	4096	GENERIC	2.28341
create-batch-K2-total[ms]	29	7168	0	4096	GENERIC	67.04114
create-batch-K2[ns]	29	7168	0	4096	CLMUL	4.05547
create-batch-K2-total[ms]	29	7168	0	4096	CLMUL	119.06925
create-batch-K2[ns]	29	7168	0	4096	CLMUL_TRI	2.32441
create-batch-K2-total[ms]	29	7168	0	4096	CLMUL_TRI	68.24492
create-batch-K4[ns]	29	7168	0	4096	GENERIC	2.12747
create-batch-K4-total[ms]	29	7168	0	4096	GENERIC	62.46276
create-batch-K4[ns]	29	7168	0	4096	CLMUL	3.14282
create-batch-K4-total[ms]	29	7168	0	4096	CLMUL	92.27358
create-batch-K4[ns]	29	7168	0	4096	CLMUL_TRI	1.97666
create-batch-K4-total[ms]	29	7168	0	4096	CLMUL_TRI	58.03512
create-batch-K8[ns]	29	7168	0	4096	GENERIC	2.09447
create-batch-K8-total[ms]	29	7168	0	4096	GENERIC	61.49387
create-batch-K8[ns]	29	7168	0	4096	CLMUL	2.46407
create-batch-K8-total[ms]	29	7168	0	4096	CLMUL	72.34551
create-batch-K8[ns]	29	7168	0	4096	CLMUL_TRI	1.92804
create-batch-K8-total[ms]	29	7168	0	4096	CLMUL_TRI	56.60755
create-batch-K1[ns]	29	7168	0	8192	GENERIC	3.98439
create-batch-K1-total[ms]	29	7168	0	8192	GENERIC	233.96446
create-batch-K1[ns]	29	7168	0	8192	CLMUL	7.45623
create-batch-K1-total[ms]	29	7168	0	8192	CLMUL	437.83194
create-batch-K1[ns]	29	7168	0	8192	CLMUL_TRI	4.49962
create-batch-K1-total[ms]	29	7168	0	8192	CLMUL_TRI	264.21873
create-batch-K2[ns]	29	7168	0	8192	GENERIC	2.28356
create-batch-K2-total[ms]	29	7168	0	8192	GENERIC	134.09149
create-batch-K2[ns]	29	7168	0	8192	CLMUL	4.05811
create-batch-K2-total[ms]	29	7168	0	8192	CLMUL	238.29336
create-batch-K2[ns]	29	7168	0	8192	CLMUL_TRI	2.32496
create-batch-K2-total[ms]	29	7168	0	8192	CLMUL_TRI	136.52237
create-batch-K4[ns]	29	7168	0	8192	GENERIC	2.12724
create-batch-K4-total[ms]	29	7168	0	8192	GENERIC	124.91237
create-batch-K4[ns]	29	7168	0	8192	CLMUL	3.15190
create-batch-K4-total[ms]	29	7168	0	8192	CLMUL	185.08051
create-batch-K4[ns]	29	7168	0	8192	CLMUL_TRI	1.97828
create-batch-K4-total[ms]	29	7168	0	8192	CLMUL_TRI	116.16491
create-batch-K8[ns]	29	7168	0	8192	GENERIC	2.09444
create-batch-K8-total[ms]	29	7168	0	8192	GENERIC	122.98592
create-batch-K8[ns]	29	7168	0	8192	CLMUL	2.47047
create-batch-K8-total[ms]	29	7168	0	8192	CLMUL	145.06649
create-batch-K8[ns]	29	7168	0	8192	CLMUL_TRI	1.92793
create-batch-K8-total[ms]	29	7168	0	8192	CLMUL_TRI	113.20883
create-batch-K1[ns]	29	8192	0	16	GENERIC	3.98338
create-batch-K1-total[ms]	29	8192	0	16	GENERIC	0.52211
create-batch-K1[ns]	29	8192	0	16	CLMUL	7.45294
create-batch-K1-total[ms]	29	8192	0	16	CLMUL	0.97687
create-batch-K1[ns]	29	8192	0	16	CLMUL_TRI	4.49824
create-batch-K1-total[ms]	29	8192	0	16	CLMUL_TRI	0.58959
create-batch-K2[ns]	29	8192	0	16	GENERIC	2.27453
create-batch-K2-total[ms]	29	8192	0	16	GENERIC	0.29813
create-batch-K2[ns]	29	8192	0	16	CLMUL	3.92108
create-batch-K2-total[ms]	29	8192	0	16	CLMUL	0.51394
create-batch-K2[ns]	29	8192	0	16	CLMUL_TRI	2.33923
create-batch-K2-total[ms]	29	8192	0	16	CLMUL_TRI	0.30661
create-batch-K4[ns]	29	8192	0	16	GENERIC	2.12597
create-batch-K4-total[ms]	29	8192	0	16	GENERIC	0.27865
create-batch-K4[ns]	29	8192	0	16	CLMUL	3.08493
create-batch-K4-total[ms]	29	8192	0	16	CLMUL	0.40435
create-batch-K4[ns]	29	8192	0	16	CLMUL_TRI	1.96056
create-batch-K4-total[ms]	29	8192	0	16	CLMUL_TRI	0.25698
create-batch-K8[ns]	29	8192	0	16	GENERIC	2.09332
create-batch-K8-total[ms]	29	8192	0	16	GENERIC	0.27437
create-batch-K8[ns]	29	8192	0	16	CLMUL	2.36561
create-batch-K8-total[ms]	29	8192	0	16	CLMUL	0.31006
create-batch-K8[ns]	29	8192	0	16	CLMUL_TRI	1.91431
create-batch-K8-total[ms]	29	8192	0	16	CLMUL_TRI	0.25091
create-batch-K1[ns]	29	8192	0	64	GENERIC	4.00247
create-batch-K1-total[ms]	29	8192	0	64	GENERIC	2.09845
create-batch-K1[ns]	29	8192	0	64	CLMUL	7.45601
create-batch-K1-total[ms]	29	8192	0	64	CLMUL	3.90910
create-batch-K1[ns]	29	8192	0	64	CLMUL_TRI	4.49811
create-batch-K1-total[ms]	29	8192	0	64	CLMUL_TRI	2.35830
create-batch-K2[ns]	29	8192	0	64	GENERIC	2.27990
create-batch-K2-total[ms]	29	8192	0	64	GENERIC	1.19533
create-batch-K2[ns]	29	8192	0	64	CLMUL	4.06462
create-batch-K2-total[ms]	29	8192	0	64	CLMUL	2.13103
create-batch-K2[ns]	29	8192	0	64	CLMUL_TRI	2.34069
create-batch-K2-total[ms]	29	8192	0	64	CLMUL_TRI	1.22720
create-batch-K4[ns]	29	8192	0	64	GENERIC	2.12580
create-batch-K4-total[ms]	29	8192	0	64	GENERIC	1.11453
create-batch-K4[ns]	29	8192	0	64	CLMUL	3.10162
create-batch-K4-total[ms]	29	8192	0	64	CLMUL	1.62614
create-batch-K4[ns]	29	8192	0	64	CLMUL_TRI	1.95891
create-batch-K4-total[ms]	29	8192	0	64	CLMUL_TRI	1.02703
create-batch-K8[ns]	29	8192	0	64	GENERIC	2.09290
create-batch-K8-total[ms]	29	8192	0	64	GENERIC	1.09728
create-batch-K8[ns]	29	8192	0	64	CLMUL	2.40195
create-batch-K8-total[ms]	29	8192	0	64	CLMUL	1.25931
create-batch-K8[ns]	29	8192	0	64	CLMUL_TRI	1.92114
create-batch-K8-total[ms]	29	8192	0	64	CLMUL_TRI	1.00723
create-batch-K1[ns]	29	8192	0	128	GENERIC	3.98754
create-batch-K1-total[ms]	29	8192	0	128	GENERIC	4.18124
create-batch-K1[ns]	29	8192	0	128	CLMUL	7.45441
create-batch-K1-total[ms]	29	8192	0	128	CLMUL	7.81652
create-batch-K1[ns]	29	8192	0	128	CLMUL_TRI	4.49971
create-batch-K1-total[ms]	29	8192	0	128	CLMUL_TRI	4.71828
create-batch-K2[ns]	29	8192	0	128	GENERIC	2.27887
create-batch-K2-total[ms]	29	8192	0	128	GENERIC	2.38957
create-batch-K2[ns]	29	8192	0	128	CLMUL	4.00974
create-batch-K2-total[ms]	29	8192	0	128	CLMUL	4.20452
create-batch-K2[ns]	29	8192	0	128	CLMUL_TRI	2.33959
create-batch-K2-total[ms]	29	8192	0	128	CLMUL_TRI	2.45324
create-batch-K4[ns]	29	8192	0	128	GENERIC	2.12573
create-batch-K4-total[ms]	29	8192	0	128	GENERIC	2.22899
create-batch-K4[ns]	29	8192	0	128	CLMUL	3.11321
create-batch-K4-total[ms]	29	8192	0	128	CLMUL	3.26443
create-batch-K4[ns]	29	8192	0	128	CLMUL_TRI	1.96286
create-batch-K4-total[ms]	29	8192	0	128	CLMUL_TRI	2.05821
create-batch-K8[ns]	29	8192	0	128	GENERIC	2.09297
create-batch-K8-total[ms]	29	8192	0	128	GENERIC	2.19463
create-batch-K8[ns]	29	8192	0	128	CLMUL	2.41316
create-batch-K8-total[ms]	29	8192	0	128	CLMUL	2.53038
create-batch-K8[ns]	29	8192	0	128	CLMUL_TRI	1.92505
create-batch-K8-total[ms]	29	8192	0	128	CLMUL_TRI	2.01856
create-batch-K1[ns]	29	8192	0	512	GENERIC	3.98499
create-batch-K1-total[ms]	29	8192	0	512	GENERIC	16.71426
create-batch-K1[ns]	29	8192	0	512	CLMUL	7.45586
create-batch-K1-total[ms]	29	8192	0	512	CLMUL	31.27215
create-batch-K1[ns]	29	8192	0	512	CLMUL_TRI	4.49968
create-batch-K1-total[ms]	29	8192	0	512	CLMUL_TRI	18.87304
create-batch-K2[ns]	29	8192	0	512	GENERIC	2.28560
create-batch-K2-total[ms]	29	8192	0	512	GENERIC	9.58649
create-batch-K2[ns]	29	8192	0	512	CLMUL	4.05747
create-batch-K2-total[ms]	29	8192	0	512	CLMUL	17.01828
create-batch-K2[ns]	29	8192	0	512	CLMUL_TRI	2.34543
create-batch-K2-total[ms]	29	8192	0	512	CLMUL_TRI	9.83743
create-batch-K4[ns]	29	8192	0	512	GENERIC	2.12659
create-batch-K4-total[ms]	29	8192	0	512	GENERIC	8.91958
create-batch-K4[ns]	29	8192	0	512	CLMUL	3.12604
create-batch-K4-total[ms]	29	8192	0	512	CLMUL	13.11156
create-batch-K4[ns]	29	8192	0	512	CLMUL_TRI	1.96928
create-batch-K4-total[ms]	29	8192	0	512	CLMUL_TRI	8.25976
create-batch-K8[ns]	29	8192	0	512	GENERIC	2.09376
create-batch-K8-total[ms]	29	8192	0	512	GENERIC	8.78187
create-batch-K8[ns]	29	8192	0	512	CLMUL	2.43330
create-batch-K8-total[ms]	29	8192	0	512	CLMUL	10.20598
create-batch-K8[ns]	29	8192	0	512	CLMUL_TRI	1.92603
create-batch-K8-total[ms]	29	8192	0	512	CLMUL_TRI	8.07837
create-batch-K1[ns]	29	8192	0	1024	GENERIC	3.98532
create-batch-K1-total[ms]	29	8192	0	1024	GENERIC	33.43129
create-batch-K1[ns]	29	8192	0	1024	CLMUL	7.45589
create-batch-K1-total[ms]	29	8192	0	1024	CLMUL	62.54454
create-batch-K1[ns]	29	8192	0	1024	CLMUL_TRI	4.49985
create-batch-K1-total[ms]	29	8192	0	1024	CLMUL_TRI	37.74746
create-batch-K2[ns]	29	8192	0	1024	GENERIC	2.28430
create-batch-K2-total[ms]	29	8192	0	1024	GENERIC	19.16206
create-batch-K2[ns]	29	8192	0	1024	CLMUL	4.06237
create-batch-K2-total[ms]	29	8192	0	1024	CLMUL	34.07760
create-batch-K2[ns]	29	8192	0	1024	CLMUL_TRI	2.34591
create-batch-K2-total[ms]	29	8192	0	1024	CLMUL_TRI	19.67894
create-batch-K4[ns]	29	8192	0	1024	GENERIC	2.12659
create-batch-K4-total[ms]	29	8192	0	1024	GENERIC	17.83914
create-batch-K4[ns]	29	8192	0	1024	CLMUL	3.12557
create-batch-K4-total[ms]	29	8192	0	1024	CLMUL	26.21918
create-batch-K4[ns]	29	8192	0	1024	CLMUL_TRI	1.97003
create-batch-K4-total[ms]	29	8192	0	1024	CLMUL_TRI	16.52579
create-batch-K8[ns]	29	8192	0	1024	GENERIC	2.09388
create-batch-K8-total[ms]	29	8192	0	1024	GENERIC	17.56475
create-batch-K8[ns]	29	8192	0	1024	CLMUL	2.42054
create-batch-K8-total[ms]	29	8192	0	1024	CLMUL	20.30495
create-batch-K8[ns]	29	8192	0	1024	CLMUL_TRI	1.92675
create-batch-K8-total[ms]	29	8192	0	1024	CLMUL_TRI	16.16273
create-batch-K1[ns]	29	8192	0	2048	GENERIC	3.98471
create-batch-K1-total[ms]	29	8192	0	2048	GENERIC	66.85235
create-batch-K1[ns]	29	8192	0	2048	CLMUL	7.45670
create-batch-K1-total[ms]	29	8192	0	2048	CLMUL	125.10275
create-batch-K1[ns]	29	8192	0	2048	CLMUL_TRI	4.50006
create-batch-K1-total[ms]	29	8192	0	2048	CLMUL_TRI	75.49847
create-batch-K2[ns]	29	8192	0	2048	GENERIC	2.28471
create-batch-K2-total[ms]	29	8192	0	2048	GENERIC	38.33112
create-batch-K2[ns]	29	8192	0	2048	CLMUL	4.06367
create-batch-K2-total[ms]	29	8192	0	2048	CLMUL	68.17704
create-batch-K2[ns]	29	8192	0	2048	CLMUL_TRI	2.34596
create-batch-K2-total[ms]	29	8192	0	2048	CLMUL_TRI	39.35863
create-batch-K4[ns]	29	8192	0	2048	GENERIC	2.12656
create-batch-K4-total[ms]	29	8192	0	2048	GENERIC	35.67779
create-batch-K4[ns]	29	8192	0	2048	CLMUL	3.12378
create-batch-K4-total[ms]	29	8192	0	2048	CLMUL	52.40827
create-batch-K4[ns]	29	8192	0	2048	CLMUL_TRI	1.97110
create-batch-K4-total[ms]	29	8192	0	2048	CLMUL_TRI	33.06965
create-batch-K8[ns]	29	8192	0	2048	GENERIC	2.09384
create-batch-K8-total[ms]	29	8192	0	2048	GENERIC	35.12889
create-batch-K8[ns]	29	8192	0	2048	CLMUL	2.41846
create-batch-K8-total[ms]	29	8192	0	2048	CLMUL	40.57506
create-batch-K8[ns]	29	8192	0	2048	CLMUL_TRI	1.92706
create-batch-K8-total[ms]	29	8192	0	2048	CLMUL_TRI	32.33069
create-batch-K1[ns]	29	8192	0	4096	GENERIC	3.98590
create-batch-K1-total[ms]	29	8192	0	4096	GENERIC	133.74444
create-batch-K1[ns]	29	8192	0	4096	CLMUL	7.45617
create-batch-K1-total[ms]	29	8192	0	4096	CLMUL	250.18769
create-batch-K1[ns]	29	8192	0	4096	CLMUL_TRI	4.49995
create-batch-K1-total[ms]	29	8192	0	4096	CLMUL_TRI	150.99321
create-batch-K2[ns]	29	8192	0	4096	GENERIC	2.28518
create-batch-K2-total[ms]	29	8192	0	4096	GENERIC	76.67808
create-batch-K2[ns]	29	8192	0	4096	CLMUL	4.06158
create-batch-K2-total[ms]	29	8192	0	4096	CLMUL	136.28404
create-batch-K2[ns]	29	8192	0	4096	CLMUL_TRI	2.34635
create-batch-K2-total[ms]	29	8192	0	4096	CLMUL_TRI	78.73040
create-batch-K4[ns]	29	8192	0	4096	GENERIC	2.12664
create-batch-K4-total[ms]	29	8192	0	4096	GENERIC	71.35811
create-batch-K4[ns]	29	8192	0	4096	CLMUL	3.12938
create-batch-K4-total[ms]	29	8192	0	4096	CLMUL	105.00453
create-batch-K4[ns]	29	8192	0	4096	CLMUL_TRI	1.97131
create-batch-K4-total[ms]	29	8192	0	4096	CLMUL_TRI	66.14604
create-batch-K8[ns]	29	8192	0	4096	GENERIC	2.09406
create-batch-K8-total[ms]	29	8192	0	4096	GENERIC	70.26498
create-batch-K8[ns]	29	8192	0	4096	CLMUL	2.42009
create-batch-K8-total[ms]	29	8192	0	4096	CLMUL	81.20491
create-batch-K8[ns]	29	8192	0	4096	CLMUL_TRI	1.92688
create-batch-K8-total[ms]	29	8192	0	4096	CLMUL_TRI	64.65543
create-batch-K1[ns]	29	8192	0	8192	GENERIC	3.98505
create-batch-K1-total[ms]	29	8192	0	8192	GENERIC	267.43207
create-batch-K1[ns]	29	8192	0	8192	CLMUL	7.45627
create-batch-K1-total[ms]	29	8192	0	8192	CLMUL	500.38185
create-batch-K1[ns]	29	8192	0	8192	CLMUL_TRI	4.50005
create-batch-K1-total[ms]	29	8192	0	8192	CLMUL_TRI	301.99351
create-batch-K2[ns]	29	8192	0	8192	GENERIC	2.28549
create-batch-K2-total[ms]	29	8192	0	8192	GENERIC	153.37693
create-batch-K2[ns]	29	8192	0	8192	CLMUL	4.06818
create-batch-K2-total[ms]	29	8192	0	8192	CLMUL	273.01105
create-batch-K2[ns]	29	8192	0	8192	CLMUL_TRI	2.34619
create-batch-K2-total[ms]	29	8192	0	8192	CLMUL_TRI	157.44987
create-batch-K4[ns]	29	8192	0	8192	GENERIC	2.12669
create-batch-K4-total[ms]	29	8192	0	8192	GENERIC	142.71982
create-batch-K4[ns]	29	8192	0	8192	CLMUL	3.12792
create-batch-K4-total[ms]	29	8192	0	8192	CLMUL	209.91088
create-batch-K4[ns]	29	8192	0	8192	CLMUL_TRI	1.97085
create-batch-K4-total[ms]	29	8192	0	8192	CLMUL_TRI	132.26146
create-batch-K8[ns]	29	8192	0	8192	GENERIC	2.09384
create-batch-K8-total[ms]	29	8192	0	8192	GENERIC	140.51508
create-batch-K8[ns]	29	8192	0	8192	CLMUL	2.41973
create-batch-K8-total[ms]	29	8192	0	8192	CLMUL	162.38528
create-batch-K8[ns]	29	8192	0	8192	CLMUL_TRI	1.92692
create-batch-K8-total[ms]	29	8192	0	8192	CLMUL_TRI	129.31321
create-batch-K1[ns]	32	128	0	16	GENERIC	4.30469
create-batch-K1-total[ms]	32	128	0	16	GENERIC	0.00882
create-batch-K1[ns]	32	128	0	16	CLMUL	7.11914
create-batch-K1-total[ms]	32	128	0	16	CLMUL	0.01458
create-batch-K2[ns]	32	128	0	16	GENERIC	2.59424
create-batch-K2-total[ms]	32	128	0	16	GENERIC	0.00531
create-batch-K2[ns]	32	128	0	16	CLMUL	3.89990
create-batch-K2-total[ms]	32	128	0	16	CLMUL	0.00799
create-batch-K4[ns]	32	128	0	16	GENERIC	2.43896
create-batch-K4-total[ms]	32	128	0	16	GENERIC	0.00499
create-batch-K4[ns]	32	128	0	16	CLMUL	2.97754
create-batch-K4-total[ms]	32	128	0	16	CLMUL	0.00610
create-batch-K8[ns]	32	128	0	16	GENERIC	2.47314
create-batch-K8-total[ms]	32	128	0	16	GENERIC	0.00507
create-batch-K8[ns]	32	128	0	16	CLMUL	2.49707
create-batch-K8-total[ms]	32	128	0	16	CLMUL	0.00511
create-batch-K1[ns]	32	128	0	64	GENERIC	4.31030
create-batch-K1-total[ms]	32	128	0	64	GENERIC	0.03531
create-batch-K1[ns]	32	128	0	64	CLMUL	7.11292
create-batch-K1-total[ms]	32	128	0	64	CLMUL	0.05827
create-batch-K2[ns]	32	128	0	64	GENERIC	2.59961
create-batch-K2-total[ms]	32	128	0	64	GENERIC	0.02130
create-batch-K2[ns]	32	128	0	64	CLMUL	3.91528
create-batch-K2-total[ms]	32	128	0	64	CLMUL	0.03207
create-batch-K4[ns]	32	128	0	64	GENERIC	2.42773
create-batch-K4-total[ms]	32	128	0	64	GENERIC	0.01989
create-batch-K4[ns]	32	128	0	64	CLMUL	3.18018
create-batch-K4-total[ms]	32	128	0	64	CLMUL	0.02605
create-batch-K8[ns]	32	128	0	64	GENERIC	2.46057
create-batch-K8-total[ms]	32	128	0	64	GENERIC	0.02016
create-batch-K8[ns]	32	128	0	64	CLMUL	2.38306
create-batch-K8-total[ms]	32	128	0	64	CLMUL	0.01952
create-batch-K1[ns]	32	128	0	128	GENERIC	4.30896
create-batch-K1-total[ms]	32	128	0	128	GENERIC	0.07060
create-batch-K1[ns]	32	128	0	128	CLMUL	7.10980
create-batch-K1-total[ms]	32	128	0	128	CLMUL	0.11649
create-batch-K2[ns]	32	128	0	128	GENERIC	2.60718
create-batch-K2-total[ms]	32	128	0	128	GENERIC	0.04272
create-batch-K2[ns]	32	128	0	128	CLMUL	3.92590
create-batch-K2-total[ms]	32	128	0	128	CLMUL	0.06432
create-batch-K4[ns]	32	128	0	128	GENERIC	2.42664
create-batch-K4-total[ms]	32	128	0	128	GENERIC	0.03976
create-batch-K4[ns]	32	128	0	128	CLMUL	3.09839
create-batch-K4-total[ms]	32	128	0	128	CLMUL	0.05076
create-batch-K8[ns]	32	128	0	128	GENERIC	2.45825
create-batch-K8-total[ms]	32	128	0	128	GENERIC	0.04028
create-batch-K8[ns]	32	128	0	128	CLMUL	2.38177
create-batch-K8-total[ms]	32	128	0	128	CLMUL	0.03902
create-batch-K1[ns]	32	128	0	512	GENERIC	4.30690
create-batch-K1-total[ms]	32	128	0	512	GENERIC	0.28226
create-batch-K1[ns]	32	128	0	512	CLMUL	7.10912
create-batch-K1-total[ms]	32	128	0	512	CLMUL	0.46590
create-batch-K2[ns]	32	128	0	512	GENERIC	2.60283
create-batch-K2-total[ms]	32	128	0	512	GENERIC	0.17058
create-batch-K2[ns]	32	128	0	512	CLMUL	3.93845
create-batch-K2-total[ms]	32	128	0	512	CLMUL	0.25811
create-batch-K4[ns]	32	128	0	512	GENERIC	2.42497
create-batch-K4-total[ms]	32	128	0	512	GENERIC	0.15892
create-batch-K4[ns]	32	128	0	512	CLMUL	3.17766
create-batch-K4-total[ms]	32	128	0	512	CLMUL	0.20825
create-batch-K8[ns]	32	128	0	512	GENERIC	2.45663
create-batch-K8-total[ms]	32	128	0	512	GENERIC	0.16100
create-batch-K8[ns]	32	128	0	512	CLMUL	2.40796
create-batch-K8-total[ms]	32	128	0	512	CLMUL	0.15781
create-batch-K1[ns]	32	128	0	1024	GENERIC	4.27656
create-batch-K1-total[ms]	32	128	0	1024	GENERIC	0.56054
create-batch-K1[ns]	32	128	0	1024	CLMUL	7.10928
create-batch-K1-total[ms]	32	128	0	1024	CLMUL	0.93183
create-batch-K2[ns]	32	128	0	1024	GENERIC	2.59166
create-batch-K2-total[ms]	32	128	0	1024	GENERIC	0.33969
create-batch-K2[ns]	32	128	0	1024	CLMUL	3.94066
create-batch-K2-total[ms]	32	128	0	1024	CLMUL	0.51651
create-batch-K4[ns]	32	128	0	1024	GENERIC	2.42469
create-batch-K4-total[ms]	32	128	0	1024	GENERIC	0.31781
create-batch-K4[ns]	32	128	0	1024	CLMUL	3.20080
create-batch-K4-total[ms]	32	128	0	1024	CLMUL	0.41953
create-batch-K8[ns]	32	128	0	1024	GENERIC	2.45634
create-batch-K8-total[ms]	32	128	0	1024	GENERIC	0.32196
create-batch-K8[ns]	32	128	0	1024	CLMUL	2.41446
create-batch-K8-total[ms]	32	128	0	1024	CLMUL	0.31647
create-batch-K1[ns]	32	128	0	2048	GENERIC	4.30785
create-batch-K1-total[ms]	32	128	0	2048	GENERIC	1.12928
create-batch-K1[ns]	32	128	0	2048	CLMUL	7.10936
create-batch-K1-total[ms]	32	128	0	2048	CLMUL	1.86368
create-batch-K2[ns]	32	128	0	2048	GENERIC	2.60271
create-batch-K2-total[ms]	32	128	0	2048	GENERIC	0.68228
create-batch-K2[ns]	32	128	0	2048	CLMUL	3.93960
create-batch-K2-total[ms]	32	128	0	2048	CLMUL	1.03274
create-batch-K4[ns]	32	128	0	2048	GENERIC	2.42461
create-batch-K4-total[ms]	32	128	0	2048	GENERIC	0.63560
create-batch-K4[ns]	32	128	0	2048	CLMUL	3.22176
create-batch-K4-total[ms]	32	128	0	2048	CLMUL	0.84456
create-batch-K8[ns]	32	128	0	2048	GENERIC	2.45621
create-batch-K8-total[ms]	32	128	0	2048	GENERIC	0.64388
create-batch-K8[ns]	32	128	0	2048	CLMUL	2.41555
create-batch-K8-total[ms]	32	128	0	2048	CLMUL	0.63322
create-batch-K1[ns]	32	128	0	4096	GENERIC	4.29199
create-batch-K1-total[ms]	32	128	0	4096	GENERIC	2.25024
create-batch-K1[ns]	32	128	0	4096	CLMUL	7.11049
create-batch-K1-total[ms]	32	128	0	4096	CLMUL	3.72795
create-batch-K2[ns]	32	128	0	4096	GENERIC	2.59405
create-batch-K2-total[ms]	32	128	0	4096	GENERIC	1.36003
create-batch-K2[ns]	32	128	0	4096	CLMUL	3.94404
create-batch-K2-total[ms]	32	128	0	4096	CLMUL	2.06782
create-batch-K4[ns]	32	128	0	4096	GENERIC	2.42458
create-batch-K4-total[ms]	32	128	0	4096	GENERIC	1.27118
create-batch-K4[ns]	32	128	0	4096	CLMUL	3.21406
create-batch-K4-total[ms]	32	128	0	4096	CLMUL	1.68509
create-batch-K8[ns]	32	128	0	4096	GENERIC	2.45640
create-batch-K8-total[ms]	32	128	0	4096	GENERIC	1.28786
create-batch-K8[ns]	32	128	0	4096	CLMUL	2.40315
create-batch-K8-total[ms]	32	128	0	4096	CLMUL	1.25994
create-batch-K1[ns]	32	128	0	8192	GENERIC	4.28402
create-batch-K1-total[ms]	32	128	0	8192	GENERIC	4.49212
create-batch-K1[ns]	32	128	0	8192	CLMUL	7.11254
create-batch-K1-total[ms]	32	128	0	8192	CLMUL	7.45803
create-batch-K2[ns]	32	128	0	8192	GENERIC	2.60423
create-batch-K2-total[ms]	32	128	0	8192	GENERIC	2.73074
create-batch-K2[ns]	32	128	0	8192	CLMUL	3.94602
create-batch-K2-total[ms]	32	128	0	8192	CLMUL	4.13770
create-batch-K4[ns]	32	128	0	8192	GENERIC	2.42463
create-batch-K4-total[ms]	32	128	0	8192	GENERIC	2.54241
create-batch-K4[ns]	32	128	0	8192	CLMUL	3.22575
create-batch-K4-total[ms]	32	128	0	8192	CLMUL	3.38245
create-batch-K8[ns]	32	128	0	8192	GENERIC	2.45642
create-batch-K8-total[ms]	32	128	0	8192	GENERIC	2.57575
create-batch-K8[ns]	32	128	0	8192	CLMUL	2.39219
create-batch-K8-total[ms]	32	128	0	8192	CLMUL	2.50839
create-batch-K1[ns]	32	256	0	16	GENERIC	4.14355
create-batch-K1-total[ms]	32	256	0	16	GENERIC	0.01697
create-batch-K1[ns]	32	256	0	16	CLMUL	7.15796
create-batch-K1-total[ms]	32	256	0	16	CLMUL	0.02932
create-batch-K2[ns]	32	256	0	16	GENERIC	2.44482
create-batch-K2-total[ms]	32	256	0	16	GENERIC	0.01001
create-batch-K2[ns]	32	256	0	16	CLMUL	3.89307
create-batch-K2-total[ms]	32	256	0	16	CLMUL	0.01595
create-batch-K4[ns]	32	256	0	16	GENERIC	2.27954
create-batch-K4-total[ms]	32	256	0	16	GENERIC	0.00934
create-batch-K4[ns]	32	256	0	16	CLMUL	2.97339
create-batch-K4-total[ms]	32	256	0	16	CLMUL	0.01218
create-batch-K8[ns]	32	256	0	16	GENERIC	2.31226
create-batch-K8-total[ms]	32	256	0	16	GENERIC	0.00947
create-batch-K8[ns]	32	256	0	16	CLMUL	2.50146
create-batch-K8-total[ms]	32	256	0	16	CLMUL	0.01025
create-batch-K1[ns]	32	256	0	64	GENERIC	4.14703
create-batch-K1-total[ms]	32	256	0	64	GENERIC	0.06795
create-batch-K1[ns]	32	256	0	64	CLMUL	7.15387
create-batch-K1-total[ms]	32	256	0	64	CLMUL	0.11721
create-batch-K2[ns]	32	256	0	64	GENERIC	2.44031
create-batch-K2-total[ms]	32	256	0	64	GENERIC	0.03998
create-batch-K2[ns]	32	256	0	64	CLMUL	3.92517
create-batch-K2-total[ms]	32	256	0	64	CLMUL	0.06431
create-batch-K4[ns]	32	256	0	64	GENERIC	2.27454
create-batch-K4-total[ms]	32	256	0	64	GENERIC	0.03727
create-batch-K4[ns]	32	256	0	64	CLMUL	3.10864
create-batch-K4-total[ms]	32	256	0	64	CLMUL	0.05093
create-batch-K8[ns]	32	256	0	64	GENERIC	2.30676
create-batch-K8-total[ms]	32	256	0	64	GENERIC	0.03779
create-batch-K8[ns]	32	256	0	64	CLMUL	2.35205
create-batch-K8-total[ms]	32	256	0	64	CLMUL	0.03854
create-batch-K1[ns]	32	256	0	128	GENERIC	4.14798
create-batch-K1-total[ms]	32	256	0	128	GENERIC	0.13592
create-batch-K1[ns]	32	256	0	128	CLMUL	7.15305
create-batch-K1-total[ms]	32	256	0	128	CLMUL	0.23439
create-batch-K2[ns]	32	256	0	128	GENERIC	2.44415
create-batch-K2-total[ms]	32	256	0	128	GENERIC	0.08009
create-batch-K2[ns]	32	256	0	128	CLMUL	3.92599
create-batch-K2-total[ms]	32	256	0	128	CLMUL	0.12865
create-batch-K4[ns]	32	256	0	128	GENERIC	2.27365
create-batch-K4-total[ms]	32	256	0	128	GENERIC	0.07450
create-batch-K4[ns]	32	256	0	128	CLMUL	3.15549
create-batch-K4-total[ms]	32	256	0	128	CLMUL	0.10340
create-batch-K8[ns]	32	256	0	128	GENERIC	2.30551
create-batch-K8-total[ms]	32	256	0	128	GENERIC	0.07555
create-batch-K8[ns]	32	256	0	128	CLMUL	2.34290
create-batch-K8-total[ms]	32	256	0	128	CLMUL	0.07677
create-batch-K1[ns]	32	256	0	512	GENERIC	4.11990
create-batch-K1-total[ms]	32	256	0	512	GENERIC	0.54000
create-batch-K1[ns]	32	256	0	512	CLMUL	7.15257
create-batch-K1-total[ms]	32	256	0	512	CLMUL	0.93750
create-batch-K2[ns]	32	256	0	512	GENERIC	2.43206
create-batch-K2-total[ms]	32	256	0	512	GENERIC	0.31877
create-batch-K2[ns]	32	256	0	512	CLMUL	3.93776
create-batch-K2-total[ms]	32	256	0	512	CLMUL	0.51613
create-batch-K4[ns]	32	256	0	512	GENERIC	2.27268
create-batch-K4-total[ms]	32	256	0	512	GENERIC	0.29789
create-batch-K4[ns]	32	256	0	512	CLMUL	3.16415
create-batch-K4-total[ms]	32	256	0	512	CLMUL	0.41473
create-batch-K8[ns]	32	256	0	512	GENERIC	2.30454
create-batch-K8-total[ms]	32	256	0	512	GENERIC	0.30206
create-batch-K8[ns]	32	256	0	512	CLMUL	2.37656
create-batch-K8-total[ms]	32	256	0	512	CLMUL	0.31150
create-batch-K1[ns]	32	256	0	1024	GENERIC	4.13298
create-batch-K1-total[ms]	32	256	0	1024	GENERIC	1.08343
create-batch-K1[ns]	32	256	0	1024	CLMUL	7.15271
create-batch-K1-total[ms]	32	256	0	1024	CLMUL	1.87504
create-batch-K2[ns]	32	256	0	1024	GENERIC	2.43159
create-batch-K2-total[ms]	32	256	0	1024	GENERIC	0.63743
create-batch-K2[ns]	32	256	0	1024	CLMUL	3.93534
create-batch-K2-total[ms]	32	256	0	1024	CLMUL	1.03163
create-batch-K4[ns]	32	256	0	1024	GENERIC	2.27259
create-batch-K4-total[ms]	32	256	0	1024	GENERIC	0.59575
create-batch-K4[ns]	32	256	0	1024	CLMUL	3.20635
create-batch-K4-total[ms]	32	256	0	1024	CLMUL	0.84052
create-batch-K8[ns]	32	256	0	1024	GENERIC	2.30434
create-batch-K8-total[ms]	32	256	0	1024	GENERIC	0.60407
create-batch-K8[ns]	32	256	0	1024	CLMUL	2.37748
create-batch-K8-total[ms]	32	256	0	1024	CLMUL	0.62324
create-batch-K1[ns]	32	256	0	2048	GENERIC	4.12300
create-batch-K1-total[ms]	32	256	0	2048	GENERIC	2.16164
create-batch-K1[ns]	32	256	0	2048	CLMUL	7.15634
create-batch-K1-total[ms]	32	256	0	2048	CLMUL	3.75198
create-batch-K2[ns]	32	256	0	2048	GENERIC	2.44472
create-batch-K2-total[ms]	32	256	0	2048	GENERIC	1.28174
create-batch-K2[ns]	32	256	0	2048	CLMUL	3.93366
create-batch-K2-total[ms]	32	256	0	2048	CLMUL	2.06237
create-batch-K4[ns]	32	256	0	2048	GENERIC	2.27243
create-batch-K4-total[ms]	32	256	0	2048	GENERIC	1.19141
create-batch-K4[ns]	32	256	0	2048	CLMUL	3.21023
create-batch-K4-total[ms]	32	256	0	2048	CLMUL	1.68308
create-batch-K8[ns]	32	256	0	2048	GENERIC	2.30442
create-batch-K8-total[ms]	32	256	0	2048	GENERIC	1.20818
create-batch-K8[ns]	32	256	0	2048	CLMUL	2.37503
create-batch-K8-total[ms]	32	256	0	2048	CLMUL	1.24520
create-batch-K1[ns]	32	256	0	4096	GENERIC	4.12803
create-batch-K1-total[ms]	32	256	0	4096	GENERIC	4.32856
create-batch-K1[ns]	32	256	0	4096	CLMUL	7.15511
create-batch-K1-total[ms]	32	256	0	4096	CLMUL	7.50267
create-batch-K2[ns]	32	256	0	4096	GENERIC	2.44499
create-batch-K2-total[ms]	32	256	0	4096	GENERIC	2.56375
create-batch-K2[ns]	32	256	0	4096	CLMUL	3.94486
create-batch-K2-total[ms]	32	256	0	4096	CLMUL	4.13649
create-batch-K4[ns]	32	256	0	4096	GENERIC	2.27255
create-batch-K4-total[ms]	32	256	0	4096	GENERIC	2.38294
create-batch-K4[ns]	32	256	0	4096	CLMUL	3.20227
create-batch-K4-total[ms]	32	256	0	4096	CLMUL	3.35782
create-batch-K8[ns]	32	256	0	4096	GENERIC	2.30444
create-batch-K8-total[ms]	32	256	0	4096	GENERIC	2.41638
create-batch-K8[ns]	32	256	0	4096	CLMUL	2.38079
create-batch-K8-total[ms]	32	256	0	4096	CLMUL	2.49644
create-batch-K1[ns]	32	256	0	8192	GENERIC	4.12248
create-batch-K1-total[ms]	32	256	0	8192	GENERIC	8.64546
create-batch-K1[ns]	32	256	0	8192	CLMUL	7.15575
create-batch-K1-total[ms]	32	256	0	8192	CLMUL	15.00670
create-batch-K2[ns]	32	256	0	8192	GENERIC	2.43475
create-batch-K2-total[ms]	32	256	0	8192	GENERIC	5.10603
create-batch-K2[ns]	32	256	0	8192	CLMUL	3.94417
create-batch-K2-total[ms]	32	256	0	8192	CLMUL	8.27153
create-batch-K4[ns]	32	256	0	8192	GENERIC	2.27328
create-batch-K4-total[ms]	32	256	0	8192	GENERIC	4.76741
create-batch-K4[ns]	32	256	0	8192	CLMUL	3.20584
create-batch-K4-total[ms]	32	256	0	8192	CLMUL	6.72313
create-batch-K8[ns]	32	256	0	8192	GENERIC	2.30525
create-batch-K8-total[ms]	32	256	0	8192	GENERIC	4.83447
create-batch-K8[ns]	32	256	0	8192	CLMUL	2.37781
create-batch-K8-total[ms]	32	256	0	8192	CLMUL	4.98662
create-batch-K1[ns]	32	512	0	16	GENERIC	4.04309
create-batch-K1-total[ms]	32	512	0	16	GENERIC	0.03312
create-batch-K1[ns]	32	512	0	16	CLMUL	7.17700
create-batch-K1-total[ms]	32	512	0	16	CLMUL	0.05879
create-batch-K2[ns]	32	512	0	16	GENERIC	2.36938
create-batch-K2-total[ms]	32	512	0	16	GENERIC	0.01941
create-batch-K2[ns]	32	512	0	16	CLMUL	3.89014
create-batch-K2-total[ms]	32	512	0	16	CLMUL	0.03187
create-batch-K4[ns]	32	512	0	16	GENERIC	2.20264
create-batch-K4-total[ms]	32	512	0	16	GENERIC	0.01804
create-batch-K4[ns]	32	512	0	16	CLMUL	3.09253
create-batch-K4-total[ms]	32	512	0	16	CLMUL	0.02533
create-batch-K8[ns]	32	512	0	16	GENERIC	2.23364
create-batch-K8-total[ms]	32	512	0	16	GENERIC	0.01830
create-batch-K8[ns]	32	512	0	16	CLMUL	2.33997
create-batch-K8-total[ms]	32	512	0	16	CLMUL	0.01917
create-batch-K1[ns]	32	512	0	64	GENERIC	4.04037
create-batch-K1-total[ms]	32	512	0	64	GENERIC	0.13239
create-batch-K1[ns]	32	512	0	64	CLMUL	7.17499
create-batch-K1-total[ms]	32	512	0	64	CLMUL	0.23511
create-batch-K2[ns]	32	512	0	64	GENERIC	2.37045
create-batch-K2-total[ms]	32	512	0	64	GENERIC	0.07768
create-batch-K2[ns]	32	512	0	64	CLMUL	3.91229
create-batch-K2-total[ms]	32	512	0	64	CLMUL	0.12820
create-batch-K4[ns]	32	512	0	64	GENERIC	2.20004
create-batch-K4-total[ms]	32	512	0	64	GENERIC	0.07209
create-batch-K4[ns]	32	512	0	64	CLMUL	3.19995
create-batch-K4-total[ms]	32	512	0	64	CLMUL	0.10486
create-batch-K8[ns]	32	512	0	64	GENERIC	2.23053
create-batch-K8-total[ms]	32	512	0	64	GENERIC	0.07309
create-batch-K8[ns]	32	512	0	64	CLMUL	2.41534
create-batch-K8-total[ms]	32	512	0	64	CLMUL	0.07915
create-batch-K1[ns]	32	512	0	128	GENERIC	4.04115
create-batch-K1-total[ms]	32	512	0	128	GENERIC	0.26484
create-batch-K1[ns]	32	512	0	128	CLMUL	7.17465
create-batch-K1-total[ms]	32	512	0	128	CLMUL	0.47020
create-batch-K2[ns]	32	512	0	128	GENERIC	2.35886
create-batch-K2-total[ms]	32	512	0	128	GENERIC	0.15459
create-batch-K2[ns]	32	512	0	128	CLMUL	3.91899
create-batch-K2-total[ms]	32	512	0	128	CLMUL	0.25684
create-batch-K4[ns]	32	512	0	128	GENERIC	2.19939
create-batch-K4-total[ms]	32	512	0	128	GENERIC	0.14414
create-batch-K4[ns]	32	512	0	128	CLMUL	3.19131
create-batch-K4-total[ms]	32	512	0	128	CLMUL	0.20915
create-batch-K8[ns]	32	512	0	128	GENERIC	2.22990
create-batch-K8-total[ms]	32	512	0	128	GENERIC	0.14614
create-batch-K8[ns]	32	512	0	128	CLMUL	2.36397
create-batch-K8-total[ms]	32	512	0	128	CLMUL	0.15493
create-batch-K1[ns]	32	512	0	512	GENERIC	4.04145
create-batch-K1-total[ms]	32	512	0	512	GENERIC	1.05944
create-batch-K1[ns]	32	512	0	512	CLMUL	7.17464
create-batch-K1-total[ms]	32	512	0	512	CLMUL	1.88079
create-batch-K2[ns]	32	512	0	512	GENERIC	2.37539
create-batch-K2-total[ms]	32	512	0	512	GENERIC	0.62269
create-batch-K2[ns]	32	512	0	512	CLMUL	3.93740
create-batch-K2-total[ms]	32	512	0	512	CLMUL	1.03216
create-batch-K4[ns]	32	512	0	512	GENERIC	2.19656
create-batch-K4-total[ms]	32	512	0	512	GENERIC	0.57581
create-batch-K4[ns]	32	512	0	512	CLMUL	3.21527
create-batch-K4-total[ms]	32	512	0	512	CLMUL	0.84286
create-batch-K8[ns]	32	512	0	512	GENERIC	2.22952
create-batch-K8-total[ms]	32	512	0	512	GENERIC	0.58445
create-batch-K8[ns]	32	512	0	512	CLMUL	2.36912
create-batch-K8-total[ms]	32	512	0	512	CLMUL	0.62105
create-batch-K1[ns]	32	512	0	1024	GENERIC	4.04463
create-batch-K1-total[ms]	32	512	0	1024	GENERIC	2.12055
create-batch-K1[ns]	32	512	0	1024	CLMUL	7.17760
create-batch-K1-total[ms]	32	512	0	1024	CLMUL	3.76313
create-batch-K2[ns]	32	512	0	1024	GENERIC	2.37494
create-batch-K2-total[ms]	32	512	0	1024	GENERIC	1.24516
create-batch-K2[ns]	32	512	0	1024	CLMUL	3.93965
create-batch-K2-total[ms]	32	512	0	1024	CLMUL	2.06551
create-batch-K4[ns]	32	512	0	1024	GENERIC	2.19907
create-batch-K4-total[ms]	32	512	0	1024	GENERIC	1.15294
create-batch-K4[ns]	32	512	0	1024	CLMUL	3.20551
create-batch-K4-total[ms]	32	512	0	1024	CLMUL	1.68061
create-batch-K8[ns]	32	512	0	1024	GENERIC	2.22943
create-batch-K8-total[ms]	32	512	0	1024	GENERIC	1.16886
create-batch-K8[ns]	32	512	0	1024	CLMUL	2.37883
create-batch-K8-total[ms]	32	512	0	1024	CLMUL	1.24719
create-batch-K1[ns]	32	512	0	2048	GENERIC	4.04322
create-batch-K1-total[ms]	32	512	0	2048	GENERIC	4.23963
create-batch-K1[ns]	32	512	0	2048	CLMUL	7.17696
create-batch-K1-total[ms]	32	512	0	2048	CLMUL	7.52558
create-batch-K2[ns]	32	512	0	2048	GENERIC	2.36755
create-batch-K2-total[ms]	32	512	0	2048	GENERIC	2.48255
create-batch-K2[ns]	32	512	0	2048	CLMUL	3.94201
create-batch-K2-total[ms]	32	512	0	2048	CLMUL	4.13350
create-batch-K4[ns]	32	512	0	2048	GENERIC	2.19944
create-batch-K4-total[ms]	32	512	0	2048	GENERIC	2.30628
create-batch-K4[ns]	32	512	0	2048	CLMUL	3.22310
create-batch-K4-total[ms]	32	512	0	2048	CLMUL	3.37966
create-batch-K8[ns]	32	512	0	2048	GENERIC	2.22948
create-batch-K8-total[ms]	32	512	0	2048	GENERIC	2.33778
create-batch-K8[ns]	32	512	0	2048	CLMUL	2.39348
create-batch-K8-total[ms]	32	512	0	2048	CLMUL	2.50974
create-batch-K1[ns]	32	512	0	4096	GENERIC	4.04367
create-batch-K1-total[ms]	32	512	0	4096	GENERIC	8.48018
create-batch-K1[ns]	32	512	0	4096	CLMUL	7.17717
create-batch-K1-total[ms]	32	512	0	4096	CLMUL	15.05162
create-batch-K2[ns]	32	512	0	4096	GENERIC	2.36488
create-batch-K2-total[ms]	32	512	0	4096	GENERIC	4.95950
create-batch-K2[ns]	32	512	0	4096	CLMUL	3.94059
create-batch-K2-total[ms]	32	512	0	4096	CLMUL	8.26401
create-batch-K4[ns]	32	512	0	4096	GENERIC	2.19989
create-batch-K4-total[ms]	32	512	0	4096	GENERIC	4.61351
create-batch-K4[ns]	32	512	0	4096	CLMUL	3.21987
create-batch-K4-total[ms]	32	512	0	4096	CLMUL	6.75256
create-batch-K8[ns]	32	512	0	4096	GENERIC	2.23026
create-batch-K8-total[ms]	32	512	0	4096	GENERIC	4.67720
create-batch-K8[ns]	32	512	0	4096	CLMUL	2.38914
create-batch-K8-total[ms]	32	512	0	4096	CLMUL	5.01039
create-batch-K1[ns]	32	512	0	8192	GENERIC	4.04348
create-batch-K1-total[ms]	32	512	0	8192	GENERIC	16.95957
create-batch-K1[ns]	32	512	0	8192	CLMUL	7.17751
create-batch-K1-total[ms]	32	512	0	8192	CLMUL	30.10466
create-batch-K2[ns]	32	512	0	8192	GENERIC	2.36534
create-batch-K2-total[ms]	32	512	0	8192	GENERIC	9.92094
create-batch-K2[ns]	32	512	0	8192	CLMUL	3.94495
create-batch-K2-total[ms]	32	512	0	8192	CLMUL	16.54630
create-batch-K4[ns]	32	512	0	8192	GENERIC	2.19995
create-batch-K4-total[ms]	32	512	0	8192	GENERIC	9.22725
create-batch-K4[ns]	32	512	0	8192	CLMUL	3.22260
create-batch-K4-total[ms]	32	512	0	8192	CLMUL	13.51655
create-batch-K8[ns]	32	512	0	8192	GENERIC	2.23023
create-batch-K8-total[ms]	32	512	0	8192	GENERIC	9.35428
create-batch-K8[ns]	32	512	0	8192	CLMUL	2.38945
create-batch-K8-total[ms]	32	512	0	8192	CLMUL	10.02206
create-batch-K1[ns]	32	1024	0	16	GENERIC	4.03296
create-batch-K1-total[ms]	32	1024	0	16	GENERIC	0.06608
create-batch-K1[ns]	32	1024	0	16	CLMUL	7.18695
create-batch-K1-total[ms]	32	1024	0	16	CLMUL	0.11775
create-batch-K2[ns]	32	1024	0	16	GENERIC	2.32599
create-batch-K2-total[ms]	32	1024	0	16	GENERIC	0.03811
create-batch-K2[ns]	32	1024	0	16	CLMUL	3.84412
create-batch-K2-total[ms]	32	1024	0	16	CLMUL	0.06298
create-batch-K4[ns]	32	1024	0	16	GENERIC	2.16168
create-batch-K4-total[ms]	32	1024	0	16	GENERIC	0.03542
create-batch-K4[ns]	32	1024	0	16	CLMUL	3.09070
create-batch-K4-total[ms]	32	1024	0	16	CLMUL	0.05064
create-batch-K8[ns]	32	1024	0	16	GENERIC	2.19543
create-batch-K8-total[ms]	32	1024	0	16	GENERIC	0.03597
create-batch-K8[ns]	32	1024	0	16	CLMUL	2.32147
create-batch-K8-total[ms]	32	1024	0	16	CLMUL	0.03803
create-batch-K1[ns]	32	1024	0	64	GENERIC	4.04327
create-batch-K1-total[ms]	32	1024	0	64	GENERIC	0.26498
create-batch-K1[ns]	32	1024	0	64	CLMUL	7.18561
create-batch-K1-total[ms]	32	1024	0	64	CLMUL	0.47092
create-batch-K2[ns]	32	1024	0	64	GENERIC	2.32523
create-batch-K2-total[ms]	32	1024	0	64	GENERIC	0.15239
create-batch-K2[ns]	32	1024	0	64	CLMUL	3.92386
create-batch-K2-total[ms]	32	1024	0	64	CLMUL	0.25715
create-batch-K4[ns]	32	1024	0	64	GENERIC	2.16014
create-batch-K4-total[ms]	32	1024	0	64	GENERIC	0.14157
create-batch-K4[ns]	32	1024	0	64	CLMUL	3.05624
create-batch-K4-total[ms]	32	1024	0	64	CLMUL	0.20029
create-batch-K8[ns]	32	1024	0	64	GENERIC	2.19391
create-batch-K8-total[ms]	32	1024	0	64	GENERIC	0.14378
create-batch-K8[ns]	32	1024	0	64	CLMUL	2.37782
create-batch-K8-total[ms]	32	1024	0	64	CLMUL	0.15583
create-batch-K1[ns]	32	1024	0	128	GENERIC	4.01566
create-batch-K1-total[ms]	32	1024	0	128	GENERIC	0.52634
create-batch-K1[ns]	32	1024	0	128	CLMUL	7.18545
create-batch-K1-total[ms]	32	1024	0	128	CLMUL	0.94181
create-batch-K2[ns]	32	1024	0	128	GENERIC	2.32433
create-batch-K2-total[ms]	32	1024	0	128	GENERIC	0.30465
create-batch-K2[ns]	32	1024	0	128	CLMUL	3.90565
create-batch-K2-total[ms]	32	1024	0	128	CLMUL	0.51192
create-batch-K4[ns]	32	1024	0	128	GENERIC	2.16000
create-batch-K4-total[ms]	32	1024	0	128	GENERIC	0.28312
create-batch-K4[ns]	32	1024	0	128	CLMUL	3.15412
create-batch-K4-total[ms]	32	1024	0	128	CLMUL	0.41342
create-batch-K8[ns]	32	1024	0	128	GENERIC	2.19347
create-batch-K8-total[ms]	32	1024	0	128	GENERIC	0.28750
create-batch-K8[ns]	32	1024	0	128	CLMUL	2.39207
create-batch-K8-total[ms]	32	1024	0	128	CLMUL	0.31353
create-batch-K1[ns]	32	1024	0	512	GENERIC	4.01868
create-batch-K1-total[ms]	32	1024	0	512	GENERIC	2.10695
create-batch-K1[ns]	32	1024	0	512	CLMUL	7.18855
create-batch-K1-total[ms]	32	1024	0	512	CLMUL	3.76887
create-batch-K2[ns]	32	1024	0	512	GENERIC	2.32446
create-batch-K2-total[ms]	32	1024	0	512	GENERIC	1.21868
create-batch-K2[ns]	32	1024	0	512	CLMUL	3.93119
create-batch-K2-total[ms]	32	1024	0	512	CLMUL	2.06107
create-batch-K4[ns]	32	1024	0	512	GENERIC	2.15997
create-batch-K4-total[ms]	32	1024	0	512	GENERIC	1.13244
create-batch-K4[ns]	32	1024	0	512	CLMUL	3.19505
create-batch-K4-total[ms]	32	1024	0	512	CLMUL	1.67513
create-batch-K8[ns]	32	1024	0	512	GENERIC	2.19305
create-batch-K8-total[ms]	32	1024	0	512	GENERIC	1.14979
create-batch-K8[ns]	32	1024	0	512	CLMUL	2.39207
create-batch-K8-total[ms]	32	1024	0	512	CLMUL	1.25413
create-batch-K1[ns]	32	1024	0	1024	GENERIC	4.01661
create-batch-K1-total[ms]	32	1024	0	1024	GENERIC	4.21172
create-batch-K1[ns]	32	1024	0	1024	CLMUL	7.18725
create-batch-K1-total[ms]	32	1024	0	1024	CLMUL	7.53638
create-batch-K2[ns]	32	1024	0	1024	GENERIC	2.32513
create-batch-K2-total[ms]	32	1024	0	1024	GENERIC	2.43808
create-batch-K2[ns]	32	1024	0	1024	CLMUL	3.93771
create-batch-K2-total[ms]	32	1024	0	1024	CLMUL	4.12899
create-batch-K4[ns]	32	1024	0	1024	GENERIC	2.15993
create-batch-K4-total[ms]	32	1024	0	1024	GENERIC	2.26486
create-batch-K4[ns]	32	1024	0	1024	CLMUL	3.19635
create-batch-K4-total[ms]	32	1024	0	1024	CLMUL	3.35162
create-batch-K8[ns]	32	1024	0	1024	GENERIC	2.19319
create-batch-K8-total[ms]	32	1024	0	1024	GENERIC	2.29973
create-batch-K8[ns]	32	1024	0	1024	CLMUL	2.38796
create-batch-K8-total[ms]	32	1024	0	1024	CLMUL	2.50396
create-batch-K1[ns]	32	1024	0	2048	GENERIC	4.01753
create-batch-K1-total[ms]	32	1024	0	2048	GENERIC	8.42537
create-batch-K1[ns]	32	1024	0	2048	CLMUL	7.18787
create-batch-K1-total[ms]	32	1024	0	2048	CLMUL	15.07406
create-batch-K2[ns]	32	1024	0	2048	GENERIC	2.33169
create-batch-K2-total[ms]	32	1024	0	2048	GENERIC	4.88991
create-batch-K2[ns]	32	1024	0	2048	CLMUL	3.94156
create-batch-K2-total[ms]	32	1024	0	2048	CLMUL	8.26606
create-batch-K4[ns]	32	1024	0	2048	GENERIC	2.16073
create-batch-K4-total[ms]	32	1024	0	2048	GENERIC	4.53138
create-batch-K4[ns]	32	1024	0	2048	CLMUL	3.21572
create-batch-K4-total[ms]	32	1024	0	2048	CLMUL	6.74385
create-batch-K8[ns]	32	1024	0	2048	GENERIC	2.19384
create-batch-K8-total[ms]	32	1024	0	2048	GENERIC	4.60082
create-batch-K8[ns]	32	1024	0	2048	CLMUL	2.39134
create-batch-K8-total[ms]	32	1024	0	2048	CLMUL	5.01500
create-batch-K1[ns]	32	1024	0	4096	GENERIC	4.01862
create-batch-K1-total[ms]	32	1024	0	4096	GENERIC	16.85532
create-batch-K1[ns]	32	1024	0	4096	CLMUL	7.18834
create-batch-K1-total[ms]	32	1024	0	4096	CLMUL	30.15007
create-batch-K2[ns]	32	1024	0	4096	GENERIC	2.33156
create-batch-K2-total[ms]	32	1024	0	4096	GENERIC	9.77927
create-batch-K2[ns]	32	1024	0	4096	CLMUL	3.94226
create-batch-K2-total[ms]	32	1024	0	4096	CLMUL	16.53505
create-batch-K4[ns]	32	1024	0	4096	GENERIC	2.16076
create-batch-K4-total[ms]	32	1024	0	4096	GENERIC	9.06290
create-batch-K4[ns]	32	1024	0	4096	CLMUL	3.20998
create-batch-K4-total[ms]	32	1024	0	4096	CLMUL	13.46365
create-batch-K8[ns]	32	1024	0	4096	GENERIC	2.19408
create-batch-K8-total[ms]	32	1024	0	4096	GENERIC	9.20265
create-batch-K8[ns]	32	1024	0	4096	CLMUL	2.38850
create-batch-K8-total[ms]	32	1024	0	4096	CLMUL	10.01810
create-batch-K1[ns]	32	1024	0	8192	GENERIC	4.01749
create-batch-K1-total[ms]	32	1024	0	8192	GENERIC	33.70111
create-batch-K1[ns]	32	1024	0	8192	CLMUL	7.18859
create-batch-K1-total[ms]	32	1024	0	8192	CLMUL	60.30230
create-batch-K2[ns]	32	1024	0	8192	GENERIC	2.33603
create-batch-K2-total[ms]	32	1024	0	8192	GENERIC	19.59602
create-batch-K2[ns]	32	1024	0	8192	CLMUL	3.94366
create-batch-K2-total[ms]	32	1024	0	8192	CLMUL	33.08178
create-batch-K4[ns]	32	1024	0	8192	GENERIC	2.16080
create-batch-K4-total[ms]	32	1024	0	8192	GENERIC	18.12609
create-batch-K4[ns]	32	1024	0	8192	CLMUL	3.22235
create-batch-K4-total[ms]	32	1024	0	8192	CLMUL	27.03102
create-batch-K8[ns]	32	1024	0	8192	GENERIC	2.19384
create-batch-K8-total[ms]	32	1024	0	8192	GENERIC	18.40324
create-batch-K8[ns]	32	1024	0	8192	CLMUL	2.45767
create-batch-K8-total[ms]	32	1024	0	8192	CLMUL	20.61640
create-batch-K1[ns]	32	2048	0	16	GENERIC	4.00848
create-batch-K1-total[ms]	32	2048	0	16	GENERIC	0.13135
create-batch-K1[ns]	32	2048	0	16	CLMUL	7.19156
create-batch-K1-total[ms]	32	2048	0	16	CLMUL	0.23565
create-batch-K2[ns]	32	2048	0	16	GENERIC	2.30206
create-batch-K2-total[ms]	32	2048	0	16	GENERIC	0.07543
create-batch-K2[ns]	32	2048	0	16	CLMUL	3.83978
create-batch-K2-total[ms]	32	2048	0	16	CLMUL	0.12582
create-batch-K4[ns]	32	2048	0	16	GENERIC	2.14288
create-batch-K4-total[ms]	32	2048	0	16	GENERIC	0.07022
create-batch-K4[ns]	32	2048	0	16	CLMUL	3.02502
create-batch-K4-total[ms]	32	2048	0	16	CLMUL	0.09912
create-batch-K8[ns]	32	2048	0	16	GENERIC	2.17380
create-batch-K8-total[ms]	32	2048	0	16	GENERIC	0.07123
create-batch-K8[ns]	32	2048	0	16	CLMUL	2.43054
create-batch-K8-total[ms]	32	2048	0	16	CLMUL	0.07964
create-batch-K1[ns]	32	2048	0	64	GENERIC	3.99789
create-batch-K1-total[ms]	32	2048	0	64	GENERIC	0.52401
create-batch-K1[ns]	32	2048	0	64	CLMUL	7.19096
create-batch-K1-total[ms]	32	2048	0	64	CLMUL	0.94253
create-batch-K2[ns]	32	2048	0	64	GENERIC	2.30785
create-batch-K2-total[ms]	32	2048	0	64	GENERIC	0.30250
create-batch-K2[ns]	32	2048	0	64	CLMUL	3.91158
create-batch-K2-total[ms]	32	2048	0	64	CLMUL	0.51270
create-batch-K4[ns]	32	2048	0	64	GENERIC	2.14256
create-batch-K4-total[ms]	32	2048	0	64	GENERIC	0.28083
create-batch-K4[ns]	32	2048	0	64	CLMUL	3.13493
create-batch-K4-total[ms]	32	2048	0	64	CLMUL	0.41090
create-batch-K8[ns]	32	2048	0	64	GENERIC	2.17290
create-batch-K8-total[ms]	32	2048	0	64	GENERIC	0.28481
create-batch-K8[ns]	32	2048	0	64	CLMUL	2.49956
create-batch-K8-total[ms]	32	2048	0	64	CLMUL	0.32762
create-batch-K1[ns]	32	2048	0	128	GENERIC	3.99575
create-batch-K1-total[ms]	32	2048	0	128	GENERIC	1.04746
create-batch-K1[ns]	32	2048	0	128	CLMUL	7.19092
create-batch-K1-total[ms]	32	2048	0	128	CLMUL	1.88506
create-batch-K2[ns]	32	2048	0	128	GENERIC	2.30970
create-batch-K2-total[ms]	32	2048	0	128	GENERIC	0.60547
create-batch-K2[ns]	32	2048	0	128	CLMUL	3.92975
create-batch-K2-total[ms]	32	2048	0	128	CLMUL	1.03016
create-batch-K4[ns]	32	2048	0	128	GENERIC	2.14246
create-batch-K4-total[ms]	32	2048	0	128	GENERIC	0.56163
create-batch-K4[ns]	32	2048	0	128	CLMUL	3.21407
create-batch-K4-total[ms]	32	2048	0	128	CLMUL	0.84255
create-batch-K8[ns]	32	2048	0	128	GENERIC	2.17293
create-batch-K8-total[ms]	32	2048	0	128	GENERIC	0.56962
create-batch-K8[ns]	32	2048	0	128	CLMUL	2.49450
create-batch-K8-total[ms]	32	2048	0	128	CLMUL	0.65392
create-batch-K1[ns]	32	2048	0	512	GENERIC	4.00644
create-batch-K1-total[ms]	32	2048	0	512	GENERIC	4.20106
create-batch-K1[ns]	32	2048	0	512	CLMUL	7.19249
create-batch-K1-total[ms]	32	2048	0	512	CLMUL	7.54187
create-batch-K2[ns]	32	2048	0	512	GENERIC	2.31049
create-batch-K2-total[ms]	32	2048	0	512	GENERIC	2.42273
create-batch-K2[ns]	32	2048	0	512	CLMUL	3.93283
create-batch-K2-total[ms]	32	2048	0	512	CLMUL	4.12387
create-batch-K4[ns]	32	2048	0	512	GENERIC	2.14239
create-batch-K4-total[ms]	32	2048	0	512	GENERIC	2.24646
create-batch-K4[ns]	32	2048	0	512	CLMUL	3.18991
create-batch-K4-total[ms]	32	2048	0	512	CLMUL	3.34487
create-batch-K8[ns]	32	2048	0	512	GENERIC	2.17278
create-batch-K8-total[ms]	32	2048	0	512	GENERIC	2.27833
create-batch-K8[ns]	32	2048	0	512	CLMUL	2.45114
create-batch-K8-total[ms]	32	2048	0	512	CLMUL	2.57020
create-batch-K1[ns]	32	2048	0	1024	GENERIC	3.99930
create-batch-K1-total[ms]	32	2048	0	1024	GENERIC	8.38713
create-batch-K1[ns]	32	2048	0	1024	CLMUL	7.19443
create-batch-K1-total[ms]	32	2048	0	1024	CLMUL	15.08782
create-batch-K2[ns]	32	2048	0	1024	GENERIC	2.31283
create-batch-K2-total[ms]	32	2048	0	1024	GENERIC	4.85037
create-batch-K2[ns]	32	2048	0	1024	CLMUL	3.94097
create-batch-K2-total[ms]	32	2048	0	1024	CLMUL	8.26482
create-batch-K4[ns]	32	2048	0	1024	GENERIC	2.14310
create-batch-K4-total[ms]	32	2048	0	1024	GENERIC	4.49440
create-batch-K4[ns]	32	2048	0	1024	CLMUL	3.20245
create-batch-K4-total[ms]	32	2048	0	1024	CLMUL	6.71602
create-batch-K8[ns]	32	2048	0	1024	GENERIC	2.17363
create-batch-K8-total[ms]	32	2048	0	1024	GENERIC	4.55844
create-batch-K8[ns]	32	2048	0	1024	CLMUL	2.45795
create-batch-K8-total[ms]	32	2048	0	1024	CLMUL	5.15470
create-batch-K1[ns]	32	2048	0	2048	GENERIC	3.99768
create-batch-K1-total[ms]	32	2048	0	2048	GENERIC	16.76749
create-batch-K1[ns]	32	2048	0	2048	CLMUL	7.19364
create-batch-K1-total[ms]	32	2048	0	2048	CLMUL	30.17232
create-batch-K2[ns]	32	2048	0	2048	GENERIC	2.31263
create-batch-K2-total[ms]	32	2048	0	2048	GENERIC	9.69988
create-batch-K2[ns]	32	2048	0	2048	CLMUL	3.94278
create-batch-K2-total[ms]	32	2048	0	2048	CLMUL	16.53720
create-batch-K4[ns]	32	2048	0	2048	GENERIC	2.14313
create-batch-K4-total[ms]	32	2048	0	2048	GENERIC	8.98895
create-batch-K4[ns]	32	2048	0	2048	CLMUL	3.21723
create-batch-K4-total[ms]	32	2048	0	2048	CLMUL	13.49406
create-batch-K8[ns]	32	2048	0	2048	GENERIC	2.17365
create-batch-K8-total[ms]	32	2048	0	2048	GENERIC	9.11693
create-batch-K8[ns]	32	2048	0	2048	CLMUL	2.46225
create-batch-K8-total[ms]	32	2048	0	2048	CLMUL	10.32741
create-batch-K1[ns]	32	2048	0	4096	GENERIC	3.99785
create-batch-K1-total[ms]	32	2048	0	4096	GENERIC	33.53639
create-batch-K1[ns]	32	2048	0	4096	CLMUL	7.19396
create-batch-K1-total[ms]	32	2048	0	4096	CLMUL	60.34729
create-batch-K2[ns]	32	2048	0	4096	GENERIC	2.31377
create-batch-K2-total[ms]	32	2048	0	4096	GENERIC	19.40929
create-batch-K2[ns]	32	2048	0	4096	CLMUL	3.94195
create-batch-K2-total[ms]	32	2048	0	4096	CLMUL	33.06746
create-batch-K4[ns]	32	2048	0	4096	GENERIC	2.14315
create-batch-K4-total[ms]	32	2048	0	4096	GENERIC	17.97800
create-batch-K4[ns]	32	2048	0	4096	CLMUL	3.22443
create-batch-K4-total[ms]	32	2048	0	4096	CLMUL	27.04852
create-batch-K8[ns]	32	2048	0	4096	GENERIC	2.17367
create-batch-K8-total[ms]	32	2048	0	4096	GENERIC	18.23406
create-batch-K8[ns]	32	2048	0	4096	CLMUL	2.46767
create-batch-K8-total[ms]	32	2048	0	4096	CLMUL	20.70030
create-batch-K1[ns]	32	2048	0	8192	GENERIC	3.99791
create-batch-K1-total[ms]	32	2048	0	8192	GENERIC	67.07386
create-batch-K1[ns]	32	2048	0	8192	CLMUL	7.19388
create-batch-K1-total[ms]	32	2048	0	8192	CLMUL	120.69335
create-batch-K2[ns]	32	2048	0	8192	GENERIC	2.31384
create-batch-K2-total[ms]	32	2048	0	8192	GENERIC	38.81984
create-batch-K2[ns]	32	2048	0	8192	CLMUL	3.94159
create-batch-K2-total[ms]	32	2048	0	8192	CLMUL	66.12890
create-batch-K4[ns]	32	2048	0	8192	GENERIC	2.14319
create-batch-K4-total[ms]	32	2048	0	8192	GENERIC	35.95672
create-batch-K4[ns]	32	2048	0	8192	CLMUL	3.22101
create-batch-K4-total[ms]	32	2048	0	8192	CLMUL	54.03960
create-batch-K8[ns]	32	2048	0	8192	GENERIC	2.17377
create-batch-K8-total[ms]	32	2048	0	8192	GENERIC	36.46981
create-batch-K8[ns]	32	2048	0	8192	CLMUL	2.47634
create-batch-K8-total[ms]	32	2048	0	8192	CLMUL	41.54609
create-batch-K1[ns]	32	3072	0	16	GENERIC	4.01556
create-batch-K1-total[ms]	32	3072	0	16	GENERIC	0.19737
create-batch-K1[ns]	32	3072	0	16	CLMUL	7.19322
create-batch-K1-total[ms]	32	3072	0	16	CLMUL	0.35356
create-batch-K2[ns]	32	3072	0	16	GENERIC	2.30566
create-batch-K2-total[ms]	32	3072	0	16	GENERIC	0.11333
create-batch-K2[ns]	32	3072	0	16	CLMUL	3.83986
create-batch-K2-total[ms]	32	3072	0	16	CLMUL	0.18874
create-batch-K4[ns]	32	3072	0	16	GENERIC	2.13552
create-batch-K4-total[ms]	32	3072	0	16	GENERIC	0.10496
create-batch-K4[ns]	32	3072	0	16	CLMUL	3.02667
create-batch-K4-total[ms]	32	3072	0	16	CLMUL	0.14877
create-batch-K8[ns]	32	3072	0	16	GENERIC	2.16656
create-batch-K8-total[ms]	32	3072	0	16	GENERIC	0.10649
create-batch-K8[ns]	32	3072	0	16	CLMUL	2.31769
create-batch-K8-total[ms]	32	3072	0	16	CLMUL	0.11392
create-batch-K1[ns]	32	3072	0	64	GENERIC	3.99896
create-batch-K1-total[ms]	32	3072	0	64	GENERIC	0.78623
create-batch-K1[ns]	32	3072	0	64	CLMUL	7.19280
create-batch-K1-total[ms]	32	3072	0	64	CLMUL	1.41416
create-batch-K2[ns]	32	3072	0	64	GENERIC	2.31506
create-batch-K2-total[ms]	32	3072	0	64	GENERIC	0.45516
create-batch-K2[ns]	32	3072	0	64	CLMUL	3.89965
create-batch-K2-total[ms]	32	3072	0	64	CLMUL	0.76670
create-batch-K4[ns]	32	3072	0	64	GENERIC	2.13520
create-batch-K4-total[ms]	32	3072	0	64	GENERIC	0.41980
create-batch-K4[ns]	32	3072	0	64	CLMUL	3.23013
create-batch-K4-total[ms]	32	3072	0	64	CLMUL	0.63507
create-batch-K8[ns]	32	3072	0	64	GENERIC	2.16619
create-batch-K8-total[ms]	32	3072	0	64	GENERIC	0.42589
create-batch-K8[ns]	32	3072	0	64	CLMUL	2.43156
create-batch-K8-total[ms]	32	3072	0	64	CLMUL	0.47806
create-batch-K1[ns]	32	3072	0	128	GENERIC	4.00119
create-batch-K1-total[ms]	32	3072	0	128	GENERIC	1.57333
create-batch-K1[ns]	32	3072	0	128	CLMUL	7.19271
create-batch-K1-total[ms]	32	3072	0	128	CLMUL	2.82829
create-batch-K2[ns]	32	3072	0	128	GENERIC	2.31710
create-batch-K2-total[ms]	32	3072	0	128	GENERIC	0.91112
create-batch-K2[ns]	32	3072	0	128	CLMUL	3.92353
create-batch-K2-total[ms]	32	3072	0	128	CLMUL	1.54279
create-batch-K4[ns]	32	3072	0	128	GENERIC	2.13514
create-batch-K4-total[ms]	32	3072	0	128	GENERIC	0.83957
create-batch-K4[ns]	32	3072	0	128	CLMUL	3.17994
create-batch-K4-total[ms]	32	3072	0	128	CLMUL	1.25040
create-batch-K8[ns]	32	3072	0	128	GENERIC	2.16613
create-batch-K8-total[ms]	32	3072	0	128	GENERIC	0.85176
create-batch-K8[ns]	32	3072	0	128	CLMUL	2.44472
create-batch-K8-total[ms]	32	3072	0	128	CLMUL	0.96130
create-batch-K1[ns]	32	3072	0	512	GENERIC	3.99217
create-batch-K1-total[ms]	32	3072	0	512	GENERIC	6.27914
create-batch-K1[ns]	32	3072	0	512	CLMUL	7.19481
create-batch-K1-total[ms]	32	3072	0	512	CLMUL	11.31646
create-batch-K2[ns]	32	3072	0	512	GENERIC	2.31968
create-batch-K2-total[ms]	32	3072	0	512	GENERIC	3.64854
create-batch-K2[ns]	32	3072	0	512	CLMUL	3.93195
create-batch-K2-total[ms]	32	3072	0	512	CLMUL	6.18442
create-batch-K4[ns]	32	3072	0	512	GENERIC	2.13509
create-batch-K4-total[ms]	32	3072	0	512	GENERIC	3.35820
create-batch-K4[ns]	32	3072	0	512	CLMUL	3.25703
create-batch-K4-total[ms]	32	3072	0	512	CLMUL	5.12286
create-batch-K8[ns]	32	3072	0	512	GENERIC	2.16609
create-batch-K8-total[ms]	32	3072	0	512	GENERIC	3.40697
create-batch-K8[ns]	32	3072	0	512	CLMUL	2.46464
create-batch-K8-total[ms]	32	3072	0	512	CLMUL	3.87655
create-batch-K1[ns]	32	3072	0	1024	GENERIC	3.99047
create-batch-K1-total[ms]	32	3072	0	1024	GENERIC	12.55294
create-batch-K1[ns]	32	3072	0	1024	CLMUL	7.19524
create-batch-K1-total[ms]	32	3072	0	1024	CLMUL	22.63427
create-batch-K2[ns]	32	3072	0	1024	GENERIC	2.31985
create-batch-K2-total[ms]	32	3072	0	1024	GENERIC	7.29763
create-batch-K2[ns]	32	3072	0	1024	CLMUL	3.94113
create-batch-K2-total[ms]	32	3072	0	1024	CLMUL	12.39773
create-batch-K4[ns]	32	3072	0	1024	GENERIC	2.13564
create-batch-K4-total[ms]	32	3072	0	1024	GENERIC	6.71813
create-batch-K4[ns]	32	3072	0	1024	CLMUL	3.26365
create-batch-K4-total[ms]	32	3072	0	1024	CLMUL	10.26656
create-batch-K8[ns]	32	3072	0	1024	GENERIC	2.16665
create-batch-K8-total[ms]	32	3072	0	1024	GENERIC	6.81569
create-batch-K8[ns]	32	3072	0	1024	CLMUL	2.46933
create-batch-K8-total[ms]	32	3072	0	1024	CLMUL	7.76784
create-batch-K1[ns]	32	3072	0	2048	GENERIC	3.99069
create-batch-K1-total[ms]	32	3072	0	2048	GENERIC	25.10725
create-batch-K1[ns]	32	3072	0	2048	CLMUL	7.19547
create-batch-K1-total[ms]	32	3072	0	2048	CLMUL	45.26998
create-batch-K2[ns]	32	3072	0	2048	GENERIC	2.31933
create-batch-K2-total[ms]	32	3072	0	2048	GENERIC	14.59195
create-batch-K2[ns]	32	3072	0	2048	CLMUL	3.94010
create-batch-K2-total[ms]	32	3072	0	2048	CLMUL	24.78894
create-batch-K4[ns]	32	3072	0	2048	GENERIC	2.13590
create-batch-K4-total[ms]	32	3072	0	2048	GENERIC	13.43791
create-batch-K4[ns]	32	3072	0	2048	CLMUL	3.26140
create-batch-K4-total[ms]	32	3072	0	2048	CLMUL	20.51895
create-batch-K8[ns]	32	3072	0	2048	GENERIC	2.16690
create-batch-K8-total[ms]	32	3072	0	2048	GENERIC	13.63295
create-batch-K8[ns]	32	3072	0	2048	CLMUL	2.46620
create-batch-K8-total[ms]	32	3072	0	2048	CLMUL	15.51597
create-batch-K1[ns]	32	3072	0	4096	GENERIC	3.99115
create-batch-K1-total[ms]	32	3072	0	4096	GENERIC	50.22026
create-batch-K1[ns]	32	3072	0	4096	CLMUL	7.19561
create-batch-K1-total[ms]	32	3072	0	4096	CLMUL	90.54177
create-batch-K2[ns]	32	3072	0	4096	GENERIC	2.32006
create-batch-K2-total[ms]	32	3072	0	4096	GENERIC	29.19305
create-batch-K2[ns]	32	3072	0	4096	CLMUL	3.94060
create-batch-K2-total[ms]	32	3072	0	4096	CLMUL	49.58424
create-batch-K4[ns]	32	3072	0	4096	GENERIC	2.13585
create-batch-K4-total[ms]	32	3072	0	4096	GENERIC	26.87523
create-batch-K4[ns]	32	3072	0	4096	CLMUL	3.26183
create-batch-K4-total[ms]	32	3072	0	4096	CLMUL	41.04338
create-batch-K8[ns]	32	3072	0	4096	GENERIC	2.16694
create-batch-K8-total[ms]	32	3072	0	4096	GENERIC	27.26645
create-batch-K8[ns]	32	3072	0	4096	CLMUL	2.47916
create-batch-K8-total[ms]	32	3072	0	4096	CLMUL	31.19510
create-batch-K1[ns]	32	3072	0	8192	GENERIC	3.99092
create-batch-K1-total[ms]	32	3072	0	8192	GENERIC	100.43484
create-batch-K1[ns]	32	3072	0	8192	CLMUL	7.19578
create-batch-K1-total[ms]	32	3072	0	8192	CLMUL	181.08765
create-batch-K2[ns]	32	3072	0	8192	GENERIC	2.32004
create-batch-K2-total[ms]	32	3072	0	8192	GENERIC	58.38569
create-batch-K2[ns]	32	3072	0	8192	CLMUL	3.94052
create-batch-K2-total[ms]	32	3072	0	8192	CLMUL	99.16649
create-batch-K4[ns]	32	3072	0	8192	GENERIC	2.13599
create-batch-K4-total[ms]	32	3072	0	8192	GENERIC	53.75391
create-batch-K4[ns]	32	3072	0	8192	CLMUL	3.25660
create-batch-K4-total[ms]	32	3072	0	8192	CLMUL	81.95503
create-batch-K8[ns]	32	3072	0	8192	GENERIC	2.16698
create-batch-K8-total[ms]	32	3072	0	8192	GENERIC	54.53376
create-batch-K8[ns]	32	3072	0	8192	CLMUL	2.47400
create-batch-K8-total[ms]	32	3072	0	8192	CLMUL	62.26016
create-batch-K1[ns]	32	4096	0	16	GENERIC	3.98508
create-batch-K1-total[ms]	32	4096	0	16	GENERIC	0.26117
create-batch-K1[ns]	32	4096	0	16	CLMUL	7.19408
create-batch-K1-total[ms]	32	4096	0	16	CLMUL	0.47147
create-batch-K2[ns]	32	4096	0	16	GENERIC	2.29366
create-batch-K2-total[ms]	32	4096	0	16	GENERIC	0.15032
create-batch-K2[ns]	32	4096	0	16	CLMUL	3.79131
create-batch-K2-total[ms]	32	4096	0	16	CLMUL	0.24847
create-batch-K4[ns]	32	4096	0	16	GENERIC	2.13184
create-batch-K4-total[ms]	32	4096	0	16	GENERIC	0.13971
create-batch-K4[ns]	32	4096	0	16	CLMUL	3.14957
create-batch-K4-total[ms]	32	4096	0	16	CLMUL	0.20641
create-batch-K8[ns]	32	4096	0	16	GENERIC	2.16316
create-batch-K8-total[ms]	32	4096	0	16	GENERIC	0.14177
create-batch-K8[ns]	32	4096	0	16	CLMUL	2.35510
create-batch-K8-total[ms]	32	4096	0	16	CLMUL	0.15434
create-batch-K1[ns]	32	4096	0	64	GENERIC	3.98597
create-batch-K1-total[ms]	32	4096	0	64	GENERIC	1.04490
create-batch-K1[ns]	32	4096	0	64	CLMUL	7.19376
create-batch-K1-total[ms]	32	4096	0	64	CLMUL	1.88580
create-batch-K2[ns]	32	4096	0	64	GENERIC	2.30816
create-batch-K2-total[ms]	32	4096	0	64	GENERIC	0.60507
create-batch-K2[ns]	32	4096	0	64	CLMUL	3.89947
create-batch-K2-total[ms]	32	4096	0	64	CLMUL	1.02222
create-batch-K4[ns]	32	4096	0	64	GENERIC	2.13159
create-batch-K4-total[ms]	32	4096	0	64	GENERIC	0.55878
create-batch-K4[ns]	32	4096	0	64	CLMUL	3.19991
create-batch-K4-total[ms]	32	4096	0	64	CLMUL	0.83884
create-batch-K8[ns]	32	4096	0	64	GENERIC	2.16292
create-batch-K8-total[ms]	32	4096	0	64	GENERIC	0.56700
create-batch-K8[ns]	32	4096	0	64	CLMUL	2.46314
create-batch-K8-total[ms]	32	4096	0	64	CLMUL	0.64570
create-batch-K1[ns]	32	4096	0	128	GENERIC	3.98510
create-batch-K1-total[ms]	32	4096	0	128	GENERIC	2.08934
create-batch-K1[ns]	32	4096	0	128	CLMUL	7.19675
create-batch-K1-total[ms]	32	4096	0	128	CLMUL	3.77317
create-batch-K2[ns]	32	4096	0	128	GENERIC	2.31137
create-batch-K2-total[ms]	32	4096	0	128	GENERIC	1.21183
create-batch-K2[ns]	32	4096	0	128	CLMUL	3.90339
create-batch-K2-total[ms]	32	4096	0	128	CLMUL	2.04650
create-batch-K4[ns]	32	4096	0	128	GENERIC	2.13150
create-batch-K4-total[ms]	32	4096	0	128	GENERIC	1.11752
create-batch-K4[ns]	32	4096	0	128	CLMUL	3.22719
create-batch-K4-total[ms]	32	4096	0	128	CLMUL	1.69198
create-batch-K8[ns]	32	4096	0	128	GENERIC	2.16278
create-batch-K8-total[ms]	32	4096	0	128	GENERIC	1.13392
create-batch-K8[ns]	32	4096	0	128	CLMUL	2.36777
create-batch-K8-total[ms]	32	4096	0	128	CLMUL	1.24139
create-batch-K1[ns]	32	4096	0	512	GENERIC	3.98750
create-batch-K1-total[ms]	32	4096	0	512	GENERIC	8.36240
create-batch-K1[ns]	32	4096	0	512	CLMUL	7.19618
create-batch-K1-total[ms]	32	4096	0	512	CLMUL	15.09148
create-batch-K2[ns]	32	4096	0	512	GENERIC	2.31442
create-batch-K2-total[ms]	32	4096	0	512	GENERIC	4.85369
create-batch-K2[ns]	32	4096	0	512	CLMUL	3.93033
create-batch-K2-total[ms]	32	4096	0	512	CLMUL	8.24249
create-batch-K4[ns]	32	4096	0	512	GENERIC	2.13236
create-batch-K4-total[ms]	32	4096	0	512	GENERIC	4.47188
create-batch-K4[ns]	32	4096	0	512	CLMUL	3.23534
create-batch-K4-total[ms]	32	4096	0	512	CLMUL	6.78501
create-batch-K8[ns]	32	4096	0	512	GENERIC	2.16363
create-batch-K8-total[ms]	32	4096	0	512	GENERIC	4.53747
create-batch-K8[ns]	32	4096	0	512	CLMUL	2.44895
create-batch-K8-total[ms]	32	4096	0	512	CLMUL	5.13582
create-batch-K1[ns]	32	4096	0	1024	GENERIC	3.98747
create-batch-K1-total[ms]	32	4096	0	1024	GENERIC	16.72467
create-batch-K1[ns]	32	4096	0	1024	CLMUL	7.19622
create-batch-K1-total[ms]	32	4096	0	1024	CLMUL	30.18315
create-batch-K2[ns]	32	4096	0	1024	GENERIC	2.31057
create-batch-K2-total[ms]	32	4096	0	1024	GENERIC	9.69122
create-batch-K2[ns]	32	4096	0	1024	CLMUL	3.93507
create-batch-K2-total[ms]	32	4096	0	1024	CLMUL	16.50487
create-batch-K4[ns]	32	4096	0	1024	GENERIC	2.13231
create-batch-K4-total[ms]	32	4096	0	1024	GENERIC	8.94357
create-batch-K4[ns]	32	4096	0	1024	CLMUL	3.28445
create-batch-K4-total[ms]	32	4096	0	1024	CLMUL	13.77597
create-batch-K8[ns]	32	4096	0	1024	GENERIC	2.16361
create-batch-K8-total[ms]	32	4096	0	1024	GENERIC	9.07484
create-batch-K8[ns]	32	4096	0	1024	CLMUL	2.47273
create-batch-K8-total[ms]	32	4096	0	1024	CLMUL	10.37138
create-batch-K1[ns]	32	4096	0	2048	GENERIC	3.98748
create-batch-K1-total[ms]	32	4096	0	2048	GENERIC	33.44939
create-batch-K1[ns]	32	4096	0	2048	CLMUL	7.19646
create-batch-K1-total[ms]	32	4096	0	2048	CLMUL	60.36828
create-batch-K2[ns]	32	4096	0	2048	GENERIC	2.31063
create-batch-K2-total[ms]	32	4096	0	2048	GENERIC	19.38296
create-batch-K2[ns]	32	4096	0	2048	CLMUL	3.93323
create-batch-K2-total[ms]	32	4096	0	2048	CLMUL	32.99436
create-batch-K4[ns]	32	4096	0	2048	GENERIC	2.13228
create-batch-K4-total[ms]	32	4096	0	2048	GENERIC	17.88685
create-batch-K4[ns]	32	4096	0	2048	CLMUL	3.29651
create-batch-K4-total[ms]	32	4096	0	2048	CLMUL	27.65311
create-batch-K8[ns]	32	4096	0	2048	GENERIC	2.16357
create-batch-K8-total[ms]	32	4096	0	2048	GENERIC	18.14938
create-batch-K8[ns]	32	4096	0	2048	CLMUL	2.43932
create-batch-K8-total[ms]	32	4096	0	2048	CLMUL	20.46253
create-batch-K1[ns]	32	4096	0	4096	GENERIC	3.98773
create-batch-K1-total[ms]	32	4096	0	4096	GENERIC	66.90309
create-batch-K1[ns]	32	4096	0	4096	CLMUL	7.19673
create-batch-K1-total[ms]	32	4096	0	4096	CLMUL	120.74116
create-batch-K2[ns]	32	4096	0	4096	GENERIC	2.30926
create-batch-K2-total[ms]	32	4096	0	4096	GENERIC	38.74299
create-batch-K2[ns]	32	4096	0	4096	CLMUL	3.94014
create-batch-K2-total[ms]	32	4096	0	4096	CLMUL	66.10458
create-batch-K4[ns]	32	4096	0	4096	GENERIC	2.13261
create-batch-K4-total[ms]	32	4096	0	4096	GENERIC	35.77929
create-batch-K4[ns]	32	4096	0	4096	CLMUL	3.23969
create-batch-K4-total[ms]	32	4096	0	4096	CLMUL	54.35294
create-batch-K8[ns]	32	4096	0	4096	GENERIC	2.16374
create-batch-K8-total[ms]	32	4096	0	4096	GENERIC	36.30156
create-batch-K8[ns]	32	4096	0	4096	CLMUL	2.42548
create-batch-K8-total[ms]	32	4096	0	4096	CLMUL	40.69279
create-batch-K1[ns]	32	4096	0	8192	GENERIC	3.98782
create-batch-K1-total[ms]	32	4096	0	8192	GENERIC	133.80900
create-batch-K1[ns]	32	4096	0	8192	CLMUL	7.19681
create-batch-K1-total[ms]	32	4096	0	8192	CLMUL	241.48486
create-batch-K2[ns]	32	4096	0	8192	GENERIC	2.31059
create-batch-K2-total[ms]	32	4096	0	8192	GENERIC	77.53038
create-batch-K2[ns]	32	4096	0	8192	CLMUL	3.93805
create-batch-K2-total[ms]	32	4096	0	8192	CLMUL	132.13908
create-batch-K4[ns]	32	4096	0	8192	GENERIC	2.13247
create-batch-K4-total[ms]	32	4096	0	8192	GENERIC	71.55378
create-batch-K4[ns]	32	4096	0	8192	CLMUL	3.26034
create-batch-K4-total[ms]	32	4096	0	8192	CLMUL	109.39890
create-batch-K8[ns]	32	4096	0	8192	GENERIC	2.16372
create-batch-K8-total[ms]	32	4096	0	8192	GENERIC	72.60252
create-batch-K8[ns]	32	4096	0	8192	CLMUL	2.42771
create-batch-K8-total[ms]	32	4096	0	8192	CLMUL	81.46034
create-batch-K1[ns]	32	5120	0	16	GENERIC	4.01016
create-batch-K1-total[ms]	32	5120	0	16	GENERIC	0.32851
create-batch-K1[ns]	32	5120	0	16	CLMUL	7.19452
create-batch-K1-total[ms]	32	5120	0	16	CLMUL	0.58937
create-batch-K2[ns]	32	5120	0	16	GENERIC	2.28268
create-batch-K2-total[ms]	32	5120	0	16	GENERIC	0.18700
create-batch-K2[ns]	32	5120	0	16	CLMUL	3.83933
create-batch-K2-total[ms]	32	5120	0	16	CLMUL	0.31452
create-batch-K4[ns]	32	5120	0	16	GENERIC	2.12958
create-batch-K4-total[ms]	32	5120	0	16	GENERIC	0.17445
create-batch-K4[ns]	32	5120	0	16	CLMUL	3.02611
create-batch-K4-total[ms]	32	5120	0	16	CLMUL	0.24790
create-batch-K8[ns]	32	5120	0	16	GENERIC	2.16115
create-batch-K8-total[ms]	32	5120	0	16	GENERIC	0.17704
create-batch-K8[ns]	32	5120	0	16	CLMUL	2.31503
create-batch-K8-total[ms]	32	5120	0	16	CLMUL	0.18965
create-batch-K1[ns]	32	5120	0	64	GENERIC	3.99154
create-batch-K1-total[ms]	32	5120	0	64	GENERIC	1.30795
create-batch-K1[ns]	32	5120	0	64	CLMUL	7.19421
create-batch-K1-total[ms]	32	5120	0	64	CLMUL	2.35740
create-batch-K2[ns]	32	5120	0	64	GENERIC	2.31007
create-batch-K2-total[ms]	32	5120	0	64	GENERIC	0.75696
create-batch-K2[ns]	32	5120	0	64	CLMUL	3.88745
create-batch-K2-total[ms]	32	5120	0	64	CLMUL	1.27384
create-batch-K4[ns]	32	5120	0	64	GENERIC	2.12936
create-batch-K4-total[ms]	32	5120	0	64	GENERIC	0.69775
create-batch-K4[ns]	32	5120	0	64	CLMUL	3.17034
create-batch-K4-total[ms]	32	5120	0	64	CLMUL	1.03886
create-batch-K8[ns]	32	5120	0	64	GENERIC	2.16085
create-batch-K8-total[ms]	32	5120	0	64	GENERIC	0.70807
create-batch-K8[ns]	32	5120	0	64	CLMUL	2.36337
create-batch-K8-total[ms]	32	5120	0	64	CLMUL	0.77443
create-batch-K1[ns]	32	5120	0	128	GENERIC	3.99009
create-batch-K1-total[ms]	32	5120	0	128	GENERIC	2.61495
create-batch-K1[ns]	32	5120	0	128	CLMUL	7.19667
create-batch-K1-total[ms]	32	5120	0	128	CLMUL	4.71641
create-batch-K2[ns]	32	5120	0	128	GENERIC	2.31024
create-batch-K2-total[ms]	32	5120	0	128	GENERIC	1.51404
create-batch-K2[ns]	32	5120	0	128	CLMUL	3.91425
create-batch-K2-total[ms]	32	5120	0	128	CLMUL	2.56525
create-batch-K4[ns]	32	5120	0	128	GENERIC	2.12931
create-batch-K4-total[ms]	32	5120	0	128	GENERIC	1.39546
create-batch-K4[ns]	32	5120	0	128	CLMUL	3.19292
create-batch-K4-total[ms]	32	5120	0	128	CLMUL	2.09251
create-batch-K8[ns]	32	5120	0	128	GENERIC	2.16080
create-batch-K8-total[ms]	32	5120	0	128	GENERIC	1.41610
create-batch-K8[ns]	32	5120	0	128	CLMUL	2.36942
create-batch-K8-total[ms]	32	5120	0	128	CLMUL	1.55283
create-batch-K1[ns]	32	5120	0	512	GENERIC	3.98900
create-batch-K1-total[ms]	32	5120	0	512	GENERIC	10.45693
create-batch-K1[ns]	32	5120	0	512	CLMUL	7.19665
create-batch-K1-total[ms]	32	5120	0	512	CLMUL	18.86558
create-batch-K2[ns]	32	5120	0	512	GENERIC	2.30120
create-batch-K2-total[ms]	32	5120	0	512	GENERIC	6.03246
create-batch-K2[ns]	32	5120	0	512	CLMUL	3.93530
create-batch-K2-total[ms]	32	5120	0	512	CLMUL	10.31615
create-batch-K4[ns]	32	5120	0	512	GENERIC	2.12996
create-batch-K4-total[ms]	32	5120	0	512	GENERIC	5.58355
create-batch-K4[ns]	32	5120	0	512	CLMUL	3.20697
create-batch-K4-total[ms]	32	5120	0	512	CLMUL	8.40688
create-batch-K8[ns]	32	5120	0	512	GENERIC	2.16145
create-batch-K8-total[ms]	32	5120	0	512	GENERIC	5.66612
create-batch-K8[ns]	32	5120	0	512	CLMUL	2.42529
create-batch-K8-total[ms]	32	5120	0	512	CLMUL	6.35776
create-batch-K1[ns]	32	5120	0	1024	GENERIC	3.98789
create-batch-K1-total[ms]	32	5120	0	1024	GENERIC	20.90802
create-batch-K1[ns]	32	5120	0	1024	CLMUL	7.19697
create-batch-K1-total[ms]	32	5120	0	1024	CLMUL	37.73283
create-batch-K2[ns]	32	5120	0	1024	GENERIC	2.30517
create-batch-K2-total[ms]	32	5120	0	1024	GENERIC	12.08575
create-batch-K2[ns]	32	5120	0	1024	CLMUL	3.93154
create-batch-K2-total[ms]	32	5120	0	1024	CLMUL	20.61261
create-batch-K4[ns]	32	5120	0	1024	GENERIC	2.13028
create-batch-K4-total[ms]	32	5120	0	1024	GENERIC	11.16883
create-batch-K4[ns]	32	5120	0	1024	CLMUL	3.18468
create-batch-K4-total[ms]	32	5120	0	1024	CLMUL	16.69691
create-batch-K8[ns]	32	5120	0	1024	GENERIC	2.16167
create-batch-K8-total[ms]	32	5120	0	1024	GENERIC	11.33337
create-batch-K8[ns]	32	5120	0	1024	CLMUL	2.42304
create-batch-K8-total[ms]	32	5120	0	1024	CLMUL	12.70372
create-batch-K1[ns]	32	5120	0	2048	GENERIC	3.98681
create-batch-K1-total[ms]	32	5120	0	2048	GENERIC	41.80477
create-batch-K1[ns]	32	5120	0	2048	CLMUL	7.19719
create-batch-K1-total[ms]	32	5120	0	2048	CLMUL	75.46797
create-batch-K2[ns]	32	5120	0	2048	GENERIC	2.30708
create-batch-K2-total[ms]	32	5120	0	2048	GENERIC	24.19145
create-batch-K2[ns]	32	5120	0	2048	CLMUL	3.92992
create-batch-K2-total[ms]	32	5120	0	2048	CLMUL	41.20816
create-batch-K4[ns]	32	5120	0	2048	GENERIC	2.13008
create-batch-K4-total[ms]	32	5120	0	2048	GENERIC	22.33547
create-batch-K4[ns]	32	5120	0	2048	CLMUL	3.26642
create-batch-K4-total[ms]	32	5120	0	2048	CLMUL	34.25089
create-batch-K8[ns]	32	5120	0	2048	GENERIC	2.16163
create-batch-K8-total[ms]	32	5120	0	2048	GENERIC	22.66636
create-batch-K8[ns]	32	5120	0	2048	CLMUL	2.44278
create-batch-K8-total[ms]	32	5120	0	2048	CLMUL	25.61438
create-batch-K1[ns]	32	5120	0	4096	GENERIC	3.98764
create-batch-K1-total[ms]	32	5120	0	4096	GENERIC	83.62681
create-batch-K1[ns]	32	5120	0	4096	CLMUL	7.19712
create-batch-K1-total[ms]	32	5120	0	4096	CLMUL	150.93462
create-batch-K2[ns]	32	5120	0	4096	GENERIC	2.30820
create-batch-K2-total[ms]	32	5120	0	4096	GENERIC	48.40650
create-batch-K2[ns]	32	5120	0	4096	CLMUL	3.93784
create-batch-K2-total[ms]	32	5120	0	4096	CLMUL	82.58247
create-batch-K4[ns]	32	5120	0	4096	GENERIC	2.13022
create-batch-K4-total[ms]	32	5120	0	4096	GENERIC	44.67394
create-batch-K4[ns]	32	5120	0	4096	CLMUL	3.24874
create-batch-K4-total[ms]	32	5120	0	4096	CLMUL	68.13095
create-batch-K8[ns]	32	5120	0	4096	GENERIC	2.16165
create-batch-K8-total[ms]	32	5120	0	4096	GENERIC	45.33304
create-batch-K8[ns]	32	5120	0	4096	CLMUL	2.43334
create-batch-K8-total[ms]	32	5120	0	4096	CLMUL	51.03073
create-batch-K1[ns]	32	5120	0	8192	GENERIC	3.98699
create-batch-K1-total[ms]	32	5120	0	8192	GENERIC	167.22668
create-batch-K1[ns]	32	5120	0	8192	CLMUL	7.19856
create-batch-K1-total[ms]	32	5120	0	8192	CLMUL	301.92964
create-batch-K2[ns]	32	5120	0	8192	GENERIC	2.30850
create-batch-K2-total[ms]	32	5120	0	8192	GENERIC	96.82567
create-batch-K2[ns]	32	5120	0	8192	CLMUL	3.93660
create-batch-K2-total[ms]	32	5120	0	8192	CLMUL	165.11291
create-batch-K4[ns]	32	5120	0	8192	GENERIC	2.13024
create-batch-K4-total[ms]	32	5120	0	8192	GENERIC	89.34860
create-batch-K4[ns]	32	5120	0	8192	CLMUL	3.26185
create-batch-K4-total[ms]	32	5120	0	8192	CLMUL	136.81170
create-batch-K8[ns]	32	5120	0	8192	GENERIC	2.16168
create-batch-K8-total[ms]	32	5120	0	8192	GENERIC	90.66752
create-batch-K8[ns]	32	5120	0	8192	CLMUL	2.44394
create-batch-K8-total[ms]	32	5120	0	8192	CLMUL	102.50632
create-batch-K1[ns]	32	6144	0	16	GENERIC	4.00830
create-batch-K1-total[ms]	32	6144	0	16	GENERIC	0.39403
create-batch-K1[ns]	32	6144	0	16	CLMUL	7.19486
create-batch-K1-total[ms]	32	6144	0	16	CLMUL	0.70728
create-batch-K2[ns]	32	6144	0	16	GENERIC	2.29422
create-batch-K2-total[ms]	32	6144	0	16	GENERIC	0.22553
create-batch-K2[ns]	32	6144	0	16	CLMUL	3.84037
create-batch-K2-total[ms]	32	6144	0	16	CLMUL	0.37752
create-batch-K4[ns]	32	6144	0	16	GENERIC	2.12806
create-batch-K4-total[ms]	32	6144	0	16	GENERIC	0.20920
create-batch-K4[ns]	32	6144	0	16	CLMUL	3.08601
create-batch-K4-total[ms]	32	6144	0	16	CLMUL	0.30337
create-batch-K8[ns]	32	6144	0	16	GENERIC	2.15973
create-batch-K8-total[ms]	32	6144	0	16	GENERIC	0.21231
create-batch-K8[ns]	32	6144	0	16	CLMUL	2.31580
create-batch-K8-total[ms]	32	6144	0	16	CLMUL	0.22765
create-batch-K1[ns]	32	6144	0	64	GENERIC	4.00475
create-batch-K1-total[ms]	32	6144	0	64	GENERIC	1.57473
create-batch-K1[ns]	32	6144	0	64	CLMUL	7.19459
create-batch-K1-total[ms]	32	6144	0	64	CLMUL	2.82903
create-batch-K2[ns]	32	6144	0	64	GENERIC	2.30725
create-batch-K2-total[ms]	32	6144	0	64	GENERIC	0.90725
create-batch-K2[ns]	32	6144	0	64	CLMUL	3.90063
create-batch-K2-total[ms]	32	6144	0	64	CLMUL	1.53379
create-batch-K4[ns]	32	6144	0	64	GENERIC	2.12790
create-batch-K4-total[ms]	32	6144	0	64	GENERIC	0.83672
create-batch-K4[ns]	32	6144	0	64	CLMUL	3.21307
create-batch-K4-total[ms]	32	6144	0	64	CLMUL	1.26343
create-batch-K8[ns]	32	6144	0	64	GENERIC	2.15940
create-batch-K8-total[ms]	32	6144	0	64	GENERIC	0.84911
create-batch-K8[ns]	32	6144	0	64	CLMUL	2.41264
create-batch-K8-total[ms]	32	6144	0	64	CLMUL	0.94869
create-batch-K1[ns]	32	6144	0	128	GENERIC	3.98746
create-batch-K1-total[ms]	32	6144	0	128	GENERIC	3.13586
create-batch-K1[ns]	32	6144	0	128	CLMUL	7.19661
create-batch-K1-total[ms]	32	6144	0	128	CLMUL	5.65964
create-batch-K2[ns]	32	6144	0	128	GENERIC	2.29477
create-batch-K2-total[ms]	32	6144	0	128	GENERIC	1.80468
create-batch-K2[ns]	32	6144	0	128	CLMUL	3.90155
create-batch-K2-total[ms]	32	6144	0	128	CLMUL	3.06830
create-batch-K4[ns]	32	6144	0	128	GENERIC	2.12782
create-batch-K4-total[ms]	32	6144	0	128	GENERIC	1.67339
create-batch-K4[ns]	32	6144	0	128	CLMUL	3.21166
create-batch-K4-total[ms]	32	6144	0	128	CLMUL	2.52575
create-batch-K8[ns]	32	6144	0	128	GENERIC	2.15940
create-batch-K8-total[ms]	32	6144	0	128	GENERIC	1.69822
create-batch-K8[ns]	32	6144	0	128	CLMUL	2.37552
create-batch-K8-total[ms]	32	6144	0	128	CLMUL	1.86818
create-batch-K1[ns]	32	6144	0	512	GENERIC	3.98630
create-batch-K1-total[ms]	32	6144	0	512	GENERIC	12.53980
create-batch-K1[ns]	32	6144	0	512	CLMUL	7.19710
create-batch-K1-total[ms]	32	6144	0	512	CLMUL	22.64011
create-batch-K2[ns]	32	6144	0	512	GENERIC	2.30029
create-batch-K2-total[ms]	32	6144	0	512	GENERIC	7.23608
create-batch-K2[ns]	32	6144	0	512	CLMUL	3.93515
create-batch-K2-total[ms]	32	6144	0	512	CLMUL	12.37891
create-batch-K4[ns]	32	6144	0	512	GENERIC	2.12848
create-batch-K4-total[ms]	32	6144	0	512	GENERIC	6.69563
create-batch-K4[ns]	32	6144	0	512	CLMUL	3.22639
create-batch-K4-total[ms]	32	6144	0	512	CLMUL	10.14935
create-batch-K8[ns]	32	6144	0	512	GENERIC	2.15996
create-batch-K8-total[ms]	32	6144	0	512	GENERIC	6.79464
create-batch-K8[ns]	32	6144	0	512	CLMUL	2.43173
create-batch-K8-total[ms]	32	6144	0	512	CLMUL	7.64956
create-batch-K1[ns]	32	6144	0	1024	GENERIC	3.98590
create-batch-K1-total[ms]	32	6144	0	1024	GENERIC	25.07710
create-batch-K1[ns]	32	6144	0	1024	CLMUL	7.19737
create-batch-K1-total[ms]	32	6144	0	1024	CLMUL	45.28193
create-batch-K2[ns]	32	6144	0	1024	GENERIC	2.30377
create-batch-K2-total[ms]	32	6144	0	1024	GENERIC	14.49407
create-batch-K2[ns]	32	6144	0	1024	CLMUL	3.93277
create-batch-K2-total[ms]	32	6144	0	1024	CLMUL	24.74284
create-batch-K4[ns]	32	6144	0	1024	GENERIC	2.12873
create-batch-K4-total[ms]	32	6144	0	1024	GENERIC	13.39284
create-batch-K4[ns]	32	6144	0	1024	CLMUL	3.23832
create-batch-K4-total[ms]	32	6144	0	1024	CLMUL	20.37378
create-batch-K8[ns]	32	6144	0	1024	GENERIC	2.16017
create-batch-K8-total[ms]	32	6144	0	1024	GENERIC	13.59062
create-batch-K8[ns]	32	6144	0	1024	CLMUL	2.43082
create-batch-K8-total[ms]	32	6144	0	1024	CLMUL	15.29338
create-batch-K1[ns]	32	6144	0	2048	GENERIC	3.98597
create-batch-K1-total[ms]	32	6144	0	2048	GENERIC	50.15514
create-batch-K1[ns]	32	6144	0	2048	CLMUL	7.19864
create-batch-K1-total[ms]	32	6144	0	2048	CLMUL	90.57985
create-batch-K2[ns]	32	6144	0	2048	GENERIC	2.30600
create-batch-K2-total[ms]	32	6144	0	2048	GENERIC	29.01615
create-batch-K2[ns]	32	6144	0	2048	CLMUL	3.93732
create-batch-K2-total[ms]	32	6144	0	2048	CLMUL	49.54298
create-batch-K4[ns]	32	6144	0	2048	GENERIC	2.12868
create-batch-K4-total[ms]	32	6144	0	2048	GENERIC	26.78503
create-batch-K4[ns]	32	6144	0	2048	CLMUL	3.25466
create-batch-K4-total[ms]	32	6144	0	2048	CLMUL	40.95307
create-batch-K8[ns]	32	6144	0	2048	GENERIC	2.16023
create-batch-K8-total[ms]	32	6144	0	2048	GENERIC	27.18200
create-batch-K8[ns]	32	6144	0	2048	CLMUL	2.43648
create-batch-K8-total[ms]	32	6144	0	2048	CLMUL	30.65796
create-batch-K1[ns]	32	6144	0	4096	GENERIC	3.98663
create-batch-K1-total[ms]	32	6144	0	4096	GENERIC	100.32674
create-batch-K1[ns]	32	6144	0	4096	CLMUL	7.19752
create-batch-K1-total[ms]	32	6144	0	4096	CLMUL	181.13152
create-batch-K2[ns]	32	6144	0	4096	GENERIC	2.30699
create-batch-K2-total[ms]	32	6144	0	4096	GENERIC	58.05735
create-batch-K2[ns]	32	6144	0	4096	CLMUL	3.93440
create-batch-K2-total[ms]	32	6144	0	4096	CLMUL	99.01233
create-batch-K4[ns]	32	6144	0	4096	GENERIC	2.13090
create-batch-K4-total[ms]	32	6144	0	4096	GENERIC	53.62580
create-batch-K4[ns]	32	6144	0	4096	CLMUL	3.26438
create-batch-K4-total[ms]	32	6144	0	4096	CLMUL	82.15089
create-batch-K8[ns]	32	6144	0	4096	GENERIC	2.16028
create-batch-K8-total[ms]	32	6144	0	4096	GENERIC	54.36516
create-batch-K8[ns]	32	6144	0	4096	CLMUL	2.44824
create-batch-K8-total[ms]	32	6144	0	4096	CLMUL	61.61194
create-batch-K1[ns]	32	6144	0	8192	GENERIC	3.98651
create-batch-K1-total[ms]	32	6144	0	8192	GENERIC	200.64761
create-batch-K1[ns]	32	6144	0	8192	CLMUL	7.19784
create-batch-K1-total[ms]	32	6144	0	8192	CLMUL	362.27930
create-batch-K2[ns]	32	6144	0	8192	GENERIC	2.30737
create-batch-K2-total[ms]	32	6144	0	8192	GENERIC	116.13365
create-batch-K2[ns]	32	6144	0	8192	CLMUL	3.93430
create-batch-K2-total[ms]	32	6144	0	8192	CLMUL	198.01981
create-batch-K4[ns]	32	6144	0	8192	GENERIC	2.12877
create-batch-K4-total[ms]	32	6144	0	8192	GENERIC	107.14455
create-batch-K4[ns]	32	6144	0	8192	CLMUL	3.26753
create-batch-K4-total[ms]	32	6144	0	8192	CLMUL	164.46040
create-batch-K8[ns]	32	6144	0	8192	GENERIC	2.16031
create-batch-K8-total[ms]	32	6144	0	8192	GENERIC	108.73201
create-batch-K8[ns]	32	6144	0	8192	CLMUL	2.45607
create-batch-K8-total[ms]	32	6144	0	8192	CLMUL	123.61828
create-batch-K1[ns]	32	7168	0	16	GENERIC	4.00928
create-batch-K1-total[ms]	32	7168	0	16	GENERIC	0.45982
create-batch-K1[ns]	32	7168	0	16	CLMUL	7.19525
create-batch-K1-total[ms]	32	7168	0	16	CLMUL	0.82521
create-batch-K2[ns]	32	7168	0	16	GENERIC	2.29289
create-batch-K2-total[ms]	32	7168	0	16	GENERIC	0.26297
create-batch-K2[ns]	32	7168	0	16	CLMUL	3.84060
create-batch-K2-total[ms]	32	7168	0	16	CLMUL	0.44047
create-batch-K4[ns]	32	7168	0	16	GENERIC	2.12702
create-batch-K4-total[ms]	32	7168	0	16	GENERIC	0.24394
create-batch-K4[ns]	32	7168	0	16	CLMUL	2.89746
create-batch-K4-total[ms]	32	7168	0	16	CLMUL	0.33230
create-batch-K8[ns]	32	7168	0	16	GENERIC	2.15868
create-batch-K8-total[ms]	32	7168	0	16	GENERIC	0.24757
create-batch-K8[ns]	32	7168	0	16	CLMUL	2.31446
create-batch-K8-total[ms]	32	7168	0	16	CLMUL	0.26544
create-batch-K1[ns]	32	7168	0	64	GENERIC	3.99040
create-batch-K1-total[ms]	32	7168	0	64	GENERIC	1.83060
create-batch-K1[ns]	32	7168	0	64	CLMUL	7.19489
create-batch-K1-total[ms]	32	7168	0	64	CLMUL	3.30067
create-batch-K2[ns]	32	7168	0	64	GENERIC	2.28496
create-batch-K2-total[ms]	32	7168	0	64	GENERIC	1.04823
create-batch-K2[ns]	32	7168	0	64	CLMUL	3.88740
create-batch-K2-total[ms]	32	7168	0	64	CLMUL	1.78335
create-batch-K4[ns]	32	7168	0	64	GENERIC	2.12685
create-batch-K4-total[ms]	32	7168	0	64	GENERIC	0.97570
create-batch-K4[ns]	32	7168	0	64	CLMUL	3.19775
create-batch-K4-total[ms]	32	7168	0	64	CLMUL	1.46697
create-batch-K8[ns]	32	7168	0	64	GENERIC	2.15840
create-batch-K8-total[ms]	32	7168	0	64	GENERIC	0.99017
create-batch-K8[ns]	32	7168	0	64	CLMUL	2.44098
create-batch-K8-total[ms]	32	7168	0	64	CLMUL	1.11981
create-batch-K1[ns]	32	7168	0	128	GENERIC	3.98799
create-batch-K1-total[ms]	32	7168	0	128	GENERIC	3.65899
create-batch-K1[ns]	32	7168	0	128	CLMUL	7.19677
create-batch-K1-total[ms]	32	7168	0	128	CLMUL	6.60307
create-batch-K2[ns]	32	7168	0	128	GENERIC	2.30734
create-batch-K2-total[ms]	32	7168	0	128	GENERIC	2.11700
create-batch-K2[ns]	32	7168	0	128	CLMUL	3.87754
create-batch-K2-total[ms]	32	7168	0	128	CLMUL	3.55766
create-batch-K4[ns]	32	7168	0	128	GENERIC	2.12682
create-batch-K4-total[ms]	32	7168	0	128	GENERIC	1.95136
create-batch-K4[ns]	32	7168	0	128	CLMUL	3.19884
create-batch-K4-total[ms]	32	7168	0	128	CLMUL	2.93495
create-batch-K8[ns]	32	7168	0	128	GENERIC	2.15842
create-batch-K8-total[ms]	32	7168	0	128	GENERIC	1.98036
create-batch-K8[ns]	32	7168	0	128	CLMUL	2.39294
create-batch-K8-total[ms]	32	7168	0	128	CLMUL	2.19554
create-batch-K1[ns]	32	7168	0	512	GENERIC	3.98529
create-batch-K1-total[ms]	32	7168	0	512	GENERIC	14.62607
create-batch-K1[ns]	32	7168	0	512	CLMUL	7.19765
create-batch-K1-total[ms]	32	7168	0	512	CLMUL	26.41548
create-batch-K2[ns]	32	7168	0	512	GENERIC	2.30363
create-batch-K2-total[ms]	32	7168	0	512	GENERIC	8.45436
create-batch-K2[ns]	32	7168	0	512	CLMUL	3.91291
create-batch-K2-total[ms]	32	7168	0	512	CLMUL	14.36045
create-batch-K4[ns]	32	7168	0	512	GENERIC	2.12779
create-batch-K4-total[ms]	32	7168	0	512	GENERIC	7.80902
create-batch-K4[ns]	32	7168	0	512	CLMUL	3.21858
create-batch-K4-total[ms]	32	7168	0	512	CLMUL	11.81226
create-batch-K8[ns]	32	7168	0	512	GENERIC	2.15931
create-batch-K8-total[ms]	32	7168	0	512	GENERIC	7.92471
create-batch-K8[ns]	32	7168	0	512	CLMUL	2.43422
create-batch-K8-total[ms]	32	7168	0	512	CLMUL	8.93362
create-batch-K1[ns]	32	7168	0	1024	GENERIC	3.98556
create-batch-K1-total[ms]	32	7168	0	1024	GENERIC	29.25414
create-batch-K1[ns]	32	7168	0	1024	CLMUL	7.19792
create-batch-K1-total[ms]	32	7168	0	1024	CLMUL	52.83293
create-batch-K2[ns]	32	7168	0	1024	GENERIC	2.30323
create-batch-K2-total[ms]	32	7168	0	1024	GENERIC	16.90580
create-batch-K2[ns]	32	7168	0	1024	CLMUL	3.93005
create-batch-K2-total[ms]	32	7168	0	1024	CLMUL	28.84671
create-batch-K4[ns]	32	7168	0	1024	GENERIC	2.12772
create-batch-K4-total[ms]	32	7168	0	1024	GENERIC	15.61750
create-batch-K4[ns]	32	7168	0	1024	CLMUL	3.24256
create-batch-K4-total[ms]	32	7168	0	1024	CLMUL	23.80052
create-batch-K8[ns]	32	7168	0	1024	GENERIC	2.15914
create-batch-K8-total[ms]	32	7168	0	1024	GENERIC	15.84812
create-batch-K8[ns]	32	7168	0	1024	CLMUL	2.43459
create-batch-K8-total[ms]	32	7168	0	1024	CLMUL	17.87000
create-batch-K1[ns]	32	7168	0	2048	GENERIC	3.98508
create-batch-K1-total[ms]	32	7168	0	2048	GENERIC	58.50122
create-batch-K1[ns]	32	7168	0	2048	CLMUL	7.19948
create-batch-K1-total[ms]	32	7168	0	2048	CLMUL	105.68878
create-batch-K2[ns]	32	7168	0	2048	GENERIC	2.30542
create-batch-K2-total[ms]	32	7168	0	2048	GENERIC	33.84365
create-batch-K2[ns]	32	7168	0	2048	CLMUL	3.92666
create-batch-K2-total[ms]	32	7168	0	2048	CLMUL	57.64369
create-batch-K4[ns]	32	7168	0	2048	GENERIC	2.12777
create-batch-K4-total[ms]	32	7168	0	2048	GENERIC	31.23573
create-batch-K4[ns]	32	7168	0	2048	CLMUL	3.24947
create-batch-K4-total[ms]	32	7168	0	2048	CLMUL	47.70249
create-batch-K8[ns]	32	7168	0	2048	GENERIC	2.15937
create-batch-K8-total[ms]	32	7168	0	2048	GENERIC	31.69975
create-batch-K8[ns]	32	7168	0	2048	CLMUL	2.44285
create-batch-K8-total[ms]	32	7168	0	2048	CLMUL	35.86115
create-batch-K1[ns]	32	7168	0	4096	GENERIC	3.98536
create-batch-K1-total[ms]	32	7168	0	4096	GENERIC	117.01054
create-batch-K1[ns]	32	7168	0	4096	CLMUL	7.19797
create-batch-K1-total[ms]	32	7168	0	4096	CLMUL	211.33344
create-batch-K2[ns]	32	7168	0	4096	GENERIC	2.30669
create-batch-K2-total[ms]	32	7168	0	4096	GENERIC	67.72482
create-batch-K2[ns]	32	7168	0	4096	CLMUL	3.92953
create-batch-K2-total[ms]	32	7168	0	4096	CLMUL	115.37161
create-batch-K4[ns]	32	7168	0	4096	GENERIC	2.12769
create-batch-K4-total[ms]	32	7168	0	4096	GENERIC	62.46929
create-batch-K4[ns]	32	7168	0	4096	CLMUL	3.24668
create-batch-K4-total[ms]	32	7168	0	4096	CLMUL	95.32291
create-batch-K8[ns]	32	7168	0	4096	GENERIC	2.15935
create-batch-K8-total[ms]	32	7168	0	4096	GENERIC	63.39885
create-batch-K8[ns]	32	7168	0	4096	CLMUL	2.44909
create-batch-K8-total[ms]	32	7168	0	4096	CLMUL	71.90567
create-batch-K1[ns]	32	7168	0	8192	GENERIC	3.98512
create-batch-K1-total[ms]	32	7168	0	8192	GENERIC	234.00709
create-batch-K1[ns]	32	7168	0	8192	CLMUL	7.19908
create-batch-K1-total[ms]	32	7168	0	8192	CLMUL	422.73202
create-batch-K2[ns]	32	7168	0	8192	GENERIC	2.30559
create-batch-K2-total[ms]	32	7168	0	8192	GENERIC	135.38483
create-batch-K2[ns]	32	7168	0	8192	CLMUL	3.93023
create-batch-K2-total[ms]	32	7168	0	8192	CLMUL	230.78440
create-batch-K4[ns]	32	7168	0	8192	GENERIC	2.12787
create-batch-K4-total[ms]	32	7168	0	8192	GENERIC	124.94922
create-batch-K4[ns]	32	7168	0	8192	CLMUL	3.24166
create-batch-K4-total[ms]	32	7168	0	8192	CLMUL	190.35094
create-batch-K8[ns]	32	7168	0	8192	GENERIC	2.15930
create-batch-K8-total[ms]	32	7168	0	8192	GENERIC	126.79480
create-batch-K8[ns]	32	7168	0	8192	CLMUL	2.45457
create-batch-K8-total[ms]	32	7168	0	8192	CLMUL	144.13275
create-batch-K1[ns]	32	8192	0	16	GENERIC	4.00848
create-batch-K1-total[ms]	32	8192	0	16	GENERIC	0.52540
create-batch-K1[ns]	32	8192	0	16	CLMUL	7.19571
create-batch-K1-total[ms]	32	8192	0	16	CLMUL	0.94316
create-batch-K2[ns]	32	8192	0	16	GENERIC	2.28291
create-batch-K2-total[ms]	32	8192	0	16	GENERIC	0.29923
create-batch-K2[ns]	32	8192	0	16	CLMUL	3.79156
create-batch-K2-total[ms]	32	8192	0	16	CLMUL	0.49697
create-batch-K4[ns]	32	8192	0	16	GENERIC	2.12627
create-batch-K4-total[ms]	32	8192	0	16	GENERIC	0.27869
create-batch-K4[ns]	32	8192	0	16	CLMUL	3.14925
create-batch-K4-total[ms]	32	8192	0	16	CLMUL	0.41278
create-batch-K8[ns]	32	8192	0	16	GENERIC	2.15782
create-batch-K8-total[ms]	32	8192	0	16	GENERIC	0.28283
create-batch-K8[ns]	32	8192	0	16	CLMUL	2.31454
create-batch-K8-total[ms]	32	8192	0	16	CLMUL	0.30337
create-batch-K1[ns]	32	8192	0	64	GENERIC	3.98796
create-batch-K1-total[ms]	32	8192	0	64	GENERIC	2.09084
create-batch-K1[ns]	32	8192	0	64	CLMUL	7.19552
create-batch-K1-total[ms]	32	8192	0	64	CLMUL	3.77252
create-batch-K2[ns]	32	8192	0	64	GENERIC	2.29099
create-batch-K2-total[ms]	32	8192	0	64	GENERIC	1.20114
create-batch-K2[ns]	32	8192	0	64	CLMUL	3.82750
create-batch-K2-total[ms]	32	8192	0	64	CLMUL	2.00671
create-batch-K4[ns]	32	8192	0	64	GENERIC	2.12605
create-batch-K4-total[ms]	32	8192	0	64	GENERIC	1.11466
create-batch-K4[ns]	32	8192	0	64	CLMUL	3.13419
create-batch-K4-total[ms]	32	8192	0	64	CLMUL	1.64322
create-batch-K8[ns]	32	8192	0	64	GENERIC	2.15770
create-batch-K8-total[ms]	32	8192	0	64	GENERIC	1.13125
create-batch-K8[ns]	32	8192	0	64	CLMUL	2.31539
create-batch-K8-total[ms]	32	8192	0	64	CLMUL	1.21393
create-batch-K1[ns]	32	8192	0	128	GENERIC	4.00686
create-batch-K1-total[ms]	32	8192	0	128	GENERIC	4.20150
create-batch-K1[ns]	32	8192	0	128	CLMUL	7.19717
create-batch-K1-total[ms]	32	8192	0	128	CLMUL	7.54678
create-batch-K2[ns]	32	8192	0	128	GENERIC	2.29233
create-batch-K2-total[ms]	32	8192	0	128	GENERIC	2.40369
create-batch-K2[ns]	32	8192	0	128	CLMUL	3.85146
create-batch-K2-total[ms]	32	8192	0	128	CLMUL	4.03855
create-batch-K4[ns]	32	8192	0	128	GENERIC	2.12605
create-batch-K4-total[ms]	32	8192	0	128	GENERIC	2.22933
create-batch-K4[ns]	32	8192	0	128	CLMUL	3.20816
create-batch-K4-total[ms]	32	8192	0	128	CLMUL	3.36400
create-batch-K8[ns]	32	8192	0	128	GENERIC	2.15766
create-batch-K8-total[ms]	32	8192	0	128	GENERIC	2.26247
create-batch-K8[ns]	32	8192	0	128	CLMUL	2.32877
create-batch-K8-total[ms]	32	8192	0	128	CLMUL	2.44189
create-batch-K1[ns]	32	8192	0	512	GENERIC	3.98537
create-batch-K1-total[ms]	32	8192	0	512	GENERIC	16.71586
create-batch-K1[ns]	32	8192	0	512	CLMUL	7.19825
create-batch-K1-total[ms]	32	8192	0	512	CLMUL	30.19163
create-batch-K2[ns]	32	8192	0	512	GENERIC	2.29697
create-batch-K2-total[ms]	32	8192	0	512	GENERIC	9.63420
create-batch-K2[ns]	32	8192	0	512	CLMUL	3.87872
create-batch-K2-total[ms]	32	8192	0	512	CLMUL	16.26851
create-batch-K4[ns]	32	8192	0	512	GENERIC	2.12684
create-batch-K4-total[ms]	32	8192	0	512	GENERIC	8.92061
create-batch-K4[ns]	32	8192	0	512	CLMUL	3.21125
create-batch-K4-total[ms]	32	8192	0	512	CLMUL	13.46896
create-batch-K8[ns]	32	8192	0	512	GENERIC	2.15849
create-batch-K8-total[ms]	32	8192	0	512	GENERIC	9.05336
create-batch-K8[ns]	32	8192	0	512	CLMUL	2.35008
create-batch-K8-total[ms]	32	8192	0	512	CLMUL	9.85696
create-batch-K1[ns]	32	8192	0	1024	GENERIC	3.98616
create-batch-K1-total[ms]	32	8192	0	1024	GENERIC	33.43836
create-batch-K1[ns]	32	8192	0	1024	CLMUL	7.19853
create-batch-K1-total[ms]	32	8192	0	1024	CLMUL	60.38566
create-batch-K2[ns]	32	8192	0	1024	GENERIC	2.30116
create-batch-K2-total[ms]	32	8192	0	1024	GENERIC	19.30349
create-batch-K2[ns]	32	8192	0	1024	CLMUL	3.88653
create-batch-K2-total[ms]	32	8192	0	1024	CLMUL	32.60261
create-batch-K4[ns]	32	8192	0	1024	GENERIC	2.12684
create-batch-K4-total[ms]	32	8192	0	1024	GENERIC	17.84123
create-batch-K4[ns]	32	8192	0	1024	CLMUL	3.22202
create-batch-K4-total[ms]	32	8192	0	1024	CLMUL	27.02823
create-batch-K8[ns]	32	8192	0	1024	GENERIC	2.15851
create-batch-K8-total[ms]	32	8192	0	1024	GENERIC	18.10690
create-batch-K8[ns]	32	8192	0	1024	CLMUL	2.34416
create-batch-K8-total[ms]	32	8192	0	1024	CLMUL	19.66427
create-batch-K1[ns]	32	8192	0	2048	GENERIC	3.98535
create-batch-K1-total[ms]	32	8192	0	2048	GENERIC	66.86309
create-batch-K1[ns]	32	8192	0	2048	CLMUL	7.19900
create-batch-K1-total[ms]	32	8192	0	2048	CLMUL	120.77913
create-batch-K2[ns]	32	8192	0	2048	GENERIC	2.29998
create-batch-K2-total[ms]	32	8192	0	2048	GENERIC	38.58719
create-batch-K2[ns]	32	8192	0	2048	CLMUL	3.88709
create-batch-K2-total[ms]	32	8192	0	2048	CLMUL	65.21460
create-batch-K4[ns]	32	8192	0	2048	GENERIC	2.12695
create-batch-K4-total[ms]	32	8192	0	2048	GENERIC	35.68429
create-batch-K4[ns]	32	8192	0	2048	CLMUL	3.22017
create-batch-K4-total[ms]	32	8192	0	2048	CLMUL	54.02545
create-batch-K8[ns]	32	8192	0	2048	GENERIC	2.15858
create-batch-K8-total[ms]	32	8192	0	2048	GENERIC	36.21491
create-batch-K8[ns]	32	8192	0	2048	CLMUL	2.36429
create-batch-K8-total[ms]	32	8192	0	2048	CLMUL	39.66614
create-batch-K1[ns]	32	8192	0	4096	GENERIC	3.98572
create-batch-K1-total[ms]	32	8192	0	4096	GENERIC	133.73846
create-batch-K1[ns]	32	8192	0	4096	CLMUL	7.19922
create-batch-K1-total[ms]	32	8192	0	4096	CLMUL	241.56586
create-batch-K2[ns]	32	8192	0	4096	GENERIC	2.30136
create-batch-K2-total[ms]	32	8192	0	4096	GENERIC	77.22094
create-batch-K2[ns]	32	8192	0	4096	CLMUL	3.88817
create-batch-K2-total[ms]	32	8192	0	4096	CLMUL	130.46528
create-batch-K4[ns]	32	8192	0	4096	GENERIC	2.12701
create-batch-K4-total[ms]	32	8192	0	4096	GENERIC	71.37054
create-batch-K4[ns]	32	8192	0	4096	CLMUL	3.22095
create-batch-K4-total[ms]	32	8192	0	4096	CLMUL	108.07704
create-batch-K8[ns]	32	8192	0	4096	GENERIC	2.15859
create-batch-K8-total[ms]	32	8192	0	4096	GENERIC	72.43033
create-batch-K8[ns]	32	8192	0	4096	CLMUL	2.35965
create-batch-K8-total[ms]	32	8192	0	4096	CLMUL	79.17675
create-batch-K1[ns]	32	8192	0	8192	GENERIC	3.98631
create-batch-K1-total[ms]	32	8192	0	8192	GENERIC	267.51674
create-batch-K1[ns]	32	8192	0	8192	CLMUL	7.19949
create-batch-K1-total[ms]	32	8192	0	8192	CLMUL	483.14939
create-batch-K2[ns]	32	8192	0	8192	GENERIC	2.30397
create-batch-K2-total[ms]	32	8192	0	8192	GENERIC	154.61694
create-batch-K2[ns]	32	8192	0	8192	CLMUL	3.88656
create-batch-K2-total[ms]	32	8192	0	8192	CLMUL	260.82268
create-batch-K4[ns]	32	8192	0	8192	GENERIC	2.12710
create-batch-K4-total[ms]	32	8192	0	8192	GENERIC	142.74747
create-batch-K4[ns]	32	8192	0	8192	CLMUL	3.22613
create-batch-K4-total[ms]	32	8192	0	8192	CLMUL	216.50202
create-batch-K8[ns]	32	8192	0	8192	GENERIC	2.15866
create-batch-K8-total[ms]	32	8192	0	8192	GENERIC	144.86525
create-batch-K8[ns]	32	8192	0	8192	CLMUL	2.36032
create-batch-K8-total[ms]	32	8192	0	8192	CLMUL	158.39814
create-batch-K1[ns]	48	128	0	16	GENERIC	5.55518
create-batch-K1-total[ms]	48	128	0	16	GENERIC	0.01138
create-batch-K1[ns]	48	128	0	16	CLMUL	6.89209
create-batch-K1-total[ms]	48	128	0	16	CLMUL	0.01411
create-batch-K2[ns]	48	128	0	16	GENERIC	4.02246
create-batch-K2-total[ms]	48	128	0	16	GENERIC	0.00824
create-batch-K2[ns]	48	128	0	16	CLMUL	3.54248
create-batch-K2-total[ms]	48	128	0	16	CLMUL	0.00726
create-batch-K4[ns]	48	128	0	16	GENERIC	3.74658
create-batch-K4-total[ms]	48	128	0	16	GENERIC	0.00767
create-batch-K4[ns]	48	128	0	16	CLMUL	2.04346
create-batch-K4-total[ms]	48	128	0	16	CLMUL	0.00418
create-batch-K8[ns]	48	128	0	16	GENERIC	3.69238
create-batch-K8-total[ms]	48	128	0	16	GENERIC	0.00756
create-batch-K8[ns]	48	128	0	16	CLMUL	1.83691
create-batch-K8-total[ms]	48	128	0	16	CLMUL	0.00376
create-batch-K1[ns]	48	128	0	64	GENERIC	5.54932
create-batch-K1-total[ms]	48	128	0	64	GENERIC	0.04546
create-batch-K1[ns]	48	128	0	64	CLMUL	6.88220
create-batch-K1-total[ms]	48	128	0	64	CLMUL	0.05638
create-batch-K2[ns]	48	128	0	64	GENERIC	4.01855
create-batch-K2-total[ms]	48	128	0	64	GENERIC	0.03292
create-batch-K2[ns]	48	128	0	64	CLMUL	3.55359
create-batch-K2-total[ms]	48	128	0	64	CLMUL	0.02911
create-batch-K4[ns]	48	128	0	64	GENERIC	3.74280
create-batch-K4-total[ms]	48	128	0	64	GENERIC	0.03066
create-batch-K4[ns]	48	128	0	64	CLMUL	2.02515
create-batch-K4-total[ms]	48	128	0	64	CLMUL	0.01659
create-batch-K8[ns]	48	128	0	64	GENERIC	3.68115
create-batch-K8-total[ms]	48	128	0	64	GENERIC	0.03016
create-batch-K8[ns]	48	128	0	64	CLMUL	1.82520
create-batch-K8-total[ms]	48	128	0	64	CLMUL	0.01495
create-batch-K1[ns]	48	128	0	128	GENERIC	5.55096
create-batch-K1-total[ms]	48	128	0	128	GENERIC	0.09095
create-batch-K1[ns]	48	128	0	128	CLMUL	6.88110
create-batch-K1-total[ms]	48	128	0	128	CLMUL	0.11274
create-batch-K2[ns]	48	128	0	128	GENERIC	4.01422
create-batch-K2-total[ms]	48	128	0	128	GENERIC	0.06577
create-batch-K2[ns]	48	128	0	128	CLMUL	3.55280
create-batch-K2-total[ms]	48	128	0	128	CLMUL	0.05821
create-batch-K4[ns]	48	128	0	128	GENERIC	3.73718
create-batch-K4-total[ms]	48	128	0	128	GENERIC	0.06123
create-batch-K4[ns]	48	128	0	128	CLMUL	2.03040
create-batch-K4-total[ms]	48	128	0	128	CLMUL	0.03327
create-batch-K8[ns]	48	128	0	128	GENERIC	3.67627
create-batch-K8-total[ms]	48	128	0	128	GENERIC	0.06023
create-batch-K8[ns]	48	128	0	128	CLMUL	1.82446
create-batch-K8-total[ms]	48	128	0	128	CLMUL	0.02989
create-batch-K1[ns]	48	128	0	512	GENERIC	5.54712
create-batch-K1-total[ms]	48	128	0	512	GENERIC	0.36354
create-batch-K1[ns]	48	128	0	512	CLMUL	6.87976
create-batch-K1-total[ms]	48	128	0	512	CLMUL	0.45087
create-batch-K2[ns]	48	128	0	512	GENERIC	4.01372
create-batch-K2-total[ms]	48	128	0	512	GENERIC	0.26304
create-batch-K2[ns]	48	128	0	512	CLMUL	3.55302
create-batch-K2-total[ms]	48	128	0	512	CLMUL	0.23285
create-batch-K4[ns]	48	128	0	512	GENERIC	3.73608
create-batch-K4-total[ms]	48	128	0	512	GENERIC	0.24485
create-batch-K4[ns]	48	128	0	512	CLMUL	2.02983
create-batch-K4-total[ms]	48	128	0	512	CLMUL	0.13303
create-batch-K8[ns]	48	128	0	512	GENERIC	3.67474
create-batch-K8-total[ms]	48	128	0	512	GENERIC	0.24083
create-batch-K8[ns]	48	128	0	512	CLMUL	1.82251
create-batch-K8-total[ms]	48	128	0	512	CLMUL	0.11944
create-batch-K1[ns]	48	128	0	1024	GENERIC	5.54802
create-batch-K1-total[ms]	48	128	0	1024	GENERIC	0.72719
create-batch-K1[ns]	48	128	0	1024	CLMUL	6.87936
create-batch-K1-total[ms]	48	128	0	1024	CLMUL	0.90169
create-batch-K2[ns]	48	128	0	1024	GENERIC	4.01319
create-batch-K2-total[ms]	48	128	0	1024	GENERIC	0.52602
create-batch-K2[ns]	48	128	0	1024	CLMUL	3.55827
create-batch-K2-total[ms]	48	128	0	1024	CLMUL	0.46639
create-batch-K4[ns]	48	128	0	1024	GENERIC	3.73573
create-batch-K4-total[ms]	48	128	0	1024	GENERIC	0.48965
create-batch-K4[ns]	48	128	0	1024	CLMUL	2.03059
create-batch-K4-total[ms]	48	128	0	1024	CLMUL	0.26615
create-batch-K8[ns]	48	128	0	1024	GENERIC	3.67433
create-batch-K8-total[ms]	48	128	0	1024	GENERIC	0.48160
create-batch-K8[ns]	48	128	0	1024	CLMUL	1.82232
create-batch-K8-total[ms]	48	128	0	1024	CLMUL	0.23886
create-batch-K1[ns]	48	128	0	2048	GENERIC	5.54992
create-batch-K1-total[ms]	48	128	0	2048	GENERIC	1.45488
create-batch-K1[ns]	48	128	0	2048	CLMUL	6.88021
create-batch-K1-total[ms]	48	128	0	2048	CLMUL	1.80361
create-batch-K2[ns]	48	128	0	2048	GENERIC	4.01358
create-batch-K2-total[ms]	48	128	0	2048	GENERIC	1.05214
create-batch-K2[ns]	48	128	0	2048	CLMUL	3.56020
create-batch-K2-total[ms]	48	128	0	2048	CLMUL	0.93328
create-batch-K4[ns]	48	128	0	2048	GENERIC	3.73802
create-batch-K4-total[ms]	48	128	0	2048	GENERIC	0.97990
create-batch-K4[ns]	48	128	0	2048	CLMUL	2.03309
create-batch-K4-total[ms]	48	128	0	2048	CLMUL	0.53296
create-batch-K8[ns]	48	128	0	2048	GENERIC	3.67412
create-batch-K8-total[ms]	48	128	0	2048	GENERIC	0.96315
create-batch-K8[ns]	48	128	0	2048	CLMUL	1.82201
create-batch-K8-total[ms]	48	128	0	2048	CLMUL	0.47763
create-batch-K1[ns]	48	128	0	4096	GENERIC	5.50381
create-batch-K1-total[ms]	48	128	0	4096	GENERIC	2.88558
create-batch-K1[ns]	48	128	0	4096	CLMUL	6.88087
create-batch-K1-total[ms]	48	128	0	4096	CLMUL	3.60756
create-batch-K2[ns]	48	128	0	4096	GENERIC	4.01482
create-batch-K2-total[ms]	48	128	0	4096	GENERIC	2.10492
create-batch-K2[ns]	48	128	0	4096	CLMUL	3.56348
create-batch-K2-total[ms]	48	128	0	4096	CLMUL	1.86829
create-batch-K4[ns]	48	128	0	4096	GENERIC	3.73800
create-batch-K4-total[ms]	48	128	0	4096	GENERIC	1.95979
create-batch-K4[ns]	48	128	0	4096	CLMUL	2.03252
create-batch-K4-total[ms]	48	128	0	4096	CLMUL	1.06563
create-batch-K8[ns]	48	128	0	4096	GENERIC	3.67425
create-batch-K8-total[ms]	48	128	0	4096	GENERIC	1.92637
create-batch-K8[ns]	48	128	0	4096	CLMUL	1.82204
create-batch-K8-total[ms]	48	128	0	4096	CLMUL	0.95528
create-batch-K1[ns]	48	128	0	8192	GENERIC	5.50648
create-batch-K1-total[ms]	48	128	0	8192	GENERIC	5.77396
create-batch-K1[ns]	48	128	0	8192	CLMUL	6.88237
create-batch-K1-total[ms]	48	128	0	8192	CLMUL	7.21669
create-batch-K2[ns]	48	128	0	8192	GENERIC	4.01610
create-batch-K2-total[ms]	48	128	0	8192	GENERIC	4.21119
create-batch-K2[ns]	48	128	0	8192	CLMUL	3.56448
create-batch-K2-total[ms]	48	128	0	8192	CLMUL	3.73763
create-batch-K4[ns]	48	128	0	8192	GENERIC	3.73707
create-batch-K4-total[ms]	48	128	0	8192	GENERIC	3.91860
create-batch-K4[ns]	48	128	0	8192	CLMUL	2.03391
create-batch-K4-total[ms]	48	128	0	8192	CLMUL	2.13271
create-batch-K8[ns]	48	128	0	8192	GENERIC	3.67574
create-batch-K8-total[ms]	48	128	0	8192	GENERIC	3.85429
create-batch-K8[ns]	48	128	0	8192	CLMUL	1.82198
create-batch-K8-total[ms]	48	128	0	8192	CLMUL	1.91049
create-batch-K1[ns]	48	256	0	16	GENERIC	5.29858
create-batch-K1-total[ms]	48	256	0	16	GENERIC	0.02170
create-batch-K1[ns]	48	256	0	16	CLMUL	6.91479
create-batch-K1-total[ms]	48	256	0	16	CLMUL	0.02832
create-batch-K2[ns]	48	256	0	16	GENERIC	3.74609
create-batch-K2-total[ms]	48	256	0	16	GENERIC	0.01534
create-batch-K2[ns]	48	256	0	16	CLMUL	3.49683
create-batch-K2-total[ms]	48	256	0	16	CLMUL	0.01432
create-batch-K4[ns]	48	256	0	16	GENERIC	3.48389
create-batch-K4-total[ms]	48	256	0	16	GENERIC	0.01427
create-batch-K4[ns]	48	256	0	16	CLMUL	2.04395
create-batch-K4-total[ms]	48	256	0	16	CLMUL	0.00837
create-batch-K8[ns]	48	256	0	16	GENERIC	3.42261
create-batch-K8-total[ms]	48	256	0	16	GENERIC	0.01402
create-batch-K8[ns]	48	256	0	16	CLMUL	1.81812
create-batch-K8-total[ms]	48	256	0	16	CLMUL	0.00745
create-batch-K1[ns]	48	256	0	64	GENERIC	5.29596
create-batch-K1-total[ms]	48	256	0	64	GENERIC	0.08677
create-batch-K1[ns]	48	256	0	64	CLMUL	6.91095
create-batch-K1-total[ms]	48	256	0	64	CLMUL	0.11323
create-batch-K2[ns]	48	256	0	64	GENERIC	3.74261
create-batch-K2-total[ms]	48	256	0	64	GENERIC	0.06132
create-batch-K2[ns]	48	256	0	64	CLMUL	3.52594
create-batch-K2-total[ms]	48	256	0	64	CLMUL	0.05777
create-batch-K4[ns]	48	256	0	64	GENERIC	3.47644
create-batch-K4-total[ms]	48	256	0	64	GENERIC	0.05696
create-batch-K4[ns]	48	256	0	64	CLMUL	2.01733
create-batch-K4-total[ms]	48	256	0	64	CLMUL	0.03305
create-batch-K8[ns]	48	256	0	64	GENERIC	3.41376
create-batch-K8-total[ms]	48	256	0	64	GENERIC	0.05593
create-batch-K8[ns]	48	256	0	64	CLMUL	1.81433
create-batch-K8-total[ms]	48	256	0	64	CLMUL	0.02973
create-batch-K1[ns]	48	256	0	128	GENERIC	5.29761
create-batch-K1-total[ms]	48	256	0	128	GENERIC	0.17359
create-batch-K1[ns]	48	256	0	128	CLMUL	6.90997
create-batch-K1-total[ms]	48	256	0	128	CLMUL	0.22643
create-batch-K2[ns]	48	256	0	128	GENERIC	3.74191
create-batch-K2-total[ms]	48	256	0	128	GENERIC	0.12261
create-batch-K2[ns]	48	256	0	128	CLMUL	3.55392
create-batch-K2-total[ms]	48	256	0	128	CLMUL	0.11645
create-batch-K4[ns]	48	256	0	128	GENERIC	3.47479
create-batch-K4-total[ms]	48	256	0	128	GENERIC	0.11386
create-batch-K4[ns]	48	256	0	128	CLMUL	2.01245
create-batch-K4-total[ms]	48	256	0	128	CLMUL	0.06594
create-batch-K8[ns]	48	256	0	128	GENERIC	3.41193
create-batch-K8-total[ms]	48	256	0	128	GENERIC	0.11180
create-batch-K8[ns]	48	256	0	128	CLMUL	1.81216
create-batch-K8-total[ms]	48	256	0	128	CLMUL	0.05938
create-batch-K1[ns]	48	256	0	512	GENERIC	5.28405
create-batch-K1-total[ms]	48	256	0	512	GENERIC	0.69259
create-batch-K1[ns]	48	256	0	512	CLMUL	6.90970
create-batch-K1-total[ms]	48	256	0	512	CLMUL	0.90567
create-batch-K2[ns]	48	256	0	512	GENERIC	3.74094
create-batch-K2-total[ms]	48	256	0	512	GENERIC	0.49033
create-batch-K2[ns]	48	256	0	512	CLMUL	3.54520
create-batch-K2-total[ms]	48	256	0	512	CLMUL	0.46468
create-batch-K4[ns]	48	256	0	512	GENERIC	3.47437
create-batch-K4-total[ms]	48	256	0	512	GENERIC	0.45539
create-batch-K4[ns]	48	256	0	512	CLMUL	2.01945
create-batch-K4-total[ms]	48	256	0	512	CLMUL	0.26469
create-batch-K8[ns]	48	256	0	512	GENERIC	3.41133
create-batch-K8-total[ms]	48	256	0	512	GENERIC	0.44713
create-batch-K8[ns]	48	256	0	512	CLMUL	1.81096
create-batch-K8-total[ms]	48	256	0	512	CLMUL	0.23737
create-batch-K1[ns]	48	256	0	1024	GENERIC	5.25680
create-batch-K1-total[ms]	48	256	0	1024	GENERIC	1.37804
create-batch-K1[ns]	48	256	0	1024	CLMUL	6.90969
create-batch-K1-total[ms]	48	256	0	1024	CLMUL	1.81134
create-batch-K2[ns]	48	256	0	1024	GENERIC	3.74196
create-batch-K2-total[ms]	48	256	0	1024	GENERIC	0.98093
create-batch-K2[ns]	48	256	0	1024	CLMUL	3.55003
create-batch-K2-total[ms]	48	256	0	1024	CLMUL	0.93062
create-batch-K4[ns]	48	256	0	1024	GENERIC	3.47534
create-batch-K4-total[ms]	48	256	0	1024	GENERIC	0.91104
create-batch-K4[ns]	48	256	0	1024	CLMUL	2.01641
create-batch-K4-total[ms]	48	256	0	1024	CLMUL	0.52859
create-batch-K8[ns]	48	256	0	1024	GENERIC	3.41122
create-batch-K8-total[ms]	48	256	0	1024	GENERIC	0.89423
create-batch-K8[ns]	48	256	0	1024	CLMUL	1.81078
create-batch-K8-total[ms]	48	256	0	1024	CLMUL	0.47469
create-batch-K1[ns]	48	256	0	2048	GENERIC	5.26401
create-batch-K1-total[ms]	48	256	0	2048	GENERIC	2.75986
create-batch-K1[ns]	48	256	0	2048	CLMUL	6.90977
create-batch-K1-total[ms]	48	256	0	2048	CLMUL	3.62271
create-batch-K2[ns]	48	256	0	2048	GENERIC	3.74438
create-batch-K2-total[ms]	48	256	0	2048	GENERIC	1.96313
create-batch-K2[ns]	48	256	0	2048	CLMUL	3.55614
create-batch-K2-total[ms]	48	256	0	2048	CLMUL	1.86444
create-batch-K4[ns]	48	256	0	2048	GENERIC	3.47404
create-batch-K4-total[ms]	48	256	0	2048	GENERIC	1.82140
create-batch-K4[ns]	48	256	0	2048	CLMUL	2.01735
create-batch-K4-total[ms]	48	256	0	2048	CLMUL	1.05767
create-batch-K8[ns]	48	256	0	2048	GENERIC	3.41140
create-batch-K8-total[ms]	48	256	0	2048	GENERIC	1.78856
create-batch-K8[ns]	48	256	0	2048	CLMUL	1.81070
create-batch-K8-total[ms]	48	256	0	2048	CLMUL	0.94933
create-batch-K1[ns]	48	256	0	4096	GENERIC	5.25980
create-batch-K1-total[ms]	48	256	0	4096	GENERIC	5.51530
create-batch-K1[ns]	48	256	0	4096	CLMUL	6.91172
create-batch-K1-total[ms]	48	256	0	4096	CLMUL	7.24746
create-batch-K2[ns]	48	256	0	4096	GENERIC	3.74454
create-batch-K2-total[ms]	48	256	0	4096	GENERIC	3.92644
create-batch-K2[ns]	48	256	0	4096	CLMUL	3.55649
create-batch-K2-total[ms]	48	256	0	4096	CLMUL	3.72925
create-batch-K4[ns]	48	256	0	4096	GENERIC	3.47525
create-batch-K4-total[ms]	48	256	0	4096	GENERIC	3.64406
create-batch-K4[ns]	48	256	0	4096	CLMUL	2.01892
create-batch-K4-total[ms]	48	256	0	4096	CLMUL	2.11699
create-batch-K8[ns]	48	256	0	4096	GENERIC	3.41108
create-batch-K8-total[ms]	48	256	0	4096	GENERIC	3.57677
create-batch-K8[ns]	48	256	0	4096	CLMUL	1.81073
create-batch-K8-total[ms]	48	256	0	4096	CLMUL	1.89868
create-batch-K1[ns]	48	256	0	8192	GENERIC	5.25500
create-batch-K1-total[ms]	48	256	0	8192	GENERIC	11.02053
create-batch-K1[ns]	48	256	0	8192	CLMUL	6.91265
create-batch-K1-total[ms]	48	256	0	8192	CLMUL	14.49688
create-batch-K2[ns]	48	256	0	8192	GENERIC	3.74495
create-batch-K2-total[ms]	48	256	0	8192	GENERIC	7.85373
create-batch-K2[ns]	48	256	0	8192	CLMUL	3.55946
create-batch-K2-total[ms]	48	256	0	8192	CLMUL	7.46472
create-batch-K4[ns]	48	256	0	8192	GENERIC	3.47576
create-batch-K4-total[ms]	48	256	0	8192	GENERIC	7.28919
create-batch-K4[ns]	48	256	0	8192	CLMUL	2.02124
create-batch-K4-total[ms]	48	256	0	8192	CLMUL	4.23884
create-batch-K8[ns]	48	256	0	8192	GENERIC	3.41224
create-batch-K8-total[ms]	48	256	0	8192	GENERIC	7.15598
create-batch-K8[ns]	48	256	0	8192	CLMUL	1.81076
create-batch-K8-total[ms]	48	256	0	8192	CLMUL	3.79744
create-batch-K1[ns]	48	512	0	16	GENERIC	5.16638
create-batch-K1-total[ms]	48	512	0	16	GENERIC	0.04232
create-batch-K1[ns]	48	512	0	16	CLMUL	6.92725
create-batch-K1-total[ms]	48	512	0	16	CLMUL	0.05675
create-batch-K2[ns]	48	512	0	16	GENERIC	3.60925
create-batch-K2-total[ms]	48	512	0	16	GENERIC	0.02957
create-batch-K2[ns]	48	512	0	16	CLMUL	3.50659
create-batch-K2-total[ms]	48	512	0	16	CLMUL	0.02873
create-batch-K4[ns]	48	512	0	16	GENERIC	3.34241
create-batch-K4-total[ms]	48	512	0	16	GENERIC	0.02738
create-batch-K4[ns]	48	512	0	16	CLMUL	2.01636
create-batch-K4-total[ms]	48	512	0	16	CLMUL	0.01652
create-batch-K8[ns]	48	512	0	16	GENERIC	3.28967
create-batch-K8-total[ms]	48	512	0	16	GENERIC	0.02695
create-batch-K8[ns]	48	512	0	16	CLMUL	1.80908
create-batch-K8-total[ms]	48	512	0	16	CLMUL	0.01482
create-batch-K1[ns]	48	512	0	64	GENERIC	5.16940
create-batch-K1-total[ms]	48	512	0	64	GENERIC	0.16939
create-batch-K1[ns]	48	512	0	64	CLMUL	6.92477
create-batch-K1-total[ms]	48	512	0	64	CLMUL	0.22691
create-batch-K2[ns]	48	512	0	64	GENERIC	3.60611
create-batch-K2-total[ms]	48	512	0	64	GENERIC	0.11817
create-batch-K2[ns]	48	512	0	64	CLMUL	3.54593
create-batch-K2-total[ms]	48	512	0	64	CLMUL	0.11619
create-batch-K4[ns]	48	512	0	64	GENERIC	3.34390
create-batch-K4-total[ms]	48	512	0	64	GENERIC	0.10957
create-batch-K4[ns]	48	512	0	64	CLMUL	1.99887
create-batch-K4-total[ms]	48	512	0	64	CLMUL	0.06550
create-batch-K8[ns]	48	512	0	64	GENERIC	3.28732
create-batch-K8-total[ms]	48	512	0	64	GENERIC	0.10772
create-batch-K8[ns]	48	512	0	64	CLMUL	1.80627
create-batch-K8-total[ms]	48	512	0	64	CLMUL	0.05919
create-batch-K1[ns]	48	512	0	128	GENERIC	5.16885
create-batch-K1-total[ms]	48	512	0	128	GENERIC	0.33875
create-batch-K1[ns]	48	512	0	128	CLMUL	6.92458
create-batch-K1-total[ms]	48	512	0	128	CLMUL	0.45381
create-batch-K2[ns]	48	512	0	128	GENERIC	3.60690
create-batch-K2-total[ms]	48	512	0	128	GENERIC	0.23638
create-batch-K2[ns]	48	512	0	128	CLMUL	3.54361
create-batch-K2-total[ms]	48	512	0	128	CLMUL	0.23223
create-batch-K4[ns]	48	512	0	128	GENERIC	3.34370
create-batch-K4-total[ms]	48	512	0	128	GENERIC	0.21913
create-batch-K4[ns]	48	512	0	128	CLMUL	2.00294
create-batch-K4-total[ms]	48	512	0	128	CLMUL	0.13127
create-batch-K8[ns]	48	512	0	128	GENERIC	3.28600
create-batch-K8-total[ms]	48	512	0	128	GENERIC	0.21535
create-batch-K8[ns]	48	512	0	128	CLMUL	1.80562
create-batch-K8-total[ms]	48	512	0	128	CLMUL	0.11833
create-batch-K1[ns]	48	512	0	512	GENERIC	5.16882
create-batch-K1-total[ms]	48	512	0	512	GENERIC	1.35498
create-batch-K1[ns]	48	512	0	512	CLMUL	6.92425
create-batch-K1-total[ms]	48	512	0	512	CLMUL	1.81515
create-batch-K2[ns]	48	512	0	512	GENERIC	3.60643
create-batch-K2-total[ms]	48	512	0	512	GENERIC	0.94540
create-batch-K2[ns]	48	512	0	512	CLMUL	3.54567
create-batch-K2-total[ms]	48	512	0	512	CLMUL	0.92948
create-batch-K4[ns]	48	512	0	512	GENERIC	3.34345
create-batch-K4-total[ms]	48	512	0	512	GENERIC	0.87646
create-batch-K4[ns]	48	512	0	512	CLMUL	2.00351
create-batch-K4-total[ms]	48	512	0	512	CLMUL	0.52521
create-batch-K8[ns]	48	512	0	512	GENERIC	3.28630
create-batch-K8-total[ms]	48	512	0	512	GENERIC	0.86148
create-batch-K8[ns]	48	512	0	512	CLMUL	1.80513
create-batch-K8-total[ms]	48	512	0	512	CLMUL	0.47320
create-batch-K1[ns]	48	512	0	1024	GENERIC	5.13301
create-batch-K1-total[ms]	48	512	0	1024	GENERIC	2.69118
create-batch-K1[ns]	48	512	0	1024	CLMUL	6.92449
create-batch-K1-total[ms]	48	512	0	1024	CLMUL	3.63043
create-batch-K2[ns]	48	512	0	1024	GENERIC	3.60621
create-batch-K2-total[ms]	48	512	0	1024	GENERIC	1.89069
create-batch-K2[ns]	48	512	0	1024	CLMUL	3.54581
create-batch-K2-total[ms]	48	512	0	1024	CLMUL	1.85903
create-batch-K4[ns]	48	512	0	1024	GENERIC	3.34337
create-batch-K4-total[ms]	48	512	0	1024	GENERIC	1.75289
create-batch-K4[ns]	48	512	0	1024	CLMUL	2.00249
create-batch-K4-total[ms]	48	512	0	1024	CLMUL	1.04988
create-batch-K8[ns]	48	512	0	1024	GENERIC	3.28623
create-batch-K8-total[ms]	48	512	0	1024	GENERIC	1.72293
create-batch-K8[ns]	48	512	0	1024	CLMUL	1.80513
create-batch-K8-total[ms]	48	512	0	1024	CLMUL	0.94641
create-batch-K1[ns]	48	512	0	2048	GENERIC	5.13737
create-batch-K1-total[ms]	48	512	0	2048	GENERIC	5.38692
create-batch-K1[ns]	48	512	0	2048	CLMUL	6.92626
create-batch-K1-total[ms]	48	512	0	2048	CLMUL	7.26272
create-batch-K2[ns]	48	512	0	2048	GENERIC	3.60798
create-batch-K2-total[ms]	48	512	0	2048	GENERIC	3.78324
create-batch-K2[ns]	48	512	0	2048	CLMUL	3.55666
create-batch-K2-total[ms]	48	512	0	2048	CLMUL	3.72943
create-batch-K4[ns]	48	512	0	2048	GENERIC	3.34406
create-batch-K4-total[ms]	48	512	0	2048	GENERIC	3.50650
create-batch-K4[ns]	48	512	0	2048	CLMUL	2.00709
create-batch-K4-total[ms]	48	512	0	2048	CLMUL	2.10458
create-batch-K8[ns]	48	512	0	2048	GENERIC	3.28628
create-batch-K8-total[ms]	48	512	0	2048	GENERIC	3.44592
create-batch-K8[ns]	48	512	0	2048	CLMUL	1.80509
create-batch-K8-total[ms]	48	512	0	2048	CLMUL	1.89277
create-batch-K1[ns]	48	512	0	4096	GENERIC	5.13154
create-batch-K1-total[ms]	48	512	0	4096	GENERIC	10.76163
create-batch-K1[ns]	48	512	0	4096	CLMUL	6.92713
create-batch-K1-total[ms]	48	512	0	4096	CLMUL	14.52725
create-batch-K2[ns]	48	512	0	4096	GENERIC	3.60761
create-batch-K2-total[ms]	48	512	0	4096	GENERIC	7.56571
create-batch-K2[ns]	48	512	0	4096	CLMUL	3.55578
create-batch-K2-total[ms]	48	512	0	4096	CLMUL	7.45701
create-batch-K4[ns]	48	512	0	4096	GENERIC	3.34473
create-batch-K4-total[ms]	48	512	0	4096	GENERIC	7.01441
create-batch-K4[ns]	48	512	0	4096	CLMUL	2.01526
create-batch-K4-total[ms]	48	512	0	4096	CLMUL	4.22630
create-batch-K8[ns]	48	512	0	4096	GENERIC	3.28706
create-batch-K8-total[ms]	48	512	0	4096	GENERIC	6.89347
create-batch-K8[ns]	48	512	0	4096	CLMUL	1.80593
create-batch-K8-total[ms]	48	512	0	4096	CLMUL	3.78732
create-batch-K1[ns]	48	512	0	8192	GENERIC	5.13141
create-batch-K1-total[ms]	48	512	0	8192	GENERIC	21.52271
create-batch-K1[ns]	48	512	0	8192	CLMUL	6.92741
create-batch-K1-total[ms]	48	512	0	8192	CLMUL	29.05566
create-batch-K2[ns]	48	512	0	8192	GENERIC	3.60861
create-batch-K2-total[ms]	48	512	0	8192	GENERIC	15.13559
create-batch-K2[ns]	48	512	0	8192	CLMUL	3.55530
create-batch-K2-total[ms]	48	512	0	8192	CLMUL	14.91200
create-batch-K4[ns]	48	512	0	8192	GENERIC	3.34535
create-batch-K4-total[ms]	48	512	0	8192	GENERIC	14.03142
create-batch-K4[ns]	48	512	0	8192	CLMUL	2.01443
create-batch-K4-total[ms]	48	512	0	8192	CLMUL	8.44913
create-batch-K8[ns]	48	512	0	8192	GENERIC	3.28711
create-batch-K8-total[ms]	48	512	0	8192	GENERIC	13.78716
create-batch-K8[ns]	48	512	0	8192	CLMUL	1.80556
create-batch-K8-total[ms]	48	512	0	8192	CLMUL	7.57309
create-batch-K1[ns]	48	1024	0	16	GENERIC	5.09955
create-batch-K1-total[ms]	48	1024	0	16	GENERIC	0.08355
create-batch-K1[ns]	48	1024	0	16	CLMUL	6.93311
create-batch-K1-total[ms]	48	1024	0	16	CLMUL	0.11359
create-batch-K2[ns]	48	1024	0	16	GENERIC	3.54132
create-batch-K2-total[ms]	48	1024	0	16	GENERIC	0.05802
create-batch-K2[ns]	48	1024	0	16	CLMUL	3.52026
create-batch-K2-total[ms]	48	1024	0	16	CLMUL	0.05768
create-batch-K4[ns]	48	1024	0	16	GENERIC	3.28717
create-batch-K4-total[ms]	48	1024	0	16	GENERIC	0.05386
create-batch-K4[ns]	48	1024	0	16	CLMUL	2.01031
create-batch-K4-total[ms]	48	1024	0	16	CLMUL	0.03294
create-batch-K8[ns]	48	1024	0	16	GENERIC	3.22125
create-batch-K8-total[ms]	48	1024	0	16	GENERIC	0.05278
create-batch-K8[ns]	48	1024	0	16	CLMUL	1.80542
create-batch-K8-total[ms]	48	1024	0	16	CLMUL	0.02958
create-batch-K1[ns]	48	1024	0	64	GENERIC	5.10199
create-batch-K1-total[ms]	48	1024	0	64	GENERIC	0.33436
create-batch-K1[ns]	48	1024	0	64	CLMUL	6.93228
create-batch-K1-total[ms]	48	1024	0	64	CLMUL	0.45431
create-batch-K2[ns]	48	1024	0	64	GENERIC	3.53886
create-batch-K2-total[ms]	48	1024	0	64	GENERIC	0.23192
create-batch-K2[ns]	48	1024	0	64	CLMUL	3.52950
create-batch-K2-total[ms]	48	1024	0	64	CLMUL	0.23131
create-batch-K4[ns]	48	1024	0	64	GENERIC	3.28017
create-batch-K4-total[ms]	48	1024	0	64	GENERIC	0.21497
create-batch-K4[ns]	48	1024	0	64	CLMUL	2.00336
create-batch-K4-total[ms]	48	1024	0	64	CLMUL	0.13129
create-batch-K8[ns]	48	1024	0	64	GENERIC	3.21895
create-batch-K8-total[ms]	48	1024	0	64	GENERIC	0.21096
create-batch-K8[ns]	48	1024	0	64	CLMUL	1.80324
create-batch-K8-total[ms]	48	1024	0	64	CLMUL	0.11818
create-batch-K1[ns]	48	1024	0	128	GENERIC	5.10193
create-batch-K1-total[ms]	48	1024	0	128	GENERIC	0.66872
create-batch-K1[ns]	48	1024	0	128	CLMUL	6.93196
create-batch-K1-total[ms]	48	1024	0	128	CLMUL	0.90859
create-batch-K2[ns]	48	1024	0	128	GENERIC	3.53881
create-batch-K2-total[ms]	48	1024	0	128	GENERIC	0.46384
create-batch-K2[ns]	48	1024	0	128	CLMUL	3.53284
create-batch-K2-total[ms]	48	1024	0	128	CLMUL	0.46306
create-batch-K4[ns]	48	1024	0	128	GENERIC	3.28478
create-batch-K4-total[ms]	48	1024	0	128	GENERIC	0.43054
create-batch-K4[ns]	48	1024	0	128	CLMUL	2.01195
create-batch-K4-total[ms]	48	1024	0	128	CLMUL	0.26371
create-batch-K8[ns]	48	1024	0	128	GENERIC	3.21834
create-batch-K8-total[ms]	48	1024	0	128	GENERIC	0.42183
create-batch-K8[ns]	48	1024	0	128	CLMUL	1.80273
create-batch-K8-total[ms]	48	1024	0	128	CLMUL	0.23629
create-batch-K1[ns]	48	1024	0	512	GENERIC	5.06626
create-batch-K1-total[ms]	48	1024	0	512	GENERIC	2.65618
create-batch-K1[ns]	48	1024	0	512	CLMUL	6.93199
create-batch-K1-total[ms]	48	1024	0	512	CLMUL	3.63436
create-batch-K2[ns]	48	1024	0	512	GENERIC	3.53894
create-batch-K2-total[ms]	48	1024	0	512	GENERIC	1.85543
create-batch-K2[ns]	48	1024	0	512	CLMUL	3.54424
create-batch-K2-total[ms]	48	1024	0	512	CLMUL	1.85820
create-batch-K4[ns]	48	1024	0	512	GENERIC	3.28474
create-batch-K4-total[ms]	48	1024	0	512	GENERIC	1.72215
create-batch-K4[ns]	48	1024	0	512	CLMUL	2.01500
create-batch-K4-total[ms]	48	1024	0	512	CLMUL	1.05644
create-batch-K8[ns]	48	1024	0	512	GENERIC	3.21807
create-batch-K8-total[ms]	48	1024	0	512	GENERIC	1.68719
create-batch-K8[ns]	48	1024	0	512	CLMUL	1.80253
create-batch-K8-total[ms]	48	1024	0	512	CLMUL	0.94505
create-batch-K1[ns]	48	1024	0	1024	GENERIC	5.07095
create-batch-K1-total[ms]	48	1024	0	1024	GENERIC	5.31728
create-batch-K1[ns]	48	1024	0	1024	CLMUL	6.93381
create-batch-K1-total[ms]	48	1024	0	1024	CLMUL	7.27063
create-batch-K2[ns]	48	1024	0	1024	GENERIC	3.54192
create-batch-K2-total[ms]	48	1024	0	1024	GENERIC	3.71398
create-batch-K2[ns]	48	1024	0	1024	CLMUL	3.55163
create-batch-K2-total[ms]	48	1024	0	1024	CLMUL	3.72415
create-batch-K4[ns]	48	1024	0	1024	GENERIC	3.28545
create-batch-K4-total[ms]	48	1024	0	1024	GENERIC	3.44505
create-batch-K4[ns]	48	1024	0	1024	CLMUL	2.01749
create-batch-K4-total[ms]	48	1024	0	1024	CLMUL	2.11549
create-batch-K8[ns]	48	1024	0	1024	GENERIC	3.21983
create-batch-K8-total[ms]	48	1024	0	1024	GENERIC	3.37624
create-batch-K8[ns]	48	1024	0	1024	CLMUL	1.80251
create-batch-K8-total[ms]	48	1024	0	1024	CLMUL	1.89007
create-batch-K1[ns]	48	1024	0	2048	GENERIC	5.06497
create-batch-K1-total[ms]	48	1024	0	2048	GENERIC	10.62201
create-batch-K1[ns]	48	1024	0	2048	CLMUL	6.93442
create-batch-K1-total[ms]	48	1024	0	2048	CLMUL	14.54253
create-batch-K2[ns]	48	1024	0	2048	GENERIC	3.53994
create-batch-K2-total[ms]	48	1024	0	2048	GENERIC	7.42378
create-batch-K2[ns]	48	1024	0	2048	CLMUL	3.54892
create-batch-K2-total[ms]	48	1024	0	2048	CLMUL	7.44262
create-batch-K4[ns]	48	1024	0	2048	GENERIC	3.28564
create-batch-K4-total[ms]	48	1024	0	2048	GENERIC	6.89049
create-batch-K4[ns]	48	1024	0	2048	CLMUL	2.02002
create-batch-K4-total[ms]	48	1024	0	2048	CLMUL	4.23630
create-batch-K8[ns]	48	1024	0	2048	GENERIC	3.21890
create-batch-K8-total[ms]	48	1024	0	2048	GENERIC	6.75052
create-batch-K8[ns]	48	1024	0	2048	CLMUL	1.80335
create-batch-K8-total[ms]	48	1024	0	2048	CLMUL	3.78190
create-batch-K1[ns]	48	1024	0	4096	GENERIC	5.06701
create-batch-K1-total[ms]	48	1024	0	4096	GENERIC	21.25256
create-batch-K1[ns]	48	1024	0	4096	CLMUL	6.93476
create-batch-K1-total[ms]	48	1024	0	4096	CLMUL	29.08651
create-batch-K2[ns]	48	1024	0	4096	GENERIC	3.54019
create-batch-K2-total[ms]	48	1024	0	4096	GENERIC	14.84862
create-batch-K2[ns]	48	1024	0	4096	CLMUL	3.55193
create-batch-K2-total[ms]	48	1024	0	4096	CLMUL	14.89785
create-batch-K4[ns]	48	1024	0	4096	GENERIC	3.28575
create-batch-K4-total[ms]	48	1024	0	4096	GENERIC	13.78145
create-batch-K4[ns]	48	1024	0	4096	CLMUL	2.01951
create-batch-K4-total[ms]	48	1024	0	4096	CLMUL	8.47044
create-batch-K8[ns]	48	1024	0	4096	GENERIC	3.21927
create-batch-K8-total[ms]	48	1024	0	4096	GENERIC	13.50260
create-batch-K8[ns]	48	1024	0	4096	CLMUL	1.80297
create-batch-K8-total[ms]	48	1024	0	4096	CLMUL	7.56218
create-batch-K1[ns]	48	1024	0	8192	GENERIC	5.06551
create-batch-K1-total[ms]	48	1024	0	8192	GENERIC	42.49258
create-batch-K1[ns]	48	1024	0	8192	CLMUL	6.93494
create-batch-K1-total[ms]	48	1024	0	8192	CLMUL	58.17453
create-batch-K2[ns]	48	1024	0	8192	GENERIC	3.54034
create-batch-K2-total[ms]	48	1024	0	8192	GENERIC	29.69851
create-batch-K2[ns]	48	1024	0	8192	CLMUL	3.55252
create-batch-K2-total[ms]	48	1024	0	8192	CLMUL	29.80073
create-batch-K4[ns]	48	1024	0	8192	GENERIC	3.28560
create-batch-K4-total[ms]	48	1024	0	8192	GENERIC	27.56159
create-batch-K4[ns]	48	1024	0	8192	CLMUL	2.02071
create-batch-K4-total[ms]	48	1024	0	8192	CLMUL	16.95099
create-batch-K8[ns]	48	1024	0	8192	GENERIC	3.21947
create-batch-K8-total[ms]	48	1024	0	8192	GENERIC	27.00687
create-batch-K8[ns]	48	1024	0	8192	CLMUL	1.80320
create-batch-K8-total[ms]	48	1024	0	8192	CLMUL	15.12632
create-batch-K1[ns]	48	2048	0	16	GENERIC	5.06961
create-batch-K1-total[ms]	48	2048	0	16	GENERIC	0.16612
create-batch-K1[ns]	48	2048	0	16	CLMUL	6.93707
create-batch-K1-total[ms]	48	2048	0	16	CLMUL	0.22731
create-batch-K2[ns]	48	2048	0	16	GENERIC	3.51190
create-batch-K2-total[ms]	48	2048	0	16	GENERIC	0.11508
create-batch-K2[ns]	48	2048	0	16	CLMUL	3.50671
create-batch-K2-total[ms]	48	2048	0	16	CLMUL	0.11491
create-batch-K4[ns]	48	2048	0	16	GENERIC	3.25159
create-batch-K4-total[ms]	48	2048	0	16	GENERIC	0.10655
create-batch-K4[ns]	48	2048	0	16	CLMUL	2.02686
create-batch-K4-total[ms]	48	2048	0	16	CLMUL	0.06642
create-batch-K8[ns]	48	2048	0	16	GENERIC	3.18509
create-batch-K8-total[ms]	48	2048	0	16	GENERIC	0.10437
create-batch-K8[ns]	48	2048	0	16	CLMUL	1.80255
create-batch-K8-total[ms]	48	2048	0	16	CLMUL	0.05907
create-batch-K1[ns]	48	2048	0	64	GENERIC	5.03300
create-batch-K1-total[ms]	48	2048	0	64	GENERIC	0.65969
create-batch-K1[ns]	48	2048	0	64	CLMUL	6.93607
create-batch-K1-total[ms]	48	2048	0	64	CLMUL	0.90912
create-batch-K2[ns]	48	2048	0	64	GENERIC	3.51177
create-batch-K2-total[ms]	48	2048	0	64	GENERIC	0.46030
create-batch-K2[ns]	48	2048	0	64	CLMUL	3.53568
create-batch-K2-total[ms]	48	2048	0	64	CLMUL	0.46343
create-batch-K4[ns]	48	2048	0	64	GENERIC	3.24478
create-batch-K4-total[ms]	48	2048	0	64	GENERIC	0.42530
create-batch-K4[ns]	48	2048	0	64	CLMUL	2.01600
create-batch-K4-total[ms]	48	2048	0	64	CLMUL	0.26424
create-batch-K8[ns]	48	2048	0	64	GENERIC	3.18400
create-batch-K8-total[ms]	48	2048	0	64	GENERIC	0.41733
create-batch-K8[ns]	48	2048	0	64	CLMUL	1.80162
create-batch-K8-total[ms]	48	2048	0	64	CLMUL	0.23614
create-batch-K1[ns]	48	2048	0	128	GENERIC	5.06922
create-batch-K1-total[ms]	48	2048	0	128	GENERIC	1.32886
create-batch-K1[ns]	48	2048	0	128	CLMUL	6.93591
create-batch-K1-total[ms]	48	2048	0	128	CLMUL	1.81821
create-batch-K2[ns]	48	2048	0	128	GENERIC	3.51156
create-batch-K2-total[ms]	48	2048	0	128	GENERIC	0.92053
create-batch-K2[ns]	48	2048	0	128	CLMUL	3.53144
create-batch-K2-total[ms]	48	2048	0	128	CLMUL	0.92575
create-batch-K4[ns]	48	2048	0	128	GENERIC	3.24752
create-batch-K4-total[ms]	48	2048	0	128	GENERIC	0.85132
create-batch-K4[ns]	48	2048	0	128	CLMUL	2.01379
create-batch-K4-total[ms]	48	2048	0	128	CLMUL	0.52790
create-batch-K8[ns]	48	2048	0	128	GENERIC	3.18379
create-batch-K8-total[ms]	48	2048	0	128	GENERIC	0.83461
create-batch-K8[ns]	48	2048	0	128	CLMUL	1.80142
create-batch-K8-total[ms]	48	2048	0	128	CLMUL	0.47223
create-batch-K1[ns]	48	2048	0	512	GENERIC	5.03851
create-batch-K1-total[ms]	48	2048	0	512	GENERIC	5.28326
create-batch-K1[ns]	48	2048	0	512	CLMUL	6.93852
create-batch-K1-total[ms]	48	2048	0	512	CLMUL	7.27557
create-batch-K2[ns]	48	2048	0	512	GENERIC	3.51314
create-batch-K2-total[ms]	48	2048	0	512	GENERIC	3.68380
create-batch-K2[ns]	48	2048	0	512	CLMUL	3.54377
create-batch-K2-total[ms]	48	2048	0	512	CLMUL	3.71591
create-batch-K4[ns]	48	2048	0	512	GENERIC	3.25018
create-batch-K4-total[ms]	48	2048	0	512	GENERIC	3.40806
create-batch-K4[ns]	48	2048	0	512	CLMUL	2.01296
create-batch-K4-total[ms]	48	2048	0	512	CLMUL	2.11074
create-batch-K8[ns]	48	2048	0	512	GENERIC	3.18399
create-batch-K8-total[ms]	48	2048	0	512	GENERIC	3.33866
create-batch-K8[ns]	48	2048	0	512	CLMUL	1.80165
create-batch-K8-total[ms]	48	2048	0	512	CLMUL	1.88917
create-batch-K1[ns]	48	2048	0	1024	GENERIC	5.03728
create-batch-K1-total[ms]	48	2048	0	1024	GENERIC	10.56394
create-batch-K1[ns]	48	2048	0	1024	CLMUL	6.93825
create-batch-K1-total[ms]	48	2048	0	1024	CLMUL	14.55056
create-batch-K2[ns]	48	2048	0	1024	GENERIC	3.51254
create-batch-K2-total[ms]	48	2048	0	1024	GENERIC	7.36633
create-batch-K2[ns]	48	2048	0	1024	CLMUL	3.54452
create-batch-K2-total[ms]	48	2048	0	1024	CLMUL	7.43340
create-batch-K4[ns]	48	2048	0	1024	GENERIC	3.25095
create-batch-K4-total[ms]	48	2048	0	1024	GENERIC	6.81775
create-batch-K4[ns]	48	2048	0	1024	CLMUL	2.01751
create-batch-K4-total[ms]	48	2048	0	1024	CLMUL	4.23103
create-batch-K8[ns]	48	2048	0	1024	GENERIC	3.18468
create-batch-K8-total[ms]	48	2048	0	1024	GENERIC	6.67875
create-batch-K8[ns]	48	2048	0	1024	CLMUL	1.80227
create-batch-K8-total[ms]	48	2048	0	1024	CLMUL	3.77963
create-batch-K1[ns]	48	2048	0	2048	GENERIC	5.03386
create-batch-K1-total[ms]	48	2048	0	2048	GENERIC	21.11353
create-batch-K1[ns]	48	2048	0	2048	CLMUL	6.93851
create-batch-K1-total[ms]	48	2048	0	2048	CLMUL	29.10223
create-batch-K2[ns]	48	2048	0	2048	GENERIC	3.51262
create-batch-K2-total[ms]	48	2048	0	2048	GENERIC	14.73301
create-batch-K2[ns]	48	2048	0	2048	CLMUL	3.54617
create-batch-K2-total[ms]	48	2048	0	2048	CLMUL	14.87370
create-batch-K4[ns]	48	2048	0	2048	GENERIC	3.25103
create-batch-K4-total[ms]	48	2048	0	2048	GENERIC	13.63582
create-batch-K4[ns]	48	2048	0	2048	CLMUL	2.02036
create-batch-K4-total[ms]	48	2048	0	2048	CLMUL	8.47399
create-batch-K8[ns]	48	2048	0	2048	GENERIC	3.18512
create-batch-K8-total[ms]	48	2048	0	2048	GENERIC	13.35937
create-batch-K8[ns]	48	2048	0	2048	CLMUL	1.80231
create-batch-K8-total[ms]	48	2048	0	2048	CLMUL	7.55946
create-batch-K1[ns]	48	2048	0	4096	GENERIC	5.03537
create-batch-K1-total[ms]	48	2048	0	4096	GENERIC	42.23973
create-batch-K1[ns]	48	2048	0	4096	CLMUL	6.93867
create-batch-K1-total[ms]	48	2048	0	4096	CLMUL	58.20582
create-batch-K2[ns]	48	2048	0	4096	GENERIC	3.51265
create-batch-K2-total[ms]	48	2048	0	4096	GENERIC	29.46628
create-batch-K2[ns]	48	2048	0	4096	CLMUL	3.54861
create-batch-K2-total[ms]	48	2048	0	4096	CLMUL	29.76791
create-batch-K4[ns]	48	2048	0	4096	GENERIC	3.25117
create-batch-K4-total[ms]	48	2048	0	4096	GENERIC	27.27282
create-batch-K4[ns]	48	2048	0	4096	CLMUL	2.01992
create-batch-K4-total[ms]	48	2048	0	4096	CLMUL	16.94434
create-batch-K8[ns]	48	2048	0	4096	GENERIC	3.18511
create-batch-K8-total[ms]	48	2048	0	4096	GENERIC	26.71863
create-batch-K8[ns]	48	2048	0	4096	CLMUL	1.80209
create-batch-K8-total[ms]	48	2048	0	4096	CLMUL	15.11705
create-batch-K1[ns]	48	2048	0	8192	GENERIC	5.03366
create-batch-K1-total[ms]	48	2048	0	8192	GENERIC	84.45080
create-batch-K1[ns]	48	2048	0	8192	CLMUL	6.93869
create-batch-K1-total[ms]	48	2048	0	8192	CLMUL	116.41185
create-batch-K2[ns]	48	2048	0	8192	GENERIC	3.51279
create-batch-K2-total[ms]	48	2048	0	8192	GENERIC	58.93483
create-batch-K2[ns]	48	2048	0	8192	CLMUL	3.55016
create-batch-K2-total[ms]	48	2048	0	8192	CLMUL	59.56187
create-batch-K4[ns]	48	2048	0	8192	GENERIC	3.25129
create-batch-K4-total[ms]	48	2048	0	8192	GENERIC	54.54754
create-batch-K4[ns]	48	2048	0	8192	CLMUL	2.02024
create-batch-K4-total[ms]	48	2048	0	8192	CLMUL	33.89399
create-batch-K8[ns]	48	2048	0	8192	GENERIC	3.18519
create-batch-K8-total[ms]	48	2048	0	8192	GENERIC	53.43859
create-batch-K8[ns]	48	2048	0	8192	CLMUL	1.80226
create-batch-K8-total[ms]	48	2048	0	8192	CLMUL	30.23692
create-batch-K1[ns]	48	3072	0	16	GENERIC	5.05741
create-batch-K1-total[ms]	48	3072	0	16	GENERIC	0.24858
create-batch-K1[ns]	48	3072	0	16	CLMUL	6.93789
create-batch-K1-total[ms]	48	3072	0	16	CLMUL	0.34101
create-batch-K2[ns]	48	3072	0	16	GENERIC	3.49933
create-batch-K2-total[ms]	48	3072	0	16	GENERIC	0.17200
create-batch-K2[ns]	48	3072	0	16	CLMUL	3.47160
create-batch-K2-total[ms]	48	3072	0	16	CLMUL	0.17064
create-batch-K4[ns]	48	3072	0	16	GENERIC	3.23865
create-batch-K4-total[ms]	48	3072	0	16	GENERIC	0.15919
create-batch-K4[ns]	48	3072	0	16	CLMUL	2.01027
create-batch-K4-total[ms]	48	3072	0	16	CLMUL	0.09881
create-batch-K8[ns]	48	3072	0	16	GENERIC	3.17308
create-batch-K8-total[ms]	48	3072	0	16	GENERIC	0.15596
create-batch-K8[ns]	48	3072	0	16	CLMUL	1.80198
create-batch-K8-total[ms]	48	3072	0	16	CLMUL	0.08857
create-batch-K1[ns]	48	3072	0	64	GENERIC	5.04374
create-batch-K1-total[ms]	48	3072	0	64	GENERIC	0.99164
create-batch-K1[ns]	48	3072	0	64	CLMUL	6.93719
create-batch-K1-total[ms]	48	3072	0	64	CLMUL	1.36391
create-batch-K2[ns]	48	3072	0	64	GENERIC	3.49873
create-batch-K2-total[ms]	48	3072	0	64	GENERIC	0.68788
create-batch-K2[ns]	48	3072	0	64	CLMUL	3.50739
create-batch-K2-total[ms]	48	3072	0	64	CLMUL	0.68958
create-batch-K4[ns]	48	3072	0	64	GENERIC	3.23521
create-batch-K4-total[ms]	48	3072	0	64	GENERIC	0.63607
create-batch-K4[ns]	48	3072	0	64	CLMUL	2.02432
create-batch-K4-total[ms]	48	3072	0	64	CLMUL	0.39800
create-batch-K8[ns]	48	3072	0	64	GENERIC	3.17236
create-batch-K8-total[ms]	48	3072	0	64	GENERIC	0.62371
create-batch-K8[ns]	48	3072	0	64	CLMUL	1.80080
create-batch-K8-total[ms]	48	3072	0	64	CLMUL	0.35405
create-batch-K1[ns]	48	3072	0	128	GENERIC	5.05414
create-batch-K1-total[ms]	48	3072	0	128	GENERIC	1.98737
create-batch-K1[ns]	48	3072	0	128	CLMUL	6.93703
create-batch-K1-total[ms]	48	3072	0	128	CLMUL	2.72775
create-batch-K2[ns]	48	3072	0	128	GENERIC	3.49869
create-batch-K2-total[ms]	48	3072	0	128	GENERIC	1.37574
create-batch-K2[ns]	48	3072	0	128	CLMUL	3.53487
create-batch-K2-total[ms]	48	3072	0	128	CLMUL	1.38997
create-batch-K4[ns]	48	3072	0	128	GENERIC	3.23809
create-batch-K4-total[ms]	48	3072	0	128	GENERIC	1.27327
create-batch-K4[ns]	48	3072	0	128	CLMUL	2.01288
create-batch-K4-total[ms]	48	3072	0	128	CLMUL	0.79150
create-batch-K8[ns]	48	3072	0	128	GENERIC	3.17213
create-batch-K8-total[ms]	48	3072	0	128	GENERIC	1.24733
create-batch-K8[ns]	48	3072	0	128	CLMUL	1.80079
create-batch-K8-total[ms]	48	3072	0	128	CLMUL	0.70810
create-batch-K1[ns]	48	3072	0	512	GENERIC	5.03043
create-batch-K1-total[ms]	48	3072	0	512	GENERIC	7.91218
create-batch-K1[ns]	48	3072	0	512	CLMUL	6.93916
create-batch-K1-total[ms]	48	3072	0	512	CLMUL	10.91435
create-batch-K2[ns]	48	3072	0	512	GENERIC	3.49994
create-batch-K2-total[ms]	48	3072	0	512	GENERIC	5.50493
create-batch-K2[ns]	48	3072	0	512	CLMUL	3.54341
create-batch-K2-total[ms]	48	3072	0	512	CLMUL	5.57331
create-batch-K4[ns]	48	3072	0	512	GENERIC	3.23827
create-batch-K4-total[ms]	48	3072	0	512	GENERIC	5.09336
create-batch-K4[ns]	48	3072	0	512	CLMUL	2.01983
create-batch-K4-total[ms]	48	3072	0	512	CLMUL	3.17691
create-batch-K8[ns]	48	3072	0	512	GENERIC	3.17328
create-batch-K8-total[ms]	48	3072	0	512	GENERIC	4.99113
create-batch-K8[ns]	48	3072	0	512	CLMUL	1.80079
create-batch-K8-total[ms]	48	3072	0	512	CLMUL	2.83240
create-batch-K1[ns]	48	3072	0	1024	GENERIC	5.02450
create-batch-K1-total[ms]	48	3072	0	1024	GENERIC	15.80571
create-batch-K1[ns]	48	3072	0	1024	CLMUL	6.93986
create-batch-K1-total[ms]	48	3072	0	1024	CLMUL	21.83093
create-batch-K2[ns]	48	3072	0	1024	GENERIC	3.50022
create-batch-K2-total[ms]	48	3072	0	1024	GENERIC	11.01073
create-batch-K2[ns]	48	3072	0	1024	CLMUL	3.54491
create-batch-K2-total[ms]	48	3072	0	1024	CLMUL	11.15132
create-batch-K4[ns]	48	3072	0	1024	GENERIC	3.23840
create-batch-K4-total[ms]	48	3072	0	1024	GENERIC	10.18711
create-batch-K4[ns]	48	3072	0	1024	CLMUL	2.02048
create-batch-K4-total[ms]	48	3072	0	1024	CLMUL	6.35587
create-batch-K8[ns]	48	3072	0	1024	GENERIC	3.17329
create-batch-K8-total[ms]	48	3072	0	1024	GENERIC	9.98232
create-batch-K8[ns]	48	3072	0	1024	CLMUL	1.80132
create-batch-K8-total[ms]	48	3072	0	1024	CLMUL	5.66646
create-batch-K1[ns]	48	3072	0	2048	GENERIC	5.02385
create-batch-K1-total[ms]	48	3072	0	2048	GENERIC	31.60732
create-batch-K1[ns]	48	3072	0	2048	CLMUL	6.93976
create-batch-K1-total[ms]	48	3072	0	2048	CLMUL	43.66119
create-batch-K2[ns]	48	3072	0	2048	GENERIC	3.50008
create-batch-K2-total[ms]	48	3072	0	2048	GENERIC	22.02061
create-batch-K2[ns]	48	3072	0	2048	CLMUL	3.54773
create-batch-K2-total[ms]	48	3072	0	2048	CLMUL	22.32039
create-batch-K4[ns]	48	3072	0	2048	GENERIC	3.23839
create-batch-K4-total[ms]	48	3072	0	2048	GENERIC	20.37422
create-batch-K4[ns]	48	3072	0	2048	CLMUL	2.02376
create-batch-K4-total[ms]	48	3072	0	2048	CLMUL	12.73242
create-batch-K8[ns]	48	3072	0	2048	GENERIC	3.17350
create-batch-K8-total[ms]	48	3072	0	2048	GENERIC	19.96594
create-batch-K8[ns]	48	3072	0	2048	CLMUL	1.80132
create-batch-K8-total[ms]	48	3072	0	2048	CLMUL	11.33291
create-batch-K1[ns]	48	3072	0	4096	GENERIC	5.02383
create-batch-K1-total[ms]	48	3072	0	4096	GENERIC	63.21441
create-batch-K1[ns]	48	3072	0	4096	CLMUL	6.94008
create-batch-K1-total[ms]	48	3072	0	4096	CLMUL	87.32640
create-batch-K2[ns]	48	3072	0	4096	GENERIC	3.50030
create-batch-K2-total[ms]	48	3072	0	4096	GENERIC	44.04392
create-batch-K2[ns]	48	3072	0	4096	CLMUL	3.54765
create-batch-K2-total[ms]	48	3072	0	4096	CLMUL	44.63975
create-batch-K4[ns]	48	3072	0	4096	GENERIC	3.23828
create-batch-K4-total[ms]	48	3072	0	4096	GENERIC	40.74700
create-batch-K4[ns]	48	3072	0	4096	CLMUL	2.02296
create-batch-K4-total[ms]	48	3072	0	4096	CLMUL	25.45467
create-batch-K8[ns]	48	3072	0	4096	GENERIC	3.17354
create-batch-K8-total[ms]	48	3072	0	4096	GENERIC	39.93236
create-batch-K8[ns]	48	3072	0	4096	CLMUL	1.80164
create-batch-K8-total[ms]	48	3072	0	4096	CLMUL	22.66988
create-batch-K1[ns]	48	3072	0	8192	GENERIC	5.02421
create-batch-K1-total[ms]	48	3072	0	8192	GENERIC	126.43849
create-batch-K1[ns]	48	3072	0	8192	CLMUL	6.93994
create-batch-K1-total[ms]	48	3072	0	8192	CLMUL	174.64930
create-batch-K2[ns]	48	3072	0	8192	GENERIC	3.50046
create-batch-K2-total[ms]	48	3072	0	8192	GENERIC	88.09193
create-batch-K2[ns]	48	3072	0	8192	CLMUL	3.54715
create-batch-K2-total[ms]	48	3072	0	8192	CLMUL	89.26698
create-batch-K4[ns]	48	3072	0	8192	GENERIC	3.23872
create-batch-K4-total[ms]	48	3072	0	8192	GENERIC	81.50507
create-batch-K4[ns]	48	3072	0	8192	CLMUL	2.02293
create-batch-K4-total[ms]	48	3072	0	8192	CLMUL	50.90866
create-batch-K8[ns]	48	3072	0	8192	GENERIC	3.17351
create-batch-K8-total[ms]	48	3072	0	8192	GENERIC	79.86394
create-batch-K8[ns]	48	3072	0	8192	CLMUL	1.80158
create-batch-K8-total[ms]	48	3072	0	8192	CLMUL	45.33814
create-batch-K1[ns]	48	4096	0	16	GENERIC	5.02333
create-batch-K1-total[ms]	48	4096	0	16	GENERIC	0.32921
create-batch-K1[ns]	48	4096	0	16	CLMUL	6.93988
create-batch-K1-total[ms]	48	4096	0	16	CLMUL	0.45481
create-batch-K2[ns]	48	4096	0	16	GENERIC	3.49213
create-batch-K2-total[ms]	48	4096	0	16	GENERIC	0.22886
create-batch-K2[ns]	48	4096	0	16	CLMUL	3.50395
create-batch-K2-total[ms]	48	4096	0	16	CLMUL	0.22964
create-batch-K4[ns]	48	4096	0	16	GENERIC	3.21785
create-batch-K4-total[ms]	48	4096	0	16	GENERIC	0.21089
create-batch-K4[ns]	48	4096	0	16	CLMUL	2.01360
create-batch-K4-total[ms]	48	4096	0	16	CLMUL	0.13196
create-batch-K8[ns]	48	4096	0	16	GENERIC	3.16679
create-batch-K8-total[ms]	48	4096	0	16	GENERIC	0.20754
create-batch-K8[ns]	48	4096	0	16	CLMUL	1.80219
create-batch-K8-total[ms]	48	4096	0	16	CLMUL	0.11811
create-batch-K1[ns]	48	4096	0	64	GENERIC	5.03370
create-batch-K1-total[ms]	48	4096	0	64	GENERIC	1.31955
create-batch-K1[ns]	48	4096	0	64	CLMUL	6.93950
create-batch-K1-total[ms]	48	4096	0	64	CLMUL	1.81915
create-batch-K2[ns]	48	4096	0	64	GENERIC	3.49159
create-batch-K2-total[ms]	48	4096	0	64	GENERIC	0.91530
create-batch-K2[ns]	48	4096	0	64	CLMUL	3.48778
create-batch-K2-total[ms]	48	4096	0	64	CLMUL	0.91430
create-batch-K4[ns]	48	4096	0	64	GENERIC	3.23175
create-batch-K4-total[ms]	48	4096	0	64	GENERIC	0.84718
create-batch-K4[ns]	48	4096	0	64	CLMUL	2.04586
create-batch-K4-total[ms]	48	4096	0	64	CLMUL	0.53631
create-batch-K8[ns]	48	4096	0	64	GENERIC	3.16631
create-batch-K8-total[ms]	48	4096	0	64	GENERIC	0.83003
create-batch-K8[ns]	48	4096	0	64	CLMUL	1.80173
create-batch-K8-total[ms]	48	4096	0	64	CLMUL	0.47231
create-batch-K1[ns]	48	4096	0	128	GENERIC	5.03572
create-batch-K1-total[ms]	48	4096	0	128	GENERIC	2.64017
create-batch-K1[ns]	48	4096	0	128	CLMUL	6.93958
create-batch-K1-total[ms]	48	4096	0	128	CLMUL	3.63834
create-batch-K2[ns]	48	4096	0	128	GENERIC	3.49179
create-batch-K2-total[ms]	48	4096	0	128	GENERIC	1.83070
create-batch-K2[ns]	48	4096	0	128	CLMUL	3.48554
create-batch-K2-total[ms]	48	4096	0	128	CLMUL	1.82742
create-batch-K4[ns]	48	4096	0	128	GENERIC	3.22990
create-batch-K4-total[ms]	48	4096	0	128	GENERIC	1.69340
create-batch-K4[ns]	48	4096	0	128	CLMUL	2.05089
create-batch-K4-total[ms]	48	4096	0	128	CLMUL	1.07526
create-batch-K8[ns]	48	4096	0	128	GENERIC	3.16626
create-batch-K8-total[ms]	48	4096	0	128	GENERIC	1.66003
create-batch-K8[ns]	48	4096	0	128	CLMUL	1.80172
create-batch-K8-total[ms]	48	4096	0	128	CLMUL	0.94462
create-batch-K1[ns]	48	4096	0	512	GENERIC	5.02052
create-batch-K1-total[ms]	48	4096	0	512	GENERIC	10.52880
create-batch-K1[ns]	48	4096	0	512	CLMUL	6.94193
create-batch-K1-total[ms]	48	4096	0	512	CLMUL	14.55829
create-batch-K2[ns]	48	4096	0	512	GENERIC	3.49282
create-batch-K2-total[ms]	48	4096	0	512	GENERIC	7.32498
create-batch-K2[ns]	48	4096	0	512	CLMUL	3.49265
create-batch-K2-total[ms]	48	4096	0	512	CLMUL	7.32461
create-batch-K4[ns]	48	4096	0	512	GENERIC	3.23174
create-batch-K4-total[ms]	48	4096	0	512	GENERIC	6.77746
create-batch-K4[ns]	48	4096	0	512	CLMUL	2.05344
create-batch-K4-total[ms]	48	4096	0	512	CLMUL	4.30637
create-batch-K8[ns]	48	4096	0	512	GENERIC	3.16707
create-batch-K8-total[ms]	48	4096	0	512	GENERIC	6.64183
create-batch-K8[ns]	48	4096	0	512	CLMUL	1.80176
create-batch-K8-total[ms]	48	4096	0	512	CLMUL	3.77856
create-batch-K1[ns]	48	4096	0	1024	GENERIC	5.02034
create-batch-K1-total[ms]	48	4096	0	1024	GENERIC	21.05682
create-batch-K1[ns]	48	4096	0	1024	CLMUL	6.94219
create-batch-K1-total[ms]	48	4096	0	1024	CLMUL	29.11767
create-batch-K2[ns]	48	4096	0	1024	GENERIC	3.49305
create-batch-K2-total[ms]	48	4096	0	1024	GENERIC	14.65092
create-batch-K2[ns]	48	4096	0	1024	CLMUL	3.49378
create-batch-K2-total[ms]	48	4096	0	1024	CLMUL	14.65398
create-batch-K4[ns]	48	4096	0	1024	GENERIC	3.23169
create-batch-K4-total[ms]	48	4096	0	1024	GENERIC	13.55468
create-batch-K4[ns]	48	4096	0	1024	CLMUL	2.05440
create-batch-K4-total[ms]	48	4096	0	1024	CLMUL	8.61678
create-batch-K8[ns]	48	4096	0	1024	GENERIC	3.16748
create-batch-K8-total[ms]	48	4096	0	1024	GENERIC	13.28539
create-batch-K8[ns]	48	4096	0	1024	CLMUL	1.80220
create-batch-K8-total[ms]	48	4096	0	1024	CLMUL	7.55899
create-batch-K1[ns]	48	4096	0	2048	GENERIC	5.01974
create-batch-K1-total[ms]	48	4096	0	2048	GENERIC	42.10860
create-batch-K1[ns]	48	4096	0	2048	CLMUL	6.94227
create-batch-K1-total[ms]	48	4096	0	2048	CLMUL	58.23599
create-batch-K2[ns]	48	4096	0	2048	GENERIC	3.49326
create-batch-K2-total[ms]	48	4096	0	2048	GENERIC	29.30360
create-batch-K2[ns]	48	4096	0	2048	CLMUL	3.49202
create-batch-K2-total[ms]	48	4096	0	2048	CLMUL	29.29315
create-batch-K4[ns]	48	4096	0	2048	GENERIC	3.23171
create-batch-K4-total[ms]	48	4096	0	2048	GENERIC	27.10959
create-batch-K4[ns]	48	4096	0	2048	CLMUL	2.05345
create-batch-K4-total[ms]	48	4096	0	2048	CLMUL	17.22555
create-batch-K8[ns]	48	4096	0	2048	GENERIC	3.16755
create-batch-K8-total[ms]	48	4096	0	2048	GENERIC	26.57137
create-batch-K8[ns]	48	4096	0	2048	CLMUL	1.80235
create-batch-K8-total[ms]	48	4096	0	2048	CLMUL	15.11921
create-batch-K1[ns]	48	4096	0	4096	GENERIC	5.01996
create-batch-K1-total[ms]	48	4096	0	4096	GENERIC	84.22093
create-batch-K1[ns]	48	4096	0	4096	CLMUL	6.94242
create-batch-K1-total[ms]	48	4096	0	4096	CLMUL	116.47453
create-batch-K2[ns]	48	4096	0	4096	GENERIC	3.49338
create-batch-K2-total[ms]	48	4096	0	4096	GENERIC	58.60926
create-batch-K2[ns]	48	4096	0	4096	CLMUL	3.49575
create-batch-K2-total[ms]	48	4096	0	4096	CLMUL	58.64899
create-batch-K4[ns]	48	4096	0	4096	GENERIC	3.23192
create-batch-K4-total[ms]	48	4096	0	4096	GENERIC	54.22266
create-batch-K4[ns]	48	4096	0	4096	CLMUL	2.05476
create-batch-K4-total[ms]	48	4096	0	4096	CLMUL	34.47314
create-batch-K8[ns]	48	4096	0	4096	GENERIC	3.16756
create-batch-K8-total[ms]	48	4096	0	4096	GENERIC	53.14287
create-batch-K8[ns]	48	4096	0	4096	CLMUL	1.80248
create-batch-K8-total[ms]	48	4096	0	4096	CLMUL	30.24061
create-batch-K1[ns]	48	4096	0	8192	GENERIC	5.02050
create-batch-K1-total[ms]	48	4096	0	8192	GENERIC	168.45995
create-batch-K1[ns]	48	4096	0	8192	CLMUL	6.94292
create-batch-K1-total[ms]	48	4096	0	8192	CLMUL	232.96565
create-batch-K2[ns]	48	4096	0	8192	GENERIC	3.49340
create-batch-K2-total[ms]	48	4096	0	8192	GENERIC	117.21895
create-batch-K2[ns]	48	4096	0	8192	CLMUL	3.49460
create-batch-K2-total[ms]	48	4096	0	8192	CLMUL	117.25932
create-batch-K4[ns]	48	4096	0	8192	GENERIC	3.23207
create-batch-K4-total[ms]	48	4096	0	8192	GENERIC	108.45023
create-batch-K4[ns]	48	4096	0	8192	CLMUL	2.05443
create-batch-K4-total[ms]	48	4096	0	8192	CLMUL	68.93533
create-batch-K8[ns]	48	4096	0	8192	GENERIC	3.16797
create-batch-K8-total[ms]	48	4096	0	8192	GENERIC	106.29959
create-batch-K8[ns]	48	4096	0	8192	CLMUL	1.80260
create-batch-K8-total[ms]	48	4096	0	8192	CLMUL	60.48514
create-batch-K1[ns]	48	5120	0	16	GENERIC	5.05150
create-batch-K1-total[ms]	48	5120	0	16	GENERIC	0.41382
create-batch-K1[ns]	48	5120	0	16	CLMUL	6.93967
create-batch-K1-total[ms]	48	5120	0	16	CLMUL	0.56850
create-batch-K2[ns]	48	5120	0	16	GENERIC	3.48809
create-batch-K2-total[ms]	48	5120	0	16	GENERIC	0.28574
create-batch-K2[ns]	48	5120	0	16	CLMUL	3.47167
create-batch-K2-total[ms]	48	5120	0	16	CLMUL	0.28440
create-batch-K4[ns]	48	5120	0	16	GENERIC	3.22827
create-batch-K4-total[ms]	48	5120	0	16	GENERIC	0.26446
create-batch-K4[ns]	48	5120	0	16	CLMUL	2.02795
create-batch-K4-total[ms]	48	5120	0	16	CLMUL	0.16613
create-batch-K8[ns]	48	5120	0	16	GENERIC	3.16311
create-batch-K8-total[ms]	48	5120	0	16	GENERIC	0.25912
create-batch-K8[ns]	48	5120	0	16	CLMUL	1.80172
create-batch-K8-total[ms]	48	5120	0	16	CLMUL	0.14760
create-batch-K1[ns]	48	5120	0	64	GENERIC	5.02240
create-batch-K1-total[ms]	48	5120	0	64	GENERIC	1.64574
create-batch-K1[ns]	48	5120	0	64	CLMUL	6.93952
create-batch-K1-total[ms]	48	5120	0	64	CLMUL	2.27394
create-batch-K2[ns]	48	5120	0	64	GENERIC	3.48762
create-batch-K2-total[ms]	48	5120	0	64	GENERIC	1.14282
create-batch-K2[ns]	48	5120	0	64	CLMUL	3.47529
create-batch-K2-total[ms]	48	5120	0	64	CLMUL	1.13878
create-batch-K4[ns]	48	5120	0	64	GENERIC	3.22506
create-batch-K4-total[ms]	48	5120	0	64	GENERIC	1.05679
create-batch-K4[ns]	48	5120	0	64	CLMUL	2.05037
create-batch-K4-total[ms]	48	5120	0	64	CLMUL	0.67187
create-batch-K8[ns]	48	5120	0	64	GENERIC	3.16288
create-batch-K8-total[ms]	48	5120	0	64	GENERIC	1.03641
create-batch-K8[ns]	48	5120	0	64	CLMUL	1.80133
create-batch-K8-total[ms]	48	5120	0	64	CLMUL	0.59026
create-batch-K1[ns]	48	5120	0	128	GENERIC	5.02518
create-batch-K1-total[ms]	48	5120	0	128	GENERIC	3.29330
create-batch-K1[ns]	48	5120	0	128	CLMUL	6.94201
create-batch-K1-total[ms]	48	5120	0	128	CLMUL	4.54952
create-batch-K2[ns]	48	5120	0	128	GENERIC	3.48738
create-batch-K2-total[ms]	48	5120	0	128	GENERIC	2.28549
create-batch-K2[ns]	48	5120	0	128	CLMUL	3.48522
create-batch-K2-total[ms]	48	5120	0	128	CLMUL	2.28407
create-batch-K4[ns]	48	5120	0	128	GENERIC	3.22785
create-batch-K4-total[ms]	48	5120	0	128	GENERIC	2.11540
create-batch-K4[ns]	48	5120	0	128	CLMUL	2.04877
create-batch-K4-total[ms]	48	5120	0	128	CLMUL	1.34268
create-batch-K8[ns]	48	5120	0	128	GENERIC	3.16270
create-batch-K8-total[ms]	48	5120	0	128	GENERIC	2.07271
create-batch-K8[ns]	48	5120	0	128	CLMUL	1.80130
create-batch-K8-total[ms]	48	5120	0	128	CLMUL	1.18050
create-batch-K1[ns]	48	5120	0	512	GENERIC	5.01780
create-batch-K1-total[ms]	48	5120	0	512	GENERIC	13.15387
create-batch-K1[ns]	48	5120	0	512	CLMUL	6.94292
create-batch-K1-total[ms]	48	5120	0	512	CLMUL	18.20045
create-batch-K2[ns]	48	5120	0	512	GENERIC	3.48890
create-batch-K2-total[ms]	48	5120	0	512	GENERIC	9.14594
create-batch-K2[ns]	48	5120	0	512	CLMUL	3.49008
create-batch-K2-total[ms]	48	5120	0	512	CLMUL	9.14903
create-batch-K4[ns]	48	5120	0	512	GENERIC	3.22782
create-batch-K4-total[ms]	48	5120	0	512	GENERIC	8.46152
create-batch-K4[ns]	48	5120	0	512	CLMUL	2.05445
create-batch-K4-total[ms]	48	5120	0	512	CLMUL	5.38561
create-batch-K8[ns]	48	5120	0	512	GENERIC	3.16408
create-batch-K8-total[ms]	48	5120	0	512	GENERIC	8.29444
create-batch-K8[ns]	48	5120	0	512	CLMUL	1.80199
create-batch-K8-total[ms]	48	5120	0	512	CLMUL	4.72380
create-batch-K1[ns]	48	5120	0	1024	GENERIC	5.01771
create-batch-K1-total[ms]	48	5120	0	1024	GENERIC	26.30726
create-batch-K1[ns]	48	5120	0	1024	CLMUL	6.94227
create-batch-K1-total[ms]	48	5120	0	1024	CLMUL	36.39748
create-batch-K2[ns]	48	5120	0	1024	GENERIC	3.48887
create-batch-K2-total[ms]	48	5120	0	1024	GENERIC	18.29174
create-batch-K2[ns]	48	5120	0	1024	CLMUL	3.49269
create-batch-K2-total[ms]	48	5120	0	1024	CLMUL	18.31178
create-batch-K4[ns]	48	5120	0	1024	GENERIC	3.22791
create-batch-K4-total[ms]	48	5120	0	1024	GENERIC	16.92354
create-batch-K4[ns]	48	5120	0	1024	CLMUL	2.05386
create-batch-K4-total[ms]	48	5120	0	1024	CLMUL	10.76815
create-batch-K8[ns]	48	5120	0	1024	GENERIC	3.16408
create-batch-K8-total[ms]	48	5120	0	1024	GENERIC	16.58888
create-batch-K8[ns]	48	5120	0	1024	CLMUL	1.80195
create-batch-K8-total[ms]	48	5120	0	1024	CLMUL	9.44739
create-batch-K1[ns]	48	5120	0	2048	GENERIC	5.01834
create-batch-K1-total[ms]	48	5120	0	2048	GENERIC	52.62110
create-batch-K1[ns]	48	5120	0	2048	CLMUL	6.94244
create-batch-K1-total[ms]	48	5120	0	2048	CLMUL	72.79671
create-batch-K2[ns]	48	5120	0	2048	GENERIC	3.48889
create-batch-K2-total[ms]	48	5120	0	2048	GENERIC	36.58364
create-batch-K2[ns]	48	5120	0	2048	CLMUL	3.49560
create-batch-K2-total[ms]	48	5120	0	2048	CLMUL	36.65403
create-batch-K4[ns]	48	5120	0	2048	GENERIC	3.22759
create-batch-K4-total[ms]	48	5120	0	2048	GENERIC	33.84373
create-batch-K4[ns]	48	5120	0	2048	CLMUL	2.05494
create-batch-K4-total[ms]	48	5120	0	2048	CLMUL	21.54760
create-batch-K8[ns]	48	5120	0	2048	GENERIC	3.16418
create-batch-K8-total[ms]	48	5120	0	2048	GENERIC	33.17887
create-batch-K8[ns]	48	5120	0	2048	CLMUL	1.80217
create-batch-K8-total[ms]	48	5120	0	2048	CLMUL	18.89717
create-batch-K1[ns]	48	5120	0	4096	GENERIC	5.01693
create-batch-K1-total[ms]	48	5120	0	4096	GENERIC	105.21255
create-batch-K1[ns]	48	5120	0	4096	CLMUL	6.94227
create-batch-K1-total[ms]	48	5120	0	4096	CLMUL	145.59004
create-batch-K2[ns]	48	5120	0	4096	GENERIC	3.48911
create-batch-K2-total[ms]	48	5120	0	4096	GENERIC	73.17189
create-batch-K2[ns]	48	5120	0	4096	CLMUL	3.49447
create-batch-K2-total[ms]	48	5120	0	4096	CLMUL	73.28434
create-batch-K4[ns]	48	5120	0	4096	GENERIC	3.22792
create-batch-K4-total[ms]	48	5120	0	4096	GENERIC	67.69440
create-batch-K4[ns]	48	5120	0	4096	CLMUL	2.05529
create-batch-K4-total[ms]	48	5120	0	4096	CLMUL	43.10256
create-batch-K8[ns]	48	5120	0	4096	GENERIC	3.16402
create-batch-K8-total[ms]	48	5120	0	4096	GENERIC	66.35441
create-batch-K8[ns]	48	5120	0	4096	CLMUL	1.80200
create-batch-K8-total[ms]	48	5120	0	4096	CLMUL	37.79064
create-batch-K1[ns]	48	5120	0	8192	GENERIC	5.01716
create-batch-K1-total[ms]	48	5120	0	8192	GENERIC	210.43496
create-batch-K1[ns]	48	5120	0	8192	CLMUL	6.94357
create-batch-K1-total[ms]	48	5120	0	8192	CLMUL	291.23435
create-batch-K2[ns]	48	5120	0	8192	GENERIC	3.48928
create-batch-K2-total[ms]	48	5120	0	8192	GENERIC	146.35109
create-batch-K2[ns]	48	5120	0	8192	CLMUL	3.49720
create-batch-K2-total[ms]	48	5120	0	8192	CLMUL	146.68329
create-batch-K4[ns]	48	5120	0	8192	GENERIC	3.22800
create-batch-K4-total[ms]	48	5120	0	8192	GENERIC	135.39208
create-batch-K4[ns]	48	5120	0	8192	CLMUL	2.05489
create-batch-K4-total[ms]	48	5120	0	8192	CLMUL	86.18836
create-batch-K8[ns]	48	5120	0	8192	GENERIC	3.16417
create-batch-K8-total[ms]	48	5120	0	8192	GENERIC	132.71477
create-batch-K8[ns]	48	5120	0	8192	CLMUL	1.80207
create-batch-K8-total[ms]	48	5120	0	8192	CLMUL	75.58439
create-batch-K1[ns]	48	6144	0	16	GENERIC	5.01493
create-batch-K1-total[ms]	48	6144	0	16	GENERIC	0.49299
create-batch-K1[ns]	48	6144	0	16	CLMUL	6.93974
create-batch-K1-total[ms]	48	6144	0	16	CLMUL	0.68220
create-batch-K2[ns]	48	6144	0	16	GENERIC	3.48501
create-batch-K2-total[ms]	48	6144	0	16	GENERIC	0.34259
create-batch-K2[ns]	48	6144	0	16	CLMUL	3.47148
create-batch-K2-total[ms]	48	6144	0	16	CLMUL	0.34126
create-batch-K4[ns]	48	6144	0	16	GENERIC	3.22569
create-batch-K4-total[ms]	48	6144	0	16	GENERIC	0.31710
create-batch-K4[ns]	48	6144	0	16	CLMUL	2.01159
create-batch-K4-total[ms]	48	6144	0	16	CLMUL	0.19775
create-batch-K8[ns]	48	6144	0	16	GENERIC	3.16071
create-batch-K8-total[ms]	48	6144	0	16	GENERIC	0.31071
create-batch-K8[ns]	48	6144	0	16	CLMUL	1.80130
create-batch-K8-total[ms]	48	6144	0	16	CLMUL	0.17708
create-batch-K1[ns]	48	6144	0	64	GENERIC	5.04392
create-batch-K1-total[ms]	48	6144	0	64	GENERIC	1.98335
create-batch-K1[ns]	48	6144	0	64	CLMUL	6.93947
create-batch-K1-total[ms]	48	6144	0	64	CLMUL	2.72871
create-batch-K2[ns]	48	6144	0	64	GENERIC	3.48462
create-batch-K2-total[ms]	48	6144	0	64	GENERIC	1.37021
create-batch-K2[ns]	48	6144	0	64	CLMUL	3.48302
create-batch-K2-total[ms]	48	6144	0	64	CLMUL	1.36958
create-batch-K4[ns]	48	6144	0	64	GENERIC	3.22434
create-batch-K4-total[ms]	48	6144	0	64	GENERIC	1.26786
create-batch-K4[ns]	48	6144	0	64	CLMUL	2.04347
create-batch-K4-total[ms]	48	6144	0	64	CLMUL	0.80352
create-batch-K8[ns]	48	6144	0	64	GENERIC	3.16045
create-batch-K8-total[ms]	48	6144	0	64	GENERIC	1.24274
create-batch-K8[ns]	48	6144	0	64	CLMUL	1.80100
create-batch-K8-total[ms]	48	6144	0	64	CLMUL	0.70818
create-batch-K1[ns]	48	6144	0	128	GENERIC	5.04513
create-batch-K1-total[ms]	48	6144	0	128	GENERIC	3.96765
create-batch-K1[ns]	48	6144	0	128	CLMUL	6.94151
create-batch-K1-total[ms]	48	6144	0	128	CLMUL	5.45902
create-batch-K2[ns]	48	6144	0	128	GENERIC	3.48461
create-batch-K2-total[ms]	48	6144	0	128	GENERIC	2.74041
create-batch-K2[ns]	48	6144	0	128	CLMUL	3.48498
create-batch-K2-total[ms]	48	6144	0	128	CLMUL	2.74070
create-batch-K4[ns]	48	6144	0	128	GENERIC	3.22409
create-batch-K4-total[ms]	48	6144	0	128	GENERIC	2.53553
create-batch-K4[ns]	48	6144	0	128	CLMUL	2.04940
create-batch-K4-total[ms]	48	6144	0	128	CLMUL	1.61172
create-batch-K8[ns]	48	6144	0	128	GENERIC	3.16029
create-batch-K8-total[ms]	48	6144	0	128	GENERIC	2.48535
create-batch-K8[ns]	48	6144	0	128	CLMUL	1.80088
create-batch-K8-total[ms]	48	6144	0	128	CLMUL	1.41627
create-batch-K1[ns]	48	6144	0	512	GENERIC	5.02055
create-batch-K1-total[ms]	48	6144	0	512	GENERIC	15.79330
create-batch-K1[ns]	48	6144	0	512	CLMUL	6.94196
create-batch-K1-total[ms]	48	6144	0	512	CLMUL	21.83751
create-batch-K2[ns]	48	6144	0	512	GENERIC	3.48579
create-batch-K2-total[ms]	48	6144	0	512	GENERIC	10.96534
create-batch-K2[ns]	48	6144	0	512	CLMUL	3.48965
create-batch-K2-total[ms]	48	6144	0	512	CLMUL	10.97749
create-batch-K4[ns]	48	6144	0	512	GENERIC	3.22533
create-batch-K4-total[ms]	48	6144	0	512	GENERIC	10.14600
create-batch-K4[ns]	48	6144	0	512	CLMUL	2.05377
create-batch-K4-total[ms]	48	6144	0	512	CLMUL	6.46060
create-batch-K8[ns]	48	6144	0	512	GENERIC	3.16149
create-batch-K8-total[ms]	48	6144	0	512	GENERIC	9.94518
create-batch-K8[ns]	48	6144	0	512	CLMUL	1.80154
create-batch-K8-total[ms]	48	6144	0	512	CLMUL	5.66716
create-batch-K1[ns]	48	6144	0	1024	GENERIC	5.01481
create-batch-K1-total[ms]	48	6144	0	1024	GENERIC	31.55043
create-batch-K1[ns]	48	6144	0	1024	CLMUL	6.94211
create-batch-K1-total[ms]	48	6144	0	1024	CLMUL	43.67595
create-batch-K2[ns]	48	6144	0	1024	GENERIC	3.48614
create-batch-K2-total[ms]	48	6144	0	1024	GENERIC	21.93287
create-batch-K2[ns]	48	6144	0	1024	CLMUL	3.49154
create-batch-K2-total[ms]	48	6144	0	1024	CLMUL	21.96690
create-batch-K4[ns]	48	6144	0	1024	GENERIC	3.22470
create-batch-K4-total[ms]	48	6144	0	1024	GENERIC	20.28808
create-batch-K4[ns]	48	6144	0	1024	CLMUL	2.05433
create-batch-K4-total[ms]	48	6144	0	1024	CLMUL	12.92471
create-batch-K8[ns]	48	6144	0	1024	GENERIC	3.16176
create-batch-K8-total[ms]	48	6144	0	1024	GENERIC	19.89208
create-batch-K8[ns]	48	6144	0	1024	CLMUL	1.80149
create-batch-K8-total[ms]	48	6144	0	1024	CLMUL	11.33398
create-batch-K1[ns]	48	6144	0	2048	GENERIC	5.01473
create-batch-K1-total[ms]	48	6144	0	2048	GENERIC	63.09984
create-batch-K1[ns]	48	6144	0	2048	CLMUL	6.94229
create-batch-K1-total[ms]	48	6144	0	2048	CLMUL	87.35419
create-batch-K2[ns]	48	6144	0	2048	GENERIC	3.48628
create-batch-K2-total[ms]	48	6144	0	2048	GENERIC	43.86756
create-batch-K2[ns]	48	6144	0	2048	CLMUL	3.49339
create-batch-K2-total[ms]	48	6144	0	2048	CLMUL	43.95708
create-batch-K4[ns]	48	6144	0	2048	GENERIC	3.22495
create-batch-K4-total[ms]	48	6144	0	2048	GENERIC	40.57923
create-batch-K4[ns]	48	6144	0	2048	CLMUL	2.05439
create-batch-K4-total[ms]	48	6144	0	2048	CLMUL	25.85022
create-batch-K8[ns]	48	6144	0	2048	GENERIC	3.16188
create-batch-K8-total[ms]	48	6144	0	2048	GENERIC	39.78568
create-batch-K8[ns]	48	6144	0	2048	CLMUL	1.80164
create-batch-K8-total[ms]	48	6144	0	2048	CLMUL	22.66986
create-batch-K1[ns]	48	6144	0	4096	GENERIC	5.01524
create-batch-K1-total[ms]	48	6144	0	4096	GENERIC	126.21267
create-batch-K1[ns]	48	6144	0	4096	CLMUL	6.94327
create-batch-K1-total[ms]	48	6144	0	4096	CLMUL	174.73310
create-batch-K2[ns]	48	6144	0	4096	GENERIC	3.48642
create-batch-K2-total[ms]	48	6144	0	4096	GENERIC	87.73874
create-batch-K2[ns]	48	6144	0	4096	CLMUL	3.49475
create-batch-K2-total[ms]	48	6144	0	4096	CLMUL	87.94823
create-batch-K4[ns]	48	6144	0	4096	GENERIC	3.22505
create-batch-K4-total[ms]	48	6144	0	4096	GENERIC	81.16112
create-batch-K4[ns]	48	6144	0	4096	CLMUL	2.05391
create-batch-K4-total[ms]	48	6144	0	4096	CLMUL	51.68839
create-batch-K8[ns]	48	6144	0	4096	GENERIC	3.16180
create-batch-K8-total[ms]	48	6144	0	4096	GENERIC	79.56925
create-batch-K8[ns]	48	6144	0	4096	CLMUL	1.80173
create-batch-K8-total[ms]	48	6144	0	4096	CLMUL	45.34199
create-batch-K1[ns]	48	6144	0	8192	GENERIC	5.01536
create-batch-K1-total[ms]	48	6144	0	8192	GENERIC	252.43146
create-batch-K1[ns]	48	6144	0	8192	CLMUL	6.94282
create-batch-K1-total[ms]	48	6144	0	8192	CLMUL	349.44368
create-batch-K2[ns]	48	6144	0	8192	GENERIC	3.48644
create-batch-K2-total[ms]	48	6144	0	8192	GENERIC	175.47813
create-batch-K2[ns]	48	6144	0	8192	CLMUL	3.49499
create-batch-K2-total[ms]	48	6144	0	8192	CLMUL	175.90882
create-batch-K4[ns]	48	6144	0	8192	GENERIC	3.22496
create-batch-K4-total[ms]	48	6144	0	8192	GENERIC	162.31766
create-batch-K4[ns]	48	6144	0	8192	CLMUL	2.05496
create-batch-K4-total[ms]	48	6144	0	8192	CLMUL	103.42938
create-batch-K8[ns]	48	6144	0	8192	GENERIC	3.16194
create-batch-K8-total[ms]	48	6144	0	8192	GENERIC	159.14580
create-batch-K8[ns]	48	6144	0	8192	CLMUL	1.80172
create-batch-K8-total[ms]	48	6144	0	8192	CLMUL	90.68379
create-batch-K1[ns]	48	7168	0	16	GENERIC	5.04864
create-batch-K1-total[ms]	48	7168	0	16	GENERIC	0.57902
create-batch-K1[ns]	48	7168	0	16	CLMUL	6.93961
create-batch-K1-total[ms]	48	7168	0	16	CLMUL	0.79589
create-batch-K2[ns]	48	7168	0	16	GENERIC	3.48300
create-batch-K2-total[ms]	48	7168	0	16	GENERIC	0.39946
create-batch-K2[ns]	48	7168	0	16	CLMUL	3.48704
create-batch-K2-total[ms]	48	7168	0	16	CLMUL	0.39992
create-batch-K4[ns]	48	7168	0	16	GENERIC	3.20884
create-batch-K4-total[ms]	48	7168	0	16	GENERIC	0.36802
create-batch-K4[ns]	48	7168	0	16	CLMUL	2.03892
create-batch-K4-total[ms]	48	7168	0	16	CLMUL	0.23384
create-batch-K8[ns]	48	7168	0	16	GENERIC	3.15899
create-batch-K8-total[ms]	48	7168	0	16	GENERIC	0.36230
create-batch-K8[ns]	48	7168	0	16	CLMUL	1.80112
create-batch-K8-total[ms]	48	7168	0	16	CLMUL	0.20657
create-batch-K1[ns]	48	7168	0	64	GENERIC	5.02079
create-batch-K1-total[ms]	48	7168	0	64	GENERIC	2.30330
create-batch-K1[ns]	48	7168	0	64	CLMUL	6.93962
create-batch-K1-total[ms]	48	7168	0	64	CLMUL	3.18356
create-batch-K2[ns]	48	7168	0	64	GENERIC	3.48259
create-batch-K2-total[ms]	48	7168	0	64	GENERIC	1.59764
create-batch-K2[ns]	48	7168	0	64	CLMUL	3.47919
create-batch-K2-total[ms]	48	7168	0	64	CLMUL	1.59609
create-batch-K4[ns]	48	7168	0	64	GENERIC	3.21632
create-batch-K4-total[ms]	48	7168	0	64	GENERIC	1.47550
create-batch-K4[ns]	48	7168	0	64	CLMUL	2.04942
create-batch-K4-total[ms]	48	7168	0	64	CLMUL	0.94017
create-batch-K8[ns]	48	7168	0	64	GENERIC	3.15866
create-batch-K8-total[ms]	48	7168	0	64	GENERIC	1.44904
create-batch-K8[ns]	48	7168	0	64	CLMUL	1.80080
create-batch-K8-total[ms]	48	7168	0	64	CLMUL	0.82612
create-batch-K1[ns]	48	7168	0	128	GENERIC	5.01775
create-batch-K1-total[ms]	48	7168	0	128	GENERIC	4.60380
create-batch-K1[ns]	48	7168	0	128	CLMUL	6.94124
create-batch-K1-total[ms]	48	7168	0	128	CLMUL	6.36862
create-batch-K2[ns]	48	7168	0	128	GENERIC	3.48258
create-batch-K2-total[ms]	48	7168	0	128	GENERIC	3.19528
create-batch-K2[ns]	48	7168	0	128	CLMUL	3.48078
create-batch-K2-total[ms]	48	7168	0	128	CLMUL	3.19363
create-batch-K4[ns]	48	7168	0	128	GENERIC	3.22203
create-batch-K4-total[ms]	48	7168	0	128	GENERIC	2.95622
create-batch-K4[ns]	48	7168	0	128	CLMUL	2.05147
create-batch-K4-total[ms]	48	7168	0	128	CLMUL	1.88223
create-batch-K8[ns]	48	7168	0	128	GENERIC	3.15872
create-batch-K8-total[ms]	48	7168	0	128	GENERIC	2.89814
create-batch-K8[ns]	48	7168	0	128	CLMUL	1.80075
create-batch-K8-total[ms]	48	7168	0	128	CLMUL	1.65220
create-batch-K1[ns]	48	7168	0	512	GENERIC	5.01397
create-batch-K1-total[ms]	48	7168	0	512	GENERIC	18.40136
create-batch-K1[ns]	48	7168	0	512	CLMUL	6.94202
create-batch-K1-total[ms]	48	7168	0	512	CLMUL	25.47732
create-batch-K2[ns]	48	7168	0	512	GENERIC	3.48409
create-batch-K2-total[ms]	48	7168	0	512	GENERIC	12.78667
create-batch-K2[ns]	48	7168	0	512	CLMUL	3.49108
create-batch-K2-total[ms]	48	7168	0	512	CLMUL	12.81230
create-batch-K4[ns]	48	7168	0	512	GENERIC	3.22282
create-batch-K4-total[ms]	48	7168	0	512	GENERIC	11.82780
create-batch-K4[ns]	48	7168	0	512	CLMUL	2.05374
create-batch-K4-total[ms]	48	7168	0	512	CLMUL	7.53727
create-batch-K8[ns]	48	7168	0	512	GENERIC	3.16012
create-batch-K8-total[ms]	48	7168	0	512	GENERIC	11.59769
create-batch-K8[ns]	48	7168	0	512	CLMUL	1.80138
create-batch-K8-total[ms]	48	7168	0	512	CLMUL	6.61110
create-batch-K1[ns]	48	7168	0	1024	GENERIC	5.01304
create-batch-K1-total[ms]	48	7168	0	1024	GENERIC	36.79588
create-batch-K1[ns]	48	7168	0	1024	CLMUL	6.94230
create-batch-K1-total[ms]	48	7168	0	1024	CLMUL	50.95674
create-batch-K2[ns]	48	7168	0	1024	GENERIC	3.48423
create-batch-K2-total[ms]	48	7168	0	1024	GENERIC	25.57433
create-batch-K2[ns]	48	7168	0	1024	CLMUL	3.49090
create-batch-K2-total[ms]	48	7168	0	1024	CLMUL	25.62333
create-batch-K4[ns]	48	7168	0	1024	GENERIC	3.22274
create-batch-K4-total[ms]	48	7168	0	1024	GENERIC	23.65505
create-batch-K4[ns]	48	7168	0	1024	CLMUL	2.05271
create-batch-K4-total[ms]	48	7168	0	1024	CLMUL	15.06696
create-batch-K8[ns]	48	7168	0	1024	GENERIC	3.16034
create-batch-K8-total[ms]	48	7168	0	1024	GENERIC	23.19702
create-batch-K8[ns]	48	7168	0	1024	CLMUL	1.80144
create-batch-K8-total[ms]	48	7168	0	1024	CLMUL	13.22259
create-batch-K1[ns]	48	7168	0	2048	GENERIC	5.01278
create-batch-K1-total[ms]	48	7168	0	2048	GENERIC	73.58788
create-batch-K1[ns]	48	7168	0	2048	CLMUL	6.94228
create-batch-K1-total[ms]	48	7168	0	2048	CLMUL	101.91306
create-batch-K2[ns]	48	7168	0	2048	GENERIC	3.48413
create-batch-K2-total[ms]	48	7168	0	2048	GENERIC	51.14722
create-batch-K2[ns]	48	7168	0	2048	CLMUL	3.49534
create-batch-K2-total[ms]	48	7168	0	2048	CLMUL	51.31186
create-batch-K4[ns]	48	7168	0	2048	GENERIC	3.22276
create-batch-K4-total[ms]	48	7168	0	2048	GENERIC	47.31035
create-batch-K4[ns]	48	7168	0	2048	CLMUL	2.05450
create-batch-K4-total[ms]	48	7168	0	2048	CLMUL	30.16014
create-batch-K8[ns]	48	7168	0	2048	GENERIC	3.16028
create-batch-K8-total[ms]	48	7168	0	2048	GENERIC	46.39314
create-batch-K8[ns]	48	7168	0	2048	CLMUL	1.80145
create-batch-K8-total[ms]	48	7168	0	2048	CLMUL	26.44535
create-batch-K1[ns]	48	7168	0	4096	GENERIC	5.01293
create-batch-K1-total[ms]	48	7168	0	4096	GENERIC	147.18021
create-batch-K1[ns]	48	7168	0	4096	CLMUL	6.94299
create-batch-K1-total[ms]	48	7168	0	4096	CLMUL	203.84722
create-batch-K2[ns]	48	7168	0	4096	GENERIC	3.48429
create-batch-K2-total[ms]	48	7168	0	4096	GENERIC	102.29909
create-batch-K2[ns]	48	7168	0	4096	CLMUL	3.49408
create-batch-K2-total[ms]	48	7168	0	4096	CLMUL	102.58661
create-batch-K4[ns]	48	7168	0	4096	GENERIC	3.22287
create-batch-K4-total[ms]	48	7168	0	4096	GENERIC	94.62396
create-batch-K4[ns]	48	7168	0	4096	CLMUL	2.05423
create-batch-K4-total[ms]	48	7168	0	4096	CLMUL	60.31232
create-batch-K8[ns]	48	7168	0	4096	GENERIC	3.16054
create-batch-K8-total[ms]	48	7168	0	4096	GENERIC	92.79393
create-batch-K8[ns]	48	7168	0	4096	CLMUL	1.80148
create-batch-K8-total[ms]	48	7168	0	4096	CLMUL	52.89174
create-batch-K1[ns]	48	7168	0	8192	GENERIC	5.01372
create-batch-K1-total[ms]	48	7168	0	8192	GENERIC	294.40712
create-batch-K1[ns]	48	7168	0	8192	CLMUL	6.94329
create-batch-K1-total[ms]	48	7168	0	8192	CLMUL	407.71165
create-batch-K2[ns]	48	7168	0	8192	GENERIC	3.48471
create-batch-K2-total[ms]	48	7168	0	8192	GENERIC	204.62318
create-batch-K2[ns]	48	7168	0	8192	CLMUL	3.49414
create-batch-K2-total[ms]	48	7168	0	8192	CLMUL	205.17656
create-batch-K4[ns]	48	7168	0	8192	GENERIC	3.22302
create-batch-K4-total[ms]	48	7168	0	8192	GENERIC	189.25629
create-batch-K4[ns]	48	7168	0	8192	CLMUL	2.05480
create-batch-K4-total[ms]	48	7168	0	8192	CLMUL	120.65852
create-batch-K8[ns]	48	7168	0	8192	GENERIC	3.16060
create-batch-K8-total[ms]	48	7168	0	8192	GENERIC	185.59120
create-batch-K8[ns]	48	7168	0	8192	CLMUL	1.80147
create-batch-K8-total[ms]	48	7168	0	8192	CLMUL	105.78253
create-batch-K1[ns]	48	8192	0	16	GENERIC	5.04011
create-batch-K1-total[ms]	48	8192	0	16	GENERIC	0.66062
create-batch-K1[ns]	48	8192	0	16	CLMUL	6.93951
create-batch-K1-total[ms]	48	8192	0	16	CLMUL	0.90958
create-batch-K2[ns]	48	8192	0	16	GENERIC	3.48116
create-batch-K2-total[ms]	48	8192	0	16	GENERIC	0.45628
create-batch-K2[ns]	48	8192	0	16	CLMUL	3.48691
create-batch-K2-total[ms]	48	8192	0	16	CLMUL	0.45704
create-batch-K4[ns]	48	8192	0	16	GENERIC	3.22243
create-batch-K4-total[ms]	48	8192	0	16	GENERIC	0.42237
create-batch-K4[ns]	48	8192	0	16	CLMUL	2.04016
create-batch-K4-total[ms]	48	8192	0	16	CLMUL	0.26741
create-batch-K8[ns]	48	8192	0	16	GENERIC	3.15764
create-batch-K8-total[ms]	48	8192	0	16	GENERIC	0.41388
create-batch-K8[ns]	48	8192	0	16	CLMUL	1.80077
create-batch-K8-total[ms]	48	8192	0	16	CLMUL	0.23603
create-batch-K1[ns]	48	8192	0	64	GENERIC	5.03169
create-batch-K1-total[ms]	48	8192	0	64	GENERIC	2.63805
create-batch-K1[ns]	48	8192	0	64	CLMUL	6.93976
create-batch-K1-total[ms]	48	8192	0	64	CLMUL	3.63843
create-batch-K2[ns]	48	8192	0	64	GENERIC	3.48111
create-batch-K2-total[ms]	48	8192	0	64	GENERIC	1.82511
create-batch-K2[ns]	48	8192	0	64	CLMUL	3.48671
create-batch-K2-total[ms]	48	8192	0	64	CLMUL	1.82804
create-batch-K4[ns]	48	8192	0	64	GENERIC	3.21856
create-batch-K4-total[ms]	48	8192	0	64	GENERIC	1.68745
create-batch-K4[ns]	48	8192	0	64	CLMUL	2.04481
create-batch-K4-total[ms]	48	8192	0	64	CLMUL	1.07207
create-batch-K8[ns]	48	8192	0	64	GENERIC	3.15739
create-batch-K8-total[ms]	48	8192	0	64	GENERIC	1.65538
create-batch-K8[ns]	48	8192	0	64	CLMUL	1.80053
create-batch-K8-total[ms]	48	8192	0	64	CLMUL	0.94400
create-batch-K1[ns]	48	8192	0	128	GENERIC	5.01385
create-batch-K1-total[ms]	48	8192	0	128	GENERIC	5.25740
create-batch-K1[ns]	48	8192	0	128	CLMUL	6.94103
create-batch-K1-total[ms]	48	8192	0	128	CLMUL	7.27820
create-batch-K2[ns]	48	8192	0	128	GENERIC	3.48097
create-batch-K2-total[ms]	48	8192	0	128	GENERIC	3.65006
create-batch-K2[ns]	48	8192	0	128	CLMUL	3.48428
create-batch-K2-total[ms]	48	8192	0	128	CLMUL	3.65353
create-batch-K4[ns]	48	8192	0	128	GENERIC	3.22016
create-batch-K4-total[ms]	48	8192	0	128	GENERIC	3.37658
create-batch-K4[ns]	48	8192	0	128	CLMUL	2.04838
create-batch-K4-total[ms]	48	8192	0	128	CLMUL	2.14789
create-batch-K8[ns]	48	8192	0	128	GENERIC	3.15738
create-batch-K8-total[ms]	48	8192	0	128	GENERIC	3.31075
create-batch-K8[ns]	48	8192	0	128	CLMUL	1.80058
create-batch-K8-total[ms]	48	8192	0	128	CLMUL	1.88804
create-batch-K1[ns]	48	8192	0	512	GENERIC	5.01297
create-batch-K1-total[ms]	48	8192	0	512	GENERIC	21.02591
create-batch-K1[ns]	48	8192	0	512	CLMUL	6.94224
create-batch-K1-total[ms]	48	8192	0	512	CLMUL	29.11788
create-batch-K2[ns]	48	8192	0	512	GENERIC	3.48246
create-batch-K2-total[ms]	48	8192	0	512	GENERIC	14.60651
create-batch-K2[ns]	48	8192	0	512	CLMUL	3.49344
create-batch-K2-total[ms]	48	8192	0	512	CLMUL	14.65254
create-batch-K4[ns]	48	8192	0	512	GENERIC	3.22018
create-batch-K4-total[ms]	48	8192	0	512	GENERIC	13.50640
create-batch-K4[ns]	48	8192	0	512	CLMUL	2.05407
create-batch-K4-total[ms]	48	8192	0	512	CLMUL	8.61538
create-batch-K8[ns]	48	8192	0	512	GENERIC	3.15867
create-batch-K8-total[ms]	48	8192	0	512	GENERIC	13.24844
create-batch-K8[ns]	48	8192	0	512	CLMUL	1.80139
create-batch-K8-total[ms]	48	8192	0	512	CLMUL	7.55556
create-batch-K1[ns]	48	8192	0	1024	GENERIC	5.01182
create-batch-K1-total[ms]	48	8192	0	1024	GENERIC	42.04220
create-batch-K1[ns]	48	8192	0	1024	CLMUL	6.94217
create-batch-K1-total[ms]	48	8192	0	1024	CLMUL	58.23512
create-batch-K2[ns]	48	8192	0	1024	GENERIC	3.48255
create-batch-K2-total[ms]	48	8192	0	1024	GENERIC	29.21377
create-batch-K2[ns]	48	8192	0	1024	CLMUL	3.49363
create-batch-K2-total[ms]	48	8192	0	1024	CLMUL	29.30671
create-batch-K4[ns]	48	8192	0	1024	GENERIC	3.22099
create-batch-K4-total[ms]	48	8192	0	1024	GENERIC	27.01966
create-batch-K4[ns]	48	8192	0	1024	CLMUL	2.05388
create-batch-K4-total[ms]	48	8192	0	1024	CLMUL	17.22922
create-batch-K8[ns]	48	8192	0	1024	GENERIC	3.15887
create-batch-K8-total[ms]	48	8192	0	1024	GENERIC	26.49853
create-batch-K8[ns]	48	8192	0	1024	CLMUL	1.80114
create-batch-K8-total[ms]	48	8192	0	1024	CLMUL	15.10906
create-batch-K1[ns]	48	8192	0	2048	GENERIC	5.01151
create-batch-K1-total[ms]	48	8192	0	2048	GENERIC	84.07925
create-batch-K1[ns]	48	8192	0	2048	CLMUL	6.94264
create-batch-K1-total[ms]	48	8192	0	2048	CLMUL	116.47810
create-batch-K2[ns]	48	8192	0	2048	GENERIC	3.48270
create-batch-K2-total[ms]	48	8192	0	2048	GENERIC	58.43003
create-batch-K2[ns]	48	8192	0	2048	CLMUL	3.49258
create-batch-K2-total[ms]	48	8192	0	2048	CLMUL	58.59583
create-batch-K4[ns]	48	8192	0	2048	GENERIC	3.22115
create-batch-K4-total[ms]	48	8192	0	2048	GENERIC	54.04192
create-batch-K4[ns]	48	8192	0	2048	CLMUL	2.05440
create-batch-K4-total[ms]	48	8192	0	2048	CLMUL	34.46703
create-batch-K8[ns]	48	8192	0	2048	GENERIC	3.15877
create-batch-K8-total[ms]	48	8192	0	2048	GENERIC	52.99530
create-batch-K8[ns]	48	8192	0	2048	CLMUL	1.80126
create-batch-K8-total[ms]	48	8192	0	2048	CLMUL	30.22009
create-batch-K1[ns]	48	8192	0	4096	GENERIC	5.01151
create-batch-K1-total[ms]	48	8192	0	4096	GENERIC	168.15828
create-batch-K1[ns]	48	8192	0	4096	CLMUL	6.94250
create-batch-K1-total[ms]	48	8192	0	4096	CLMUL	232.95174
create-batch-K2[ns]	48	8192	0	4096	GENERIC	3.48286
create-batch-K2-total[ms]	48	8192	0	4096	GENERIC	116.86544
create-batch-K2[ns]	48	8192	0	4096	CLMUL	3.49409
create-batch-K2-total[ms]	48	8192	0	4096	CLMUL	117.24231
create-batch-K4[ns]	48	8192	0	4096	GENERIC	3.22121
create-batch-K4-total[ms]	48	8192	0	4096	GENERIC	108.08601
create-batch-K4[ns]	48	8192	0	4096	CLMUL	2.05445
create-batch-K4-total[ms]	48	8192	0	4096	CLMUL	68.93596
create-batch-K8[ns]	48	8192	0	4096	GENERIC	3.15883
create-batch-K8-total[ms]	48	8192	0	4096	GENERIC	105.99265
create-batch-K8[ns]	48	8192	0	4096	CLMUL	1.80135
create-batch-K8-total[ms]	48	8192	0	4096	CLMUL	60.44335
create-batch-K1[ns]	48	8192	0	8192	GENERIC	5.01202
create-batch-K1-total[ms]	48	8192	0	8192	GENERIC	336.35124
create-batch-K1[ns]	48	8192	0	8192	CLMUL	6.94331
create-batch-K1-total[ms]	48	8192	0	8192	CLMUL	465.95791
create-batch-K2[ns]	48	8192	0	8192	GENERIC	3.48299
create-batch-K2-total[ms]	48	8192	0	8192	GENERIC	233.73954
create-batch-K2[ns]	48	8192	0	8192	CLMUL	3.49416
create-batch-K2-total[ms]	48	8192	0	8192	CLMUL	234.48925
create-batch-K4[ns]	48	8192	0	8192	GENERIC	3.22120
create-batch-K4-total[ms]	48	8192	0	8192	GENERIC	216.17118
create-batch-K4[ns]	48	8192	0	8192	CLMUL	2.05470
create-batch-K4-total[ms]	48	8192	0	8192	CLMUL	137.88873
create-batch-K8[ns]	48	8192	0	8192	GENERIC	3.15908
create-batch-K8-total[ms]	48	8192	0	8192	GENERIC	212.00245
create-batch-K8[ns]	48	8192	0	8192	CLMUL	1.80135
create-batch-K8-total[ms]	48	8192	0	8192	CLMUL	120.88665
create-batch-K1[ns]	58	128	0	16	GENERIC	6.37695
create-batch-K1-total[ms]	58	128	0	16	GENERIC	0.01306
create-batch-K1[ns]	58	128	0	16	CLMUL	8.06104
create-batch-K1-total[ms]	58	128	0	16	CLMUL	0.01651
create-batch-K1[ns]	58	128	0	16	CLMUL_TRI	7.03271
create-batch-K1-total[ms]	58	128	0	16	CLMUL_TRI	0.01440
create-batch-K2[ns]	58	128	0	16	GENERIC	5.01074
create-batch-K2-total[ms]	58	128	0	16	GENERIC	0.01026
create-batch-K2[ns]	58	128	0	16	CLMUL	4.37109
create-batch-K2-total[ms]	58	128	0	16	CLMUL	0.00895
create-batch-K2[ns]	58	128	0	16	CLMUL_TRI	4.24365
create-batch-K2-total[ms]	58	128	0	16	CLMUL_TRI	0.00869
create-batch-K4[ns]	58	128	0	16	GENERIC	4.67383
create-batch-K4-total[ms]	58	128	0	16	GENERIC	0.00957
create-batch-K4[ns]	58	128	0	16	CLMUL	3.25439
create-batch-K4-total[ms]	58	128	0	16	CLMUL	0.00666
create-batch-K4[ns]	58	128	0	16	CLMUL_TRI	3.35254
create-batch-K4-total[ms]	58	128	0	16	CLMUL_TRI	0.00687
create-batch-K8[ns]	58	128	0	16	GENERIC	5.00049
create-batch-K8-total[ms]	58	128	0	16	GENERIC	0.01024
create-batch-K8[ns]	58	128	0	16	CLMUL	3.15723
create-batch-K8-total[ms]	58	128	0	16	CLMUL	0.00647
create-batch-K8[ns]	58	128	0	16	CLMUL_TRI	3.10449
create-batch-K8-total[ms]	58	128	0	16	CLMUL_TRI	0.00636
create-batch-K1[ns]	58	128	0	64	GENERIC	6.33655
create-batch-K1-total[ms]	58	128	0	64	GENERIC	0.05191
create-batch-K1[ns]	58	128	0	64	CLMUL	8.05017
create-batch-K1-total[ms]	58	128	0	64	CLMUL	0.06595
create-batch-K1[ns]	58	128	0	64	CLMUL_TRI	7.02478
create-batch-K1-total[ms]	58	128	0	64	CLMUL_TRI	0.05755
create-batch-K2[ns]	58	128	0	64	GENERIC	5.00183
create-batch-K2-total[ms]	58	128	0	64	GENERIC	0.04097
create-batch-K2[ns]	58	128	0	64	CLMUL	4.36499
create-batch-K2-total[ms]	58	128	0	64	CLMUL	0.03576
create-batch-K2[ns]	58	128	0	64	CLMUL_TRI	4.22681
create-batch-K2-total[ms]	58	128	0	64	CLMUL_TRI	0.03463
create-batch-K4[ns]	58	128	0	64	GENERIC	4.66968
create-batch-K4-total[ms]	58	128	0	64	GENERIC	0.03825
create-batch-K4[ns]	58	128	0	64	CLMUL	3.34729
create-batch-K4-total[ms]	58	128	0	64	CLMUL	0.02742
create-batch-K4[ns]	58	128	0	64	CLMUL_TRI	3.35107
create-batch-K4-total[ms]	58	128	0	64	CLMUL_TRI	0.02745
create-batch-K8[ns]	58	128	0	64	GENERIC	4.98633
create-batch-K8-total[ms]	58	128	0	64	GENERIC	0.04085
create-batch-K8[ns]	58	128	0	64	CLMUL	3.14856
create-batch-K8-total[ms]	58	128	0	64	CLMUL	0.02579
create-batch-K8[ns]	58	128	0	64	CLMUL_TRI	3.11914
create-batch-K8-total[ms]	58	128	0	64	CLMUL_TRI	0.02555
create-batch-K1[ns]	58	128	0	128	GENERIC	6.35724
create-batch-K1-total[ms]	58	128	0	128	GENERIC	0.10416
create-batch-K1[ns]	58	128	0	128	CLMUL	8.04938
create-batch-K1-total[ms]	58	128	0	128	CLMUL	0.13188
create-batch-K1[ns]	58	128	0	128	CLMUL_TRI	7.02356
create-batch-K1-total[ms]	58	128	0	128	CLMUL_TRI	0.11507
create-batch-K2[ns]	58	128	0	128	GENERIC	5.00018
create-batch-K2-total[ms]	58	128	0	128	GENERIC	0.08192
create-batch-K2[ns]	58	128	0	128	CLMUL	4.36926
create-batch-K2-total[ms]	58	128	0	128	CLMUL	0.07159
create-batch-K2[ns]	58	128	0	128	CLMUL_TRI	4.22638
create-batch-K2-total[ms]	58	128	0	128	CLMUL_TRI	0.06925
create-batch-K4[ns]	58	128	0	128	GENERIC	4.66467
create-batch-K4-total[ms]	58	128	0	128	GENERIC	0.07643
create-batch-K4[ns]	58	128	0	128	CLMUL	3.34894
create-batch-K4-total[ms]	58	128	0	128	CLMUL	0.05487
create-batch-K4[ns]	58	128	0	128	CLMUL_TRI	3.34998
create-batch-K4-total[ms]	58	128	0	128	CLMUL_TRI	0.05489
create-batch-K8[ns]	58	128	0	128	GENERIC	4.98297
create-batch-K8-total[ms]	58	128	0	128	GENERIC	0.08164
create-batch-K8[ns]	58	128	0	128	CLMUL	3.14948
create-batch-K8-total[ms]	58	128	0	128	CLMUL	0.05160
create-batch-K8[ns]	58	128	0	128	CLMUL_TRI	3.11646
create-batch-K8-total[ms]	58	128	0	128	CLMUL_TRI	0.05106
create-batch-K1[ns]	58	128	0	512	GENERIC	6.35625
create-batch-K1-total[ms]	58	128	0	512	GENERIC	0.41656
create-batch-K1[ns]	58	128	0	512	CLMUL	8.04893
create-batch-K1-total[ms]	58	128	0	512	CLMUL	0.52750
create-batch-K1[ns]	58	128	0	512	CLMUL_TRI	7.02309
create-batch-K1-total[ms]	58	128	0	512	CLMUL_TRI	0.46027
create-batch-K2[ns]	58	128	0	512	GENERIC	4.99895
create-batch-K2-total[ms]	58	128	0	512	GENERIC	0.32761
create-batch-K2[ns]	58	128	0	512	CLMUL	4.38382
create-batch-K2-total[ms]	58	128	0	512	CLMUL	0.28730
create-batch-K2[ns]	58	128	0	512	CLMUL_TRI	4.21725
create-batch-K2-total[ms]	58	128	0	512	CLMUL_TRI	0.27638
create-batch-K4[ns]	58	128	0	512	GENERIC	4.66304
create-batch-K4-total[ms]	58	128	0	512	GENERIC	0.30560
create-batch-K4[ns]	58	128	0	512	CLMUL	3.40106
create-batch-K4-total[ms]	58	128	0	512	CLMUL	0.22289
create-batch-K4[ns]	58	128	0	512	CLMUL_TRI	3.35074
create-batch-K4-total[ms]	58	128	0	512	CLMUL_TRI	0.21959
create-batch-K8[ns]	58	128	0	512	GENERIC	4.98163
create-batch-K8-total[ms]	58	128	0	512	GENERIC	0.32648
create-batch-K8[ns]	58	128	0	512	CLMUL	3.14883
create-batch-K8-total[ms]	58	128	0	512	CLMUL	0.20636
create-batch-K8[ns]	58	128	0	512	CLMUL_TRI	3.11581
create-batch-K8-total[ms]	58	128	0	512	CLMUL_TRI	0.20420
create-batch-K1[ns]	58	128	0	1024	GENERIC	6.35197
create-batch-K1-total[ms]	58	128	0	1024	GENERIC	0.83256
create-batch-K1[ns]	58	128	0	1024	CLMUL	8.04967
create-batch-K1-total[ms]	58	128	0	1024	CLMUL	1.05509
create-batch-K1[ns]	58	128	0	1024	CLMUL_TRI	7.02307
create-batch-K1-total[ms]	58	128	0	1024	CLMUL_TRI	0.92053
create-batch-K2[ns]	58	128	0	1024	GENERIC	4.99741
create-batch-K2-total[ms]	58	128	0	1024	GENERIC	0.65502
create-batch-K2[ns]	58	128	0	1024	CLMUL	4.38306
create-batch-K2-total[ms]	58	128	0	1024	CLMUL	0.57450
create-batch-K2[ns]	58	128	0	1024	CLMUL_TRI	4.22182
create-batch-K2-total[ms]	58	128	0	1024	CLMUL_TRI	0.55336
create-batch-K4[ns]	58	128	0	1024	GENERIC	4.66271
create-batch-K4-total[ms]	58	128	0	1024	GENERIC	0.61115
create-batch-K4[ns]	58	128	0	1024	CLMUL	3.33479
create-batch-K4-total[ms]	58	128	0	1024	CLMUL	0.43710
create-batch-K4[ns]	58	128	0	1024	CLMUL_TRI	3.34979
create-batch-K4-total[ms]	58	128	0	1024	CLMUL_TRI	0.43906
create-batch-K8[ns]	58	128	0	1024	GENERIC	4.98205
create-batch-K8-total[ms]	58	128	0	1024	GENERIC	0.65301
create-batch-K8[ns]	58	128	0	1024	CLMUL	3.14979
create-batch-K8-total[ms]	58	128	0	1024	CLMUL	0.41285
create-batch-K8[ns]	58	128	0	1024	CLMUL_TRI	3.11497
create-batch-K8-total[ms]	58	128	0	1024	CLMUL_TRI	0.40829
create-batch-K1[ns]	58	128	0	2048	GENERIC	6.34324
create-batch-K1-total[ms]	58	128	0	2048	GENERIC	1.66284
create-batch-K1[ns]	58	128	0	2048	CLMUL	8.04943
create-batch-K1-total[ms]	58	128	0	2048	CLMUL	2.11011
create-batch-K1[ns]	58	128	0	2048	CLMUL_TRI	7.02359
create-batch-K1-total[ms]	58	128	0	2048	CLMUL_TRI	1.84119
create-batch-K2[ns]	58	128	0	2048	GENERIC	4.99638
create-batch-K2-total[ms]	58	128	0	2048	GENERIC	1.30977
create-batch-K2[ns]	58	128	0	2048	CLMUL	4.38780
create-batch-K2-total[ms]	58	128	0	2048	CLMUL	1.15024
create-batch-K2[ns]	58	128	0	2048	CLMUL_TRI	4.21716
create-batch-K2-total[ms]	58	128	0	2048	CLMUL_TRI	1.10550
create-batch-K4[ns]	58	128	0	2048	GENERIC	4.66231
create-batch-K4-total[ms]	58	128	0	2048	GENERIC	1.22220
create-batch-K4[ns]	58	128	0	2048	CLMUL	3.33198
create-batch-K4-total[ms]	58	128	0	2048	CLMUL	0.87346
create-batch-K4[ns]	58	128	0	2048	CLMUL_TRI	3.35172
create-batch-K4-total[ms]	58	128	0	2048	CLMUL_TRI	0.87863
create-batch-K8[ns]	58	128	0	2048	GENERIC	4.98174
create-batch-K8-total[ms]	58	128	0	2048	GENERIC	1.30593
create-batch-K8[ns]	58	128	0	2048	CLMUL	3.15076
create-batch-K8-total[ms]	58	128	0	2048	CLMUL	0.82595
create-batch-K8[ns]	58	128	0	2048	CLMUL_TRI	3.11564
create-batch-K8-total[ms]	58	128	0	2048	CLMUL_TRI	0.81675
create-batch-K1[ns]	58	128	0	4096	GENERIC	6.34348
create-batch-K1-total[ms]	58	128	0	4096	GENERIC	3.32581
create-batch-K1[ns]	58	128	0	4096	CLMUL	8.05331
create-batch-K1-total[ms]	58	128	0	4096	CLMUL	4.22225
create-batch-K1[ns]	58	128	0	4096	CLMUL_TRI	7.02498
create-batch-K1-total[ms]	58	128	0	4096	CLMUL_TRI	3.68311
create-batch-K2[ns]	58	128	0	4096	GENERIC	4.99858
create-batch-K2-total[ms]	58	128	0	4096	GENERIC	2.62070
create-batch-K2[ns]	58	128	0	4096	CLMUL	4.38397
create-batch-K2-total[ms]	58	128	0	4096	CLMUL	2.29846
create-batch-K2[ns]	58	128	0	4096	CLMUL_TRI	4.21449
create-batch-K2-total[ms]	58	128	0	4096	CLMUL_TRI	2.20961
create-batch-K4[ns]	58	128	0	4096	GENERIC	4.66247
create-batch-K4-total[ms]	58	128	0	4096	GENERIC	2.44448
create-batch-K4[ns]	58	128	0	4096	CLMUL	3.34304
create-batch-K4-total[ms]	58	128	0	4096	CLMUL	1.75272
create-batch-K4[ns]	58	128	0	4096	CLMUL_TRI	3.35084
create-batch-K4-total[ms]	58	128	0	4096	CLMUL_TRI	1.75681
create-batch-K8[ns]	58	128	0	4096	GENERIC	4.98175
create-batch-K8-total[ms]	58	128	0	4096	GENERIC	2.61187
create-batch-K8[ns]	58	128	0	4096	CLMUL	3.15088
create-batch-K8-total[ms]	58	128	0	4096	CLMUL	1.65197
create-batch-K8[ns]	58	128	0	4096	CLMUL_TRI	3.11753
create-batch-K8-total[ms]	58	128	0	4096	CLMUL_TRI	1.63448
create-batch-K1[ns]	58	128	0	8192	GENERIC	6.34530
create-batch-K1-total[ms]	58	128	0	8192	GENERIC	6.65353
create-batch-K1[ns]	58	128	0	8192	CLMUL	8.05348
create-batch-K1-total[ms]	58	128	0	8192	CLMUL	8.44468
create-batch-K1[ns]	58	128	0	8192	CLMUL_TRI	7.02592
create-batch-K1-total[ms]	58	128	0	8192	CLMUL_TRI	7.36721
create-batch-K2[ns]	58	128	0	8192	GENERIC	5.00258
create-batch-K2-total[ms]	58	128	0	8192	GENERIC	5.24559
create-batch-K2[ns]	58	128	0	8192	CLMUL	4.38675
create-batch-K2-total[ms]	58	128	0	8192	CLMUL	4.59984
create-batch-K2[ns]	58	128	0	8192	CLMUL_TRI	4.21436
create-batch-K2-total[ms]	58	128	0	8192	CLMUL_TRI	4.41908
create-batch-K4[ns]	58	128	0	8192	GENERIC	4.66353
create-batch-K4-total[ms]	58	128	0	8192	GENERIC	4.89007
create-batch-K4[ns]	58	128	0	8192	CLMUL	3.39275
create-batch-K4-total[ms]	58	128	0	8192	CLMUL	3.55756
create-batch-K4[ns]	58	128	0	8192	CLMUL_TRI	3.35130
create-batch-K4-total[ms]	58	128	0	8192	CLMUL_TRI	3.51410
create-batch-K8[ns]	58	128	0	8192	GENERIC	4.98265
create-batch-K8-total[ms]	58	128	0	8192	GENERIC	5.22469
create-batch-K8[ns]	58	128	0	8192	CLMUL	3.15162
create-batch-K8-total[ms]	58	128	0	8192	CLMUL	3.30472
create-batch-K8[ns]	58	128	0	8192	CLMUL_TRI	3.11774
create-batch-K8-total[ms]	58	128	0	8192	CLMUL_TRI	3.26919
create-batch-K1[ns]	58	256	0	16	GENERIC	6.04224
create-batch-K1-total[ms]	58	256	0	16	GENERIC	0.02475
create-batch-K1[ns]	58	256	0	16	CLMUL	8.06299
create-batch-K1-total[ms]	58	256	0	16	CLMUL	0.03303
create-batch-K1[ns]	58	256	0	16	CLMUL_TRI	7.03345
create-batch-K1-total[ms]	58	256	0	16	CLMUL_TRI	0.02881
create-batch-K2[ns]	58	256	0	16	GENERIC	4.66870
create-batch-K2-total[ms]	58	256	0	16	GENERIC	0.01912
create-batch-K2[ns]	58	256	0	16	CLMUL	4.33276
create-batch-K2-total[ms]	58	256	0	16	CLMUL	0.01775
create-batch-K2[ns]	58	256	0	16	CLMUL_TRI	4.21558
create-batch-K2-total[ms]	58	256	0	16	CLMUL_TRI	0.01727
create-batch-K4[ns]	58	256	0	16	GENERIC	4.36548
create-batch-K4-total[ms]	58	256	0	16	GENERIC	0.01788
create-batch-K4[ns]	58	256	0	16	CLMUL	3.24146
create-batch-K4-total[ms]	58	256	0	16	CLMUL	0.01328
create-batch-K4[ns]	58	256	0	16	CLMUL_TRI	3.33618
create-batch-K4-total[ms]	58	256	0	16	CLMUL_TRI	0.01367
create-batch-K8[ns]	58	256	0	16	GENERIC	4.67920
create-batch-K8-total[ms]	58	256	0	16	GENERIC	0.01917
create-batch-K8[ns]	58	256	0	16	CLMUL	3.12622
create-batch-K8-total[ms]	58	256	0	16	CLMUL	0.01281
create-batch-K8[ns]	58	256	0	16	CLMUL_TRI	3.09814
create-batch-K8-total[ms]	58	256	0	16	CLMUL_TRI	0.01269
create-batch-K1[ns]	58	256	0	64	GENERIC	6.03845
create-batch-K1-total[ms]	58	256	0	64	GENERIC	0.09893
create-batch-K1[ns]	58	256	0	64	CLMUL	8.06427
create-batch-K1-total[ms]	58	256	0	64	CLMUL	0.13212
create-batch-K1[ns]	58	256	0	64	CLMUL_TRI	7.03009
create-batch-K1-total[ms]	58	256	0	64	CLMUL_TRI	0.11518
create-batch-K2[ns]	58	256	0	64	GENERIC	4.68488
create-batch-K2-total[ms]	58	256	0	64	GENERIC	0.07676
create-batch-K2[ns]	58	256	0	64	CLMUL	4.33844
create-batch-K2-total[ms]	58	256	0	64	CLMUL	0.07108
create-batch-K2[ns]	58	256	0	64	CLMUL_TRI	4.21460
create-batch-K2-total[ms]	58	256	0	64	CLMUL_TRI	0.06905
create-batch-K4[ns]	58	256	0	64	GENERIC	4.35834
create-batch-K4-total[ms]	58	256	0	64	GENERIC	0.07141
create-batch-K4[ns]	58	256	0	64	CLMUL	3.26172
create-batch-K4-total[ms]	58	256	0	64	CLMUL	0.05344
create-batch-K4[ns]	58	256	0	64	CLMUL_TRI	3.33618
create-batch-K4-total[ms]	58	256	0	64	CLMUL_TRI	0.05466
create-batch-K8[ns]	58	256	0	64	GENERIC	4.68103
create-batch-K8-total[ms]	58	256	0	64	GENERIC	0.07669
create-batch-K8[ns]	58	256	0	64	CLMUL	3.12457
create-batch-K8-total[ms]	58	256	0	64	CLMUL	0.05119
create-batch-K8[ns]	58	256	0	64	CLMUL_TRI	3.10107
create-batch-K8-total[ms]	58	256	0	64	CLMUL_TRI	0.05081
create-batch-K1[ns]	58	256	0	128	GENERIC	6.04126
create-batch-K1-total[ms]	58	256	0	128	GENERIC	0.19796
create-batch-K1[ns]	58	256	0	128	CLMUL	8.06433
create-batch-K1-total[ms]	58	256	0	128	CLMUL	0.26425
create-batch-K1[ns]	58	256	0	128	CLMUL_TRI	7.03024
create-batch-K1-total[ms]	58	256	0	128	CLMUL_TRI	0.23037
create-batch-K2[ns]	58	256	0	128	GENERIC	4.68259
create-batch-K2-total[ms]	58	256	0	128	GENERIC	0.15344
create-batch-K2[ns]	58	256	0	128	CLMUL	4.35056
create-batch-K2-total[ms]	58	256	0	128	CLMUL	0.14256
create-batch-K2[ns]	58	256	0	128	CLMUL_TRI	4.21155
create-batch-K2-total[ms]	58	256	0	128	CLMUL_TRI	0.13800
create-batch-K4[ns]	58	256	0	128	GENERIC	4.35645
create-batch-K4-total[ms]	58	256	0	128	GENERIC	0.14275
create-batch-K4[ns]	58	256	0	128	CLMUL	3.31897
create-batch-K4-total[ms]	58	256	0	128	CLMUL	0.10876
create-batch-K4[ns]	58	256	0	128	CLMUL_TRI	3.33575
create-batch-K4-total[ms]	58	256	0	128	CLMUL_TRI	0.10931
create-batch-K8[ns]	58	256	0	128	GENERIC	4.68085
create-batch-K8-total[ms]	58	256	0	128	GENERIC	0.15338
create-batch-K8[ns]	58	256	0	128	CLMUL	3.12234
create-batch-K8-total[ms]	58	256	0	128	CLMUL	0.10231
create-batch-K8[ns]	58	256	0	128	CLMUL_TRI	3.10123
create-batch-K8-total[ms]	58	256	0	128	CLMUL_TRI	0.10162
create-batch-K1[ns]	58	256	0	512	GENERIC	6.03036
create-batch-K1-total[ms]	58	256	0	512	GENERIC	0.79041
create-batch-K1[ns]	58	256	0	512	CLMUL	8.06377
create-batch-K1-total[ms]	58	256	0	512	CLMUL	1.05693
create-batch-K1[ns]	58	256	0	512	CLMUL_TRI	7.03025
create-batch-K1-total[ms]	58	256	0	512	CLMUL_TRI	0.92147
create-batch-K2[ns]	58	256	0	512	GENERIC	4.68369
create-batch-K2-total[ms]	58	256	0	512	GENERIC	0.61390
create-batch-K2[ns]	58	256	0	512	CLMUL	4.34746
create-batch-K2-total[ms]	58	256	0	512	CLMUL	0.56983
create-batch-K2[ns]	58	256	0	512	CLMUL_TRI	4.20889
create-batch-K2-total[ms]	58	256	0	512	CLMUL_TRI	0.55167
create-batch-K4[ns]	58	256	0	512	GENERIC	4.35544
create-batch-K4-total[ms]	58	256	0	512	GENERIC	0.57088
create-batch-K4[ns]	58	256	0	512	CLMUL	3.26598
create-batch-K4-total[ms]	58	256	0	512	CLMUL	0.42808
create-batch-K4[ns]	58	256	0	512	CLMUL_TRI	3.33604
create-batch-K4-total[ms]	58	256	0	512	CLMUL_TRI	0.43726
create-batch-K8[ns]	58	256	0	512	GENERIC	4.67994
create-batch-K8-total[ms]	58	256	0	512	GENERIC	0.61341
create-batch-K8[ns]	58	256	0	512	CLMUL	3.12270
create-batch-K8-total[ms]	58	256	0	512	CLMUL	0.40930
create-batch-K8[ns]	58	256	0	512	CLMUL_TRI	3.10032
create-batch-K8-total[ms]	58	256	0	512	CLMUL_TRI	0.40636
create-batch-K1[ns]	58	256	0	1024	GENERIC	6.02780
create-batch-K1-total[ms]	58	256	0	1024	GENERIC	1.58015
create-batch-K1[ns]	58	256	0	1024	CLMUL	8.06403
create-batch-K1-total[ms]	58	256	0	1024	CLMUL	2.11394
create-batch-K1[ns]	58	256	0	1024	CLMUL_TRI	7.03014
create-batch-K1-total[ms]	58	256	0	1024	CLMUL_TRI	1.84291
create-batch-K2[ns]	58	256	0	1024	GENERIC	4.68402
create-batch-K2-total[ms]	58	256	0	1024	GENERIC	1.22789
create-batch-K2[ns]	58	256	0	1024	CLMUL	4.35220
create-batch-K2-total[ms]	58	256	0	1024	CLMUL	1.14090
create-batch-K2[ns]	58	256	0	1024	CLMUL_TRI	4.20750
create-batch-K2-total[ms]	58	256	0	1024	CLMUL_TRI	1.10297
create-batch-K4[ns]	58	256	0	1024	GENERIC	4.35690
create-batch-K4-total[ms]	58	256	0	1024	GENERIC	1.14213
create-batch-K4[ns]	58	256	0	1024	CLMUL	3.26784
create-batch-K4-total[ms]	58	256	0	1024	CLMUL	0.85664
create-batch-K4[ns]	58	256	0	1024	CLMUL_TRI	3.33590
create-batch-K4-total[ms]	58	256	0	1024	CLMUL_TRI	0.87449
create-batch-K8[ns]	58	256	0	1024	GENERIC	4.67987
create-batch-K8-total[ms]	58	256	0	1024	GENERIC	1.22680
create-batch-K8[ns]	58	256	0	1024	CLMUL	3.12316
create-batch-K8-total[ms]	58	256	0	1024	CLMUL	0.81872
create-batch-K8[ns]	58	256	0	1024	CLMUL_TRI	3.10199
create-batch-K8-total[ms]	58	256	0	1024	CLMUL_TRI	0.81317
create-batch-K1[ns]	58	256	0	2048	GENERIC	6.03543
create-batch-K1-total[ms]	58	256	0	2048	GENERIC	3.16430
create-batch-K1[ns]	58	256	0	2048	CLMUL	8.06734
create-batch-K1-total[ms]	58	256	0	2048	CLMUL	4.22961
create-batch-K1[ns]	58	256	0	2048	CLMUL_TRI	7.03088
create-batch-K1-total[ms]	58	256	0	2048	CLMUL_TRI	3.68621
create-batch-K2[ns]	58	256	0	2048	GENERIC	4.68484
create-batch-K2-total[ms]	58	256	0	2048	GENERIC	2.45620
create-batch-K2[ns]	58	256	0	2048	CLMUL	4.35435
create-batch-K2-total[ms]	58	256	0	2048	CLMUL	2.28293
create-batch-K2[ns]	58	256	0	2048	CLMUL_TRI	4.20774
create-batch-K2-total[ms]	58	256	0	2048	CLMUL_TRI	2.20607
create-batch-K4[ns]	58	256	0	2048	GENERIC	4.35501
create-batch-K4-total[ms]	58	256	0	2048	GENERIC	2.28328
create-batch-K4[ns]	58	256	0	2048	CLMUL	3.34961
create-batch-K4-total[ms]	58	256	0	2048	CLMUL	1.75616
create-batch-K4[ns]	58	256	0	2048	CLMUL_TRI	3.33580
create-batch-K4-total[ms]	58	256	0	2048	CLMUL_TRI	1.74892
create-batch-K8[ns]	58	256	0	2048	GENERIC	4.68184
create-batch-K8-total[ms]	58	256	0	2048	GENERIC	2.45463
create-batch-K8[ns]	58	256	0	2048	CLMUL	3.12359
create-batch-K8-total[ms]	58	256	0	2048	CLMUL	1.63766
create-batch-K8[ns]	58	256	0	2048	CLMUL_TRI	3.10248
create-batch-K8-total[ms]	58	256	0	2048	CLMUL_TRI	1.62659
create-batch-K1[ns]	58	256	0	4096	GENERIC	6.03335
create-batch-K1-total[ms]	58	256	0	4096	GENERIC	6.32642
create-batch-K1[ns]	58	256	0	4096	CLMUL	8.06742
create-batch-K1-total[ms]	58	256	0	4096	CLMUL	8.45930
create-batch-K1[ns]	58	256	0	4096	CLMUL_TRI	7.03228
create-batch-K1-total[ms]	58	256	0	4096	CLMUL_TRI	7.37388
create-batch-K2[ns]	58	256	0	4096	GENERIC	4.68660
create-batch-K2-total[ms]	58	256	0	4096	GENERIC	4.91426
create-batch-K2[ns]	58	256	0	4096	CLMUL	4.35470
create-batch-K2-total[ms]	58	256	0	4096	CLMUL	4.56623
create-batch-K2[ns]	58	256	0	4096	CLMUL_TRI	4.20729
create-batch-K2-total[ms]	58	256	0	4096	CLMUL_TRI	4.41167
create-batch-K4[ns]	58	256	0	4096	GENERIC	4.35673
create-batch-K4-total[ms]	58	256	0	4096	GENERIC	4.56836
create-batch-K4[ns]	58	256	0	4096	CLMUL	3.39896
create-batch-K4-total[ms]	58	256	0	4096	CLMUL	3.56407
create-batch-K4[ns]	58	256	0	4096	CLMUL_TRI	3.33603
create-batch-K4-total[ms]	58	256	0	4096	CLMUL_TRI	3.49809
create-batch-K8[ns]	58	256	0	4096	GENERIC	4.68349
create-batch-K8-total[ms]	58	256	0	4096	GENERIC	4.91099
create-batch-K8[ns]	58	256	0	4096	CLMUL	3.12460
create-batch-K8-total[ms]	58	256	0	4096	CLMUL	3.27638
create-batch-K8[ns]	58	256	0	4096	CLMUL_TRI	3.10236
create-batch-K8-total[ms]	58	256	0	4096	CLMUL_TRI	3.25306
create-batch-K1[ns]	58	256	0	8192	GENERIC	6.03279
create-batch-K1-total[ms]	58	256	0	8192	GENERIC	12.65167
create-batch-K1[ns]	58	256	0	8192	CLMUL	8.06759
create-batch-K1-total[ms]	58	256	0	8192	CLMUL	16.91896
create-batch-K1[ns]	58	256	0	8192	CLMUL_TRI	7.03342
create-batch-K1-total[ms]	58	256	0	8192	CLMUL_TRI	14.75014
create-batch-K2[ns]	58	256	0	8192	GENERIC	4.68780
create-batch-K2-total[ms]	58	256	0	8192	GENERIC	9.83103
create-batch-K2[ns]	58	256	0	8192	CLMUL	4.35727
create-batch-K2-total[ms]	58	256	0	8192	CLMUL	9.13785
create-batch-K2[ns]	58	256	0	8192	CLMUL_TRI	4.20733
create-batch-K2-total[ms]	58	256	0	8192	CLMUL_TRI	8.82341
create-batch-K4[ns]	58	256	0	8192	GENERIC	4.35696
create-batch-K4-total[ms]	58	256	0	8192	GENERIC	9.13721
create-batch-K4[ns]	58	256	0	8192	CLMUL	3.33731
create-batch-K4-total[ms]	58	256	0	8192	CLMUL	6.99884
create-batch-K4[ns]	58	256	0	8192	CLMUL_TRI	3.33698
create-batch-K4-total[ms]	58	256	0	8192	CLMUL_TRI	6.99815
create-batch-K8[ns]	58	256	0	8192	GENERIC	4.68164
create-batch-K8-total[ms]	58	256	0	8192	GENERIC	9.81811
create-batch-K8[ns]	58	256	0	8192	CLMUL	3.12574
create-batch-K8-total[ms]	58	256	0	8192	CLMUL	6.55515
create-batch-K8[ns]	58	256	0	8192	CLMUL_TRI	3.10415
create-batch-K8-total[ms]	58	256	0	8192	CLMUL_TRI	6.50988
create-batch-K1[ns]	58	512	0	16	GENERIC	5.89221
create-batch-K1-total[ms]	58	512	0	16	GENERIC	0.04827
create-batch-K1[ns]	58	512	0	16	CLMUL	8.07227
create-batch-K1-total[ms]	58	512	0	16	CLMUL	0.06613
create-batch-K1[ns]	58	512	0	16	CLMUL_TRI	7.03577
create-batch-K1-total[ms]	58	512	0	16	CLMUL_TRI	0.05764
create-batch-K2[ns]	58	512	0	16	GENERIC	4.53088
create-batch-K2-total[ms]	58	512	0	16	GENERIC	0.03712
create-batch-K2[ns]	58	512	0	16	CLMUL	4.33179
create-batch-K2-total[ms]	58	512	0	16	CLMUL	0.03549
create-batch-K2[ns]	58	512	0	16	CLMUL_TRI	4.19788
create-batch-K2-total[ms]	58	512	0	16	CLMUL_TRI	0.03439
create-batch-K4[ns]	58	512	0	16	GENERIC	4.20715
create-batch-K4-total[ms]	58	512	0	16	GENERIC	0.03447
create-batch-K4[ns]	58	512	0	16	CLMUL	3.09973
create-batch-K4-total[ms]	58	512	0	16	CLMUL	0.02539
create-batch-K4[ns]	58	512	0	16	CLMUL_TRI	3.32983
create-batch-K4-total[ms]	58	512	0	16	CLMUL_TRI	0.02728
create-batch-K8[ns]	58	512	0	16	GENERIC	4.53528
create-batch-K8-total[ms]	58	512	0	16	GENERIC	0.03715
create-batch-K8[ns]	58	512	0	16	CLMUL	3.10986
create-batch-K8-total[ms]	58	512	0	16	CLMUL	0.02548
create-batch-K8[ns]	58	512	0	16	CLMUL_TRI	3.07703
create-batch-K8-total[ms]	58	512	0	16	CLMUL_TRI	0.02521
create-batch-K1[ns]	58	512	0	64	GENERIC	5.89478
create-batch-K1-total[ms]	58	512	0	64	GENERIC	0.19316
create-batch-K1[ns]	58	512	0	64	CLMUL	8.07101
create-batch-K1-total[ms]	58	512	0	64	CLMUL	0.26447
create-batch-K1[ns]	58	512	0	64	CLMUL_TRI	7.03397
create-batch-K1-total[ms]	58	512	0	64	CLMUL_TRI	0.23049
create-batch-K2[ns]	58	512	0	64	GENERIC	4.52756
create-batch-K2-total[ms]	58	512	0	64	GENERIC	0.14836
create-batch-K2[ns]	58	512	0	64	CLMUL	4.32336
create-batch-K2-total[ms]	58	512	0	64	CLMUL	0.14167
create-batch-K2[ns]	58	512	0	64	CLMUL_TRI	4.20102
create-batch-K2-total[ms]	58	512	0	64	CLMUL_TRI	0.13766
create-batch-K4[ns]	58	512	0	64	GENERIC	4.20428
create-batch-K4-total[ms]	58	512	0	64	GENERIC	0.13777
create-batch-K4[ns]	58	512	0	64	CLMUL	3.34448
create-batch-K4-total[ms]	58	512	0	64	CLMUL	0.10959
create-batch-K4[ns]	58	512	0	64	CLMUL_TRI	3.32761
create-batch-K4-total[ms]	58	512	0	64	CLMUL_TRI	0.10904
create-batch-K8[ns]	58	512	0	64	GENERIC	4.53082
create-batch-K8-total[ms]	58	512	0	64	GENERIC	0.14847
create-batch-K8[ns]	58	512	0	64	CLMUL	3.10876
create-batch-K8-total[ms]	58	512	0	64	CLMUL	0.10187
create-batch-K8[ns]	58	512	0	64	CLMUL_TRI	3.08850
create-batch-K8-total[ms]	58	512	0	64	CLMUL_TRI	0.10120
create-batch-K1[ns]	58	512	0	128	GENERIC	5.88486
create-batch-K1-total[ms]	58	512	0	128	GENERIC	0.38567
create-batch-K1[ns]	58	512	0	128	CLMUL	8.07155
create-batch-K1-total[ms]	58	512	0	128	CLMUL	0.52898
create-batch-K1[ns]	58	512	0	128	CLMUL_TRI	7.03401
create-batch-K1-total[ms]	58	512	0	128	CLMUL_TRI	0.46098
create-batch-K2[ns]	58	512	0	128	GENERIC	4.52458
create-batch-K2-total[ms]	58	512	0	128	GENERIC	0.29652
create-batch-K2[ns]	58	512	0	128	CLMUL	4.33989
create-batch-K2-total[ms]	58	512	0	128	CLMUL	0.28442
create-batch-K2[ns]	58	512	0	128	CLMUL_TRI	4.20181
create-batch-K2-total[ms]	58	512	0	128	CLMUL_TRI	0.27537
create-batch-K4[ns]	58	512	0	128	GENERIC	4.20326
create-batch-K4-total[ms]	58	512	0	128	GENERIC	0.27547
create-batch-K4[ns]	58	512	0	128	CLMUL	3.34151
create-batch-K4-total[ms]	58	512	0	128	CLMUL	0.21899
create-batch-K4[ns]	58	512	0	128	CLMUL_TRI	3.32710
create-batch-K4-total[ms]	58	512	0	128	CLMUL_TRI	0.21804
create-batch-K8[ns]	58	512	0	128	GENERIC	4.53072
create-batch-K8-total[ms]	58	512	0	128	GENERIC	0.29692
create-batch-K8[ns]	58	512	0	128	CLMUL	3.10899
create-batch-K8-total[ms]	58	512	0	128	CLMUL	0.20375
create-batch-K8[ns]	58	512	0	128	CLMUL_TRI	3.08760
create-batch-K8-total[ms]	58	512	0	128	CLMUL_TRI	0.20235
create-batch-K1[ns]	58	512	0	512	GENERIC	5.88564
create-batch-K1-total[ms]	58	512	0	512	GENERIC	1.54288
create-batch-K1[ns]	58	512	0	512	CLMUL	8.07117
create-batch-K1-total[ms]	58	512	0	512	CLMUL	2.11581
create-batch-K1[ns]	58	512	0	512	CLMUL_TRI	7.03375
create-batch-K1-total[ms]	58	512	0	512	CLMUL_TRI	1.84386
create-batch-K2[ns]	58	512	0	512	GENERIC	4.52692
create-batch-K2-total[ms]	58	512	0	512	GENERIC	1.18670
create-batch-K2[ns]	58	512	0	512	CLMUL	4.34497
create-batch-K2-total[ms]	58	512	0	512	CLMUL	1.13901
create-batch-K2[ns]	58	512	0	512	CLMUL_TRI	4.20251
create-batch-K2-total[ms]	58	512	0	512	CLMUL_TRI	1.10166
create-batch-K4[ns]	58	512	0	512	GENERIC	4.20295
create-batch-K4-total[ms]	58	512	0	512	GENERIC	1.10178
create-batch-K4[ns]	58	512	0	512	CLMUL	3.21873
create-batch-K4-total[ms]	58	512	0	512	CLMUL	0.84377
create-batch-K4[ns]	58	512	0	512	CLMUL_TRI	3.32656
create-batch-K4-total[ms]	58	512	0	512	CLMUL_TRI	0.87204
create-batch-K8[ns]	58	512	0	512	GENERIC	4.52977
create-batch-K8-total[ms]	58	512	0	512	GENERIC	1.18745
create-batch-K8[ns]	58	512	0	512	CLMUL	3.10898
create-batch-K8-total[ms]	58	512	0	512	CLMUL	0.81500
create-batch-K8[ns]	58	512	0	512	CLMUL_TRI	3.09196
create-batch-K8-total[ms]	58	512	0	512	CLMUL_TRI	0.81054
create-batch-K1[ns]	58	512	0	1024	GENERIC	5.88851
create-batch-K1-total[ms]	58	512	0	1024	GENERIC	3.08727
create-batch-K1[ns]	58	512	0	1024	CLMUL	8.07453
create-batch-K1-total[ms]	58	512	0	1024	CLMUL	4.23338
create-batch-K1[ns]	58	512	0	1024	CLMUL_TRI	7.03505
create-batch-K1-total[ms]	58	512	0	1024	CLMUL_TRI	3.68839
create-batch-K2[ns]	58	512	0	1024	GENERIC	4.52716
create-batch-K2-total[ms]	58	512	0	1024	GENERIC	2.37354
create-batch-K2[ns]	58	512	0	1024	CLMUL	4.34049
create-batch-K2-total[ms]	58	512	0	1024	CLMUL	2.27567
create-batch-K2[ns]	58	512	0	1024	CLMUL_TRI	4.19713
create-batch-K2-total[ms]	58	512	0	1024	CLMUL_TRI	2.20050
create-batch-K4[ns]	58	512	0	1024	GENERIC	4.20258
create-batch-K4-total[ms]	58	512	0	1024	GENERIC	2.20336
create-batch-K4[ns]	58	512	0	1024	CLMUL	3.20834
create-batch-K4-total[ms]	58	512	0	1024	CLMUL	1.68209
create-batch-K4[ns]	58	512	0	1024	CLMUL_TRI	3.32898
create-batch-K4-total[ms]	58	512	0	1024	CLMUL_TRI	1.74534
create-batch-K8[ns]	58	512	0	1024	GENERIC	4.52969
create-batch-K8-total[ms]	58	512	0	1024	GENERIC	2.37486
create-batch-K8[ns]	58	512	0	1024	CLMUL	3.10972
create-batch-K8-total[ms]	58	512	0	1024	CLMUL	1.63039
create-batch-K8[ns]	58	512	0	1024	CLMUL_TRI	3.09101
create-batch-K8-total[ms]	58	512	0	1024	CLMUL_TRI	1.62058
create-batch-K1[ns]	58	512	0	2048	GENERIC	5.88858
create-batch-K1-total[ms]	58	512	0	2048	GENERIC	6.17462
create-batch-K1[ns]	58	512	0	2048	CLMUL	8.07459
create-batch-K1-total[ms]	58	512	0	2048	CLMUL	8.46682
create-batch-K1[ns]	58	512	0	2048	CLMUL_TRI	7.03608
create-batch-K1-total[ms]	58	512	0	2048	CLMUL_TRI	7.37786
create-batch-K2[ns]	58	512	0	2048	GENERIC	4.52842
create-batch-K2-total[ms]	58	512	0	2048	GENERIC	4.74839
create-batch-K2[ns]	58	512	0	2048	CLMUL	4.34042
create-batch-K2-total[ms]	58	512	0	2048	CLMUL	4.55126
create-batch-K2[ns]	58	512	0	2048	CLMUL_TRI	4.19541
create-batch-K2-total[ms]	58	512	0	2048	CLMUL_TRI	4.39920
create-batch-K4[ns]	58	512	0	2048	GENERIC	4.20429
create-batch-K4-total[ms]	58	512	0	2048	GENERIC	4.40852
create-batch-K4[ns]	58	512	0	2048	CLMUL	3.19814
create-batch-K4-total[ms]	58	512	0	2048	CLMUL	3.35349
create-batch-K4[ns]	58	512	0	2048	CLMUL_TRI	3.32920
create-batch-K4-total[ms]	58	512	0	2048	CLMUL_TRI	3.49091
create-batch-K8[ns]	58	512	0	2048	GENERIC	4.53193
create-batch-K8-total[ms]	58	512	0	2048	GENERIC	4.75207
create-batch-K8[ns]	58	512	0	2048	CLMUL	3.11129
create-batch-K8-total[ms]	58	512	0	2048	CLMUL	3.26242
create-batch-K8[ns]	58	512	0	2048	CLMUL_TRI	3.09309
create-batch-K8-total[ms]	58	512	0	2048	CLMUL_TRI	3.24334
create-batch-K1[ns]	58	512	0	4096	GENERIC	5.88844
create-batch-K1-total[ms]	58	512	0	4096	GENERIC	12.34896
create-batch-K1[ns]	58	512	0	4096	CLMUL	8.07456
create-batch-K1-total[ms]	58	512	0	4096	CLMUL	16.93359
create-batch-K1[ns]	58	512	0	4096	CLMUL_TRI	7.03678
create-batch-K1-total[ms]	58	512	0	4096	CLMUL_TRI	14.75720
create-batch-K2[ns]	58	512	0	4096	GENERIC	4.52836
create-batch-K2-total[ms]	58	512	0	4096	GENERIC	9.49665
create-batch-K2[ns]	58	512	0	4096	CLMUL	4.34324
create-batch-K2-total[ms]	58	512	0	4096	CLMUL	9.10844
create-batch-K2[ns]	58	512	0	4096	CLMUL_TRI	4.19691
create-batch-K2-total[ms]	58	512	0	4096	CLMUL_TRI	8.80156
create-batch-K4[ns]	58	512	0	4096	GENERIC	4.20429
create-batch-K4-total[ms]	58	512	0	4096	GENERIC	8.81703
create-batch-K4[ns]	58	512	0	4096	CLMUL	3.24157
create-batch-K4-total[ms]	58	512	0	4096	CLMUL	6.79806
create-batch-K4[ns]	58	512	0	4096	CLMUL_TRI	3.32932
create-batch-K4-total[ms]	58	512	0	4096	CLMUL_TRI	6.98210
create-batch-K8[ns]	58	512	0	4096	GENERIC	4.53207
create-batch-K8-total[ms]	58	512	0	4096	GENERIC	9.50444
create-batch-K8[ns]	58	512	0	4096	CLMUL	3.11675
create-batch-K8-total[ms]	58	512	0	4096	CLMUL	6.53629
create-batch-K8[ns]	58	512	0	4096	CLMUL_TRI	3.09423
create-batch-K8-total[ms]	58	512	0	4096	CLMUL_TRI	6.48908
create-batch-K1[ns]	58	512	0	8192	GENERIC	5.88718
create-batch-K1-total[ms]	58	512	0	8192	GENERIC	24.69263
create-batch-K1[ns]	58	512	0	8192	CLMUL	8.07435
create-batch-K1-total[ms]	58	512	0	8192	CLMUL	33.86628
create-batch-K1[ns]	58	512	0	8192	CLMUL_TRI	7.03696
create-batch-K1-total[ms]	58	512	0	8192	CLMUL_TRI	29.51516
create-batch-K2[ns]	58	512	0	8192	GENERIC	4.52905
create-batch-K2-total[ms]	58	512	0	8192	GENERIC	18.99622
create-batch-K2[ns]	58	512	0	8192	CLMUL	4.34361
create-batch-K2-total[ms]	58	512	0	8192	CLMUL	18.21842
create-batch-K2[ns]	58	512	0	8192	CLMUL_TRI	4.19792
create-batch-K2-total[ms]	58	512	0	8192	CLMUL_TRI	17.60736
create-batch-K4[ns]	58	512	0	8192	GENERIC	4.20433
create-batch-K4-total[ms]	58	512	0	8192	GENERIC	17.63424
create-batch-K4[ns]	58	512	0	8192	CLMUL	3.30868
create-batch-K4-total[ms]	58	512	0	8192	CLMUL	13.87761
create-batch-K4[ns]	58	512	0	8192	CLMUL_TRI	3.32962
create-batch-K4-total[ms]	58	512	0	8192	CLMUL_TRI	13.96544
create-batch-K8[ns]	58	512	0	8192	GENERIC	4.53232
create-batch-K8-total[ms]	58	512	0	8192	GENERIC	19.00993
create-batch-K8[ns]	58	512	0	8192	CLMUL	3.11632
create-batch-K8-total[ms]	58	512	0	8192	CLMUL	13.07077
create-batch-K8[ns]	58	512	0	8192	CLMUL_TRI	3.09583
create-batch-K8-total[ms]	58	512	0	8192	CLMUL_TRI	12.98487
create-batch-K1[ns]	58	1024	0	16	GENERIC	5.80579
create-batch-K1-total[ms]	58	1024	0	16	GENERIC	0.09512
create-batch-K1[ns]	58	1024	0	16	CLMUL	8.07556
create-batch-K1-total[ms]	58	1024	0	16	CLMUL	0.13231
create-batch-K1[ns]	58	1024	0	16	CLMUL_TRI	7.03638
create-batch-K1-total[ms]	58	1024	0	16	CLMUL_TRI	0.11528
create-batch-K2[ns]	58	1024	0	16	GENERIC	4.41681
create-batch-K2-total[ms]	58	1024	0	16	GENERIC	0.07236
create-batch-K2[ns]	58	1024	0	16	CLMUL	4.30865
create-batch-K2-total[ms]	58	1024	0	16	CLMUL	0.07059
create-batch-K2[ns]	58	1024	0	16	CLMUL_TRI	4.19104
create-batch-K2-total[ms]	58	1024	0	16	CLMUL_TRI	0.06867
create-batch-K4[ns]	58	1024	0	16	GENERIC	4.13684
create-batch-K4-total[ms]	58	1024	0	16	GENERIC	0.06778
create-batch-K4[ns]	58	1024	0	16	CLMUL	3.20325
create-batch-K4-total[ms]	58	1024	0	16	CLMUL	0.05248
create-batch-K4[ns]	58	1024	0	16	CLMUL_TRI	3.32074
create-batch-K4-total[ms]	58	1024	0	16	CLMUL_TRI	0.05441
create-batch-K8[ns]	58	1024	0	16	GENERIC	4.45337
create-batch-K8-total[ms]	58	1024	0	16	GENERIC	0.07296
create-batch-K8[ns]	58	1024	0	16	CLMUL	3.09637
create-batch-K8-total[ms]	58	1024	0	16	CLMUL	0.05073
create-batch-K8[ns]	58	1024	0	16	CLMUL_TRI	3.06885
create-batch-K8-total[ms]	58	1024	0	16	CLMUL_TRI	0.05028
create-batch-K1[ns]	58	1024	0	64	GENERIC	5.80510
create-batch-K1-total[ms]	58	1024	0	64	GENERIC	0.38044
create-batch-K1[ns]	58	1024	0	64	CLMUL	8.07442
create-batch-K1-total[ms]	58	1024	0	64	CLMUL	0.52916
create-batch-K1[ns]	58	1024	0	64	CLMUL_TRI	7.03551
create-batch-K1-total[ms]	58	1024	0	64	CLMUL_TRI	0.46108
create-batch-K2[ns]	58	1024	0	64	GENERIC	4.44562
create-batch-K2-total[ms]	58	1024	0	64	GENERIC	0.29135
create-batch-K2[ns]	58	1024	0	64	CLMUL	4.32265
create-batch-K2-total[ms]	58	1024	0	64	CLMUL	0.28329
create-batch-K2[ns]	58	1024	0	64	CLMUL_TRI	4.18364
create-batch-K2-total[ms]	58	1024	0	64	CLMUL_TRI	0.27418
create-batch-K4[ns]	58	1024	0	64	GENERIC	4.13513
create-batch-K4-total[ms]	58	1024	0	64	GENERIC	0.27100
create-batch-K4[ns]	58	1024	0	64	CLMUL	3.34299
create-batch-K4-total[ms]	58	1024	0	64	CLMUL	0.21909
create-batch-K4[ns]	58	1024	0	64	CLMUL_TRI	3.31978
create-batch-K4-total[ms]	58	1024	0	64	CLMUL_TRI	0.21757
create-batch-K8[ns]	58	1024	0	64	GENERIC	4.45058
create-batch-K8-total[ms]	58	1024	0	64	GENERIC	0.29167
create-batch-K8[ns]	58	1024	0	64	CLMUL	3.09860
create-batch-K8-total[ms]	58	1024	0	64	CLMUL	0.20307
create-batch-K8[ns]	58	1024	0	64	CLMUL_TRI	3.08131
create-batch-K8-total[ms]	58	1024	0	64	CLMUL_TRI	0.20194
create-batch-K1[ns]	58	1024	0	128	GENERIC	5.80446
create-batch-K1-total[ms]	58	1024	0	128	GENERIC	0.76080
create-batch-K1[ns]	58	1024	0	128	CLMUL	8.07447
create-batch-K1-total[ms]	58	1024	0	128	CLMUL	1.05834
create-batch-K1[ns]	58	1024	0	128	CLMUL_TRI	7.03554
create-batch-K1-total[ms]	58	1024	0	128	CLMUL_TRI	0.92216
create-batch-K2[ns]	58	1024	0	128	GENERIC	4.44874
create-batch-K2-total[ms]	58	1024	0	128	GENERIC	0.58310
create-batch-K2[ns]	58	1024	0	128	CLMUL	4.32486
create-batch-K2-total[ms]	58	1024	0	128	CLMUL	0.56687
create-batch-K2[ns]	58	1024	0	128	CLMUL_TRI	4.19395
create-batch-K2-total[ms]	58	1024	0	128	CLMUL_TRI	0.54971
create-batch-K4[ns]	58	1024	0	128	GENERIC	4.13484
create-batch-K4-total[ms]	58	1024	0	128	GENERIC	0.54196
create-batch-K4[ns]	58	1024	0	128	CLMUL	3.37125
create-batch-K4-total[ms]	58	1024	0	128	CLMUL	0.44188
create-batch-K4[ns]	58	1024	0	128	CLMUL_TRI	3.31997
create-batch-K4-total[ms]	58	1024	0	128	CLMUL_TRI	0.43516
create-batch-K8[ns]	58	1024	0	128	GENERIC	4.45030
create-batch-K8-total[ms]	58	1024	0	128	GENERIC	0.58331
create-batch-K8[ns]	58	1024	0	128	CLMUL	3.10238
create-batch-K8-total[ms]	58	1024	0	128	CLMUL	0.40664
create-batch-K8[ns]	58	1024	0	128	CLMUL_TRI	3.08959
create-batch-K8-total[ms]	58	1024	0	128	CLMUL_TRI	0.40496
create-batch-K1[ns]	58	1024	0	512	GENERIC	5.80985
create-batch-K1-total[ms]	58	1024	0	512	GENERIC	3.04603
create-batch-K1[ns]	58	1024	0	512	CLMUL	8.07872
create-batch-K1-total[ms]	58	1024	0	512	CLMUL	4.23558
create-batch-K1[ns]	58	1024	0	512	CLMUL_TRI	7.03912
create-batch-K1-total[ms]	58	1024	0	512	CLMUL_TRI	3.69053
create-batch-K2[ns]	58	1024	0	512	GENERIC	4.45087
create-batch-K2-total[ms]	58	1024	0	512	GENERIC	2.33354
create-batch-K2[ns]	58	1024	0	512	CLMUL	4.33342
create-batch-K2-total[ms]	58	1024	0	512	CLMUL	2.27196
create-batch-K2[ns]	58	1024	0	512	CLMUL_TRI	4.19057
create-batch-K2-total[ms]	58	1024	0	512	CLMUL_TRI	2.19707
create-batch-K4[ns]	58	1024	0	512	GENERIC	4.13438
create-batch-K4-total[ms]	58	1024	0	512	GENERIC	2.16761
create-batch-K4[ns]	58	1024	0	512	CLMUL	3.19071
create-batch-K4-total[ms]	58	1024	0	512	CLMUL	1.67285
create-batch-K4[ns]	58	1024	0	512	CLMUL_TRI	3.31987
create-batch-K4-total[ms]	58	1024	0	512	CLMUL_TRI	1.74057
create-batch-K8[ns]	58	1024	0	512	GENERIC	4.45021
create-batch-K8-total[ms]	58	1024	0	512	GENERIC	2.33319
create-batch-K8[ns]	58	1024	0	512	CLMUL	3.10306
create-batch-K8-total[ms]	58	1024	0	512	CLMUL	1.62690
create-batch-K8[ns]	58	1024	0	512	CLMUL_TRI	3.06798
create-batch-K8-total[ms]	58	1024	0	512	CLMUL_TRI	1.60850
create-batch-K1[ns]	58	1024	0	1024	GENERIC	5.80794
create-batch-K1-total[ms]	58	1024	0	1024	GENERIC	6.09007
create-batch-K1[ns]	58	1024	0	1024	CLMUL	8.07793
create-batch-K1-total[ms]	58	1024	0	1024	CLMUL	8.47033
create-batch-K1[ns]	58	1024	0	1024	CLMUL_TRI	7.03841
create-batch-K1-total[ms]	58	1024	0	1024	CLMUL_TRI	7.38030
create-batch-K2[ns]	58	1024	0	1024	GENERIC	4.45256
create-batch-K2-total[ms]	58	1024	0	1024	GENERIC	4.66885
create-batch-K2[ns]	58	1024	0	1024	CLMUL	4.33360
create-batch-K2-total[ms]	58	1024	0	1024	CLMUL	4.54411
create-batch-K2[ns]	58	1024	0	1024	CLMUL_TRI	4.19213
create-batch-K2-total[ms]	58	1024	0	1024	CLMUL_TRI	4.39576
create-batch-K4[ns]	58	1024	0	1024	GENERIC	4.13569
create-batch-K4-total[ms]	58	1024	0	1024	GENERIC	4.33658
create-batch-K4[ns]	58	1024	0	1024	CLMUL	3.24860
create-batch-K4-total[ms]	58	1024	0	1024	CLMUL	3.40640
create-batch-K4[ns]	58	1024	0	1024	CLMUL_TRI	3.32093
create-batch-K4-total[ms]	58	1024	0	1024	CLMUL_TRI	3.48225
create-batch-K8[ns]	58	1024	0	1024	GENERIC	4.45132
create-batch-K8-total[ms]	58	1024	0	1024	GENERIC	4.66754
create-batch-K8[ns]	58	1024	0	1024	CLMUL	3.10279
create-batch-K8-total[ms]	58	1024	0	1024	CLMUL	3.25351
create-batch-K8[ns]	58	1024	0	1024	CLMUL_TRI	3.07089
create-batch-K8-total[ms]	58	1024	0	1024	CLMUL_TRI	3.22006
create-batch-K1[ns]	58	1024	0	2048	GENERIC	5.80742
create-batch-K1-total[ms]	58	1024	0	2048	GENERIC	12.17903
create-batch-K1[ns]	58	1024	0	2048	CLMUL	8.07800
create-batch-K1-total[ms]	58	1024	0	2048	CLMUL	16.94080
create-batch-K1[ns]	58	1024	0	2048	CLMUL_TRI	7.03836
create-batch-K1-total[ms]	58	1024	0	2048	CLMUL_TRI	14.76052
create-batch-K2[ns]	58	1024	0	2048	GENERIC	4.45244
create-batch-K2-total[ms]	58	1024	0	2048	GENERIC	9.33744
create-batch-K2[ns]	58	1024	0	2048	CLMUL	4.33783
create-batch-K2-total[ms]	58	1024	0	2048	CLMUL	9.09709
create-batch-K2[ns]	58	1024	0	2048	CLMUL_TRI	4.19514
create-batch-K2-total[ms]	58	1024	0	2048	CLMUL_TRI	8.79784
create-batch-K4[ns]	58	1024	0	2048	GENERIC	4.13593
create-batch-K4-total[ms]	58	1024	0	2048	GENERIC	8.67368
create-batch-K4[ns]	58	1024	0	2048	CLMUL	3.20646
create-batch-K4-total[ms]	58	1024	0	2048	CLMUL	6.72443
create-batch-K4[ns]	58	1024	0	2048	CLMUL_TRI	3.32029
create-batch-K4-total[ms]	58	1024	0	2048	CLMUL_TRI	6.96316
create-batch-K8[ns]	58	1024	0	2048	GENERIC	4.45101
create-batch-K8-total[ms]	58	1024	0	2048	GENERIC	9.33445
create-batch-K8[ns]	58	1024	0	2048	CLMUL	3.10428
create-batch-K8-total[ms]	58	1024	0	2048	CLMUL	6.51015
create-batch-K8[ns]	58	1024	0	2048	CLMUL_TRI	3.07668
create-batch-K8-total[ms]	58	1024	0	2048	CLMUL_TRI	6.45226
create-batch-K1[ns]	58	1024	0	4096	GENERIC	5.80705
create-batch-K1-total[ms]	58	1024	0	4096	GENERIC	24.35655
create-batch-K1[ns]	58	1024	0	4096	CLMUL	8.07806
create-batch-K1-total[ms]	58	1024	0	4096	CLMUL	33.88183
create-batch-K1[ns]	58	1024	0	4096	CLMUL_TRI	7.03890
create-batch-K1-total[ms]	58	1024	0	4096	CLMUL_TRI	29.52328
create-batch-K2[ns]	58	1024	0	4096	GENERIC	4.45246
create-batch-K2-total[ms]	58	1024	0	4096	GENERIC	18.67497
create-batch-K2[ns]	58	1024	0	4096	CLMUL	4.33429
create-batch-K2-total[ms]	58	1024	0	4096	CLMUL	18.17933
create-batch-K2[ns]	58	1024	0	4096	CLMUL_TRI	4.19037
create-batch-K2-total[ms]	58	1024	0	4096	CLMUL_TRI	17.57568
create-batch-K4[ns]	58	1024	0	4096	GENERIC	4.13537
create-batch-K4-total[ms]	58	1024	0	4096	GENERIC	17.34499
create-batch-K4[ns]	58	1024	0	4096	CLMUL	3.23449
create-batch-K4-total[ms]	58	1024	0	4096	CLMUL	13.56645
create-batch-K4[ns]	58	1024	0	4096	CLMUL_TRI	3.32230
create-batch-K4-total[ms]	58	1024	0	4096	CLMUL_TRI	13.93474
create-batch-K8[ns]	58	1024	0	4096	GENERIC	4.45143
create-batch-K8-total[ms]	58	1024	0	4096	GENERIC	18.67065
create-batch-K8[ns]	58	1024	0	4096	CLMUL	3.10302
create-batch-K8-total[ms]	58	1024	0	4096	CLMUL	13.01500
create-batch-K8[ns]	58	1024	0	4096	CLMUL_TRI	3.07146
create-batch-K8-total[ms]	58	1024	0	4096	CLMUL_TRI	12.88265
create-batch-K1[ns]	58	1024	0	8192	GENERIC	5.80754
create-batch-K1-total[ms]	58	1024	0	8192	GENERIC	48.71721
create-batch-K1[ns]	58	1024	0	8192	CLMUL	8.07850
create-batch-K1-total[ms]	58	1024	0	8192	CLMUL	67.76737
create-batch-K1[ns]	58	1024	0	8192	CLMUL_TRI	7.03911
create-batch-K1-total[ms]	58	1024	0	8192	CLMUL_TRI	59.04832
create-batch-K2[ns]	58	1024	0	8192	GENERIC	4.45256
create-batch-K2-total[ms]	58	1024	0	8192	GENERIC	37.35081
create-batch-K2[ns]	58	1024	0	8192	CLMUL	4.33832
create-batch-K2-total[ms]	58	1024	0	8192	CLMUL	36.39250
create-batch-K2[ns]	58	1024	0	8192	CLMUL_TRI	4.19177
create-batch-K2-total[ms]	58	1024	0	8192	CLMUL_TRI	35.16312
create-batch-K4[ns]	58	1024	0	8192	GENERIC	4.13598
create-batch-K4-total[ms]	58	1024	0	8192	GENERIC	34.69507
create-batch-K4[ns]	58	1024	0	8192	CLMUL	3.32110
create-batch-K4-total[ms]	58	1024	0	8192	CLMUL	27.85941
create-batch-K4[ns]	58	1024	0	8192	CLMUL_TRI	3.32148
create-batch-K4-total[ms]	58	1024	0	8192	CLMUL_TRI	27.86256
create-batch-K8[ns]	58	1024	0	8192	GENERIC	4.45124
create-batch-K8-total[ms]	58	1024	0	8192	GENERIC	37.33971
create-batch-K8[ns]	58	1024	0	8192	CLMUL	3.10441
create-batch-K8-total[ms]	58	1024	0	8192	CLMUL	26.04167
create-batch-K8[ns]	58	1024	0	8192	CLMUL_TRI	3.07929
create-batch-K8-total[ms]	58	1024	0	8192	CLMUL_TRI	25.83095
create-batch-K1[ns]	58	2048	0	16	GENERIC	5.77020
create-batch-K1-total[ms]	58	2048	0	16	GENERIC	0.18908
create-batch-K1[ns]	58	2048	0	16	CLMUL	8.07904
create-batch-K1-total[ms]	58	2048	0	16	CLMUL	0.26473
create-batch-K1[ns]	58	2048	0	16	CLMUL_TRI	7.03766
create-batch-K1-total[ms]	58	2048	0	16	CLMUL_TRI	0.23061
create-batch-K2[ns]	58	2048	0	16	GENERIC	4.39645
create-batch-K2-total[ms]	58	2048	0	16	GENERIC	0.14406
create-batch-K2[ns]	58	2048	0	16	CLMUL	4.36566
create-batch-K2-total[ms]	58	2048	0	16	CLMUL	0.14305
create-batch-K2[ns]	58	2048	0	16	CLMUL_TRI	4.18985
create-batch-K2-total[ms]	58	2048	0	16	CLMUL_TRI	0.13729
create-batch-K4[ns]	58	2048	0	16	GENERIC	4.09308
create-batch-K4-total[ms]	58	2048	0	16	GENERIC	0.13412
create-batch-K4[ns]	58	2048	0	16	CLMUL	3.17416
create-batch-K4-total[ms]	58	2048	0	16	CLMUL	0.10401
create-batch-K4[ns]	58	2048	0	16	CLMUL_TRI	3.31351
create-batch-K4-total[ms]	58	2048	0	16	CLMUL_TRI	0.10858
create-batch-K8[ns]	58	2048	0	16	GENERIC	4.41141
create-batch-K8-total[ms]	58	2048	0	16	GENERIC	0.14455
create-batch-K8[ns]	58	2048	0	16	CLMUL	3.09802
create-batch-K8-total[ms]	58	2048	0	16	CLMUL	0.10152
create-batch-K8[ns]	58	2048	0	16	CLMUL_TRI	3.06241
create-batch-K8-total[ms]	58	2048	0	16	CLMUL_TRI	0.10035
create-batch-K1[ns]	58	2048	0	64	GENERIC	5.77298
create-batch-K1-total[ms]	58	2048	0	64	GENERIC	0.75668
create-batch-K1[ns]	58	2048	0	64	CLMUL	8.07795
create-batch-K1-total[ms]	58	2048	0	64	CLMUL	1.05879
create-batch-K1[ns]	58	2048	0	64	CLMUL_TRI	7.03758
create-batch-K1-total[ms]	58	2048	0	64	CLMUL_TRI	0.92243
create-batch-K2[ns]	58	2048	0	64	GENERIC	4.41260
create-batch-K2-total[ms]	58	2048	0	64	GENERIC	0.57837
create-batch-K2[ns]	58	2048	0	64	CLMUL	4.36224
create-batch-K2-total[ms]	58	2048	0	64	CLMUL	0.57177
create-batch-K2[ns]	58	2048	0	64	CLMUL_TRI	4.20729
create-batch-K2-total[ms]	58	2048	0	64	CLMUL_TRI	0.55146
create-batch-K4[ns]	58	2048	0	64	GENERIC	4.09231
create-batch-K4-total[ms]	58	2048	0	64	GENERIC	0.53639
create-batch-K4[ns]	58	2048	0	64	CLMUL	3.21226
create-batch-K4-total[ms]	58	2048	0	64	CLMUL	0.42104
create-batch-K4[ns]	58	2048	0	64	CLMUL_TRI	3.31269
create-batch-K4-total[ms]	58	2048	0	64	CLMUL_TRI	0.43420
create-batch-K8[ns]	58	2048	0	64	GENERIC	4.41064
create-batch-K8-total[ms]	58	2048	0	64	GENERIC	0.57811
create-batch-K8[ns]	58	2048	0	64	CLMUL	3.09372
create-batch-K8-total[ms]	58	2048	0	64	CLMUL	0.40550
create-batch-K8[ns]	58	2048	0	64	CLMUL_TRI	3.06680
create-batch-K8-total[ms]	58	2048	0	64	CLMUL_TRI	0.40197
create-batch-K1[ns]	58	2048	0	128	GENERIC	5.77142
create-batch-K1-total[ms]	58	2048	0	128	GENERIC	1.51294
create-batch-K1[ns]	58	2048	0	128	CLMUL	8.07808
create-batch-K1-total[ms]	58	2048	0	128	CLMUL	2.11762
create-batch-K1[ns]	58	2048	0	128	CLMUL_TRI	7.03732
create-batch-K1-total[ms]	58	2048	0	128	CLMUL_TRI	1.84479
create-batch-K2[ns]	58	2048	0	128	GENERIC	4.41315
create-batch-K2-total[ms]	58	2048	0	128	GENERIC	1.15688
create-batch-K2[ns]	58	2048	0	128	CLMUL	4.35273
create-batch-K2-total[ms]	58	2048	0	128	CLMUL	1.14104
create-batch-K2[ns]	58	2048	0	128	CLMUL_TRI	4.20552
create-batch-K2-total[ms]	58	2048	0	128	CLMUL_TRI	1.10245
create-batch-K4[ns]	58	2048	0	128	GENERIC	4.09199
create-batch-K4-total[ms]	58	2048	0	128	GENERIC	1.07269
create-batch-K4[ns]	58	2048	0	128	CLMUL	3.25910
create-batch-K4-total[ms]	58	2048	0	128	CLMUL	0.85435
create-batch-K4[ns]	58	2048	0	128	CLMUL_TRI	3.31213
create-batch-K4-total[ms]	58	2048	0	128	CLMUL_TRI	0.86825
create-batch-K8[ns]	58	2048	0	128	GENERIC	4.41043
create-batch-K8-total[ms]	58	2048	0	128	GENERIC	1.15617
create-batch-K8[ns]	58	2048	0	128	CLMUL	3.09386
create-batch-K8-total[ms]	58	2048	0	128	CLMUL	0.81104
create-batch-K8[ns]	58	2048	0	128	CLMUL_TRI	3.07555
create-batch-K8-total[ms]	58	2048	0	128	CLMUL_TRI	0.80624
create-batch-K1[ns]	58	2048	0	512	GENERIC	5.77104
create-batch-K1-total[ms]	58	2048	0	512	GENERIC	6.05138
create-batch-K1[ns]	58	2048	0	512	CLMUL	8.08071
create-batch-K1-total[ms]	58	2048	0	512	CLMUL	8.47324
create-batch-K1[ns]	58	2048	0	512	CLMUL_TRI	7.03884
create-batch-K1-total[ms]	58	2048	0	512	CLMUL_TRI	7.38076
create-batch-K2[ns]	58	2048	0	512	GENERIC	4.41748
create-batch-K2-total[ms]	58	2048	0	512	GENERIC	4.63206
create-batch-K2[ns]	58	2048	0	512	CLMUL	4.35281
create-batch-K2-total[ms]	58	2048	0	512	CLMUL	4.56425
create-batch-K2[ns]	58	2048	0	512	CLMUL_TRI	4.21009
create-batch-K2-total[ms]	58	2048	0	512	CLMUL_TRI	4.41460
create-batch-K4[ns]	58	2048	0	512	GENERIC	4.09355
create-batch-K4-total[ms]	58	2048	0	512	GENERIC	4.29240
create-batch-K4[ns]	58	2048	0	512	CLMUL	3.25740
create-batch-K4-total[ms]	58	2048	0	512	CLMUL	3.41564
create-batch-K4[ns]	58	2048	0	512	CLMUL_TRI	3.30949
create-batch-K4-total[ms]	58	2048	0	512	CLMUL_TRI	3.47026
create-batch-K8[ns]	58	2048	0	512	GENERIC	4.41123
create-batch-K8-total[ms]	58	2048	0	512	GENERIC	4.62551
create-batch-K8[ns]	58	2048	0	512	CLMUL	3.09461
create-batch-K8-total[ms]	58	2048	0	512	CLMUL	3.24493
create-batch-K8[ns]	58	2048	0	512	CLMUL_TRI	3.06847
create-batch-K8-total[ms]	58	2048	0	512	CLMUL_TRI	3.21752
create-batch-K1[ns]	58	2048	0	1024	GENERIC	5.77162
create-batch-K1-total[ms]	58	2048	0	1024	GENERIC	12.10396
create-batch-K1[ns]	58	2048	0	1024	CLMUL	8.08056
create-batch-K1-total[ms]	58	2048	0	1024	CLMUL	16.94616
create-batch-K1[ns]	58	2048	0	1024	CLMUL_TRI	7.03948
create-batch-K1-total[ms]	58	2048	0	1024	CLMUL_TRI	14.76286
create-batch-K2[ns]	58	2048	0	1024	GENERIC	4.41946
create-batch-K2-total[ms]	58	2048	0	1024	GENERIC	9.26827
create-batch-K2[ns]	58	2048	0	1024	CLMUL	4.34487
create-batch-K2-total[ms]	58	2048	0	1024	CLMUL	9.11186
create-batch-K2[ns]	58	2048	0	1024	CLMUL_TRI	4.20786
create-batch-K2-total[ms]	58	2048	0	1024	CLMUL_TRI	8.82452
create-batch-K4[ns]	58	2048	0	1024	GENERIC	4.09358
create-batch-K4-total[ms]	58	2048	0	1024	GENERIC	8.58486
create-batch-K4[ns]	58	2048	0	1024	CLMUL	3.29139
create-batch-K4-total[ms]	58	2048	0	1024	CLMUL	6.90254
create-batch-K4[ns]	58	2048	0	1024	CLMUL_TRI	3.30704
create-batch-K4-total[ms]	58	2048	0	1024	CLMUL_TRI	6.93537
create-batch-K8[ns]	58	2048	0	1024	GENERIC	4.41117
create-batch-K8-total[ms]	58	2048	0	1024	GENERIC	9.25090
create-batch-K8[ns]	58	2048	0	1024	CLMUL	3.09530
create-batch-K8-total[ms]	58	2048	0	1024	CLMUL	6.49132
create-batch-K8[ns]	58	2048	0	1024	CLMUL_TRI	3.06834
create-batch-K8-total[ms]	58	2048	0	1024	CLMUL_TRI	6.43477
create-batch-K1[ns]	58	2048	0	2048	GENERIC	5.77153
create-batch-K1-total[ms]	58	2048	0	2048	GENERIC	24.20755
create-batch-K1[ns]	58	2048	0	2048	CLMUL	8.08055
create-batch-K1-total[ms]	58	2048	0	2048	CLMUL	33.89227
create-batch-K1[ns]	58	2048	0	2048	CLMUL_TRI	7.03975
create-batch-K1-total[ms]	58	2048	0	2048	CLMUL_TRI	29.52686
create-batch-K2[ns]	58	2048	0	2048	GENERIC	4.41843
create-batch-K2-total[ms]	58	2048	0	2048	GENERIC	18.53225
create-batch-K2[ns]	58	2048	0	2048	CLMUL	4.34617
create-batch-K2-total[ms]	58	2048	0	2048	CLMUL	18.22915
create-batch-K2[ns]	58	2048	0	2048	CLMUL_TRI	4.20964
create-batch-K2-total[ms]	58	2048	0	2048	CLMUL_TRI	17.65649
create-batch-K4[ns]	58	2048	0	2048	GENERIC	4.09468
create-batch-K4-total[ms]	58	2048	0	2048	GENERIC	17.17434
create-batch-K4[ns]	58	2048	0	2048	CLMUL	3.30141
create-batch-K4-total[ms]	58	2048	0	2048	CLMUL	13.84711
create-batch-K4[ns]	58	2048	0	2048	CLMUL_TRI	3.30944
create-batch-K4-total[ms]	58	2048	0	2048	CLMUL_TRI	13.88078
create-batch-K8[ns]	58	2048	0	2048	GENERIC	4.41127
create-batch-K8-total[ms]	58	2048	0	2048	GENERIC	18.50221
create-batch-K8[ns]	58	2048	0	2048	CLMUL	3.09544
create-batch-K8-total[ms]	58	2048	0	2048	CLMUL	12.98321
create-batch-K8[ns]	58	2048	0	2048	CLMUL_TRI	3.06902
create-batch-K8-total[ms]	58	2048	0	2048	CLMUL_TRI	12.87240
create-batch-K1[ns]	58	2048	0	4096	GENERIC	5.77166
create-batch-K1-total[ms]	58	2048	0	4096	GENERIC	48.41616
create-batch-K1[ns]	58	2048	0	4096	CLMUL	8.08068
create-batch-K1-total[ms]	58	2048	0	4096	CLMUL	67.78565
create-batch-K1[ns]	58	2048	0	4096	CLMUL_TRI	7.04020
create-batch-K1-total[ms]	58	2048	0	4096	CLMUL_TRI	59.05746
create-batch-K2[ns]	58	2048	0	4096	GENERIC	4.41837
create-batch-K2-total[ms]	58	2048	0	4096	GENERIC	37.06400
create-batch-K2[ns]	58	2048	0	4096	CLMUL	4.34745
create-batch-K2-total[ms]	58	2048	0	4096	CLMUL	36.46903
create-batch-K2[ns]	58	2048	0	4096	CLMUL_TRI	4.20773
create-batch-K2-total[ms]	58	2048	0	4096	CLMUL_TRI	35.29703
create-batch-K4[ns]	58	2048	0	4096	GENERIC	4.09332
create-batch-K4-total[ms]	58	2048	0	4096	GENERIC	34.33724
create-batch-K4[ns]	58	2048	0	4096	CLMUL	3.31984
create-batch-K4-total[ms]	58	2048	0	4096	CLMUL	27.84882
create-batch-K4[ns]	58	2048	0	4096	CLMUL_TRI	3.30961
create-batch-K4-total[ms]	58	2048	0	4096	CLMUL_TRI	27.76301
create-batch-K8[ns]	58	2048	0	4096	GENERIC	4.41128
create-batch-K8-total[ms]	58	2048	0	4096	GENERIC	37.00453
create-batch-K8[ns]	58	2048	0	4096	CLMUL	3.09570
create-batch-K8-total[ms]	58	2048	0	4096	CLMUL	25.96859
create-batch-K8[ns]	58	2048	0	4096	CLMUL_TRI	3.07283
create-batch-K8-total[ms]	58	2048	0	4096	CLMUL_TRI	25.77676
create-batch-K1[ns]	58	2048	0	8192	GENERIC	5.77168
create-batch-K1-total[ms]	58	2048	0	8192	GENERIC	96.83276
create-batch-K1[ns]	58	2048	0	8192	CLMUL	8.08098
create-batch-K1-total[ms]	58	2048	0	8192	CLMUL	135.57629
create-batch-K1[ns]	58	2048	0	8192	CLMUL_TRI	7.04028
create-batch-K1-total[ms]	58	2048	0	8192	CLMUL_TRI	118.11624
create-batch-K2[ns]	58	2048	0	8192	GENERIC	4.41869
create-batch-K2-total[ms]	58	2048	0	8192	GENERIC	74.13337
create-batch-K2[ns]	58	2048	0	8192	CLMUL	4.34700
create-batch-K2-total[ms]	58	2048	0	8192	CLMUL	72.93059
create-batch-K2[ns]	58	2048	0	8192	CLMUL_TRI	4.20850
create-batch-K2-total[ms]	58	2048	0	8192	CLMUL_TRI	70.60689
create-batch-K4[ns]	58	2048	0	8192	GENERIC	4.09371
create-batch-K4-total[ms]	58	2048	0	8192	GENERIC	68.68105
create-batch-K4[ns]	58	2048	0	8192	CLMUL	3.32594
create-batch-K4-total[ms]	58	2048	0	8192	CLMUL	55.80001
create-batch-K4[ns]	58	2048	0	8192	CLMUL_TRI	3.30989
create-batch-K4-total[ms]	58	2048	0	8192	CLMUL_TRI	55.53071
create-batch-K8[ns]	58	2048	0	8192	GENERIC	4.41140
create-batch-K8-total[ms]	58	2048	0	8192	GENERIC	74.01104
create-batch-K8[ns]	58	2048	0	8192	CLMUL	3.09520
create-batch-K8-total[ms]	58	2048	0	8192	CLMUL	51.92887
create-batch-K8[ns]	58	2048	0	8192	CLMUL_TRI	3.07446
create-batch-K8-total[ms]	58	2048	0	8192	CLMUL_TRI	51.58096
create-batch-K1[ns]	58	3072	0	16	GENERIC	5.76316
create-batch-K1-total[ms]	58	3072	0	16	GENERIC	0.28327
create-batch-K1[ns]	58	3072	0	16	CLMUL	8.07821
create-batch-K1-total[ms]	58	3072	0	16	CLMUL	0.39706
create-batch-K1[ns]	58	3072	0	16	CLMUL_TRI	7.03788
create-batch-K1-total[ms]	58	3072	0	16	CLMUL_TRI	0.34593
create-batch-K2[ns]	58	3072	0	16	GENERIC	4.37587
create-batch-K2-total[ms]	58	3072	0	16	GENERIC	0.21508
create-batch-K2[ns]	58	3072	0	16	CLMUL	4.38188
create-batch-K2-total[ms]	58	3072	0	16	CLMUL	0.21538
create-batch-K2[ns]	58	3072	0	16	CLMUL_TRI	4.18756
create-batch-K2-total[ms]	58	3072	0	16	CLMUL_TRI	0.20583
create-batch-K4[ns]	58	3072	0	16	GENERIC	4.07835
create-batch-K4-total[ms]	58	3072	0	16	GENERIC	0.20046
create-batch-K4[ns]	58	3072	0	16	CLMUL	3.29730
create-batch-K4-total[ms]	58	3072	0	16	CLMUL	0.16207
create-batch-K4[ns]	58	3072	0	16	CLMUL_TRI	3.30695
create-batch-K4-total[ms]	58	3072	0	16	CLMUL_TRI	0.16254
create-batch-K8[ns]	58	3072	0	16	GENERIC	4.39740
create-batch-K8-total[ms]	58	3072	0	16	GENERIC	0.21614
create-batch-K8[ns]	58	3072	0	16	CLMUL	3.09237
create-batch-K8-total[ms]	58	3072	0	16	CLMUL	0.15200
create-batch-K8[ns]	58	3072	0	16	CLMUL_TRI	3.06197
create-batch-K8-total[ms]	58	3072	0	16	CLMUL_TRI	0.15050
create-batch-K1[ns]	58	3072	0	64	GENERIC	5.76739
create-batch-K1-total[ms]	58	3072	0	64	GENERIC	1.13392
create-batch-K1[ns]	58	3072	0	64	CLMUL	8.07755
create-batch-K1-total[ms]	58	3072	0	64	CLMUL	1.58811
create-batch-K1[ns]	58	3072	0	64	CLMUL_TRI	7.03752
create-batch-K1-total[ms]	58	3072	0	64	CLMUL_TRI	1.38363
create-batch-K2[ns]	58	3072	0	64	GENERIC	4.39165
create-batch-K2-total[ms]	58	3072	0	64	GENERIC	0.86343
create-batch-K2[ns]	58	3072	0	64	CLMUL	4.37559
create-batch-K2-total[ms]	58	3072	0	64	CLMUL	0.86028
create-batch-K2[ns]	58	3072	0	64	CLMUL_TRI	4.20312
create-batch-K2-total[ms]	58	3072	0	64	CLMUL_TRI	0.82637
create-batch-K4[ns]	58	3072	0	64	GENERIC	4.07765
create-batch-K4-total[ms]	58	3072	0	64	GENERIC	0.80170
create-batch-K4[ns]	58	3072	0	64	CLMUL	3.29557
create-batch-K4-total[ms]	58	3072	0	64	CLMUL	0.64794
create-batch-K4[ns]	58	3072	0	64	CLMUL_TRI	3.31034
create-batch-K4-total[ms]	58	3072	0	64	CLMUL_TRI	0.65084
create-batch-K8[ns]	58	3072	0	64	GENERIC	4.39690
create-batch-K8-total[ms]	58	3072	0	64	GENERIC	0.86447
create-batch-K8[ns]	58	3072	0	64	CLMUL	3.09252
create-batch-K8-total[ms]	58	3072	0	64	CLMUL	0.60801
create-batch-K8[ns]	58	3072	0	64	CLMUL_TRI	3.07666
create-batch-K8-total[ms]	58	3072	0	64	CLMUL_TRI	0.60490
create-batch-K1[ns]	58	3072	0	128	GENERIC	5.76757
create-batch-K1-total[ms]	58	3072	0	128	GENERIC	2.26790
create-batch-K1[ns]	58	3072	0	128	CLMUL	8.07790
create-batch-K1-total[ms]	58	3072	0	128	CLMUL	3.17636
create-batch-K1[ns]	58	3072	0	128	CLMUL_TRI	7.03768
create-batch-K1-total[ms]	58	3072	0	128	CLMUL_TRI	2.76733
create-batch-K2[ns]	58	3072	0	128	GENERIC	4.39439
create-batch-K2-total[ms]	58	3072	0	128	GENERIC	1.72794
create-batch-K2[ns]	58	3072	0	128	CLMUL	4.37454
create-batch-K2-total[ms]	58	3072	0	128	CLMUL	1.72014
create-batch-K2[ns]	58	3072	0	128	CLMUL_TRI	4.20884
create-batch-K2-total[ms]	58	3072	0	128	CLMUL_TRI	1.65498
create-batch-K4[ns]	58	3072	0	128	GENERIC	4.07742
create-batch-K4-total[ms]	58	3072	0	128	GENERIC	1.60331
create-batch-K4[ns]	58	3072	0	128	CLMUL	3.31394
create-batch-K4-total[ms]	58	3072	0	128	CLMUL	1.30309
create-batch-K4[ns]	58	3072	0	128	CLMUL_TRI	3.30991
create-batch-K4-total[ms]	58	3072	0	128	CLMUL_TRI	1.30151
create-batch-K8[ns]	58	3072	0	128	GENERIC	4.39490
create-batch-K8-total[ms]	58	3072	0	128	GENERIC	1.72814
create-batch-K8[ns]	58	3072	0	128	CLMUL	3.09281
create-batch-K8-total[ms]	58	3072	0	128	CLMUL	1.21614
create-batch-K8[ns]	58	3072	0	128	CLMUL_TRI	3.06342
create-batch-K8-total[ms]	58	3072	0	128	CLMUL_TRI	1.20459
create-batch-K1[ns]	58	3072	0	512	GENERIC	5.76647
create-batch-K1-total[ms]	58	3072	0	512	GENERIC	9.06988
create-batch-K1[ns]	58	3072	0	512	CLMUL	8.08128
create-batch-K1-total[ms]	58	3072	0	512	CLMUL	12.71076
create-batch-K1[ns]	58	3072	0	512	CLMUL_TRI	7.04055
create-batch-K1-total[ms]	58	3072	0	512	CLMUL_TRI	11.07384
create-batch-K2[ns]	58	3072	0	512	GENERIC	4.40131
create-batch-K2-total[ms]	58	3072	0	512	GENERIC	6.92266
create-batch-K2[ns]	58	3072	0	512	CLMUL	4.37605
create-batch-K2-total[ms]	58	3072	0	512	CLMUL	6.88293
create-batch-K2[ns]	58	3072	0	512	CLMUL_TRI	4.20838
create-batch-K2-total[ms]	58	3072	0	512	CLMUL_TRI	6.61922
create-batch-K4[ns]	58	3072	0	512	GENERIC	4.07858
create-batch-K4-total[ms]	58	3072	0	512	GENERIC	6.41506
create-batch-K4[ns]	58	3072	0	512	CLMUL	3.33529
create-batch-K4-total[ms]	58	3072	0	512	CLMUL	5.24595
create-batch-K4[ns]	58	3072	0	512	CLMUL_TRI	3.30868
create-batch-K4-total[ms]	58	3072	0	512	CLMUL_TRI	5.20411
create-batch-K8[ns]	58	3072	0	512	GENERIC	4.39725
create-batch-K8-total[ms]	58	3072	0	512	GENERIC	6.91627
create-batch-K8[ns]	58	3072	0	512	CLMUL	3.09542
create-batch-K8-total[ms]	58	3072	0	512	CLMUL	4.86868
create-batch-K8[ns]	58	3072	0	512	CLMUL_TRI	3.06771
create-batch-K8-total[ms]	58	3072	0	512	CLMUL_TRI	4.82509
create-batch-K1[ns]	58	3072	0	1024	GENERIC	5.76689
create-batch-K1-total[ms]	58	3072	0	1024	GENERIC	18.14108
create-batch-K1[ns]	58	3072	0	1024	CLMUL	8.08116
create-batch-K1-total[ms]	58	3072	0	1024	CLMUL	25.42113
create-batch-K1[ns]	58	3072	0	1024	CLMUL_TRI	7.04007
create-batch-K1-total[ms]	58	3072	0	1024	CLMUL_TRI	22.14614
create-batch-K2[ns]	58	3072	0	1024	GENERIC	4.40137
create-batch-K2-total[ms]	58	3072	0	1024	GENERIC	13.84552
create-batch-K2[ns]	58	3072	0	1024	CLMUL	4.37614
create-batch-K2-total[ms]	58	3072	0	1024	CLMUL	13.76614
create-batch-K2[ns]	58	3072	0	1024	CLMUL_TRI	4.20843
create-batch-K2-total[ms]	58	3072	0	1024	CLMUL_TRI	13.23856
create-batch-K4[ns]	58	3072	0	1024	GENERIC	4.07982
create-batch-K4-total[ms]	58	3072	0	1024	GENERIC	12.83401
create-batch-K4[ns]	58	3072	0	1024	CLMUL	3.35445
create-batch-K4-total[ms]	58	3072	0	1024	CLMUL	10.55219
create-batch-K4[ns]	58	3072	0	1024	CLMUL_TRI	3.31005
create-batch-K4-total[ms]	58	3072	0	1024	CLMUL_TRI	10.41252
create-batch-K8[ns]	58	3072	0	1024	GENERIC	4.39720
create-batch-K8-total[ms]	58	3072	0	1024	GENERIC	13.83240
create-batch-K8[ns]	58	3072	0	1024	CLMUL	3.09501
create-batch-K8-total[ms]	58	3072	0	1024	CLMUL	9.73605
create-batch-K8[ns]	58	3072	0	1024	CLMUL_TRI	3.06745
create-batch-K8-total[ms]	58	3072	0	1024	CLMUL_TRI	9.64938
create-batch-K1[ns]	58	3072	0	2048	GENERIC	5.76726
create-batch-K1-total[ms]	58	3072	0	2048	GENERIC	36.28444
create-batch-K1[ns]	58	3072	0	2048	CLMUL	8.08126
create-batch-K1-total[ms]	58	3072	0	2048	CLMUL	50.84290
create-batch-K1[ns]	58	3072	0	2048	CLMUL_TRI	7.04061
create-batch-K1-total[ms]	58	3072	0	2048	CLMUL_TRI	44.29572
create-batch-K2[ns]	58	3072	0	2048	GENERIC	4.40165
create-batch-K2-total[ms]	58	3072	0	2048	GENERIC	27.69282
create-batch-K2[ns]	58	3072	0	2048	CLMUL	4.37523
create-batch-K2-total[ms]	58	3072	0	2048	CLMUL	27.52658
create-batch-K2[ns]	58	3072	0	2048	CLMUL_TRI	4.20915
create-batch-K2-total[ms]	58	3072	0	2048	CLMUL_TRI	26.48166
create-batch-K4[ns]	58	3072	0	2048	GENERIC	4.07968
create-batch-K4-total[ms]	58	3072	0	2048	GENERIC	25.66710
create-batch-K4[ns]	58	3072	0	2048	CLMUL	3.33996
create-batch-K4-total[ms]	58	3072	0	2048	CLMUL	21.01320
create-batch-K4[ns]	58	3072	0	2048	CLMUL_TRI	3.31094
create-batch-K4-total[ms]	58	3072	0	2048	CLMUL_TRI	20.83063
create-batch-K8[ns]	58	3072	0	2048	GENERIC	4.39729
create-batch-K8-total[ms]	58	3072	0	2048	GENERIC	27.66537
create-batch-K8[ns]	58	3072	0	2048	CLMUL	3.09440
create-batch-K8-total[ms]	58	3072	0	2048	CLMUL	19.46825
create-batch-K8[ns]	58	3072	0	2048	CLMUL_TRI	3.06812
create-batch-K8-total[ms]	58	3072	0	2048	CLMUL_TRI	19.30297
create-batch-K1[ns]	58	3072	0	4096	GENERIC	5.76747
create-batch-K1-total[ms]	58	3072	0	4096	GENERIC	72.57159
create-batch-K1[ns]	58	3072	0	4096	CLMUL	8.08136
create-batch-K1-total[ms]	58	3072	0	4096	CLMUL	101.68710
create-batch-K1[ns]	58	3072	0	4096	CLMUL_TRI	7.04056
create-batch-K1-total[ms]	58	3072	0	4096	CLMUL_TRI	88.59075
create-batch-K2[ns]	58	3072	0	4096	GENERIC	4.40165
create-batch-K2-total[ms]	58	3072	0	4096	GENERIC	55.38563
create-batch-K2[ns]	58	3072	0	4096	CLMUL	4.37583
create-batch-K2-total[ms]	58	3072	0	4096	CLMUL	55.06067
create-batch-K2[ns]	58	3072	0	4096	CLMUL_TRI	4.20830
create-batch-K2-total[ms]	58	3072	0	4096	CLMUL_TRI	52.95262
create-batch-K4[ns]	58	3072	0	4096	GENERIC	4.07917
create-batch-K4-total[ms]	58	3072	0	4096	GENERIC	51.32779
create-batch-K4[ns]	58	3072	0	4096	CLMUL	3.35684
create-batch-K4-total[ms]	58	3072	0	4096	CLMUL	42.23880
create-batch-K4[ns]	58	3072	0	4096	CLMUL_TRI	3.31131
create-batch-K4-total[ms]	58	3072	0	4096	CLMUL_TRI	41.66590
create-batch-K8[ns]	58	3072	0	4096	GENERIC	4.39744
create-batch-K8-total[ms]	58	3072	0	4096	GENERIC	55.33264
create-batch-K8[ns]	58	3072	0	4096	CLMUL	3.09394
create-batch-K8-total[ms]	58	3072	0	4096	CLMUL	38.93082
create-batch-K8[ns]	58	3072	0	4096	CLMUL_TRI	3.06920
create-batch-K8-total[ms]	58	3072	0	4096	CLMUL_TRI	38.61953
create-batch-K1[ns]	58	3072	0	8192	GENERIC	5.76787
create-batch-K1-total[ms]	58	3072	0	8192	GENERIC	145.15316
create-batch-K1[ns]	58	3072	0	8192	CLMUL	8.08192
create-batch-K1-total[ms]	58	3072	0	8192	CLMUL	203.38807
create-batch-K1[ns]	58	3072	0	8192	CLMUL_TRI	7.04063
create-batch-K1-total[ms]	58	3072	0	8192	CLMUL_TRI	177.18326
create-batch-K2[ns]	58	3072	0	8192	GENERIC	4.40195
create-batch-K2-total[ms]	58	3072	0	8192	GENERIC	110.77865
create-batch-K2[ns]	58	3072	0	8192	CLMUL	4.37586
create-batch-K2-total[ms]	58	3072	0	8192	CLMUL	110.12216
create-batch-K2[ns]	58	3072	0	8192	CLMUL_TRI	4.20948
create-batch-K2-total[ms]	58	3072	0	8192	CLMUL_TRI	105.93510
create-batch-K4[ns]	58	3072	0	8192	GENERIC	4.07910
create-batch-K4-total[ms]	58	3072	0	8192	GENERIC	102.65391
create-batch-K4[ns]	58	3072	0	8192	CLMUL	3.36849
create-batch-K4-total[ms]	58	3072	0	8192	CLMUL	84.77085
create-batch-K4[ns]	58	3072	0	8192	CLMUL_TRI	3.31156
create-batch-K4-total[ms]	58	3072	0	8192	CLMUL_TRI	83.33815
create-batch-K8[ns]	58	3072	0	8192	GENERIC	4.39764
create-batch-K8-total[ms]	58	3072	0	8192	GENERIC	110.67014
create-batch-K8[ns]	58	3072	0	8192	CLMUL	3.09499
create-batch-K8-total[ms]	58	3072	0	8192	CLMUL	77.88806
create-batch-K8[ns]	58	3072	0	8192	CLMUL_TRI	3.06950
create-batch-K8-total[ms]	58	3072	0	8192	CLMUL_TRI	77.24640
create-batch-K1[ns]	58	4096	0	16	GENERIC	5.75702
create-batch-K1-total[ms]	58	4096	0	16	GENERIC	0.37729
create-batch-K1[ns]	58	4096	0	16	CLMUL	8.08228
create-batch-K1-total[ms]	58	4096	0	16	CLMUL	0.52968
create-batch-K1[ns]	58	4096	0	16	CLMUL_TRI	7.03946
create-batch-K1-total[ms]	58	4096	0	16	CLMUL_TRI	0.46134
create-batch-K2[ns]	58	4096	0	16	GENERIC	4.39458
create-batch-K2-total[ms]	58	4096	0	16	GENERIC	0.28800
create-batch-K2[ns]	58	4096	0	16	CLMUL	4.36171
create-batch-K2-total[ms]	58	4096	0	16	CLMUL	0.28585
create-batch-K2[ns]	58	4096	0	16	CLMUL_TRI	4.20842
create-batch-K2-total[ms]	58	4096	0	16	CLMUL_TRI	0.27580
create-batch-K4[ns]	58	4096	0	16	GENERIC	4.07098
create-batch-K4-total[ms]	58	4096	0	16	GENERIC	0.26680
create-batch-K4[ns]	58	4096	0	16	CLMUL	3.11922
create-batch-K4-total[ms]	58	4096	0	16	CLMUL	0.20442
create-batch-K4[ns]	58	4096	0	16	CLMUL_TRI	3.30531
create-batch-K4-total[ms]	58	4096	0	16	CLMUL_TRI	0.21662
create-batch-K8[ns]	58	4096	0	16	GENERIC	4.39026
create-batch-K8-total[ms]	58	4096	0	16	GENERIC	0.28772
create-batch-K8[ns]	58	4096	0	16	CLMUL	3.09413
create-batch-K8-total[ms]	58	4096	0	16	CLMUL	0.20278
create-batch-K8[ns]	58	4096	0	16	CLMUL_TRI	3.07356
create-batch-K8-total[ms]	58	4096	0	16	CLMUL_TRI	0.20143
create-batch-K1[ns]	58	4096	0	64	GENERIC	5.76152
create-batch-K1-total[ms]	58	4096	0	64	GENERIC	1.51035
create-batch-K1[ns]	58	4096	0	64	CLMUL	8.08181
create-batch-K1-total[ms]	58	4096	0	64	CLMUL	2.11860
create-batch-K1[ns]	58	4096	0	64	CLMUL_TRI	7.03912
create-batch-K1-total[ms]	58	4096	0	64	CLMUL_TRI	1.84526
create-batch-K2[ns]	58	4096	0	64	GENERIC	4.39407
create-batch-K2-total[ms]	58	4096	0	64	GENERIC	1.15188
create-batch-K2[ns]	58	4096	0	64	CLMUL	4.37769
create-batch-K2-total[ms]	58	4096	0	64	CLMUL	1.14759
create-batch-K2[ns]	58	4096	0	64	CLMUL_TRI	4.21633
create-batch-K2-total[ms]	58	4096	0	64	CLMUL_TRI	1.10528
create-batch-K4[ns]	58	4096	0	64	GENERIC	4.07067
create-batch-K4-total[ms]	58	4096	0	64	GENERIC	1.06710
create-batch-K4[ns]	58	4096	0	64	CLMUL	3.18539
create-batch-K4-total[ms]	58	4096	0	64	CLMUL	0.83503
create-batch-K4[ns]	58	4096	0	64	CLMUL_TRI	3.31012
create-batch-K4-total[ms]	58	4096	0	64	CLMUL_TRI	0.86773
create-batch-K8[ns]	58	4096	0	64	GENERIC	4.38615
create-batch-K8-total[ms]	58	4096	0	64	GENERIC	1.14980
create-batch-K8[ns]	58	4096	0	64	CLMUL	3.10820
create-batch-K8-total[ms]	58	4096	0	64	CLMUL	0.81480
create-batch-K8[ns]	58	4096	0	64	CLMUL_TRI	3.08149
create-batch-K8-total[ms]	58	4096	0	64	CLMUL_TRI	0.80779
create-batch-K1[ns]	58	4096	0	128	GENERIC	5.76214
create-batch-K1-total[ms]	58	4096	0	128	GENERIC	3.02102
create-batch-K1[ns]	58	4096	0	128	CLMUL	8.08494
create-batch-K1-total[ms]	58	4096	0	128	CLMUL	4.23883
create-batch-K1[ns]	58	4096	0	128	CLMUL_TRI	7.03948
create-batch-K1-total[ms]	58	4096	0	128	CLMUL_TRI	3.69071
create-batch-K2[ns]	58	4096	0	128	GENERIC	4.39171
create-batch-K2-total[ms]	58	4096	0	128	GENERIC	2.30252
create-batch-K2[ns]	58	4096	0	128	CLMUL	4.38088
create-batch-K2-total[ms]	58	4096	0	128	CLMUL	2.29684
create-batch-K2[ns]	58	4096	0	128	CLMUL_TRI	4.21394
create-batch-K2-total[ms]	58	4096	0	128	CLMUL_TRI	2.20932
create-batch-K4[ns]	58	4096	0	128	GENERIC	4.07013
create-batch-K4-total[ms]	58	4096	0	128	GENERIC	2.13392
create-batch-K4[ns]	58	4096	0	128	CLMUL	3.13351
create-batch-K4-total[ms]	58	4096	0	128	CLMUL	1.64286
create-batch-K4[ns]	58	4096	0	128	CLMUL_TRI	3.31420
create-batch-K4-total[ms]	58	4096	0	128	CLMUL_TRI	1.73760
create-batch-K8[ns]	58	4096	0	128	GENERIC	4.38812
create-batch-K8-total[ms]	58	4096	0	128	GENERIC	2.30064
create-batch-K8[ns]	58	4096	0	128	CLMUL	3.10613
create-batch-K8-total[ms]	58	4096	0	128	CLMUL	1.62851
create-batch-K8[ns]	58	4096	0	128	CLMUL_TRI	3.08243
create-batch-K8-total[ms]	58	4096	0	128	CLMUL_TRI	1.61608
create-batch-K1[ns]	58	4096	0	512	GENERIC	5.76189
create-batch-K1-total[ms]	58	4096	0	512	GENERIC	12.08355
create-batch-K1[ns]	58	4096	0	512	CLMUL	8.08515
create-batch-K1-total[ms]	58	4096	0	512	CLMUL	16.95579
create-batch-K1[ns]	58	4096	0	512	CLMUL_TRI	7.04169
create-batch-K1-total[ms]	58	4096	0	512	CLMUL_TRI	14.76749
create-batch-K2[ns]	58	4096	0	512	GENERIC	4.39274
create-batch-K2-total[ms]	58	4096	0	512	GENERIC	9.21224
create-batch-K2[ns]	58	4096	0	512	CLMUL	4.38355
create-batch-K2-total[ms]	58	4096	0	512	CLMUL	9.19298
create-batch-K2[ns]	58	4096	0	512	CLMUL_TRI	4.21475
create-batch-K2-total[ms]	58	4096	0	512	CLMUL_TRI	8.83896
create-batch-K4[ns]	58	4096	0	512	GENERIC	4.07162
create-batch-K4-total[ms]	58	4096	0	512	GENERIC	8.53882
create-batch-K4[ns]	58	4096	0	512	CLMUL	3.25107
create-batch-K4-total[ms]	58	4096	0	512	CLMUL	6.81798
create-batch-K4[ns]	58	4096	0	512	CLMUL_TRI	3.30802
create-batch-K4-total[ms]	58	4096	0	512	CLMUL_TRI	6.93742
create-batch-K8[ns]	58	4096	0	512	GENERIC	4.38900
create-batch-K8-total[ms]	58	4096	0	512	GENERIC	9.20441
create-batch-K8[ns]	58	4096	0	512	CLMUL	3.10501
create-batch-K8-total[ms]	58	4096	0	512	CLMUL	6.51168
create-batch-K8[ns]	58	4096	0	512	CLMUL_TRI	3.08710
create-batch-K8-total[ms]	58	4096	0	512	CLMUL_TRI	6.47412
create-batch-K1[ns]	58	4096	0	1024	GENERIC	5.76289
create-batch-K1-total[ms]	58	4096	0	1024	GENERIC	24.17130
create-batch-K1[ns]	58	4096	0	1024	CLMUL	8.08537
create-batch-K1-total[ms]	58	4096	0	1024	CLMUL	33.91252
create-batch-K1[ns]	58	4096	0	1024	CLMUL_TRI	7.04221
create-batch-K1-total[ms]	58	4096	0	1024	CLMUL_TRI	29.53717
create-batch-K2[ns]	58	4096	0	1024	GENERIC	4.39279
create-batch-K2-total[ms]	58	4096	0	1024	GENERIC	18.42470
create-batch-K2[ns]	58	4096	0	1024	CLMUL	4.38474
create-batch-K2-total[ms]	58	4096	0	1024	CLMUL	18.39094
create-batch-K2[ns]	58	4096	0	1024	CLMUL_TRI	4.21671
create-batch-K2-total[ms]	58	4096	0	1024	CLMUL_TRI	17.68617
create-batch-K4[ns]	58	4096	0	1024	GENERIC	4.07150
create-batch-K4-total[ms]	58	4096	0	1024	GENERIC	17.07713
create-batch-K4[ns]	58	4096	0	1024	CLMUL	3.25517
create-batch-K4-total[ms]	58	4096	0	1024	CLMUL	13.65316
create-batch-K4[ns]	58	4096	0	1024	CLMUL_TRI	3.30961
create-batch-K4-total[ms]	58	4096	0	1024	CLMUL_TRI	13.88151
create-batch-K8[ns]	58	4096	0	1024	GENERIC	4.39033
create-batch-K8-total[ms]	58	4096	0	1024	GENERIC	18.41437
create-batch-K8[ns]	58	4096	0	1024	CLMUL	3.10772
create-batch-K8-total[ms]	58	4096	0	1024	CLMUL	13.03474
create-batch-K8[ns]	58	4096	0	1024	CLMUL_TRI	3.08970
create-batch-K8-total[ms]	58	4096	0	1024	CLMUL_TRI	12.95916
create-batch-K1[ns]	58	4096	0	2048	GENERIC	5.76189
create-batch-K1-total[ms]	58	4096	0	2048	GENERIC	48.33428
create-batch-K1[ns]	58	4096	0	2048	CLMUL	8.08541
create-batch-K1-total[ms]	58	4096	0	2048	CLMUL	67.82537
create-batch-K1[ns]	58	4096	0	2048	CLMUL_TRI	7.04236
create-batch-K1-total[ms]	58	4096	0	2048	CLMUL_TRI	59.07563
create-batch-K2[ns]	58	4096	0	2048	GENERIC	4.39274
create-batch-K2-total[ms]	58	4096	0	2048	GENERIC	36.84896
create-batch-K2[ns]	58	4096	0	2048	CLMUL	4.38379
create-batch-K2-total[ms]	58	4096	0	2048	CLMUL	36.77393
create-batch-K2[ns]	58	4096	0	2048	CLMUL_TRI	4.21600
create-batch-K2-total[ms]	58	4096	0	2048	CLMUL_TRI	35.36641
create-batch-K4[ns]	58	4096	0	2048	GENERIC	4.07167
create-batch-K4-total[ms]	58	4096	0	2048	GENERIC	34.15566
create-batch-K4[ns]	58	4096	0	2048	CLMUL	3.24127
create-batch-K4-total[ms]	58	4096	0	2048	CLMUL	27.18978
create-batch-K4[ns]	58	4096	0	2048	CLMUL_TRI	3.31280
create-batch-K4-total[ms]	58	4096	0	2048	CLMUL_TRI	27.78975
create-batch-K8[ns]	58	4096	0	2048	GENERIC	4.39009
create-batch-K8-total[ms]	58	4096	0	2048	GENERIC	36.82678
create-batch-K8[ns]	58	4096	0	2048	CLMUL	3.11097
create-batch-K8-total[ms]	58	4096	0	2048	CLMUL	26.09668
create-batch-K8[ns]	58	4096	0	2048	CLMUL_TRI	3.08942
create-batch-K8-total[ms]	58	4096	0	2048	CLMUL_TRI	25.91596
create-batch-K1[ns]	58	4096	0	4096	GENERIC	5.76197
create-batch-K1-total[ms]	58	4096	0	4096	GENERIC	96.66988
create-batch-K1[ns]	58	4096	0	4096	CLMUL	8.08539
create-batch-K1-total[ms]	58	4096	0	4096	CLMUL	135.65032
create-batch-K1[ns]	58	4096	0	4096	CLMUL_TRI	7.04252
create-batch-K1-total[ms]	58	4096	0	4096	CLMUL_TRI	118.15381
create-batch-K2[ns]	58	4096	0	4096	GENERIC	4.39282
create-batch-K2-total[ms]	58	4096	0	4096	GENERIC	73.69927
create-batch-K2[ns]	58	4096	0	4096	CLMUL	4.38449
create-batch-K2-total[ms]	58	4096	0	4096	CLMUL	73.55954
create-batch-K2[ns]	58	4096	0	4096	CLMUL_TRI	4.21765
create-batch-K2-total[ms]	58	4096	0	4096	CLMUL_TRI	70.76050
create-batch-K4[ns]	58	4096	0	4096	GENERIC	4.07199
create-batch-K4-total[ms]	58	4096	0	4096	GENERIC	68.31660
create-batch-K4[ns]	58	4096	0	4096	CLMUL	3.23847
create-batch-K4-total[ms]	58	4096	0	4096	CLMUL	54.33254
create-batch-K4[ns]	58	4096	0	4096	CLMUL_TRI	3.31400
create-batch-K4-total[ms]	58	4096	0	4096	CLMUL_TRI	55.59969
create-batch-K8[ns]	58	4096	0	4096	GENERIC	4.39002
create-batch-K8-total[ms]	58	4096	0	4096	GENERIC	73.65233
create-batch-K8[ns]	58	4096	0	4096	CLMUL	3.10221
create-batch-K8-total[ms]	58	4096	0	4096	CLMUL	52.04645
create-batch-K8[ns]	58	4096	0	4096	CLMUL_TRI	3.08913
create-batch-K8-total[ms]	58	4096	0	4096	CLMUL_TRI	51.82696
create-batch-K1[ns]	58	4096	0	8192	GENERIC	5.76179
create-batch-K1-total[ms]	58	4096	0	8192	GENERIC	193.33346
create-batch-K1[ns]	58	4096	0	8192	CLMUL	8.08797
create-batch-K1-total[ms]	58	4096	0	8192	CLMUL	271.38729
create-batch-K1[ns]	58	4096	0	8192	CLMUL_TRI	7.04339
create-batch-K1-total[ms]	58	4096	0	8192	CLMUL_TRI	236.33694
create-batch-K2[ns]	58	4096	0	8192	GENERIC	4.39312
create-batch-K2-total[ms]	58	4096	0	8192	GENERIC	147.40872
create-batch-K2[ns]	58	4096	0	8192	CLMUL	4.38548
create-batch-K2-total[ms]	58	4096	0	8192	CLMUL	147.15236
create-batch-K2[ns]	58	4096	0	8192	CLMUL_TRI	4.21765
create-batch-K2-total[ms]	58	4096	0	8192	CLMUL_TRI	141.52077
create-batch-K4[ns]	58	4096	0	8192	GENERIC	4.07253
create-batch-K4-total[ms]	58	4096	0	8192	GENERIC	136.65156
create-batch-K4[ns]	58	4096	0	8192	CLMUL	3.27232
create-batch-K4-total[ms]	58	4096	0	8192	CLMUL	109.80094
create-batch-K4[ns]	58	4096	0	8192	CLMUL_TRI	3.31445
create-batch-K4-total[ms]	58	4096	0	8192	CLMUL_TRI	111.21463
create-batch-K8[ns]	58	4096	0	8192	GENERIC	4.39019
create-batch-K8-total[ms]	58	4096	0	8192	GENERIC	147.31016
create-batch-K8[ns]	58	4096	0	8192	CLMUL	3.11049
create-batch-K8-total[ms]	58	4096	0	8192	CLMUL	104.37073
create-batch-K8[ns]	58	4096	0	8192	CLMUL_TRI	3.08957
create-batch-K8-total[ms]	58	4096	0	8192	CLMUL_TRI	103.66883
create-batch-K1[ns]	58	5120	0	16	GENERIC	5.75614
create-batch-K1-total[ms]	58	5120	0	16	GENERIC	0.47154
create-batch-K1[ns]	58	5120	0	16	CLMUL	8.08195
create-batch-K1-total[ms]	58	5120	0	16	CLMUL	0.66207
create-batch-K1[ns]	58	5120	0	16	CLMUL_TRI	7.03920
create-batch-K1-total[ms]	58	5120	0	16	CLMUL_TRI	0.57665
create-batch-K2[ns]	58	5120	0	16	GENERIC	4.36277
create-batch-K2-total[ms]	58	5120	0	16	GENERIC	0.35740
create-batch-K2[ns]	58	5120	0	16	CLMUL	4.35463
create-batch-K2-total[ms]	58	5120	0	16	CLMUL	0.35673
create-batch-K2[ns]	58	5120	0	16	CLMUL_TRI	4.19191
create-batch-K2-total[ms]	58	5120	0	16	CLMUL_TRI	0.34340
create-batch-K4[ns]	58	5120	0	16	GENERIC	4.06615
create-batch-K4-total[ms]	58	5120	0	16	GENERIC	0.33310
create-batch-K4[ns]	58	5120	0	16	CLMUL	3.11309
create-batch-K4-total[ms]	58	5120	0	16	CLMUL	0.25502
create-batch-K4[ns]	58	5120	0	16	CLMUL_TRI	3.30797
create-batch-K4-total[ms]	58	5120	0	16	CLMUL_TRI	0.27099
create-batch-K8[ns]	58	5120	0	16	GENERIC	4.38612
create-batch-K8-total[ms]	58	5120	0	16	GENERIC	0.35931
create-batch-K8[ns]	58	5120	0	16	CLMUL	3.10112
create-batch-K8-total[ms]	58	5120	0	16	CLMUL	0.25404
create-batch-K8[ns]	58	5120	0	16	CLMUL_TRI	3.07262
create-batch-K8-total[ms]	58	5120	0	16	CLMUL_TRI	0.25171
create-batch-K1[ns]	58	5120	0	64	GENERIC	5.75559
create-batch-K1-total[ms]	58	5120	0	64	GENERIC	1.88599
create-batch-K1[ns]	58	5120	0	64	CLMUL	8.08128
create-batch-K1-total[ms]	58	5120	0	64	CLMUL	2.64807
create-batch-K1[ns]	58	5120	0	64	CLMUL_TRI	7.03889
create-batch-K1-total[ms]	58	5120	0	64	CLMUL_TRI	2.30650
create-batch-K2[ns]	58	5120	0	64	GENERIC	4.37419
create-batch-K2-total[ms]	58	5120	0	64	GENERIC	1.43334
create-batch-K2[ns]	58	5120	0	64	CLMUL	4.36768
create-batch-K2-total[ms]	58	5120	0	64	CLMUL	1.43120
create-batch-K2[ns]	58	5120	0	64	CLMUL_TRI	4.21511
create-batch-K2-total[ms]	58	5120	0	64	CLMUL_TRI	1.38121
create-batch-K4[ns]	58	5120	0	64	GENERIC	4.06573
create-batch-K4-total[ms]	58	5120	0	64	GENERIC	1.33226
create-batch-K4[ns]	58	5120	0	64	CLMUL	3.10656
create-batch-K4-total[ms]	58	5120	0	64	CLMUL	1.01796
create-batch-K4[ns]	58	5120	0	64	CLMUL_TRI	3.31022
create-batch-K4-total[ms]	58	5120	0	64	CLMUL_TRI	1.08469
create-batch-K8[ns]	58	5120	0	64	GENERIC	4.38226
create-batch-K8-total[ms]	58	5120	0	64	GENERIC	1.43598
create-batch-K8[ns]	58	5120	0	64	CLMUL	3.10374
create-batch-K8-total[ms]	58	5120	0	64	CLMUL	1.01703
create-batch-K8[ns]	58	5120	0	64	CLMUL_TRI	3.07219
create-batch-K8-total[ms]	58	5120	0	64	CLMUL_TRI	1.00669
create-batch-K1[ns]	58	5120	0	128	GENERIC	5.75595
create-batch-K1-total[ms]	58	5120	0	128	GENERIC	3.77222
create-batch-K1[ns]	58	5120	0	128	CLMUL	8.08378
create-batch-K1-total[ms]	58	5120	0	128	CLMUL	5.29778
create-batch-K1[ns]	58	5120	0	128	CLMUL_TRI	7.04165
create-batch-K1-total[ms]	58	5120	0	128	CLMUL_TRI	4.61482
create-batch-K2[ns]	58	5120	0	128	GENERIC	4.38546
create-batch-K2-total[ms]	58	5120	0	128	GENERIC	2.87405
create-batch-K2[ns]	58	5120	0	128	CLMUL	4.38006
create-batch-K2-total[ms]	58	5120	0	128	CLMUL	2.87052
create-batch-K2[ns]	58	5120	0	128	CLMUL_TRI	4.21550
create-batch-K2-total[ms]	58	5120	0	128	CLMUL_TRI	2.76267
create-batch-K4[ns]	58	5120	0	128	GENERIC	4.06569
create-batch-K4-total[ms]	58	5120	0	128	GENERIC	2.66449
create-batch-K4[ns]	58	5120	0	128	CLMUL	3.23007
create-batch-K4-total[ms]	58	5120	0	128	CLMUL	2.11686
create-batch-K4[ns]	58	5120	0	128	CLMUL_TRI	3.30895
create-batch-K4-total[ms]	58	5120	0	128	CLMUL_TRI	2.16856
create-batch-K8[ns]	58	5120	0	128	GENERIC	4.38519
create-batch-K8-total[ms]	58	5120	0	128	GENERIC	2.87388
create-batch-K8[ns]	58	5120	0	128	CLMUL	3.10307
create-batch-K8-total[ms]	58	5120	0	128	CLMUL	2.03362
create-batch-K8[ns]	58	5120	0	128	CLMUL_TRI	3.07588
create-batch-K8-total[ms]	58	5120	0	128	CLMUL_TRI	2.01581
create-batch-K1[ns]	58	5120	0	512	GENERIC	5.75608
create-batch-K1-total[ms]	58	5120	0	512	GENERIC	15.08922
create-batch-K1[ns]	58	5120	0	512	CLMUL	8.08436
create-batch-K1-total[ms]	58	5120	0	512	CLMUL	21.19267
create-batch-K1[ns]	58	5120	0	512	CLMUL_TRI	7.04150
create-batch-K1-total[ms]	58	5120	0	512	CLMUL_TRI	18.45888
create-batch-K2[ns]	58	5120	0	512	GENERIC	4.38694
create-batch-K2-total[ms]	58	5120	0	512	GENERIC	11.50010
create-batch-K2[ns]	58	5120	0	512	CLMUL	4.38292
create-batch-K2-total[ms]	58	5120	0	512	CLMUL	11.48955
create-batch-K2[ns]	58	5120	0	512	CLMUL_TRI	4.21425
create-batch-K2-total[ms]	58	5120	0	512	CLMUL_TRI	11.04741
create-batch-K4[ns]	58	5120	0	512	GENERIC	4.06731
create-batch-K4-total[ms]	58	5120	0	512	GENERIC	10.66220
create-batch-K4[ns]	58	5120	0	512	CLMUL	3.26780
create-batch-K4-total[ms]	58	5120	0	512	CLMUL	8.56633
create-batch-K4[ns]	58	5120	0	512	CLMUL_TRI	3.31127
create-batch-K4-total[ms]	58	5120	0	512	CLMUL_TRI	8.68031
create-batch-K8[ns]	58	5120	0	512	GENERIC	4.38536
create-batch-K8-total[ms]	58	5120	0	512	GENERIC	11.49596
create-batch-K8[ns]	58	5120	0	512	CLMUL	3.11147
create-batch-K8-total[ms]	58	5120	0	512	CLMUL	8.15654
create-batch-K8[ns]	58	5120	0	512	CLMUL_TRI	3.08170
create-batch-K8-total[ms]	58	5120	0	512	CLMUL_TRI	8.07850
create-batch-K1[ns]	58	5120	0	1024	GENERIC	5.75596
create-batch-K1-total[ms]	58	5120	0	1024	GENERIC	30.17783
create-batch-K1[ns]	58	5120	0	1024	CLMUL	8.08455
create-batch-K1-total[ms]	58	5120	0	1024	CLMUL	42.38632
create-batch-K1[ns]	58	5120	0	1024	CLMUL_TRI	7.04196
create-batch-K1-total[ms]	58	5120	0	1024	CLMUL_TRI	36.92017
create-batch-K2[ns]	58	5120	0	1024	GENERIC	4.38687
create-batch-K2-total[ms]	58	5120	0	1024	GENERIC	22.99984
create-batch-K2[ns]	58	5120	0	1024	CLMUL	4.38213
create-batch-K2-total[ms]	58	5120	0	1024	CLMUL	22.97500
create-batch-K2[ns]	58	5120	0	1024	CLMUL_TRI	4.21603
create-batch-K2-total[ms]	58	5120	0	1024	CLMUL_TRI	22.10416
create-batch-K4[ns]	58	5120	0	1024	GENERIC	4.06725
create-batch-K4-total[ms]	58	5120	0	1024	GENERIC	21.32411
create-batch-K4[ns]	58	5120	0	1024	CLMUL	3.25179
create-batch-K4-total[ms]	58	5120	0	1024	CLMUL	17.04876
create-batch-K4[ns]	58	5120	0	1024	CLMUL_TRI	3.31023
create-batch-K4-total[ms]	58	5120	0	1024	CLMUL_TRI	17.35514
create-batch-K8[ns]	58	5120	0	1024	GENERIC	4.38543
create-batch-K8-total[ms]	58	5120	0	1024	GENERIC	22.99227
create-batch-K8[ns]	58	5120	0	1024	CLMUL	3.10999
create-batch-K8-total[ms]	58	5120	0	1024	CLMUL	16.30531
create-batch-K8[ns]	58	5120	0	1024	CLMUL_TRI	3.08700
create-batch-K8-total[ms]	58	5120	0	1024	CLMUL_TRI	16.18477
create-batch-K1[ns]	58	5120	0	2048	GENERIC	5.75618
create-batch-K1-total[ms]	58	5120	0	2048	GENERIC	60.35791
create-batch-K1[ns]	58	5120	0	2048	CLMUL	8.08464
create-batch-K1-total[ms]	58	5120	0	2048	CLMUL	84.77356
create-batch-K1[ns]	58	5120	0	2048	CLMUL_TRI	7.04191
create-batch-K1-total[ms]	58	5120	0	2048	CLMUL_TRI	73.83974
create-batch-K2[ns]	58	5120	0	2048	GENERIC	4.38823
create-batch-K2-total[ms]	58	5120	0	2048	GENERIC	46.01390
create-batch-K2[ns]	58	5120	0	2048	CLMUL	4.38332
create-batch-K2-total[ms]	58	5120	0	2048	CLMUL	45.96245
create-batch-K2[ns]	58	5120	0	2048	CLMUL_TRI	4.21763
create-batch-K2-total[ms]	58	5120	0	2048	CLMUL_TRI	44.22506
create-batch-K4[ns]	58	5120	0	2048	GENERIC	4.06730
create-batch-K4-total[ms]	58	5120	0	2048	GENERIC	42.64877
create-batch-K4[ns]	58	5120	0	2048	CLMUL	3.26204
create-batch-K4-total[ms]	58	5120	0	2048	CLMUL	34.20501
create-batch-K4[ns]	58	5120	0	2048	CLMUL_TRI	3.30813
create-batch-K4-total[ms]	58	5120	0	2048	CLMUL_TRI	34.68821
create-batch-K8[ns]	58	5120	0	2048	GENERIC	4.38546
create-batch-K8-total[ms]	58	5120	0	2048	GENERIC	45.98491
create-batch-K8[ns]	58	5120	0	2048	CLMUL	3.11011
create-batch-K8-total[ms]	58	5120	0	2048	CLMUL	32.61185
create-batch-K8[ns]	58	5120	0	2048	CLMUL_TRI	3.08774
create-batch-K8-total[ms]	58	5120	0	2048	CLMUL_TRI	32.37729
create-batch-K1[ns]	58	5120	0	4096	GENERIC	5.75627
create-batch-K1-total[ms]	58	5120	0	4096	GENERIC	120.71781
create-batch-K1[ns]	58	5120	0	4096	CLMUL	8.08497
create-batch-K1-total[ms]	58	5120	0	4096	CLMUL	169.55406
create-batch-K1[ns]	58	5120	0	4096	CLMUL_TRI	7.04232
create-batch-K1-total[ms]	58	5120	0	4096	CLMUL_TRI	147.68826
create-batch-K2[ns]	58	5120	0	4096	GENERIC	4.38792
create-batch-K2-total[ms]	58	5120	0	4096	GENERIC	92.02138
create-batch-K2[ns]	58	5120	0	4096	CLMUL	4.38297
create-batch-K2-total[ms]	58	5120	0	4096	CLMUL	91.91745
create-batch-K2[ns]	58	5120	0	4096	CLMUL_TRI	4.21852
create-batch-K2-total[ms]	58	5120	0	4096	CLMUL_TRI	88.46870
create-batch-K4[ns]	58	5120	0	4096	GENERIC	4.06755
create-batch-K4-total[ms]	58	5120	0	4096	GENERIC	85.30267
create-batch-K4[ns]	58	5120	0	4096	CLMUL	3.26435
create-batch-K4-total[ms]	58	5120	0	4096	CLMUL	68.45831
create-batch-K4[ns]	58	5120	0	4096	CLMUL_TRI	3.31317
create-batch-K4-total[ms]	58	5120	0	4096	CLMUL_TRI	69.48230
create-batch-K8[ns]	58	5120	0	4096	GENERIC	4.38556
create-batch-K8-total[ms]	58	5120	0	4096	GENERIC	91.97192
create-batch-K8[ns]	58	5120	0	4096	CLMUL	3.10974
create-batch-K8-total[ms]	58	5120	0	4096	CLMUL	65.21589
create-batch-K8[ns]	58	5120	0	4096	CLMUL_TRI	3.08873
create-batch-K8-total[ms]	58	5120	0	4096	CLMUL_TRI	64.77536
create-batch-K1[ns]	58	5120	0	8192	GENERIC	5.75624
create-batch-K1-total[ms]	58	5120	0	8192	GENERIC	241.43400
create-batch-K1[ns]	58	5120	0	8192	CLMUL	8.08549
create-batch-K1-total[ms]	58	5120	0	8192	CLMUL	339.13011
create-batch-K1[ns]	58	5120	0	8192	CLMUL_TRI	7.04221
create-batch-K1-total[ms]	58	5120	0	8192	CLMUL_TRI	295.37168
create-batch-K2[ns]	58	5120	0	8192	GENERIC	4.38860
create-batch-K2-total[ms]	58	5120	0	8192	GENERIC	184.07119
create-batch-K2[ns]	58	5120	0	8192	CLMUL	4.38274
create-batch-K2-total[ms]	58	5120	0	8192	CLMUL	183.82527
create-batch-K2[ns]	58	5120	0	8192	CLMUL_TRI	4.21894
create-batch-K2-total[ms]	58	5120	0	8192	CLMUL_TRI	176.95517
create-batch-K4[ns]	58	5120	0	8192	GENERIC	4.06759
create-batch-K4-total[ms]	58	5120	0	8192	GENERIC	170.60709
create-batch-K4[ns]	58	5120	0	8192	CLMUL	3.27328
create-batch-K4-total[ms]	58	5120	0	8192	CLMUL	137.29118
create-batch-K4[ns]	58	5120	0	8192	CLMUL_TRI	3.31341
create-batch-K4-total[ms]	58	5120	0	8192	CLMUL_TRI	138.97459
create-batch-K8[ns]	58	5120	0	8192	GENERIC	4.38574
create-batch-K8-total[ms]	58	5120	0	8192	GENERIC	183.95133
create-batch-K8[ns]	58	5120	0	8192	CLMUL	3.10381
create-batch-K8-total[ms]	58	5120	0	8192	CLMUL	130.18319
create-batch-K8[ns]	58	5120	0	8192	CLMUL_TRI	3.08842
create-batch-K8-total[ms]	58	5120	0	8192	CLMUL_TRI	129.53775
create-batch-K1[ns]	58	6144	0	16	GENERIC	5.75118
create-batch-K1-total[ms]	58	6144	0	16	GENERIC	0.56536
create-batch-K1[ns]	58	6144	0	16	CLMUL	8.08092
create-batch-K1-total[ms]	58	6144	0	16	CLMUL	0.79439
create-batch-K1[ns]	58	6144	0	16	CLMUL_TRI	7.03911
create-batch-K1-total[ms]	58	6144	0	16	CLMUL_TRI	0.69197
create-batch-K2[ns]	58	6144	0	16	GENERIC	4.35852
create-batch-K2-total[ms]	58	6144	0	16	GENERIC	0.42846
create-batch-K2[ns]	58	6144	0	16	CLMUL	4.35636
create-batch-K2-total[ms]	58	6144	0	16	CLMUL	0.42825
create-batch-K2[ns]	58	6144	0	16	CLMUL_TRI	4.21481
create-batch-K2-total[ms]	58	6144	0	16	CLMUL_TRI	0.41433
create-batch-K4[ns]	58	6144	0	16	GENERIC	4.06347
create-batch-K4-total[ms]	58	6144	0	16	GENERIC	0.39946
create-batch-K4[ns]	58	6144	0	16	CLMUL	3.19709
create-batch-K4-total[ms]	58	6144	0	16	CLMUL	0.31429
create-batch-K4[ns]	58	6144	0	16	CLMUL_TRI	3.31134
create-batch-K4-total[ms]	58	6144	0	16	CLMUL_TRI	0.32552
create-batch-K8[ns]	58	6144	0	16	GENERIC	4.38098
create-batch-K8-total[ms]	58	6144	0	16	GENERIC	0.43067
create-batch-K8[ns]	58	6144	0	16	CLMUL	3.09249
create-batch-K8-total[ms]	58	6144	0	16	CLMUL	0.30400
create-batch-K8[ns]	58	6144	0	16	CLMUL_TRI	3.07179
create-batch-K8-total[ms]	58	6144	0	16	CLMUL_TRI	0.30197
create-batch-K1[ns]	58	6144	0	64	GENERIC	5.75215
create-batch-K1-total[ms]	58	6144	0	64	GENERIC	2.26184
create-batch-K1[ns]	58	6144	0	64	CLMUL	8.08071
create-batch-K1-total[ms]	58	6144	0	64	CLMUL	3.17746
create-batch-K1[ns]	58	6144	0	64	CLMUL_TRI	7.03865
create-batch-K1-total[ms]	58	6144	0	64	CLMUL_TRI	2.76771
create-batch-K2[ns]	58	6144	0	64	GENERIC	4.38122
create-batch-K2-total[ms]	58	6144	0	64	GENERIC	1.72276
create-batch-K2[ns]	58	6144	0	64	CLMUL	4.37489
create-batch-K2-total[ms]	58	6144	0	64	CLMUL	1.72028
create-batch-K2[ns]	58	6144	0	64	CLMUL_TRI	4.21317
create-batch-K2-total[ms]	58	6144	0	64	CLMUL_TRI	1.65669
create-batch-K4[ns]	58	6144	0	64	GENERIC	4.06279
create-batch-K4-total[ms]	58	6144	0	64	GENERIC	1.59756
create-batch-K4[ns]	58	6144	0	64	CLMUL	3.16590
create-batch-K4-total[ms]	58	6144	0	64	CLMUL	1.24488
create-batch-K4[ns]	58	6144	0	64	CLMUL_TRI	3.30354
create-batch-K4-total[ms]	58	6144	0	64	CLMUL_TRI	1.29901
create-batch-K8[ns]	58	6144	0	64	GENERIC	4.37951
create-batch-K8-total[ms]	58	6144	0	64	GENERIC	1.72210
create-batch-K8[ns]	58	6144	0	64	CLMUL	3.10694
create-batch-K8-total[ms]	58	6144	0	64	CLMUL	1.22170
create-batch-K8[ns]	58	6144	0	64	CLMUL_TRI	3.07431
create-batch-K8-total[ms]	58	6144	0	64	CLMUL_TRI	1.20887
create-batch-K1[ns]	58	6144	0	128	GENERIC	5.75179
create-batch-K1-total[ms]	58	6144	0	128	GENERIC	4.52339
create-batch-K1[ns]	58	6144	0	128	CLMUL	8.08273
create-batch-K1-total[ms]	58	6144	0	128	CLMUL	6.35652
create-batch-K1[ns]	58	6144	0	128	CLMUL_TRI	7.04088
create-batch-K1-total[ms]	58	6144	0	128	CLMUL_TRI	5.53718
create-batch-K2[ns]	58	6144	0	128	GENERIC	4.37666
create-batch-K2-total[ms]	58	6144	0	128	GENERIC	3.44194
create-batch-K2[ns]	58	6144	0	128	CLMUL	4.37830
create-batch-K2-total[ms]	58	6144	0	128	CLMUL	3.44324
create-batch-K2[ns]	58	6144	0	128	CLMUL_TRI	4.21389
create-batch-K2-total[ms]	58	6144	0	128	CLMUL_TRI	3.31394
create-batch-K4[ns]	58	6144	0	128	GENERIC	4.06262
create-batch-K4-total[ms]	58	6144	0	128	GENERIC	3.19497
create-batch-K4[ns]	58	6144	0	128	CLMUL	3.20163
create-batch-K4-total[ms]	58	6144	0	128	CLMUL	2.51786
create-batch-K4[ns]	58	6144	0	128	CLMUL_TRI	3.31280
create-batch-K4-total[ms]	58	6144	0	128	CLMUL_TRI	2.60529
create-batch-K8[ns]	58	6144	0	128	GENERIC	4.38204
create-batch-K8-total[ms]	58	6144	0	128	GENERIC	3.44618
create-batch-K8[ns]	58	6144	0	128	CLMUL	3.10855
create-batch-K8-total[ms]	58	6144	0	128	CLMUL	2.44467
create-batch-K8[ns]	58	6144	0	128	CLMUL_TRI	3.08031
create-batch-K8-total[ms]	58	6144	0	128	CLMUL_TRI	2.42245
create-batch-K1[ns]	58	6144	0	512	GENERIC	5.75135
create-batch-K1-total[ms]	58	6144	0	512	GENERIC	18.09217
create-batch-K1[ns]	58	6144	0	512	CLMUL	8.08391
create-batch-K1-total[ms]	58	6144	0	512	CLMUL	25.42978
create-batch-K1[ns]	58	6144	0	512	CLMUL_TRI	7.04132
create-batch-K1-total[ms]	58	6144	0	512	CLMUL_TRI	22.15007
create-batch-K2[ns]	58	6144	0	512	GENERIC	4.38203
create-batch-K2-total[ms]	58	6144	0	512	GENERIC	13.78467
create-batch-K2[ns]	58	6144	0	512	CLMUL	4.37908
create-batch-K2-total[ms]	58	6144	0	512	CLMUL	13.77538
create-batch-K2[ns]	58	6144	0	512	CLMUL_TRI	4.21706
create-batch-K2-total[ms]	58	6144	0	512	CLMUL_TRI	13.26571
create-batch-K4[ns]	58	6144	0	512	GENERIC	4.06456
create-batch-K4-total[ms]	58	6144	0	512	GENERIC	12.78599
create-batch-K4[ns]	58	6144	0	512	CLMUL	3.25120
create-batch-K4-total[ms]	58	6144	0	512	CLMUL	10.22740
create-batch-K4[ns]	58	6144	0	512	CLMUL_TRI	3.31129
create-batch-K4-total[ms]	58	6144	0	512	CLMUL_TRI	10.41643
create-batch-K8[ns]	58	6144	0	512	GENERIC	4.38196
create-batch-K8-total[ms]	58	6144	0	512	GENERIC	13.78447
create-batch-K8[ns]	58	6144	0	512	CLMUL	3.10061
create-batch-K8-total[ms]	58	6144	0	512	CLMUL	9.75368
create-batch-K8[ns]	58	6144	0	512	CLMUL_TRI	3.08520
create-batch-K8-total[ms]	58	6144	0	512	CLMUL_TRI	9.70520
create-batch-K1[ns]	58	6144	0	1024	GENERIC	5.75215
create-batch-K1-total[ms]	58	6144	0	1024	GENERIC	36.18941
create-batch-K1[ns]	58	6144	0	1024	CLMUL	8.08405
create-batch-K1-total[ms]	58	6144	0	1024	CLMUL	50.86043
create-batch-K1[ns]	58	6144	0	1024	CLMUL_TRI	7.04160
create-batch-K1-total[ms]	58	6144	0	1024	CLMUL_TRI	44.30189
create-batch-K2[ns]	58	6144	0	1024	GENERIC	4.38254
create-batch-K2-total[ms]	58	6144	0	1024	GENERIC	27.57253
create-batch-K2[ns]	58	6144	0	1024	CLMUL	4.38049
create-batch-K2-total[ms]	58	6144	0	1024	CLMUL	27.55964
create-batch-K2[ns]	58	6144	0	1024	CLMUL_TRI	4.21422
create-batch-K2-total[ms]	58	6144	0	1024	CLMUL_TRI	26.51360
create-batch-K4[ns]	58	6144	0	1024	GENERIC	4.06469
create-batch-K4-total[ms]	58	6144	0	1024	GENERIC	25.57282
create-batch-K4[ns]	58	6144	0	1024	CLMUL	3.19899
create-batch-K4-total[ms]	58	6144	0	1024	CLMUL	20.12633
create-batch-K4[ns]	58	6144	0	1024	CLMUL_TRI	3.31097
create-batch-K4-total[ms]	58	6144	0	1024	CLMUL_TRI	20.83080
create-batch-K8[ns]	58	6144	0	1024	GENERIC	4.38237
create-batch-K8-total[ms]	58	6144	0	1024	GENERIC	27.57148
create-batch-K8[ns]	58	6144	0	1024	CLMUL	3.10290
create-batch-K8-total[ms]	58	6144	0	1024	CLMUL	19.52176
create-batch-K8[ns]	58	6144	0	1024	CLMUL_TRI	3.08559
create-batch-K8-total[ms]	58	6144	0	1024	CLMUL_TRI	19.41284
create-batch-K1[ns]	58	6144	0	2048	GENERIC	5.75193
create-batch-K1-total[ms]	58	6144	0	2048	GENERIC	72.37603
create-batch-K1[ns]	58	6144	0	2048	CLMUL	8.08455
create-batch-K1-total[ms]	58	6144	0	2048	CLMUL	101.72721
create-batch-K1[ns]	58	6144	0	2048	CLMUL_TRI	7.04167
create-batch-K1-total[ms]	58	6144	0	2048	CLMUL_TRI	88.60473
create-batch-K2[ns]	58	6144	0	2048	GENERIC	4.38301
create-batch-K2-total[ms]	58	6144	0	2048	GENERIC	55.15105
create-batch-K2[ns]	58	6144	0	2048	CLMUL	4.38137
create-batch-K2-total[ms]	58	6144	0	2048	CLMUL	55.13043
create-batch-K2[ns]	58	6144	0	2048	CLMUL_TRI	4.21708
create-batch-K2-total[ms]	58	6144	0	2048	CLMUL_TRI	53.06319
create-batch-K4[ns]	58	6144	0	2048	GENERIC	4.06471
create-batch-K4-total[ms]	58	6144	0	2048	GENERIC	51.14593
create-batch-K4[ns]	58	6144	0	2048	CLMUL	3.27425
create-batch-K4-total[ms]	58	6144	0	2048	CLMUL	41.19964
create-batch-K4[ns]	58	6144	0	2048	CLMUL_TRI	3.30925
create-batch-K4-total[ms]	58	6144	0	2048	CLMUL_TRI	41.63996
create-batch-K8[ns]	58	6144	0	2048	GENERIC	4.38220
create-batch-K8-total[ms]	58	6144	0	2048	GENERIC	55.14080
create-batch-K8[ns]	58	6144	0	2048	CLMUL	3.10925
create-batch-K8-total[ms]	58	6144	0	2048	CLMUL	39.12340
create-batch-K8[ns]	58	6144	0	2048	CLMUL_TRI	3.08735
create-batch-K8-total[ms]	58	6144	0	2048	CLMUL_TRI	38.84784
create-batch-K1[ns]	58	6144	0	4096	GENERIC	5.75212
create-batch-K1-total[ms]	58	6144	0	4096	GENERIC	144.75680
create-batch-K1[ns]	58	6144	0	4096	CLMUL	8.08454
create-batch-K1-total[ms]	58	6144	0	4096	CLMUL	203.45417
create-batch-K1[ns]	58	6144	0	4096	CLMUL_TRI	7.04297
create-batch-K1-total[ms]	58	6144	0	4096	CLMUL_TRI	177.24214
create-batch-K2[ns]	58	6144	0	4096	GENERIC	4.38350
create-batch-K2-total[ms]	58	6144	0	4096	GENERIC	110.31450
create-batch-K2[ns]	58	6144	0	4096	CLMUL	4.38171
create-batch-K2-total[ms]	58	6144	0	4096	CLMUL	110.26928
create-batch-K2[ns]	58	6144	0	4096	CLMUL_TRI	4.21771
create-batch-K2-total[ms]	58	6144	0	4096	CLMUL_TRI	106.14213
create-batch-K4[ns]	58	6144	0	4096	GENERIC	4.06449
create-batch-K4-total[ms]	58	6144	0	4096	GENERIC	102.28624
create-batch-K4[ns]	58	6144	0	4096	CLMUL	3.25534
create-batch-K4-total[ms]	58	6144	0	4096	CLMUL	81.92342
create-batch-K4[ns]	58	6144	0	4096	CLMUL_TRI	3.31259
create-batch-K4-total[ms]	58	6144	0	4096	CLMUL_TRI	83.36402
create-batch-K8[ns]	58	6144	0	4096	GENERIC	4.38248
create-batch-K8-total[ms]	58	6144	0	4096	GENERIC	110.28877
create-batch-K8[ns]	58	6144	0	4096	CLMUL	3.10317
create-batch-K8-total[ms]	58	6144	0	4096	CLMUL	78.09385
create-batch-K8[ns]	58	6144	0	4096	CLMUL_TRI	3.08742
create-batch-K8-total[ms]	58	6144	0	4096	CLMUL_TRI	77.69757
create-batch-K1[ns]	58	6144	0	8192	GENERIC	5.75425
create-batch-K1-total[ms]	58	6144	0	8192	GENERIC	289.62098
create-batch-K1[ns]	58	6144	0	8192	CLMUL	8.08506
create-batch-K1-total[ms]	58	6144	0	8192	CLMUL	406.93444
create-batch-K1[ns]	58	6144	0	8192	CLMUL_TRI	7.04270
create-batch-K1-total[ms]	58	6144	0	8192	CLMUL_TRI	354.47073
create-batch-K2[ns]	58	6144	0	8192	GENERIC	4.38396
create-batch-K2-total[ms]	58	6144	0	8192	GENERIC	220.65205
create-batch-K2[ns]	58	6144	0	8192	CLMUL	4.38324
create-batch-K2-total[ms]	58	6144	0	8192	CLMUL	220.61589
create-batch-K2[ns]	58	6144	0	8192	CLMUL_TRI	4.21800
create-batch-K2-total[ms]	58	6144	0	8192	CLMUL_TRI	212.29877
create-batch-K4[ns]	58	6144	0	8192	GENERIC	4.06461
create-batch-K4-total[ms]	58	6144	0	8192	GENERIC	204.57872
create-batch-K4[ns]	58	6144	0	8192	CLMUL	3.28391
create-batch-K4-total[ms]	58	6144	0	8192	CLMUL	165.28451
create-batch-K4[ns]	58	6144	0	8192	CLMUL_TRI	3.31330
create-batch-K4-total[ms]	58	6144	0	8192	CLMUL_TRI	166.76380
create-batch-K8[ns]	58	6144	0	8192	GENERIC	4.38250
create-batch-K8-total[ms]	58	6144	0	8192	GENERIC	220.57861
create-batch-K8[ns]	58	6144	0	8192	CLMUL	3.10201
create-batch-K8-total[ms]	58	6144	0	8192	CLMUL	156.12908
create-batch-K8[ns]	58	6144	0	8192	CLMUL_TRI	3.08702
create-batch-K8-total[ms]	58	6144	0	8192	CLMUL_TRI	155.37498
create-batch-K1[ns]	58	7168	0	16	GENERIC	5.74855
create-batch-K1-total[ms]	58	7168	0	16	GENERIC	0.65929
create-batch-K1[ns]	58	7168	0	16	CLMUL	8.08074
create-batch-K1-total[ms]	58	7168	0	16	CLMUL	0.92676
create-batch-K1[ns]	58	7168	0	16	CLMUL_TRI	7.03824
create-batch-K1-total[ms]	58	7168	0	16	CLMUL_TRI	0.80720
create-batch-K2[ns]	58	7168	0	16	GENERIC	4.38373
create-batch-K2-total[ms]	58	7168	0	16	GENERIC	0.50276
create-batch-K2[ns]	58	7168	0	16	CLMUL	4.37087
create-batch-K2-total[ms]	58	7168	0	16	CLMUL	0.50129
create-batch-K2[ns]	58	7168	0	16	CLMUL_TRI	4.20822
create-batch-K2-total[ms]	58	7168	0	16	CLMUL_TRI	0.48263
create-batch-K4[ns]	58	7168	0	16	GENERIC	4.06121
create-batch-K4-total[ms]	58	7168	0	16	GENERIC	0.46577
create-batch-K4[ns]	58	7168	0	16	CLMUL	3.22535
create-batch-K4-total[ms]	58	7168	0	16	CLMUL	0.36991
create-batch-K4[ns]	58	7168	0	16	CLMUL_TRI	3.31127
create-batch-K4-total[ms]	58	7168	0	16	CLMUL_TRI	0.37976
create-batch-K8[ns]	58	7168	0	16	GENERIC	4.36584
create-batch-K8-total[ms]	58	7168	0	16	GENERIC	0.50071
create-batch-K8[ns]	58	7168	0	16	CLMUL	3.10041
create-batch-K8-total[ms]	58	7168	0	16	CLMUL	0.35558
create-batch-K8[ns]	58	7168	0	16	CLMUL_TRI	3.07198
create-batch-K8-total[ms]	58	7168	0	16	CLMUL_TRI	0.35232
create-batch-K1[ns]	58	7168	0	64	GENERIC	5.74605
create-batch-K1-total[ms]	58	7168	0	64	GENERIC	2.63601
create-batch-K1[ns]	58	7168	0	64	CLMUL	8.08031
create-batch-K1-total[ms]	58	7168	0	64	CLMUL	3.70686
create-batch-K1[ns]	58	7168	0	64	CLMUL_TRI	7.03873
create-batch-K1-total[ms]	58	7168	0	64	CLMUL_TRI	3.22903
create-batch-K2[ns]	58	7168	0	64	GENERIC	4.37675
create-batch-K2-total[ms]	58	7168	0	64	GENERIC	2.00784
create-batch-K2[ns]	58	7168	0	64	CLMUL	4.37148
create-batch-K2-total[ms]	58	7168	0	64	CLMUL	2.00543
create-batch-K2[ns]	58	7168	0	64	CLMUL_TRI	4.20962
create-batch-K2-total[ms]	58	7168	0	64	CLMUL_TRI	1.93117
create-batch-K4[ns]	58	7168	0	64	GENERIC	4.06099
create-batch-K4-total[ms]	58	7168	0	64	GENERIC	1.86299
create-batch-K4[ns]	58	7168	0	64	CLMUL	3.23928
create-batch-K4-total[ms]	58	7168	0	64	CLMUL	1.48602
create-batch-K4[ns]	58	7168	0	64	CLMUL_TRI	3.31521
create-batch-K4-total[ms]	58	7168	0	64	CLMUL_TRI	1.52086
create-batch-K8[ns]	58	7168	0	64	GENERIC	4.38104
create-batch-K8-total[ms]	58	7168	0	64	GENERIC	2.00981
create-batch-K8[ns]	58	7168	0	64	CLMUL	3.10447
create-batch-K8-total[ms]	58	7168	0	64	CLMUL	1.42418
create-batch-K8[ns]	58	7168	0	64	CLMUL_TRI	3.07771
create-batch-K8-total[ms]	58	7168	0	64	CLMUL_TRI	1.41191
create-batch-K1[ns]	58	7168	0	128	GENERIC	5.74822
create-batch-K1-total[ms]	58	7168	0	128	GENERIC	5.27402
create-batch-K1[ns]	58	7168	0	128	CLMUL	8.08236
create-batch-K1-total[ms]	58	7168	0	128	CLMUL	7.41560
create-batch-K1[ns]	58	7168	0	128	CLMUL_TRI	7.04067
create-batch-K1-total[ms]	58	7168	0	128	CLMUL_TRI	6.45984
create-batch-K2[ns]	58	7168	0	128	GENERIC	4.37903
create-batch-K2-total[ms]	58	7168	0	128	GENERIC	4.01778
create-batch-K2[ns]	58	7168	0	128	CLMUL	4.36986
create-batch-K2-total[ms]	58	7168	0	128	CLMUL	4.00936
create-batch-K2[ns]	58	7168	0	128	CLMUL_TRI	4.21547
create-batch-K2-total[ms]	58	7168	0	128	CLMUL_TRI	3.86771
create-batch-K4[ns]	58	7168	0	128	GENERIC	4.06299
create-batch-K4-total[ms]	58	7168	0	128	GENERIC	3.72781
create-batch-K4[ns]	58	7168	0	128	CLMUL	3.24384
create-batch-K4-total[ms]	58	7168	0	128	CLMUL	2.97624
create-batch-K4[ns]	58	7168	0	128	CLMUL_TRI	3.30635
create-batch-K4-total[ms]	58	7168	0	128	CLMUL_TRI	3.03359
create-batch-K8[ns]	58	7168	0	128	GENERIC	4.37931
create-batch-K8-total[ms]	58	7168	0	128	GENERIC	4.01803
create-batch-K8[ns]	58	7168	0	128	CLMUL	3.10129
create-batch-K8-total[ms]	58	7168	0	128	CLMUL	2.84544
create-batch-K8[ns]	58	7168	0	128	CLMUL_TRI	3.07368
create-batch-K8-total[ms]	58	7168	0	128	CLMUL_TRI	2.82011
create-batch-K1[ns]	58	7168	0	512	GENERIC	5.74891
create-batch-K1-total[ms]	58	7168	0	512	GENERIC	21.09858
create-batch-K1[ns]	58	7168	0	512	CLMUL	8.08361
create-batch-K1-total[ms]	58	7168	0	512	CLMUL	29.66697
create-batch-K1[ns]	58	7168	0	512	CLMUL_TRI	7.04139
create-batch-K1-total[ms]	58	7168	0	512	CLMUL_TRI	25.84200
create-batch-K2[ns]	58	7168	0	512	GENERIC	4.37883
create-batch-K2-total[ms]	58	7168	0	512	GENERIC	16.07037
create-batch-K2[ns]	58	7168	0	512	CLMUL	4.38112
create-batch-K2-total[ms]	58	7168	0	512	CLMUL	16.07880
create-batch-K2[ns]	58	7168	0	512	CLMUL_TRI	4.21181
create-batch-K2-total[ms]	58	7168	0	512	CLMUL_TRI	15.45741
create-batch-K4[ns]	58	7168	0	512	GENERIC	4.06200
create-batch-K4-total[ms]	58	7168	0	512	GENERIC	14.90760
create-batch-K4[ns]	58	7168	0	512	CLMUL	3.21819
create-batch-K4-total[ms]	58	7168	0	512	CLMUL	11.81080
create-batch-K4[ns]	58	7168	0	512	CLMUL_TRI	3.31245
create-batch-K4-total[ms]	58	7168	0	512	CLMUL_TRI	12.15675
create-batch-K8[ns]	58	7168	0	512	GENERIC	4.37912
create-batch-K8-total[ms]	58	7168	0	512	GENERIC	16.07146
create-batch-K8[ns]	58	7168	0	512	CLMUL	3.10580
create-batch-K8-total[ms]	58	7168	0	512	CLMUL	11.39834
create-batch-K8[ns]	58	7168	0	512	CLMUL_TRI	3.08388
create-batch-K8-total[ms]	58	7168	0	512	CLMUL_TRI	11.31787
create-batch-K1[ns]	58	7168	0	1024	GENERIC	5.74849
create-batch-K1-total[ms]	58	7168	0	1024	GENERIC	42.19410
create-batch-K1[ns]	58	7168	0	1024	CLMUL	8.08432
create-batch-K1-total[ms]	58	7168	0	1024	CLMUL	59.33920
create-batch-K1[ns]	58	7168	0	1024	CLMUL_TRI	7.04149
create-batch-K1-total[ms]	58	7168	0	1024	CLMUL_TRI	51.68480
create-batch-K2[ns]	58	7168	0	1024	GENERIC	4.37996
create-batch-K2-total[ms]	58	7168	0	1024	GENERIC	32.14905
create-batch-K2[ns]	58	7168	0	1024	CLMUL	4.38105
create-batch-K2-total[ms]	58	7168	0	1024	CLMUL	32.15708
create-batch-K2[ns]	58	7168	0	1024	CLMUL_TRI	4.21640
create-batch-K2-total[ms]	58	7168	0	1024	CLMUL_TRI	30.94853
create-batch-K4[ns]	58	7168	0	1024	GENERIC	4.06230
create-batch-K4-total[ms]	58	7168	0	1024	GENERIC	29.81744
create-batch-K4[ns]	58	7168	0	1024	CLMUL	3.27507
create-batch-K4-total[ms]	58	7168	0	1024	CLMUL	24.03912
create-batch-K4[ns]	58	7168	0	1024	CLMUL_TRI	3.31193
create-batch-K4-total[ms]	58	7168	0	1024	CLMUL_TRI	24.30967
create-batch-K8[ns]	58	7168	0	1024	GENERIC	4.37968
create-batch-K8-total[ms]	58	7168	0	1024	GENERIC	32.14702
create-batch-K8[ns]	58	7168	0	1024	CLMUL	3.09977
create-batch-K8-total[ms]	58	7168	0	1024	CLMUL	22.75238
create-batch-K8[ns]	58	7168	0	1024	CLMUL_TRI	3.08783
create-batch-K8-total[ms]	58	7168	0	1024	CLMUL_TRI	22.66481
create-batch-K1[ns]	58	7168	0	2048	GENERIC	5.74875
create-batch-K1-total[ms]	58	7168	0	2048	GENERIC	84.39196
create-batch-K1[ns]	58	7168	0	2048	CLMUL	8.08385
create-batch-K1-total[ms]	58	7168	0	2048	CLMUL	118.67137
create-batch-K1[ns]	58	7168	0	2048	CLMUL_TRI	7.04174
create-batch-K1-total[ms]	58	7168	0	2048	CLMUL_TRI	103.37322
create-batch-K2[ns]	58	7168	0	2048	GENERIC	4.37983
create-batch-K2-total[ms]	58	7168	0	2048	GENERIC	64.29625
create-batch-K2[ns]	58	7168	0	2048	CLMUL	4.38177
create-batch-K2-total[ms]	58	7168	0	2048	CLMUL	64.32467
create-batch-K2[ns]	58	7168	0	2048	CLMUL_TRI	4.21726
create-batch-K2-total[ms]	58	7168	0	2048	CLMUL_TRI	61.90969
create-batch-K4[ns]	58	7168	0	2048	GENERIC	4.06268
create-batch-K4-total[ms]	58	7168	0	2048	GENERIC	59.64038
create-batch-K4[ns]	58	7168	0	2048	CLMUL	3.25684
create-batch-K4-total[ms]	58	7168	0	2048	CLMUL	47.81068
create-batch-K4[ns]	58	7168	0	2048	CLMUL_TRI	3.31113
create-batch-K4-total[ms]	58	7168	0	2048	CLMUL_TRI	48.60753
create-batch-K8[ns]	58	7168	0	2048	GENERIC	4.37992
create-batch-K8-total[ms]	58	7168	0	2048	GENERIC	64.29751
create-batch-K8[ns]	58	7168	0	2048	CLMUL	3.10682
create-batch-K8-total[ms]	58	7168	0	2048	CLMUL	45.60835
create-batch-K8[ns]	58	7168	0	2048	CLMUL_TRI	3.08693
create-batch-K8-total[ms]	58	7168	0	2048	CLMUL_TRI	45.31629
create-batch-K1[ns]	58	7168	0	4096	GENERIC	5.74873
create-batch-K1-total[ms]	58	7168	0	4096	GENERIC	168.78344
create-batch-K1[ns]	58	7168	0	4096	CLMUL	8.08404
create-batch-K1-total[ms]	58	7168	0	4096	CLMUL	237.34847
create-batch-K1[ns]	58	7168	0	4096	CLMUL_TRI	7.04182
create-batch-K1-total[ms]	58	7168	0	4096	CLMUL_TRI	206.74864
create-batch-K2[ns]	58	7168	0	4096	GENERIC	4.38049
create-batch-K2-total[ms]	58	7168	0	4096	GENERIC	128.61163
create-batch-K2[ns]	58	7168	0	4096	CLMUL	4.38111
create-batch-K2-total[ms]	58	7168	0	4096	CLMUL	128.62981
create-batch-K2[ns]	58	7168	0	4096	CLMUL_TRI	4.21866
create-batch-K2-total[ms]	58	7168	0	4096	CLMUL_TRI	123.86052
create-batch-K4[ns]	58	7168	0	4096	GENERIC	4.06238
create-batch-K4-total[ms]	58	7168	0	4096	GENERIC	119.27199
create-batch-K4[ns]	58	7168	0	4096	CLMUL	3.27850
create-batch-K4-total[ms]	58	7168	0	4096	CLMUL	96.25707
create-batch-K4[ns]	58	7168	0	4096	CLMUL_TRI	3.31156
create-batch-K4-total[ms]	58	7168	0	4096	CLMUL_TRI	97.22780
create-batch-K8[ns]	58	7168	0	4096	GENERIC	4.37989
create-batch-K8-total[ms]	58	7168	0	4096	GENERIC	128.59407
create-batch-K8[ns]	58	7168	0	4096	CLMUL	3.10989
create-batch-K8-total[ms]	58	7168	0	4096	CLMUL	91.30687
create-batch-K8[ns]	58	7168	0	4096	CLMUL_TRI	3.08634
create-batch-K8-total[ms]	58	7168	0	4096	CLMUL_TRI	90.61530
create-batch-K1[ns]	58	7168	0	8192	GENERIC	5.75007
create-batch-K1-total[ms]	58	7168	0	8192	GENERIC	337.64544
create-batch-K1[ns]	58	7168	0	8192	CLMUL	8.08538
create-batch-K1-total[ms]	58	7168	0	8192	CLMUL	474.77574
create-batch-K1[ns]	58	7168	0	8192	CLMUL_TRI	7.04257
create-batch-K1-total[ms]	58	7168	0	8192	CLMUL_TRI	413.54137
create-batch-K2[ns]	58	7168	0	8192	GENERIC	4.38108
create-batch-K2-total[ms]	58	7168	0	8192	GENERIC	257.25820
create-batch-K2[ns]	58	7168	0	8192	CLMUL	4.38140
create-batch-K2-total[ms]	58	7168	0	8192	CLMUL	257.27704
create-batch-K2[ns]	58	7168	0	8192	CLMUL_TRI	4.21788
create-batch-K2-total[ms]	58	7168	0	8192	CLMUL_TRI	247.67494
create-batch-K4[ns]	58	7168	0	8192	GENERIC	4.06332
create-batch-K4-total[ms]	58	7168	0	8192	GENERIC	238.59932
create-batch-K4[ns]	58	7168	0	8192	CLMUL	3.27803
create-batch-K4-total[ms]	58	7168	0	8192	CLMUL	192.48678
create-batch-K4[ns]	58	7168	0	8192	CLMUL_TRI	3.31178
create-batch-K4-total[ms]	58	7168	0	8192	CLMUL_TRI	194.46839
create-batch-K8[ns]	58	7168	0	8192	GENERIC	4.38094
create-batch-K8-total[ms]	58	7168	0	8192	GENERIC	257.25005
create-batch-K8[ns]	58	7168	0	8192	CLMUL	3.10037
create-batch-K8-total[ms]	58	7168	0	8192	CLMUL	182.05479
create-batch-K8[ns]	58	7168	0	8192	CLMUL_TRI	3.08717
create-batch-K8-total[ms]	58	7168	0	8192	CLMUL_TRI	181.27941
create-batch-K1[ns]	58	8192	0	16	GENERIC	5.74480
create-batch-K1-total[ms]	58	8192	0	16	GENERIC	0.75298
create-batch-K1[ns]	58	8192	0	16	CLMUL	8.08022
create-batch-K1-total[ms]	58	8192	0	16	CLMUL	1.05909
create-batch-K1[ns]	58	8192	0	16	CLMUL_TRI	7.03824
create-batch-K1-total[ms]	58	8192	0	16	CLMUL_TRI	0.92252
create-batch-K2[ns]	58	8192	0	16	GENERIC	4.37221
create-batch-K2-total[ms]	58	8192	0	16	GENERIC	0.57307
create-batch-K2[ns]	58	8192	0	16	CLMUL	4.36951
create-batch-K2-total[ms]	58	8192	0	16	CLMUL	0.57272
create-batch-K2[ns]	58	8192	0	16	CLMUL_TRI	4.20856
create-batch-K2-total[ms]	58	8192	0	16	CLMUL_TRI	0.55162
create-batch-K4[ns]	58	8192	0	16	GENERIC	4.05929
create-batch-K4-total[ms]	58	8192	0	16	GENERIC	0.53206
create-batch-K4[ns]	58	8192	0	16	CLMUL	3.16898
create-batch-K4-total[ms]	58	8192	0	16	CLMUL	0.41536
create-batch-K4[ns]	58	8192	0	16	CLMUL_TRI	3.30397
create-batch-K4-total[ms]	58	8192	0	16	CLMUL_TRI	0.43306
create-batch-K8[ns]	58	8192	0	16	GENERIC	4.36428
create-batch-K8-total[ms]	58	8192	0	16	GENERIC	0.57204
create-batch-K8[ns]	58	8192	0	16	CLMUL	3.09193
create-batch-K8-total[ms]	58	8192	0	16	CLMUL	0.40526
create-batch-K8[ns]	58	8192	0	16	CLMUL_TRI	3.07761
create-batch-K8-total[ms]	58	8192	0	16	CLMUL_TRI	0.40339
create-batch-K1[ns]	58	8192	0	64	GENERIC	5.74649
create-batch-K1-total[ms]	58	8192	0	64	GENERIC	3.01282
create-batch-K1[ns]	58	8192	0	64	CLMUL	8.08303
create-batch-K1-total[ms]	58	8192	0	64	CLMUL	4.23784
create-batch-K1[ns]	58	8192	0	64	CLMUL_TRI	7.03897
create-batch-K1-total[ms]	58	8192	0	64	CLMUL_TRI	3.69045
create-batch-K2[ns]	58	8192	0	64	GENERIC	4.37092
create-batch-K2-total[ms]	58	8192	0	64	GENERIC	2.29162
create-batch-K2[ns]	58	8192	0	64	CLMUL	4.37488
create-batch-K2-total[ms]	58	8192	0	64	CLMUL	2.29370
create-batch-K2[ns]	58	8192	0	64	CLMUL_TRI	4.21383
create-batch-K2-total[ms]	58	8192	0	64	CLMUL_TRI	2.20926
create-batch-K4[ns]	58	8192	0	64	GENERIC	4.05916
create-batch-K4-total[ms]	58	8192	0	64	GENERIC	2.12817
create-batch-K4[ns]	58	8192	0	64	CLMUL	3.18064
create-batch-K4-total[ms]	58	8192	0	64	CLMUL	1.66757
create-batch-K4[ns]	58	8192	0	64	CLMUL_TRI	3.30306
create-batch-K4-total[ms]	58	8192	0	64	CLMUL_TRI	1.73175
create-batch-K8[ns]	58	8192	0	64	GENERIC	4.37579
create-batch-K8-total[ms]	58	8192	0	64	GENERIC	2.29418
create-batch-K8[ns]	58	8192	0	64	CLMUL	3.09178
create-batch-K8-total[ms]	58	8192	0	64	CLMUL	1.62098
create-batch-K8[ns]	58	8192	0	64	CLMUL_TRI	3.07391
create-batch-K8-total[ms]	58	8192	0	64	CLMUL_TRI	1.61161
create-batch-K1[ns]	58	8192	0	128	GENERIC	5.74701
create-batch-K1-total[ms]	58	8192	0	128	GENERIC	6.02618
create-batch-K1[ns]	58	8192	0	128	CLMUL	8.08352
create-batch-K1-total[ms]	58	8192	0	128	CLMUL	8.47619
create-batch-K1[ns]	58	8192	0	128	CLMUL_TRI	7.04007
create-batch-K1-total[ms]	58	8192	0	128	CLMUL_TRI	7.38205
create-batch-K2[ns]	58	8192	0	128	GENERIC	4.37438
create-batch-K2-total[ms]	58	8192	0	128	GENERIC	4.58687
create-batch-K2[ns]	58	8192	0	128	CLMUL	4.37888
create-batch-K2-total[ms]	58	8192	0	128	CLMUL	4.59159
create-batch-K2[ns]	58	8192	0	128	CLMUL_TRI	4.21914
create-batch-K2-total[ms]	58	8192	0	128	CLMUL_TRI	4.42408
create-batch-K4[ns]	58	8192	0	128	GENERIC	4.06080
create-batch-K4-total[ms]	58	8192	0	128	GENERIC	4.25806
create-batch-K4[ns]	58	8192	0	128	CLMUL	3.22739
create-batch-K4-total[ms]	58	8192	0	128	CLMUL	3.38416
create-batch-K4[ns]	58	8192	0	128	CLMUL_TRI	3.31527
create-batch-K4-total[ms]	58	8192	0	128	CLMUL_TRI	3.47632
create-batch-K8[ns]	58	8192	0	128	GENERIC	4.37710
create-batch-K8-total[ms]	58	8192	0	128	GENERIC	4.58972
create-batch-K8[ns]	58	8192	0	128	CLMUL	3.10771
create-batch-K8-total[ms]	58	8192	0	128	CLMUL	3.25867
create-batch-K8[ns]	58	8192	0	128	CLMUL_TRI	3.07889
create-batch-K8-total[ms]	58	8192	0	128	CLMUL_TRI	3.22845
create-batch-K1[ns]	58	8192	0	512	GENERIC	5.74668
create-batch-K1-total[ms]	58	8192	0	512	GENERIC	24.10333
create-batch-K1[ns]	58	8192	0	512	CLMUL	8.08354
create-batch-K1-total[ms]	58	8192	0	512	CLMUL	33.90481
create-batch-K1[ns]	58	8192	0	512	CLMUL_TRI	7.04117
create-batch-K1-total[ms]	58	8192	0	512	CLMUL_TRI	29.53281
create-batch-K2[ns]	58	8192	0	512	GENERIC	4.37655
create-batch-K2-total[ms]	58	8192	0	512	GENERIC	18.35658
create-batch-K2[ns]	58	8192	0	512	CLMUL	4.38091
create-batch-K2-total[ms]	58	8192	0	512	CLMUL	18.37488
create-batch-K2[ns]	58	8192	0	512	CLMUL_TRI	4.21449
create-batch-K2-total[ms]	58	8192	0	512	CLMUL_TRI	17.67684
create-batch-K4[ns]	58	8192	0	512	GENERIC	4.06073
create-batch-K4-total[ms]	58	8192	0	512	GENERIC	17.03196
create-batch-K4[ns]	58	8192	0	512	CLMUL	3.20081
create-batch-K4-total[ms]	58	8192	0	512	CLMUL	13.42516
create-batch-K4[ns]	58	8192	0	512	CLMUL_TRI	3.30890
create-batch-K4-total[ms]	58	8192	0	512	CLMUL_TRI	13.87853
create-batch-K8[ns]	58	8192	0	512	GENERIC	4.37748
create-batch-K8-total[ms]	58	8192	0	512	GENERIC	18.36050
create-batch-K8[ns]	58	8192	0	512	CLMUL	3.10620
create-batch-K8-total[ms]	58	8192	0	512	CLMUL	13.02836
create-batch-K8[ns]	58	8192	0	512	CLMUL_TRI	3.08251
create-batch-K8-total[ms]	58	8192	0	512	CLMUL_TRI	12.92899
create-batch-K1[ns]	58	8192	0	1024	GENERIC	5.74724
create-batch-K1-total[ms]	58	8192	0	1024	GENERIC	48.21130
create-batch-K1[ns]	58	8192	0	1024	CLMUL	8.08335
create-batch-K1-total[ms]	58	8192	0	1024	CLMUL	67.80808
create-batch-K1[ns]	58	8192	0	1024	CLMUL_TRI	7.04137
create-batch-K1-total[ms]	58	8192	0	1024	CLMUL_TRI	59.06731
create-batch-K2[ns]	58	8192	0	1024	GENERIC	4.37745
create-batch-K2-total[ms]	58	8192	0	1024	GENERIC	36.72070
create-batch-K2[ns]	58	8192	0	1024	CLMUL	4.38112
create-batch-K2-total[ms]	58	8192	0	1024	CLMUL	36.75151
create-batch-K2[ns]	58	8192	0	1024	CLMUL_TRI	4.21557
create-batch-K2-total[ms]	58	8192	0	1024	CLMUL_TRI	35.36277
create-batch-K4[ns]	58	8192	0	1024	GENERIC	4.06105
create-batch-K4-total[ms]	58	8192	0	1024	GENERIC	34.06659
create-batch-K4[ns]	58	8192	0	1024	CLMUL	3.22584
create-batch-K4-total[ms]	58	8192	0	1024	CLMUL	27.06032
create-batch-K4[ns]	58	8192	0	1024	CLMUL_TRI	3.31093
create-batch-K4-total[ms]	58	8192	0	1024	CLMUL_TRI	27.77407
create-batch-K8[ns]	58	8192	0	1024	GENERIC	4.37777
create-batch-K8-total[ms]	58	8192	0	1024	GENERIC	36.72343
create-batch-K8[ns]	58	8192	0	1024	CLMUL	3.10698
create-batch-K8-total[ms]	58	8192	0	1024	CLMUL	26.06324
create-batch-K8[ns]	58	8192	0	1024	CLMUL_TRI	3.08485
create-batch-K8-total[ms]	58	8192	0	1024	CLMUL_TRI	25.87756
create-batch-K1[ns]	58	8192	0	2048	GENERIC	5.74704
create-batch-K1-total[ms]	58	8192	0	2048	GENERIC	96.41939
create-batch-K1[ns]	58	8192	0	2048	CLMUL	8.08395
create-batch-K1-total[ms]	58	8192	0	2048	CLMUL	135.62611
create-batch-K1[ns]	58	8192	0	2048	CLMUL_TRI	7.04135
create-batch-K1-total[ms]	58	8192	0	2048	CLMUL_TRI	118.13432
create-batch-K2[ns]	58	8192	0	2048	GENERIC	4.37802
create-batch-K2-total[ms]	58	8192	0	2048	GENERIC	73.45107
create-batch-K2[ns]	58	8192	0	2048	CLMUL	4.38112
create-batch-K2-total[ms]	58	8192	0	2048	CLMUL	73.50297
create-batch-K2[ns]	58	8192	0	2048	CLMUL_TRI	4.21701
create-batch-K2-total[ms]	58	8192	0	2048	CLMUL_TRI	70.74971
create-batch-K4[ns]	58	8192	0	2048	GENERIC	4.06090
create-batch-K4-total[ms]	58	8192	0	2048	GENERIC	68.13067
create-batch-K4[ns]	58	8192	0	2048	CLMUL	3.27615
create-batch-K4-total[ms]	58	8192	0	2048	CLMUL	54.96476
create-batch-K4[ns]	58	8192	0	2048	CLMUL_TRI	3.31187
create-batch-K4-total[ms]	58	8192	0	2048	CLMUL_TRI	55.56403
create-batch-K8[ns]	58	8192	0	2048	GENERIC	4.37795
create-batch-K8-total[ms]	58	8192	0	2048	GENERIC	73.44976
create-batch-K8[ns]	58	8192	0	2048	CLMUL	3.10681
create-batch-K8-total[ms]	58	8192	0	2048	CLMUL	52.12362
create-batch-K8[ns]	58	8192	0	2048	CLMUL_TRI	3.08524
create-batch-K8-total[ms]	58	8192	0	2048	CLMUL_TRI	51.76168
create-batch-K1[ns]	58	8192	0	4096	GENERIC	5.74685
create-batch-K1-total[ms]	58	8192	0	4096	GENERIC	192.83226
create-batch-K1[ns]	58	8192	0	4096	CLMUL	8.08435
create-batch-K1-total[ms]	58	8192	0	4096	CLMUL	271.26564
create-batch-K1[ns]	58	8192	0	4096	CLMUL_TRI	7.04177
create-batch-K1-total[ms]	58	8192	0	4096	CLMUL_TRI	236.28273
create-batch-K2[ns]	58	8192	0	4096	GENERIC	4.37808
create-batch-K2-total[ms]	58	8192	0	4096	GENERIC	146.90393
create-batch-K2[ns]	58	8192	0	4096	CLMUL	4.38148
create-batch-K2-total[ms]	58	8192	0	4096	CLMUL	147.01824
create-batch-K2[ns]	58	8192	0	4096	CLMUL_TRI	4.21668
create-batch-K2-total[ms]	58	8192	0	4096	CLMUL_TRI	141.48839
create-batch-K4[ns]	58	8192	0	4096	GENERIC	4.06089
create-batch-K4-total[ms]	58	8192	0	4096	GENERIC	136.26073
create-batch-K4[ns]	58	8192	0	4096	CLMUL	3.27119
create-batch-K4-total[ms]	58	8192	0	4096	CLMUL	109.76289
create-batch-K4[ns]	58	8192	0	4096	CLMUL_TRI	3.31077
create-batch-K4-total[ms]	58	8192	0	4096	CLMUL_TRI	111.09088
create-batch-K8[ns]	58	8192	0	4096	GENERIC	4.37809
create-batch-K8-total[ms]	58	8192	0	4096	GENERIC	146.90445
create-batch-K8[ns]	58	8192	0	4096	CLMUL	3.10755
create-batch-K8-total[ms]	58	8192	0	4096	CLMUL	104.27209
create-batch-K8[ns]	58	8192	0	4096	CLMUL_TRI	3.08614
create-batch-K8-total[ms]	58	8192	0	4096	CLMUL_TRI	103.55382
create-batch-K1[ns]	58	8192	0	8192	GENERIC	5.74765
create-batch-K1-total[ms]	58	8192	0	8192	GENERIC	385.71836
create-batch-K1[ns]	58	8192	0	8192	CLMUL	8.08434
create-batch-K1-total[ms]	58	8192	0	8192	CLMUL	542.53098
create-batch-K1[ns]	58	8192	0	8192	CLMUL_TRI	7.04263
create-batch-K1-total[ms]	58	8192	0	8192	CLMUL_TRI	472.62280
create-batch-K2[ns]	58	8192	0	8192	GENERIC	4.37856
create-batch-K2-total[ms]	58	8192	0	8192	GENERIC	293.84019
create-batch-K2[ns]	58	8192	0	8192	CLMUL	4.38167
create-batch-K2-total[ms]	58	8192	0	8192	CLMUL	294.04911
create-batch-K2[ns]	58	8192	0	8192	CLMUL_TRI	4.21656
create-batch-K2-total[ms]	58	8192	0	8192	CLMUL_TRI	282.96854
create-batch-K4[ns]	58	8192	0	8192	GENERIC	4.06182
create-batch-K4-total[ms]	58	8192	0	8192	GENERIC	272.58384
create-batch-K4[ns]	58	8192	0	8192	CLMUL	3.26665
create-batch-K4-total[ms]	58	8192	0	8192	CLMUL	219.22142
create-batch-K4[ns]	58	8192	0	8192	CLMUL_TRI	3.31293
create-batch-K4-total[ms]	58	8192	0	8192	CLMUL_TRI	222.32680
create-batch-K8[ns]	58	8192	0	8192	GENERIC	4.37832
create-batch-K8-total[ms]	58	8192	0	8192	GENERIC	293.82438
create-batch-K8[ns]	58	8192	0	8192	CLMUL	3.10012
create-batch-K8-total[ms]	58	8192	0	8192	CLMUL	208.04533
create-batch-K8[ns]	58	8192	0	8192	CLMUL_TRI	3.08636
create-batch-K8-total[ms]	58	8192	0	8192	CLMUL_TRI	207.12216
create-batch-K1[ns]	64	128	0	16	GENERIC	6.97900
create-batch-K1-total[ms]	64	128	0	16	GENERIC	0.01429
create-batch-K1[ns]	64	128	0	16	CLMUL	6.11963
create-batch-K1-total[ms]	64	128	0	16	CLMUL	0.01253
create-batch-K2[ns]	64	128	0	16	GENERIC	5.25977
create-batch-K2-total[ms]	64	128	0	16	GENERIC	0.01077
create-batch-K2[ns]	64	128	0	16	CLMUL	3.20947
create-batch-K2-total[ms]	64	128	0	16	CLMUL	0.00657
create-batch-K4[ns]	64	128	0	16	GENERIC	5.05615
create-batch-K4-total[ms]	64	128	0	16	GENERIC	0.01035
create-batch-K4[ns]	64	128	0	16	CLMUL	1.90186
create-batch-K4-total[ms]	64	128	0	16	CLMUL	0.00390
create-batch-K8[ns]	64	128	0	16	GENERIC	5.24902
create-batch-K8-total[ms]	64	128	0	16	GENERIC	0.01075
create-batch-K8[ns]	64	128	0	16	CLMUL	1.84131
create-batch-K8-total[ms]	64	128	0	16	CLMUL	0.00377
create-batch-K1[ns]	64	128	0	64	GENERIC	6.97388
create-batch-K1-total[ms]	64	128	0	64	GENERIC	0.05713
create-batch-K1[ns]	64	128	0	64	CLMUL	6.11047
create-batch-K1-total[ms]	64	128	0	64	CLMUL	0.05006
create-batch-K2[ns]	64	128	0	64	GENERIC	5.24573
create-batch-K2-total[ms]	64	128	0	64	GENERIC	0.04297
create-batch-K2[ns]	64	128	0	64	CLMUL	3.20032
create-batch-K2-total[ms]	64	128	0	64	CLMUL	0.02622
create-batch-K4[ns]	64	128	0	64	GENERIC	5.04785
create-batch-K4-total[ms]	64	128	0	64	GENERIC	0.04135
create-batch-K4[ns]	64	128	0	64	CLMUL	1.89551
create-batch-K4-total[ms]	64	128	0	64	CLMUL	0.01553
create-batch-K8[ns]	64	128	0	64	GENERIC	5.24158
create-batch-K8-total[ms]	64	128	0	64	GENERIC	0.04294
create-batch-K8[ns]	64	128	0	64	CLMUL	1.83093
create-batch-K8-total[ms]	64	128	0	64	CLMUL	0.01500
create-batch-K1[ns]	64	128	0	128	GENERIC	6.97162
create-batch-K1-total[ms]	64	128	0	128	GENERIC	0.11422
create-batch-K1[ns]	64	128	0	128	CLMUL	6.10968
create-batch-K1-total[ms]	64	128	0	128	CLMUL	0.10010
create-batch-K2[ns]	64	128	0	128	GENERIC	5.24445
create-batch-K2-total[ms]	64	128	0	128	GENERIC	0.08593
create-batch-K2[ns]	64	128	0	128	CLMUL	3.20374
create-batch-K2-total[ms]	64	128	0	128	CLMUL	0.05249
create-batch-K4[ns]	64	128	0	128	GENERIC	5.04565
create-batch-K4-total[ms]	64	128	0	128	GENERIC	0.08267
create-batch-K4[ns]	64	128	0	128	CLMUL	1.89417
create-batch-K4-total[ms]	64	128	0	128	CLMUL	0.03103
create-batch-K8[ns]	64	128	0	128	GENERIC	5.23865
create-batch-K8-total[ms]	64	128	0	128	GENERIC	0.08583
create-batch-K8[ns]	64	128	0	128	CLMUL	1.87891
create-batch-K8-total[ms]	64	128	0	128	CLMUL	0.03078
create-batch-K1[ns]	64	128	0	512	GENERIC	6.84761
create-batch-K1-total[ms]	64	128	0	512	GENERIC	0.44877
create-batch-K1[ns]	64	128	0	512	CLMUL	6.10870
create-batch-K1-total[ms]	64	128	0	512	CLMUL	0.40034
create-batch-K2[ns]	64	128	0	512	GENERIC	5.24266
create-batch-K2-total[ms]	64	128	0	512	GENERIC	0.34358
create-batch-K2[ns]	64	128	0	512	CLMUL	3.20767
create-batch-K2-total[ms]	64	128	0	512	CLMUL	0.21022
create-batch-K4[ns]	64	128	0	512	GENERIC	5.04456
create-batch-K4-total[ms]	64	128	0	512	GENERIC	0.33060
create-batch-K4[ns]	64	128	0	512	CLMUL	1.89238
create-batch-K4-total[ms]	64	128	0	512	CLMUL	0.12402
create-batch-K8[ns]	64	128	0	512	GENERIC	5.23856
create-batch-K8-total[ms]	64	128	0	512	GENERIC	0.34331
create-batch-K8[ns]	64	128	0	512	CLMUL	1.82816
create-batch-K8-total[ms]	64	128	0	512	CLMUL	0.11981
create-batch-K1[ns]	64	128	0	1024	GENERIC	6.75918
create-batch-K1-total[ms]	64	128	0	1024	GENERIC	0.88594
create-batch-K1[ns]	64	128	0	1024	CLMUL	6.10854
create-batch-K1-total[ms]	64	128	0	1024	CLMUL	0.80066
create-batch-K2[ns]	64	128	0	1024	GENERIC	5.23937
create-batch-K2-total[ms]	64	128	0	1024	GENERIC	0.68673
create-batch-K2[ns]	64	128	0	1024	CLMUL	3.21004
create-batch-K2-total[ms]	64	128	0	1024	CLMUL	0.42075
create-batch-K4[ns]	64	128	0	1024	GENERIC	5.04086
create-batch-K4-total[ms]	64	128	0	1024	GENERIC	0.66072
create-batch-K4[ns]	64	128	0	1024	CLMUL	1.89190
create-batch-K4-total[ms]	64	128	0	1024	CLMUL	0.24798
create-batch-K8[ns]	64	128	0	1024	GENERIC	5.23813
create-batch-K8-total[ms]	64	128	0	1024	GENERIC	0.68657
create-batch-K8[ns]	64	128	0	1024	CLMUL	1.82787
create-batch-K8-total[ms]	64	128	0	1024	CLMUL	0.23958
create-batch-K1[ns]	64	128	0	2048	GENERIC	6.70822
create-batch-K1-total[ms]	64	128	0	2048	GENERIC	1.75852
create-batch-K1[ns]	64	128	0	2048	CLMUL	6.10854
create-batch-K1-total[ms]	64	128	0	2048	CLMUL	1.60132
create-batch-K2[ns]	64	128	0	2048	GENERIC	5.24023
create-batch-K2-total[ms]	64	128	0	2048	GENERIC	1.37370
create-batch-K2[ns]	64	128	0	2048	CLMUL	3.21120
create-batch-K2-total[ms]	64	128	0	2048	CLMUL	0.84180
create-batch-K4[ns]	64	128	0	2048	GENERIC	5.04079
create-batch-K4-total[ms]	64	128	0	2048	GENERIC	1.32141
create-batch-K4[ns]	64	128	0	2048	CLMUL	1.89176
create-batch-K4-total[ms]	64	128	0	2048	CLMUL	0.49591
create-batch-K8[ns]	64	128	0	2048	GENERIC	5.23819
create-batch-K8-total[ms]	64	128	0	2048	GENERIC	1.37316
create-batch-K8[ns]	64	128	0	2048	CLMUL	1.82769
create-batch-K8-total[ms]	64	128	0	2048	CLMUL	0.47912
create-batch-K1[ns]	64	128	0	4096	GENERIC	6.67972
create-batch-K1-total[ms]	64	128	0	4096	GENERIC	3.50210
create-batch-K1[ns]	64	128	0	4096	CLMUL	6.10898
create-batch-K1-total[ms]	64	128	0	4096	CLMUL	3.20287
create-batch-K2[ns]	64	128	0	4096	GENERIC	5.24044
create-batch-K2-total[ms]	64	128	0	4096	GENERIC	2.74750
create-batch-K2[ns]	64	128	0	4096	CLMUL	3.21296
create-batch-K2-total[ms]	64	128	0	4096	CLMUL	1.68451
create-batch-K4[ns]	64	128	0	4096	GENERIC	5.04089
create-batch-K4-total[ms]	64	128	0	4096	GENERIC	2.64288
create-batch-K4[ns]	64	128	0	4096	CLMUL	1.89183
create-batch-K4-total[ms]	64	128	0	4096	CLMUL	0.99186
create-batch-K8[ns]	64	128	0	4096	GENERIC	5.23803
create-batch-K8-total[ms]	64	128	0	4096	GENERIC	2.74623
create-batch-K8[ns]	64	128	0	4096	CLMUL	1.82770
create-batch-K8-total[ms]	64	128	0	4096	CLMUL	0.95824
create-batch-K1[ns]	64	128	0	8192	GENERIC	6.67557
create-batch-K1-total[ms]	64	128	0	8192	GENERIC	6.99984
create-batch-K1[ns]	64	128	0	8192	CLMUL	6.11053
create-batch-K1-total[ms]	64	128	0	8192	CLMUL	6.40735
create-batch-K2[ns]	64	128	0	8192	GENERIC	5.24268
create-batch-K2-total[ms]	64	128	0	8192	GENERIC	5.49735
create-batch-K2[ns]	64	128	0	8192	CLMUL	3.21082
create-batch-K2-total[ms]	64	128	0	8192	CLMUL	3.36679
create-batch-K4[ns]	64	128	0	8192	GENERIC	5.04226
create-batch-K4-total[ms]	64	128	0	8192	GENERIC	5.28719
create-batch-K4[ns]	64	128	0	8192	CLMUL	1.89180
create-batch-K4-total[ms]	64	128	0	8192	CLMUL	1.98370
create-batch-K8[ns]	64	128	0	8192	GENERIC	5.23983
create-batch-K8-total[ms]	64	128	0	8192	GENERIC	5.49436
create-batch-K8[ns]	64	128	0	8192	CLMUL	1.82764
create-batch-K8-total[ms]	64	128	0	8192	CLMUL	1.91642
create-batch-K1[ns]	64	256	0	16	GENERIC	6.62646
create-batch-K1-total[ms]	64	256	0	16	GENERIC	0.02714
create-batch-K1[ns]	64	256	0	16	CLMUL	6.14453
create-batch-K1-total[ms]	64	256	0	16	CLMUL	0.02517
create-batch-K2[ns]	64	256	0	16	GENERIC	4.94019
create-batch-K2-total[ms]	64	256	0	16	GENERIC	0.02023
create-batch-K2[ns]	64	256	0	16	CLMUL	3.16260
create-batch-K2-total[ms]	64	256	0	16	CLMUL	0.01295
create-batch-K4[ns]	64	256	0	16	GENERIC	4.74731
create-batch-K4-total[ms]	64	256	0	16	GENERIC	0.01945
create-batch-K4[ns]	64	256	0	16	CLMUL	1.88525
create-batch-K4-total[ms]	64	256	0	16	CLMUL	0.00772
create-batch-K8[ns]	64	256	0	16	GENERIC	4.94263
create-batch-K8-total[ms]	64	256	0	16	GENERIC	0.02024
create-batch-K8[ns]	64	256	0	16	CLMUL	1.82202
create-batch-K8-total[ms]	64	256	0	16	CLMUL	0.00746
create-batch-K1[ns]	64	256	0	64	GENERIC	6.63922
create-batch-K1-total[ms]	64	256	0	64	GENERIC	0.10878
create-batch-K1[ns]	64	256	0	64	CLMUL	6.13983
create-batch-K1-total[ms]	64	256	0	64	CLMUL	0.10059
create-batch-K2[ns]	64	256	0	64	GENERIC	4.93396
create-batch-K2-total[ms]	64	256	0	64	GENERIC	0.08084
create-batch-K2[ns]	64	256	0	64	CLMUL	3.19849
create-batch-K2-total[ms]	64	256	0	64	CLMUL	0.05240
create-batch-K4[ns]	64	256	0	64	GENERIC	4.73907
create-batch-K4-total[ms]	64	256	0	64	GENERIC	0.07765
create-batch-K4[ns]	64	256	0	64	CLMUL	1.87988
create-batch-K4-total[ms]	64	256	0	64	CLMUL	0.03080
create-batch-K8[ns]	64	256	0	64	GENERIC	4.93591
create-batch-K8-total[ms]	64	256	0	64	GENERIC	0.08087
create-batch-K8[ns]	64	256	0	64	CLMUL	1.81659
create-batch-K8-total[ms]	64	256	0	64	CLMUL	0.02976
create-batch-K1[ns]	64	256	0	128	GENERIC	6.63635
create-batch-K1-total[ms]	64	256	0	128	GENERIC	0.21746
create-batch-K1[ns]	64	256	0	128	CLMUL	6.13898
create-batch-K1-total[ms]	64	256	0	128	CLMUL	0.20116
create-batch-K2[ns]	64	256	0	128	GENERIC	4.93350
create-batch-K2-total[ms]	64	256	0	128	GENERIC	0.16166
create-batch-K2[ns]	64	256	0	128	CLMUL	3.19141
create-batch-K2-total[ms]	64	256	0	128	CLMUL	0.10458
create-batch-K4[ns]	64	256	0	128	GENERIC	4.73810
create-batch-K4-total[ms]	64	256	0	128	GENERIC	0.15526
create-batch-K4[ns]	64	256	0	128	CLMUL	1.87857
create-batch-K4-total[ms]	64	256	0	128	CLMUL	0.06156
create-batch-K8[ns]	64	256	0	128	GENERIC	4.93707
create-batch-K8-total[ms]	64	256	0	128	GENERIC	0.16178
create-batch-K8[ns]	64	256	0	128	CLMUL	1.81485
create-batch-K8-total[ms]	64	256	0	128	CLMUL	0.05947
create-batch-K1[ns]	64	256	0	512	GENERIC	6.43534
create-batch-K1-total[ms]	64	256	0	512	GENERIC	0.84349
create-batch-K1[ns]	64	256	0	512	CLMUL	6.13850
create-batch-K1-total[ms]	64	256	0	512	CLMUL	0.80458
create-batch-K2[ns]	64	256	0	512	GENERIC	4.93240
create-batch-K2-total[ms]	64	256	0	512	GENERIC	0.64650
create-batch-K2[ns]	64	256	0	512	CLMUL	3.19840
create-batch-K2-total[ms]	64	256	0	512	CLMUL	0.41922
create-batch-K4[ns]	64	256	0	512	GENERIC	4.73717
create-batch-K4-total[ms]	64	256	0	512	GENERIC	0.62091
create-batch-K4[ns]	64	256	0	512	CLMUL	1.87752
create-batch-K4-total[ms]	64	256	0	512	CLMUL	0.24609
create-batch-K8[ns]	64	256	0	512	GENERIC	4.93635
create-batch-K8-total[ms]	64	256	0	512	GENERIC	0.64702
create-batch-K8[ns]	64	256	0	512	CLMUL	1.81368
create-batch-K8-total[ms]	64	256	0	512	CLMUL	0.23772
create-batch-K1[ns]	64	256	0	1024	GENERIC	6.40372
create-batch-K1-total[ms]	64	256	0	1024	GENERIC	1.67870
create-batch-K1[ns]	64	256	0	1024	CLMUL	6.13841
create-batch-K1-total[ms]	64	256	0	1024	CLMUL	1.60915
create-batch-K2[ns]	64	256	0	1024	GENERIC	4.93255
create-batch-K2-total[ms]	64	256	0	1024	GENERIC	1.29304
create-batch-K2[ns]	64	256	0	1024	CLMUL	3.19796
create-batch-K2-total[ms]	64	256	0	1024	CLMUL	0.83833
create-batch-K4[ns]	64	256	0	1024	GENERIC	4.73722
create-batch-K4-total[ms]	64	256	0	1024	GENERIC	1.24183
create-batch-K4[ns]	64	256	0	1024	CLMUL	1.87741
create-batch-K4-total[ms]	64	256	0	1024	CLMUL	0.49215
create-batch-K8[ns]	64	256	0	1024	GENERIC	4.93628
create-batch-K8-total[ms]	64	256	0	1024	GENERIC	1.29401
create-batch-K8[ns]	64	256	0	1024	CLMUL	1.81351
create-batch-K8-total[ms]	64	256	0	1024	CLMUL	0.47540
create-batch-K1[ns]	64	256	0	2048	GENERIC	6.38267
create-batch-K1-total[ms]	64	256	0	2048	GENERIC	3.34636
create-batch-K1[ns]	64	256	0	2048	CLMUL	6.13895
create-batch-K1-total[ms]	64	256	0	2048	CLMUL	3.21858
create-batch-K2[ns]	64	256	0	2048	GENERIC	4.93347
create-batch-K2-total[ms]	64	256	0	2048	GENERIC	2.58656
create-batch-K2[ns]	64	256	0	2048	CLMUL	3.20080
create-batch-K2-total[ms]	64	256	0	2048	CLMUL	1.67814
create-batch-K4[ns]	64	256	0	2048	GENERIC	4.73702
create-batch-K4-total[ms]	64	256	0	2048	GENERIC	2.48356
create-batch-K4[ns]	64	256	0	2048	CLMUL	1.87736
create-batch-K4-total[ms]	64	256	0	2048	CLMUL	0.98428
create-batch-K8[ns]	64	256	0	2048	GENERIC	4.93618
create-batch-K8-total[ms]	64	256	0	2048	GENERIC	2.58798
create-batch-K8[ns]	64	256	0	2048	CLMUL	1.81343
create-batch-K8-total[ms]	64	256	0	2048	CLMUL	0.95076
create-batch-K1[ns]	64	256	0	4096	GENERIC	6.35993
create-batch-K1-total[ms]	64	256	0	4096	GENERIC	6.66887
create-batch-K1[ns]	64	256	0	4096	CLMUL	6.14029
create-batch-K1-total[ms]	64	256	0	4096	CLMUL	6.43856
create-batch-K2[ns]	64	256	0	4096	GENERIC	4.93479
create-batch-K2-total[ms]	64	256	0	4096	GENERIC	5.17450
create-batch-K2[ns]	64	256	0	4096	CLMUL	3.20464
create-batch-K2-total[ms]	64	256	0	4096	CLMUL	3.36031
create-batch-K4[ns]	64	256	0	4096	GENERIC	4.73859
create-batch-K4-total[ms]	64	256	0	4096	GENERIC	4.96877
create-batch-K4[ns]	64	256	0	4096	CLMUL	1.87743
create-batch-K4-total[ms]	64	256	0	4096	CLMUL	1.96862
create-batch-K8[ns]	64	256	0	4096	GENERIC	4.93789
create-batch-K8-total[ms]	64	256	0	4096	GENERIC	5.17775
create-batch-K8[ns]	64	256	0	4096	CLMUL	1.81337
create-batch-K8-total[ms]	64	256	0	4096	CLMUL	1.90146
create-batch-K1[ns]	64	256	0	8192	GENERIC	6.34695
create-batch-K1-total[ms]	64	256	0	8192	GENERIC	13.31052
create-batch-K1[ns]	64	256	0	8192	CLMUL	6.14102
create-batch-K1-total[ms]	64	256	0	8192	CLMUL	12.87865
create-batch-K2[ns]	64	256	0	8192	GENERIC	4.93533
create-batch-K2-total[ms]	64	256	0	8192	GENERIC	10.35014
create-batch-K2[ns]	64	256	0	8192	CLMUL	3.20406
create-batch-K2-total[ms]	64	256	0	8192	CLMUL	6.71941
create-batch-K4[ns]	64	256	0	8192	GENERIC	4.73882
create-batch-K4-total[ms]	64	256	0	8192	GENERIC	9.93802
create-batch-K4[ns]	64	256	0	8192	CLMUL	1.87830
create-batch-K4-total[ms]	64	256	0	8192	CLMUL	3.93907
create-batch-K8[ns]	64	256	0	8192	GENERIC	4.93785
create-batch-K8-total[ms]	64	256	0	8192	GENERIC	10.35543
create-batch-K8[ns]	64	256	0	8192	CLMUL	1.81417
create-batch-K8-total[ms]	64	256	0	8192	CLMUL	3.80460
create-batch-K1[ns]	64	512	0	16	GENERIC	6.39624
create-batch-K1-total[ms]	64	512	0	16	GENERIC	0.05240
create-batch-K1[ns]	64	512	0	16	CLMUL	6.15637
create-batch-K1-total[ms]	64	512	0	16	CLMUL	0.05043
create-batch-K2[ns]	64	512	0	16	GENERIC	4.78333
create-batch-K2-total[ms]	64	512	0	16	GENERIC	0.03918
create-batch-K2[ns]	64	512	0	16	CLMUL	3.13196
create-batch-K2-total[ms]	64	512	0	16	CLMUL	0.02566
create-batch-K4[ns]	64	512	0	16	GENERIC	4.59534
create-batch-K4-total[ms]	64	512	0	16	GENERIC	0.03765
create-batch-K4[ns]	64	512	0	16	CLMUL	1.87354
create-batch-K4-total[ms]	64	512	0	16	CLMUL	0.01535
create-batch-K8[ns]	64	512	0	16	GENERIC	4.78931
create-batch-K8-total[ms]	64	512	0	16	GENERIC	0.03923
create-batch-K8[ns]	64	512	0	16	CLMUL	1.80920
create-batch-K8-total[ms]	64	512	0	16	CLMUL	0.01482
create-batch-K1[ns]	64	512	0	64	GENERIC	6.30978
create-batch-K1-total[ms]	64	512	0	64	GENERIC	0.20676
create-batch-K1[ns]	64	512	0	64	CLMUL	6.15408
create-batch-K1-total[ms]	64	512	0	64	CLMUL	0.20166
create-batch-K2[ns]	64	512	0	64	GENERIC	4.78021
create-batch-K2-total[ms]	64	512	0	64	GENERIC	0.15664
create-batch-K2[ns]	64	512	0	64	CLMUL	3.18585
create-batch-K2-total[ms]	64	512	0	64	CLMUL	0.10439
create-batch-K4[ns]	64	512	0	64	GENERIC	4.59189
create-batch-K4-total[ms]	64	512	0	64	GENERIC	0.15047
create-batch-K4[ns]	64	512	0	64	CLMUL	1.87167
create-batch-K4-total[ms]	64	512	0	64	CLMUL	0.06133
create-batch-K8[ns]	64	512	0	64	GENERIC	4.78641
create-batch-K8-total[ms]	64	512	0	64	GENERIC	0.15684
create-batch-K8[ns]	64	512	0	64	CLMUL	1.80771
create-batch-K8-total[ms]	64	512	0	64	CLMUL	0.05923
create-batch-K1[ns]	64	512	0	128	GENERIC	6.37531
create-batch-K1-total[ms]	64	512	0	128	GENERIC	0.41781
create-batch-K1[ns]	64	512	0	128	CLMUL	6.15349
create-batch-K1-total[ms]	64	512	0	128	CLMUL	0.40327
create-batch-K2[ns]	64	512	0	128	GENERIC	4.78001
create-batch-K2-total[ms]	64	512	0	128	GENERIC	0.31326
create-batch-K2[ns]	64	512	0	128	CLMUL	3.19115
create-batch-K2-total[ms]	64	512	0	128	CLMUL	0.20913
create-batch-K4[ns]	64	512	0	128	GENERIC	4.59120
create-batch-K4-total[ms]	64	512	0	128	GENERIC	0.30089
create-batch-K4[ns]	64	512	0	128	CLMUL	1.87094
create-batch-K4-total[ms]	64	512	0	128	CLMUL	0.12261
create-batch-K8[ns]	64	512	0	128	GENERIC	4.78552
create-batch-K8-total[ms]	64	512	0	128	GENERIC	0.31362
create-batch-K8[ns]	64	512	0	128	CLMUL	1.80688
create-batch-K8-total[ms]	64	512	0	128	CLMUL	0.11842
create-batch-K1[ns]	64	512	0	512	GENERIC	6.26994
create-batch-K1-total[ms]	64	512	0	512	GENERIC	1.64363
create-batch-K1[ns]	64	512	0	512	CLMUL	6.15349
create-batch-K1-total[ms]	64	512	0	512	CLMUL	1.61310
create-batch-K2[ns]	64	512	0	512	GENERIC	4.77973
create-batch-K2-total[ms]	64	512	0	512	GENERIC	1.25298
create-batch-K2[ns]	64	512	0	512	CLMUL	3.19482
create-batch-K2-total[ms]	64	512	0	512	CLMUL	0.83750
create-batch-K4[ns]	64	512	0	512	GENERIC	4.58817
create-batch-K4-total[ms]	64	512	0	512	GENERIC	1.20276
create-batch-K4[ns]	64	512	0	512	CLMUL	1.87049
create-batch-K4-total[ms]	64	512	0	512	CLMUL	0.49034
create-batch-K8[ns]	64	512	0	512	GENERIC	4.78519
create-batch-K8-total[ms]	64	512	0	512	GENERIC	1.25441
create-batch-K8[ns]	64	512	0	512	CLMUL	1.80634
create-batch-K8-total[ms]	64	512	0	512	CLMUL	0.47352
create-batch-K1[ns]	64	512	0	1024	GENERIC	6.21974
create-batch-K1-total[ms]	64	512	0	1024	GENERIC	3.26094
create-batch-K1[ns]	64	512	0	1024	CLMUL	6.15344
create-batch-K1-total[ms]	64	512	0	1024	CLMUL	3.22618
create-batch-K2[ns]	64	512	0	1024	GENERIC	4.78000
create-batch-K2-total[ms]	64	512	0	1024	GENERIC	2.50610
create-batch-K2[ns]	64	512	0	1024	CLMUL	3.19845
create-batch-K2-total[ms]	64	512	0	1024	CLMUL	1.67691
create-batch-K4[ns]	64	512	0	1024	GENERIC	4.58815
create-batch-K4-total[ms]	64	512	0	1024	GENERIC	2.40551
create-batch-K4[ns]	64	512	0	1024	CLMUL	1.87036
create-batch-K4-total[ms]	64	512	0	1024	CLMUL	0.98061
create-batch-K8[ns]	64	512	0	1024	GENERIC	4.78505
create-batch-K8-total[ms]	64	512	0	1024	GENERIC	2.50874
create-batch-K8[ns]	64	512	0	1024	CLMUL	1.80743
create-batch-K8-total[ms]	64	512	0	1024	CLMUL	0.94761
create-batch-K1[ns]	64	512	0	2048	GENERIC	6.20724
create-batch-K1-total[ms]	64	512	0	2048	GENERIC	6.50876
create-batch-K1[ns]	64	512	0	2048	CLMUL	6.15504
create-batch-K1-total[ms]	64	512	0	2048	CLMUL	6.45403
create-batch-K2[ns]	64	512	0	2048	GENERIC	4.78156
create-batch-K2-total[ms]	64	512	0	2048	GENERIC	5.01383
create-batch-K2[ns]	64	512	0	2048	CLMUL	3.19851
create-batch-K2-total[ms]	64	512	0	2048	CLMUL	3.35388
create-batch-K4[ns]	64	512	0	2048	GENERIC	4.58941
create-batch-K4-total[ms]	64	512	0	2048	GENERIC	4.81234
create-batch-K4[ns]	64	512	0	2048	CLMUL	1.87037
create-batch-K4-total[ms]	64	512	0	2048	CLMUL	1.96122
create-batch-K8[ns]	64	512	0	2048	GENERIC	4.78679
create-batch-K8-total[ms]	64	512	0	2048	GENERIC	5.01932
create-batch-K8[ns]	64	512	0	2048	CLMUL	1.80742
create-batch-K8-total[ms]	64	512	0	2048	CLMUL	1.89521
create-batch-K1[ns]	64	512	0	4096	GENERIC	6.20633
create-batch-K1-total[ms]	64	512	0	4096	GENERIC	13.01562
create-batch-K1[ns]	64	512	0	4096	CLMUL	6.15584
create-batch-K1-total[ms]	64	512	0	4096	CLMUL	12.90973
create-batch-K2[ns]	64	512	0	4096	GENERIC	4.78158
create-batch-K2-total[ms]	64	512	0	4096	GENERIC	10.02770
create-batch-K2[ns]	64	512	0	4096	CLMUL	3.20147
create-batch-K2-total[ms]	64	512	0	4096	CLMUL	6.71398
create-batch-K4[ns]	64	512	0	4096	GENERIC	4.58947
create-batch-K4-total[ms]	64	512	0	4096	GENERIC	9.62481
create-batch-K4[ns]	64	512	0	4096	CLMUL	1.87036
create-batch-K4-total[ms]	64	512	0	4096	CLMUL	3.92244
create-batch-K8[ns]	64	512	0	4096	GENERIC	4.78687
create-batch-K8-total[ms]	64	512	0	4096	GENERIC	10.03880
create-batch-K8[ns]	64	512	0	4096	CLMUL	1.80623
create-batch-K8-total[ms]	64	512	0	4096	CLMUL	3.78793
create-batch-K1[ns]	64	512	0	8192	GENERIC	6.21292
create-batch-K1-total[ms]	64	512	0	8192	GENERIC	26.05887
create-batch-K1[ns]	64	512	0	8192	CLMUL	6.15593
create-batch-K1-total[ms]	64	512	0	8192	CLMUL	25.81983
create-batch-K2[ns]	64	512	0	8192	GENERIC	4.78197
create-batch-K2-total[ms]	64	512	0	8192	GENERIC	20.05704
create-batch-K2[ns]	64	512	0	8192	CLMUL	3.20131
create-batch-K2-total[ms]	64	512	0	8192	CLMUL	13.42725
create-batch-K4[ns]	64	512	0	8192	GENERIC	4.58983
create-batch-K4-total[ms]	64	512	0	8192	GENERIC	19.25114
create-batch-K4[ns]	64	512	0	8192	CLMUL	1.87089
create-batch-K4-total[ms]	64	512	0	8192	CLMUL	7.84707
create-batch-K8[ns]	64	512	0	8192	GENERIC	4.78737
create-batch-K8-total[ms]	64	512	0	8192	GENERIC	20.07969
create-batch-K8[ns]	64	512	0	8192	CLMUL	1.80787
create-batch-K8-total[ms]	64	512	0	8192	CLMUL	7.58275
create-batch-K1[ns]	64	1024	0	16	GENERIC	6.12933
create-batch-K1-total[ms]	64	1024	0	16	GENERIC	0.10042
create-batch-K1[ns]	64	1024	0	16	CLMUL	6.16223
create-batch-K1-total[ms]	64	1024	0	16	CLMUL	0.10096
create-batch-K2[ns]	64	1024	0	16	GENERIC	4.70807
create-batch-K2-total[ms]	64	1024	0	16	GENERIC	0.07714
create-batch-K2[ns]	64	1024	0	16	CLMUL	3.16876
create-batch-K2-total[ms]	64	1024	0	16	CLMUL	0.05192
create-batch-K4[ns]	64	1024	0	16	GENERIC	4.51013
create-batch-K4-total[ms]	64	1024	0	16	GENERIC	0.07389
create-batch-K4[ns]	64	1024	0	16	CLMUL	1.86896
create-batch-K4-total[ms]	64	1024	0	16	CLMUL	0.03062
create-batch-K8[ns]	64	1024	0	16	GENERIC	4.70850
create-batch-K8-total[ms]	64	1024	0	16	GENERIC	0.07714
create-batch-K8[ns]	64	1024	0	16	CLMUL	1.80579
create-batch-K8-total[ms]	64	1024	0	16	CLMUL	0.02959
create-batch-K1[ns]	64	1024	0	64	GENERIC	6.26064
create-batch-K1-total[ms]	64	1024	0	64	GENERIC	0.41030
create-batch-K1[ns]	64	1024	0	64	CLMUL	6.16107
create-batch-K1-total[ms]	64	1024	0	64	CLMUL	0.40377
create-batch-K2[ns]	64	1024	0	64	GENERIC	4.70590
create-batch-K2-total[ms]	64	1024	0	64	GENERIC	0.30841
create-batch-K2[ns]	64	1024	0	64	CLMUL	3.17509
create-batch-K2-total[ms]	64	1024	0	64	CLMUL	0.20808
create-batch-K4[ns]	64	1024	0	64	GENERIC	4.51323
create-batch-K4-total[ms]	64	1024	0	64	GENERIC	0.29578
create-batch-K4[ns]	64	1024	0	64	CLMUL	1.86746
create-batch-K4-total[ms]	64	1024	0	64	CLMUL	0.12239
create-batch-K8[ns]	64	1024	0	64	GENERIC	4.70683
create-batch-K8-total[ms]	64	1024	0	64	GENERIC	0.30847
create-batch-K8[ns]	64	1024	0	64	CLMUL	1.80394
create-batch-K8-total[ms]	64	1024	0	64	CLMUL	0.11822
create-batch-K1[ns]	64	1024	0	128	GENERIC	6.28537
create-batch-K1-total[ms]	64	1024	0	128	GENERIC	0.82384
create-batch-K1[ns]	64	1024	0	128	CLMUL	6.16090
create-batch-K1-total[ms]	64	1024	0	128	CLMUL	0.80752
create-batch-K2[ns]	64	1024	0	128	GENERIC	4.70540
create-batch-K2-total[ms]	64	1024	0	128	GENERIC	0.61675
create-batch-K2[ns]	64	1024	0	128	CLMUL	3.18745
create-batch-K2-total[ms]	64	1024	0	128	CLMUL	0.41779
create-batch-K4[ns]	64	1024	0	128	GENERIC	4.51483
create-batch-K4-total[ms]	64	1024	0	128	GENERIC	0.59177
create-batch-K4[ns]	64	1024	0	128	CLMUL	1.86721
create-batch-K4-total[ms]	64	1024	0	128	CLMUL	0.24474
create-batch-K8[ns]	64	1024	0	128	GENERIC	4.70659
create-batch-K8-total[ms]	64	1024	0	128	GENERIC	0.61690
create-batch-K8[ns]	64	1024	0	128	CLMUL	1.80358
create-batch-K8-total[ms]	64	1024	0	128	CLMUL	0.23640
create-batch-K1[ns]	64	1024	0	512	GENERIC	6.12531
create-batch-K1-total[ms]	64	1024	0	512	GENERIC	3.21143
create-batch-K1[ns]	64	1024	0	512	CLMUL	6.16082
create-batch-K1-total[ms]	64	1024	0	512	CLMUL	3.23004
create-batch-K2[ns]	64	1024	0	512	GENERIC	4.70507
create-batch-K2-total[ms]	64	1024	0	512	GENERIC	2.46681
create-batch-K2[ns]	64	1024	0	512	CLMUL	3.19129
create-batch-K2-total[ms]	64	1024	0	512	CLMUL	1.67315
create-batch-K4[ns]	64	1024	0	512	GENERIC	4.51545
create-batch-K4-total[ms]	64	1024	0	512	GENERIC	2.36739
create-batch-K4[ns]	64	1024	0	512	CLMUL	1.86693
create-batch-K4-total[ms]	64	1024	0	512	CLMUL	0.97881
create-batch-K8[ns]	64	1024	0	512	GENERIC	4.70629
create-batch-K8-total[ms]	64	1024	0	512	GENERIC	2.46745
create-batch-K8[ns]	64	1024	0	512	CLMUL	1.80349
create-batch-K8-total[ms]	64	1024	0	512	CLMUL	0.94555
create-batch-K1[ns]	64	1024	0	1024	GENERIC	6.13409
create-batch-K1-total[ms]	64	1024	0	1024	GENERIC	6.43206
create-batch-K1[ns]	64	1024	0	1024	CLMUL	6.16249
create-batch-K1-total[ms]	64	1024	0	1024	CLMUL	6.46184
create-batch-K2[ns]	64	1024	0	1024	GENERIC	4.70678
create-batch-K2-total[ms]	64	1024	0	1024	GENERIC	4.93541
create-batch-K2[ns]	64	1024	0	1024	CLMUL	3.19743
create-batch-K2-total[ms]	64	1024	0	1024	CLMUL	3.35275
create-batch-K4[ns]	64	1024	0	1024	GENERIC	4.51677
create-batch-K4-total[ms]	64	1024	0	1024	GENERIC	4.73618
create-batch-K4[ns]	64	1024	0	1024	CLMUL	1.86689
create-batch-K4-total[ms]	64	1024	0	1024	CLMUL	1.95758
create-batch-K8[ns]	64	1024	0	1024	GENERIC	4.70802
create-batch-K8-total[ms]	64	1024	0	1024	GENERIC	4.93671
create-batch-K8[ns]	64	1024	0	1024	CLMUL	1.80328
create-batch-K8-total[ms]	64	1024	0	1024	CLMUL	1.89088
create-batch-K1[ns]	64	1024	0	2048	GENERIC	6.13039
create-batch-K1-total[ms]	64	1024	0	2048	GENERIC	12.85637
create-batch-K1[ns]	64	1024	0	2048	CLMUL	6.16324
create-batch-K1-total[ms]	64	1024	0	2048	CLMUL	12.92525
create-batch-K2[ns]	64	1024	0	2048	GENERIC	4.70665
create-batch-K2-total[ms]	64	1024	0	2048	GENERIC	9.87057
create-batch-K2[ns]	64	1024	0	2048	CLMUL	3.19849
create-batch-K2-total[ms]	64	1024	0	2048	CLMUL	6.70772
create-batch-K4[ns]	64	1024	0	2048	GENERIC	4.51667
create-batch-K4-total[ms]	64	1024	0	2048	GENERIC	9.47214
create-batch-K4[ns]	64	1024	0	2048	CLMUL	1.86690
create-batch-K4-total[ms]	64	1024	0	2048	CLMUL	3.91517
create-batch-K8[ns]	64	1024	0	2048	GENERIC	4.70803
create-batch-K8-total[ms]	64	1024	0	2048	GENERIC	9.87346
create-batch-K8[ns]	64	1024	0	2048	CLMUL	1.80413
create-batch-K8-total[ms]	64	1024	0	2048	CLMUL	3.78353
create-batch-K1[ns]	64	1024	0	4096	GENERIC	6.12624
create-batch-K1-total[ms]	64	1024	0	4096	GENERIC	25.69531
create-batch-K1[ns]	64	1024	0	4096	CLMUL	6.16324
create-batch-K1-total[ms]	64	1024	0	4096	CLMUL	25.85050
create-batch-K2[ns]	64	1024	0	4096	GENERIC	4.70709
create-batch-K2-total[ms]	64	1024	0	4096	GENERIC	19.74299
create-batch-K2[ns]	64	1024	0	4096	CLMUL	3.20002
create-batch-K2-total[ms]	64	1024	0	4096	CLMUL	13.42185
create-batch-K4[ns]	64	1024	0	4096	GENERIC	4.51669
create-batch-K4-total[ms]	64	1024	0	4096	GENERIC	18.94438
create-batch-K4[ns]	64	1024	0	4096	CLMUL	1.86733
create-batch-K4-total[ms]	64	1024	0	4096	CLMUL	7.83216
create-batch-K8[ns]	64	1024	0	4096	GENERIC	4.70814
create-batch-K8-total[ms]	64	1024	0	4096	GENERIC	19.74736
create-batch-K8[ns]	64	1024	0	4096	CLMUL	1.80313
create-batch-K8-total[ms]	64	1024	0	4096	CLMUL	7.56287
create-batch-K1[ns]	64	1024	0	8192	GENERIC	6.12594
create-batch-K1-total[ms]	64	1024	0	8192	GENERIC	51.38813
create-batch-K1[ns]	64	1024	0	8192	CLMUL	6.16351
create-batch-K1-total[ms]	64	1024	0	8192	CLMUL	51.70323
create-batch-K2[ns]	64	1024	0	8192	GENERIC	4.70696
create-batch-K2-total[ms]	64	1024	0	8192	GENERIC	39.48482
create-batch-K2[ns]	64	1024	0	8192	CLMUL	3.19982
create-batch-K2-total[ms]	64	1024	0	8192	CLMUL	26.84205
create-batch-K4[ns]	64	1024	0	8192	GENERIC	4.51695
create-batch-K4-total[ms]	64	1024	0	8192	GENERIC	37.89089
create-batch-K4[ns]	64	1024	0	8192	CLMUL	1.86747
create-batch-K4-total[ms]	64	1024	0	8192	CLMUL	15.66545
create-batch-K8[ns]	64	1024	0	8192	GENERIC	4.70896
create-batch-K8-total[ms]	64	1024	0	8192	GENERIC	39.50165
create-batch-K8[ns]	64	1024	0	8192	CLMUL	1.80397
create-batch-K8-total[ms]	64	1024	0	8192	CLMUL	15.13277
create-batch-K1[ns]	64	2048	0	16	GENERIC	6.21329
create-batch-K1-total[ms]	64	2048	0	16	GENERIC	0.20360
create-batch-K1[ns]	64	2048	0	16	CLMUL	6.16583
create-batch-K1-total[ms]	64	2048	0	16	CLMUL	0.20204
create-batch-K2[ns]	64	2048	0	16	GENERIC	4.67072
create-batch-K2-total[ms]	64	2048	0	16	GENERIC	0.15305
create-batch-K2[ns]	64	2048	0	16	CLMUL	3.15073
create-batch-K2-total[ms]	64	2048	0	16	CLMUL	0.10324
create-batch-K4[ns]	64	2048	0	16	GENERIC	4.47113
create-batch-K4-total[ms]	64	2048	0	16	GENERIC	0.14651
create-batch-K4[ns]	64	2048	0	16	CLMUL	1.86688
create-batch-K4-total[ms]	64	2048	0	16	CLMUL	0.06117
create-batch-K8[ns]	64	2048	0	16	GENERIC	4.66806
create-batch-K8-total[ms]	64	2048	0	16	GENERIC	0.15296
create-batch-K8[ns]	64	2048	0	16	CLMUL	1.80298
create-batch-K8-total[ms]	64	2048	0	16	CLMUL	0.05908
create-batch-K1[ns]	64	2048	0	64	GENERIC	6.12195
create-batch-K1-total[ms]	64	2048	0	64	GENERIC	0.80242
create-batch-K1[ns]	64	2048	0	64	CLMUL	6.16514
create-batch-K1-total[ms]	64	2048	0	64	CLMUL	0.80808
create-batch-K2[ns]	64	2048	0	64	GENERIC	4.66969
create-batch-K2-total[ms]	64	2048	0	64	GENERIC	0.61207
create-batch-K2[ns]	64	2048	0	64	CLMUL	3.17403
create-batch-K2-total[ms]	64	2048	0	64	CLMUL	0.41603
create-batch-K4[ns]	64	2048	0	64	GENERIC	4.46969
create-batch-K4-total[ms]	64	2048	0	64	GENERIC	0.58585
create-batch-K4[ns]	64	2048	0	64	CLMUL	1.86562
create-batch-K4-total[ms]	64	2048	0	64	CLMUL	0.24453
create-batch-K8[ns]	64	2048	0	64	GENERIC	4.66714
create-batch-K8-total[ms]	64	2048	0	64	GENERIC	0.61173
create-batch-K8[ns]	64	2048	0	64	CLMUL	1.80209
create-batch-K8-total[ms]	64	2048	0	64	CLMUL	0.23620
create-batch-K1[ns]	64	2048	0	128	GENERIC	6.14754
create-batch-K1-total[ms]	64	2048	0	128	GENERIC	1.61154
create-batch-K1[ns]	64	2048	0	128	CLMUL	6.16489
create-batch-K1-total[ms]	64	2048	0	128	CLMUL	1.61609
create-batch-K2[ns]	64	2048	0	128	GENERIC	4.66965
create-batch-K2-total[ms]	64	2048	0	128	GENERIC	1.22412
create-batch-K2[ns]	64	2048	0	128	CLMUL	3.18819
create-batch-K2-total[ms]	64	2048	0	128	CLMUL	0.83576
create-batch-K4[ns]	64	2048	0	128	GENERIC	4.47256
create-batch-K4-total[ms]	64	2048	0	128	GENERIC	1.17245
create-batch-K4[ns]	64	2048	0	128	CLMUL	1.86530
create-batch-K4-total[ms]	64	2048	0	128	CLMUL	0.48898
create-batch-K8[ns]	64	2048	0	128	GENERIC	4.66711
create-batch-K8-total[ms]	64	2048	0	128	GENERIC	1.22345
create-batch-K8[ns]	64	2048	0	128	CLMUL	1.80191
create-batch-K8-total[ms]	64	2048	0	128	CLMUL	0.47236
create-batch-K1[ns]	64	2048	0	512	GENERIC	6.09342
create-batch-K1-total[ms]	64	2048	0	512	GENERIC	6.38941
create-batch-K1[ns]	64	2048	0	512	CLMUL	6.16736
create-batch-K1-total[ms]	64	2048	0	512	CLMUL	6.46695
create-batch-K2[ns]	64	2048	0	512	GENERIC	4.67110
create-batch-K2-total[ms]	64	2048	0	512	GENERIC	4.89800
create-batch-K2[ns]	64	2048	0	512	CLMUL	3.19172
create-batch-K2-total[ms]	64	2048	0	512	CLMUL	3.34676
create-batch-K4[ns]	64	2048	0	512	GENERIC	4.47575
create-batch-K4-total[ms]	64	2048	0	512	GENERIC	4.69316
create-batch-K4[ns]	64	2048	0	512	CLMUL	1.86516
create-batch-K4-total[ms]	64	2048	0	512	CLMUL	1.95576
create-batch-K8[ns]	64	2048	0	512	GENERIC	4.66918
create-batch-K8-total[ms]	64	2048	0	512	GENERIC	4.89599
create-batch-K8[ns]	64	2048	0	512	CLMUL	1.80175
create-batch-K8-total[ms]	64	2048	0	512	CLMUL	1.88927
create-batch-K1[ns]	64	2048	0	1024	GENERIC	6.09473
create-batch-K1-total[ms]	64	2048	0	1024	GENERIC	12.78158
create-batch-K1[ns]	64	2048	0	1024	CLMUL	6.16729
create-batch-K1-total[ms]	64	2048	0	1024	CLMUL	12.93374
create-batch-K2[ns]	64	2048	0	1024	GENERIC	4.67088
create-batch-K2-total[ms]	64	2048	0	1024	GENERIC	9.79555
create-batch-K2[ns]	64	2048	0	1024	CLMUL	3.19398
create-batch-K2-total[ms]	64	2048	0	1024	CLMUL	6.69826
create-batch-K4[ns]	64	2048	0	1024	GENERIC	4.47568
create-batch-K4-total[ms]	64	2048	0	1024	GENERIC	9.38619
create-batch-K4[ns]	64	2048	0	1024	CLMUL	1.86601
create-batch-K4-total[ms]	64	2048	0	1024	CLMUL	3.91330
create-batch-K8[ns]	64	2048	0	1024	GENERIC	4.66886
create-batch-K8-total[ms]	64	2048	0	1024	GENERIC	9.79131
create-batch-K8[ns]	64	2048	0	1024	CLMUL	1.80175
create-batch-K8-total[ms]	64	2048	0	1024	CLMUL	3.77855
create-batch-K1[ns]	64	2048	0	2048	GENERIC	6.09202
create-batch-K1-total[ms]	64	2048	0	2048	GENERIC	25.55178
create-batch-K1[ns]	64	2048	0	2048	CLMUL	6.16749
create-batch-K1-total[ms]	64	2048	0	2048	CLMUL	25.86831
create-batch-K2[ns]	64	2048	0	2048	GENERIC	4.67126
create-batch-K2-total[ms]	64	2048	0	2048	GENERIC	19.59270
create-batch-K2[ns]	64	2048	0	2048	CLMUL	3.19532
create-batch-K2-total[ms]	64	2048	0	2048	CLMUL	13.40213
create-batch-K4[ns]	64	2048	0	2048	GENERIC	4.47606
create-batch-K4-total[ms]	64	2048	0	2048	GENERIC	18.77396
create-batch-K4[ns]	64	2048	0	2048	CLMUL	1.86562
create-batch-K4-total[ms]	64	2048	0	2048	CLMUL	7.82498
create-batch-K8[ns]	64	2048	0	2048	GENERIC	4.66927
create-batch-K8-total[ms]	64	2048	0	2048	GENERIC	19.58433
create-batch-K8[ns]	64	2048	0	2048	CLMUL	1.80222
create-batch-K8-total[ms]	64	2048	0	2048	CLMUL	7.55906
create-batch-K1[ns]	64	2048	0	4096	GENERIC	6.08786
create-batch-K1-total[ms]	64	2048	0	4096	GENERIC	51.06866
create-batch-K1[ns]	64	2048	0	4096	CLMUL	6.16732
create-batch-K1-total[ms]	64	2048	0	4096	CLMUL	51.73524
create-batch-K2[ns]	64	2048	0	4096	GENERIC	4.67149
create-batch-K2-total[ms]	64	2048	0	4096	GENERIC	39.18730
create-batch-K2[ns]	64	2048	0	4096	CLMUL	3.19622
create-batch-K2-total[ms]	64	2048	0	4096	CLMUL	26.81182
create-batch-K4[ns]	64	2048	0	4096	GENERIC	4.47603
create-batch-K4-total[ms]	64	2048	0	4096	GENERIC	37.54766
create-batch-K4[ns]	64	2048	0	4096	CLMUL	1.86572
create-batch-K4-total[ms]	64	2048	0	4096	CLMUL	15.65076
create-batch-K8[ns]	64	2048	0	4096	GENERIC	4.66911
create-batch-K8-total[ms]	64	2048	0	4096	GENERIC	39.16730
create-batch-K8[ns]	64	2048	0	4096	CLMUL	1.80234
create-batch-K8-total[ms]	64	2048	0	4096	CLMUL	15.11916
create-batch-K1[ns]	64	2048	0	8192	GENERIC	6.08973
create-batch-K1-total[ms]	64	2048	0	8192	GENERIC	102.16866
create-batch-K1[ns]	64	2048	0	8192	CLMUL	6.16751
create-batch-K1-total[ms]	64	2048	0	8192	CLMUL	103.47359
create-batch-K2[ns]	64	2048	0	8192	GENERIC	4.67157
create-batch-K2-total[ms]	64	2048	0	8192	GENERIC	78.37590
create-batch-K2[ns]	64	2048	0	8192	CLMUL	3.19728
create-batch-K2-total[ms]	64	2048	0	8192	CLMUL	53.64151
create-batch-K4[ns]	64	2048	0	8192	GENERIC	4.47605
create-batch-K4-total[ms]	64	2048	0	8192	GENERIC	75.09567
create-batch-K4[ns]	64	2048	0	8192	CLMUL	1.86594
create-batch-K4-total[ms]	64	2048	0	8192	CLMUL	31.30530
create-batch-K8[ns]	64	2048	0	8192	GENERIC	4.66929
create-batch-K8-total[ms]	64	2048	0	8192	GENERIC	78.33764
create-batch-K8[ns]	64	2048	0	8192	CLMUL	1.80251
create-batch-K8-total[ms]	64	2048	0	8192	CLMUL	30.24112
create-batch-K1[ns]	64	3072	0	16	GENERIC	6.26896
create-batch-K1-total[ms]	64	3072	0	16	GENERIC	0.30813
create-batch-K1[ns]	64	3072	0	16	CLMUL	6.16659
create-batch-K1-total[ms]	64	3072	0	16	CLMUL	0.30310
create-batch-K2[ns]	64	3072	0	16	GENERIC	4.65609
create-batch-K2-total[ms]	64	3072	0	16	GENERIC	0.22886
create-batch-K2[ns]	64	3072	0	16	CLMUL	3.16597
create-batch-K2-total[ms]	64	3072	0	16	CLMUL	0.15561
create-batch-K4[ns]	64	3072	0	16	GENERIC	4.45483
create-batch-K4-total[ms]	64	3072	0	16	GENERIC	0.21896
create-batch-K4[ns]	64	3072	0	16	CLMUL	1.86554
create-batch-K4-total[ms]	64	3072	0	16	CLMUL	0.09169
create-batch-K8[ns]	64	3072	0	16	GENERIC	4.65448
create-batch-K8-total[ms]	64	3072	0	16	GENERIC	0.22878
create-batch-K8[ns]	64	3072	0	16	CLMUL	1.80186
create-batch-K8-total[ms]	64	3072	0	16	CLMUL	0.08857
create-batch-K1[ns]	64	3072	0	64	GENERIC	6.15440
create-batch-K1-total[ms]	64	3072	0	64	GENERIC	1.21001
create-batch-K1[ns]	64	3072	0	64	CLMUL	6.16620
create-batch-K1-total[ms]	64	3072	0	64	CLMUL	1.21233
create-batch-K2[ns]	64	3072	0	64	GENERIC	4.65523
create-batch-K2-total[ms]	64	3072	0	64	GENERIC	0.91526
create-batch-K2[ns]	64	3072	0	64	CLMUL	3.16554
create-batch-K2-total[ms]	64	3072	0	64	CLMUL	0.62237
create-batch-K4[ns]	64	3072	0	64	GENERIC	4.45585
create-batch-K4-total[ms]	64	3072	0	64	GENERIC	0.87606
create-batch-K4[ns]	64	3072	0	64	CLMUL	1.86495
create-batch-K4-total[ms]	64	3072	0	64	CLMUL	0.36667
create-batch-K8[ns]	64	3072	0	64	GENERIC	4.65396
create-batch-K8-total[ms]	64	3072	0	64	GENERIC	0.91500
create-batch-K8[ns]	64	3072	0	64	CLMUL	1.80109
create-batch-K8-total[ms]	64	3072	0	64	CLMUL	0.35411
create-batch-K1[ns]	64	3072	0	128	GENERIC	6.13389
create-batch-K1-total[ms]	64	3072	0	128	GENERIC	2.41194
create-batch-K1[ns]	64	3072	0	128	CLMUL	6.16605
create-batch-K1-total[ms]	64	3072	0	128	CLMUL	2.42459
create-batch-K2[ns]	64	3072	0	128	GENERIC	4.65507
create-batch-K2-total[ms]	64	3072	0	128	GENERIC	1.83045
create-batch-K2[ns]	64	3072	0	128	CLMUL	3.18665
create-batch-K2-total[ms]	64	3072	0	128	CLMUL	1.25304
create-batch-K4[ns]	64	3072	0	128	GENERIC	4.46129
create-batch-K4-total[ms]	64	3072	0	128	GENERIC	1.75425
create-batch-K4[ns]	64	3072	0	128	CLMUL	1.86475
create-batch-K4-total[ms]	64	3072	0	128	CLMUL	0.73325
create-batch-K8[ns]	64	3072	0	128	GENERIC	4.65382
create-batch-K8-total[ms]	64	3072	0	128	GENERIC	1.82996
create-batch-K8[ns]	64	3072	0	128	CLMUL	1.80096
create-batch-K8-total[ms]	64	3072	0	128	CLMUL	0.70817
create-batch-K1[ns]	64	3072	0	512	GENERIC	6.08099
create-batch-K1-total[ms]	64	3072	0	512	GENERIC	9.56458
create-batch-K1[ns]	64	3072	0	512	CLMUL	6.16805
create-batch-K1-total[ms]	64	3072	0	512	CLMUL	9.70150
create-batch-K2[ns]	64	3072	0	512	GENERIC	4.65623
create-batch-K2-total[ms]	64	3072	0	512	GENERIC	7.32362
create-batch-K2[ns]	64	3072	0	512	CLMUL	3.18736
create-batch-K2-total[ms]	64	3072	0	512	CLMUL	5.01329
create-batch-K4[ns]	64	3072	0	512	GENERIC	4.46072
create-batch-K4-total[ms]	64	3072	0	512	GENERIC	7.01610
create-batch-K4[ns]	64	3072	0	512	CLMUL	1.86467
create-batch-K4-total[ms]	64	3072	0	512	CLMUL	2.93287
create-batch-K8[ns]	64	3072	0	512	GENERIC	4.65556
create-batch-K8-total[ms]	64	3072	0	512	GENERIC	7.32256
create-batch-K8[ns]	64	3072	0	512	CLMUL	1.80091
create-batch-K8-total[ms]	64	3072	0	512	CLMUL	2.83258
create-batch-K1[ns]	64	3072	0	1024	GENERIC	6.08078
create-batch-K1-total[ms]	64	3072	0	1024	GENERIC	19.12847
create-batch-K1[ns]	64	3072	0	1024	CLMUL	6.16809
create-batch-K1-total[ms]	64	3072	0	1024	CLMUL	19.40314
create-batch-K2[ns]	64	3072	0	1024	GENERIC	4.65674
create-batch-K2-total[ms]	64	3072	0	1024	GENERIC	14.64882
create-batch-K2[ns]	64	3072	0	1024	CLMUL	3.18825
create-batch-K2-total[ms]	64	3072	0	1024	CLMUL	10.02935
create-batch-K4[ns]	64	3072	0	1024	GENERIC	4.46172
create-batch-K4-total[ms]	64	3072	0	1024	GENERIC	14.03535
create-batch-K4[ns]	64	3072	0	1024	CLMUL	1.86521
create-batch-K4-total[ms]	64	3072	0	1024	CLMUL	5.86744
create-batch-K8[ns]	64	3072	0	1024	GENERIC	4.65652
create-batch-K8-total[ms]	64	3072	0	1024	GENERIC	14.64815
create-batch-K8[ns]	64	3072	0	1024	CLMUL	1.80143
create-batch-K8-total[ms]	64	3072	0	1024	CLMUL	5.66682
create-batch-K1[ns]	64	3072	0	2048	GENERIC	6.07929
create-batch-K1-total[ms]	64	3072	0	2048	GENERIC	38.24760
create-batch-K1[ns]	64	3072	0	2048	CLMUL	6.16846
create-batch-K1-total[ms]	64	3072	0	2048	CLMUL	38.80858
create-batch-K2[ns]	64	3072	0	2048	GENERIC	4.65719
create-batch-K2-total[ms]	64	3072	0	2048	GENERIC	29.30052
create-batch-K2[ns]	64	3072	0	2048	CLMUL	3.19108
create-batch-K2-total[ms]	64	3072	0	2048	CLMUL	20.07651
create-batch-K4[ns]	64	3072	0	2048	GENERIC	4.46133
create-batch-K4-total[ms]	64	3072	0	2048	GENERIC	28.06827
create-batch-K4[ns]	64	3072	0	2048	CLMUL	1.86546
create-batch-K4-total[ms]	64	3072	0	2048	CLMUL	11.73648
create-batch-K8[ns]	64	3072	0	2048	GENERIC	4.65616
create-batch-K8-total[ms]	64	3072	0	2048	GENERIC	29.29405
create-batch-K8[ns]	64	3072	0	2048	CLMUL	1.80144
create-batch-K8-total[ms]	64	3072	0	2048	CLMUL	11.33368
create-batch-K1[ns]	64	3072	0	4096	GENERIC	6.07896
create-batch-K1-total[ms]	64	3072	0	4096	GENERIC	76.49106
create-batch-K1[ns]	64	3072	0	4096	CLMUL	6.16864
create-batch-K1-total[ms]	64	3072	0	4096	CLMUL	77.61946
create-batch-K2[ns]	64	3072	0	4096	GENERIC	4.65747
create-batch-K2-total[ms]	64	3072	0	4096	GENERIC	58.60448
create-batch-K2[ns]	64	3072	0	4096	CLMUL	3.19015
create-batch-K2-total[ms]	64	3072	0	4096	CLMUL	40.14136
create-batch-K4[ns]	64	3072	0	4096	GENERIC	4.46185
create-batch-K4-total[ms]	64	3072	0	4096	GENERIC	56.14308
create-batch-K4[ns]	64	3072	0	4096	CLMUL	1.86551
create-batch-K4-total[ms]	64	3072	0	4096	CLMUL	23.47356
create-batch-K8[ns]	64	3072	0	4096	GENERIC	4.65587
create-batch-K8-total[ms]	64	3072	0	4096	GENERIC	58.58439
create-batch-K8[ns]	64	3072	0	4096	CLMUL	1.80161
create-batch-K8-total[ms]	64	3072	0	4096	CLMUL	22.66956
create-batch-K1[ns]	64	3072	0	8192	GENERIC	6.07914
create-batch-K1-total[ms]	64	3072	0	8192	GENERIC	152.98660
create-batch-K1[ns]	64	3072	0	8192	CLMUL	6.16868
create-batch-K1-total[ms]	64	3072	0	8192	CLMUL	155.23987
create-batch-K2[ns]	64	3072	0	8192	GENERIC	4.65718
create-batch-K2-total[ms]	64	3072	0	8192	GENERIC	117.20184
create-batch-K2[ns]	64	3072	0	8192	CLMUL	3.19135
create-batch-K2-total[ms]	64	3072	0	8192	CLMUL	80.31301
create-batch-K4[ns]	64	3072	0	8192	GENERIC	4.46215
create-batch-K4-total[ms]	64	3072	0	8192	GENERIC	112.29371
create-batch-K4[ns]	64	3072	0	8192	CLMUL	1.86550
create-batch-K4-total[ms]	64	3072	0	8192	CLMUL	46.94677
create-batch-K8[ns]	64	3072	0	8192	GENERIC	4.65610
create-batch-K8-total[ms]	64	3072	0	8192	GENERIC	117.17458
create-batch-K8[ns]	64	3072	0	8192	CLMUL	1.80168
create-batch-K8-total[ms]	64	3072	0	8192	CLMUL	45.34069
create-batch-K1[ns]	64	4096	0	16	GENERIC	6.06998
create-batch-K1-total[ms]	64	4096	0	16	GENERIC	0.39780
create-batch-K1[ns]	64	4096	0	16	CLMUL	6.16849
create-batch-K1-total[ms]	64	4096	0	16	CLMUL	0.40426
create-batch-K2[ns]	64	4096	0	16	GENERIC	4.64861
create-batch-K2-total[ms]	64	4096	0	16	GENERIC	0.30465
create-batch-K2[ns]	64	4096	0	16	CLMUL	3.10402
create-batch-K2-total[ms]	64	4096	0	16	CLMUL	0.20342
create-batch-K4[ns]	64	4096	0	16	GENERIC	4.44600
create-batch-K4-total[ms]	64	4096	0	16	GENERIC	0.29137
create-batch-K4[ns]	64	4096	0	16	CLMUL	1.86729
create-batch-K4-total[ms]	64	4096	0	16	CLMUL	0.12238
create-batch-K8[ns]	64	4096	0	16	GENERIC	4.64760
create-batch-K8-total[ms]	64	4096	0	16	GENERIC	0.30458
create-batch-K8[ns]	64	4096	0	16	CLMUL	1.80258
create-batch-K8-total[ms]	64	4096	0	16	CLMUL	0.11813
create-batch-K1[ns]	64	4096	0	64	GENERIC	6.17661
create-batch-K1-total[ms]	64	4096	0	64	GENERIC	1.61916
create-batch-K1[ns]	64	4096	0	64	CLMUL	6.16807
create-batch-K1-total[ms]	64	4096	0	64	CLMUL	1.61692
create-batch-K2[ns]	64	4096	0	64	GENERIC	4.64796
create-batch-K2-total[ms]	64	4096	0	64	GENERIC	1.21843
create-batch-K2[ns]	64	4096	0	64	CLMUL	3.13556
create-batch-K2-total[ms]	64	4096	0	64	CLMUL	0.82197
create-batch-K4[ns]	64	4096	0	64	GENERIC	4.45412
create-batch-K4-total[ms]	64	4096	0	64	GENERIC	1.16762
create-batch-K4[ns]	64	4096	0	64	CLMUL	1.86671
create-batch-K4-total[ms]	64	4096	0	64	CLMUL	0.48935
create-batch-K8[ns]	64	4096	0	64	GENERIC	4.64726
create-batch-K8-total[ms]	64	4096	0	64	GENERIC	1.21825
create-batch-K8[ns]	64	4096	0	64	CLMUL	1.80211
create-batch-K8-total[ms]	64	4096	0	64	CLMUL	0.47241
create-batch-K1[ns]	64	4096	0	128	GENERIC	6.08014
create-batch-K1-total[ms]	64	4096	0	128	GENERIC	3.18775
create-batch-K1[ns]	64	4096	0	128	CLMUL	6.16808
create-batch-K1-total[ms]	64	4096	0	128	CLMUL	3.23385
create-batch-K2[ns]	64	4096	0	128	GENERIC	4.64790
create-batch-K2-total[ms]	64	4096	0	128	GENERIC	2.43684
create-batch-K2[ns]	64	4096	0	128	CLMUL	3.13955
create-batch-K2-total[ms]	64	4096	0	128	CLMUL	1.64603
create-batch-K4[ns]	64	4096	0	128	GENERIC	4.45437
create-batch-K4-total[ms]	64	4096	0	128	GENERIC	2.33537
create-batch-K4[ns]	64	4096	0	128	CLMUL	1.86665
create-batch-K4-total[ms]	64	4096	0	128	CLMUL	0.97866
create-batch-K8[ns]	64	4096	0	128	GENERIC	4.64717
create-batch-K8-total[ms]	64	4096	0	128	GENERIC	2.43645
create-batch-K8[ns]	64	4096	0	128	CLMUL	1.80200
create-batch-K8-total[ms]	64	4096	0	128	CLMUL	0.94477
create-batch-K1[ns]	64	4096	0	512	GENERIC	6.07714
create-batch-K1-total[ms]	64	4096	0	512	GENERIC	12.74469
create-batch-K1[ns]	64	4096	0	512	CLMUL	6.17046
create-batch-K1-total[ms]	64	4096	0	512	CLMUL	12.94039
create-batch-K2[ns]	64	4096	0	512	GENERIC	4.65019
create-batch-K2-total[ms]	64	4096	0	512	GENERIC	9.75216
create-batch-K2[ns]	64	4096	0	512	CLMUL	3.14156
create-batch-K2-total[ms]	64	4096	0	512	CLMUL	6.58833
create-batch-K4[ns]	64	4096	0	512	GENERIC	4.45472
create-batch-K4-total[ms]	64	4096	0	512	GENERIC	9.34223
create-batch-K4[ns]	64	4096	0	512	CLMUL	1.86754
create-batch-K4-total[ms]	64	4096	0	512	CLMUL	3.91650
create-batch-K8[ns]	64	4096	0	512	GENERIC	4.64890
create-batch-K8-total[ms]	64	4096	0	512	GENERIC	9.74945
create-batch-K8[ns]	64	4096	0	512	CLMUL	1.80207
create-batch-K8-total[ms]	64	4096	0	512	CLMUL	3.77921
create-batch-K1[ns]	64	4096	0	1024	GENERIC	6.07804
create-batch-K1-total[ms]	64	4096	0	1024	GENERIC	25.49317
create-batch-K1[ns]	64	4096	0	1024	CLMUL	6.17058
create-batch-K1-total[ms]	64	4096	0	1024	CLMUL	25.88129
create-batch-K2[ns]	64	4096	0	1024	GENERIC	4.64956
create-batch-K2-total[ms]	64	4096	0	1024	GENERIC	19.50167
create-batch-K2[ns]	64	4096	0	1024	CLMUL	3.14298
create-batch-K2-total[ms]	64	4096	0	1024	CLMUL	13.18261
create-batch-K4[ns]	64	4096	0	1024	GENERIC	4.45431
create-batch-K4-total[ms]	64	4096	0	1024	GENERIC	18.68271
create-batch-K4[ns]	64	4096	0	1024	CLMUL	1.86745
create-batch-K4-total[ms]	64	4096	0	1024	CLMUL	7.83264
create-batch-K8[ns]	64	4096	0	1024	GENERIC	4.64940
create-batch-K8-total[ms]	64	4096	0	1024	GENERIC	19.50099
create-batch-K8[ns]	64	4096	0	1024	CLMUL	1.80237
create-batch-K8-total[ms]	64	4096	0	1024	CLMUL	7.55971
create-batch-K1[ns]	64	4096	0	2048	GENERIC	6.07441
create-batch-K1-total[ms]	64	4096	0	2048	GENERIC	50.95589
create-batch-K1[ns]	64	4096	0	2048	CLMUL	6.17086
create-batch-K1-total[ms]	64	4096	0	2048	CLMUL	51.76489
create-batch-K2[ns]	64	4096	0	2048	GENERIC	4.65003
create-batch-K2-total[ms]	64	4096	0	2048	GENERIC	39.00732
create-batch-K2[ns]	64	4096	0	2048	CLMUL	3.14700
create-batch-K2-total[ms]	64	4096	0	2048	CLMUL	26.39892
create-batch-K4[ns]	64	4096	0	2048	GENERIC	4.45455
create-batch-K4-total[ms]	64	4096	0	2048	GENERIC	37.36751
create-batch-K4[ns]	64	4096	0	2048	CLMUL	1.86728
create-batch-K4-total[ms]	64	4096	0	2048	CLMUL	15.66387
create-batch-K8[ns]	64	4096	0	2048	GENERIC	4.64911
create-batch-K8-total[ms]	64	4096	0	2048	GENERIC	38.99958
create-batch-K8[ns]	64	4096	0	2048	CLMUL	1.80258
create-batch-K8-total[ms]	64	4096	0	2048	CLMUL	15.12113
create-batch-K1[ns]	64	4096	0	4096	GENERIC	6.07415
create-batch-K1-total[ms]	64	4096	0	4096	GENERIC	101.90726
create-batch-K1[ns]	64	4096	0	4096	CLMUL	6.17092
create-batch-K1-total[ms]	64	4096	0	4096	CLMUL	103.53084
create-batch-K2[ns]	64	4096	0	4096	GENERIC	4.65006
create-batch-K2-total[ms]	64	4096	0	4096	GENERIC	78.01503
create-batch-K2[ns]	64	4096	0	4096	CLMUL	3.14512
create-batch-K2-total[ms]	64	4096	0	4096	CLMUL	52.76627
create-batch-K4[ns]	64	4096	0	4096	GENERIC	4.45455
create-batch-K4-total[ms]	64	4096	0	4096	GENERIC	74.73496
create-batch-K4[ns]	64	4096	0	4096	CLMUL	1.86737
create-batch-K4-total[ms]	64	4096	0	4096	CLMUL	31.32929
create-batch-K8[ns]	64	4096	0	4096	GENERIC	4.64921
create-batch-K8-total[ms]	64	4096	0	4096	GENERIC	78.00085
create-batch-K8[ns]	64	4096	0	4096	CLMUL	1.80270
create-batch-K8-total[ms]	64	4096	0	4096	CLMUL	30.24422
create-batch-K1[ns]	64	4096	0	8192	GENERIC	6.07573
create-batch-K1-total[ms]	64	4096	0	8192	GENERIC	203.86770
create-batch-K1[ns]	64	4096	0	8192	CLMUL	6.17121
create-batch-K1-total[ms]	64	4096	0	8192	CLMUL	207.07155
create-batch-K2[ns]	64	4096	0	8192	GENERIC	4.64997
create-batch-K2-total[ms]	64	4096	0	8192	GENERIC	156.02722
create-batch-K2[ns]	64	4096	0	8192	CLMUL	3.14721
create-batch-K2-total[ms]	64	4096	0	8192	CLMUL	105.60287
create-batch-K4[ns]	64	4096	0	8192	GENERIC	4.45457
create-batch-K4-total[ms]	64	4096	0	8192	GENERIC	149.47073
create-batch-K4[ns]	64	4096	0	8192	CLMUL	1.86750
create-batch-K4-total[ms]	64	4096	0	8192	CLMUL	62.66291
create-batch-K8[ns]	64	4096	0	8192	GENERIC	4.65007
create-batch-K8-total[ms]	64	4096	0	8192	GENERIC	156.03035
create-batch-K8[ns]	64	4096	0	8192	CLMUL	1.80279
create-batch-K8-total[ms]	64	4096	0	8192	CLMUL	60.49143
create-batch-K1[ns]	64	5120	0	16	GENERIC	6.20399
create-batch-K1-total[ms]	64	5120	0	16	GENERIC	0.50823
create-batch-K1[ns]	64	5120	0	16	CLMUL	6.16858
create-batch-K1-total[ms]	64	5120	0	16	CLMUL	0.50533
create-batch-K2[ns]	64	5120	0	16	GENERIC	4.64409
create-batch-K2-total[ms]	64	5120	0	16	GENERIC	0.38044
create-batch-K2[ns]	64	5120	0	16	CLMUL	3.10299
create-batch-K2-total[ms]	64	5120	0	16	CLMUL	0.25420
create-batch-K4[ns]	64	5120	0	16	GENERIC	4.44156
create-batch-K4-total[ms]	64	5120	0	16	GENERIC	0.36385
create-batch-K4[ns]	64	5120	0	16	CLMUL	1.86650
create-batch-K4-total[ms]	64	5120	0	16	CLMUL	0.15290
create-batch-K8[ns]	64	5120	0	16	GENERIC	4.64364
create-batch-K8-total[ms]	64	5120	0	16	GENERIC	0.38041
create-batch-K8[ns]	64	5120	0	16	CLMUL	1.80203
create-batch-K8-total[ms]	64	5120	0	16	CLMUL	0.14762
create-batch-K1[ns]	64	5120	0	64	GENERIC	6.15584
create-batch-K1-total[ms]	64	5120	0	64	GENERIC	2.01715
create-batch-K1[ns]	64	5120	0	64	CLMUL	6.16824
create-batch-K1-total[ms]	64	5120	0	64	CLMUL	2.02121
create-batch-K2[ns]	64	5120	0	64	GENERIC	4.64363
create-batch-K2-total[ms]	64	5120	0	64	GENERIC	1.52162
create-batch-K2[ns]	64	5120	0	64	CLMUL	3.12695
create-batch-K2-total[ms]	64	5120	0	64	CLMUL	1.02464
create-batch-K4[ns]	64	5120	0	64	GENERIC	4.44974
create-batch-K4-total[ms]	64	5120	0	64	GENERIC	1.45809
create-batch-K4[ns]	64	5120	0	64	CLMUL	1.86614
create-batch-K4-total[ms]	64	5120	0	64	CLMUL	0.61150
create-batch-K8[ns]	64	5120	0	64	GENERIC	4.64313
create-batch-K8-total[ms]	64	5120	0	64	GENERIC	1.52146
create-batch-K8[ns]	64	5120	0	64	CLMUL	1.80147
create-batch-K8-total[ms]	64	5120	0	64	CLMUL	0.59031
create-batch-K1[ns]	64	5120	0	128	GENERIC	6.15428
create-batch-K1-total[ms]	64	5120	0	128	GENERIC	4.03327
create-batch-K1[ns]	64	5120	0	128	CLMUL	6.17065
create-batch-K1-total[ms]	64	5120	0	128	CLMUL	4.04400
create-batch-K2[ns]	64	5120	0	128	GENERIC	4.64353
create-batch-K2-total[ms]	64	5120	0	128	GENERIC	3.04318
create-batch-K2[ns]	64	5120	0	128	CLMUL	3.14291
create-batch-K2-total[ms]	64	5120	0	128	CLMUL	2.05974
create-batch-K4[ns]	64	5120	0	128	GENERIC	4.44964
create-batch-K4-total[ms]	64	5120	0	128	GENERIC	2.91611
create-batch-K4[ns]	64	5120	0	128	CLMUL	1.86610
create-batch-K4-total[ms]	64	5120	0	128	CLMUL	1.22296
create-batch-K8[ns]	64	5120	0	128	GENERIC	4.64312
create-batch-K8-total[ms]	64	5120	0	128	GENERIC	3.04292
create-batch-K8[ns]	64	5120	0	128	CLMUL	1.80148
create-batch-K8-total[ms]	64	5120	0	128	CLMUL	1.18062
create-batch-K1[ns]	64	5120	0	512	GENERIC	6.11568
create-batch-K1-total[ms]	64	5120	0	512	GENERIC	16.03189
create-batch-K1[ns]	64	5120	0	512	CLMUL	6.17078
create-batch-K1-total[ms]	64	5120	0	512	CLMUL	16.17633
create-batch-K2[ns]	64	5120	0	512	GENERIC	4.64554
create-batch-K2-total[ms]	64	5120	0	512	GENERIC	12.17802
create-batch-K2[ns]	64	5120	0	512	CLMUL	3.13736
create-batch-K2-total[ms]	64	5120	0	512	CLMUL	8.22440
create-batch-K4[ns]	64	5120	0	512	GENERIC	4.44963
create-batch-K4-total[ms]	64	5120	0	512	GENERIC	11.66443
create-batch-K4[ns]	64	5120	0	512	CLMUL	1.86670
create-batch-K4-total[ms]	64	5120	0	512	CLMUL	4.89345
create-batch-K8[ns]	64	5120	0	512	GENERIC	4.64510
create-batch-K8-total[ms]	64	5120	0	512	GENERIC	12.17685
create-batch-K8[ns]	64	5120	0	512	CLMUL	1.80210
create-batch-K8-total[ms]	64	5120	0	512	CLMUL	4.72411
create-batch-K1[ns]	64	5120	0	1024	GENERIC	6.06742
create-batch-K1-total[ms]	64	5120	0	1024	GENERIC	31.81076
create-batch-K1[ns]	64	5120	0	1024	CLMUL	6.17074
create-batch-K1-total[ms]	64	5120	0	1024	CLMUL	32.35247
create-batch-K2[ns]	64	5120	0	1024	GENERIC	4.64554
create-batch-K2-total[ms]	64	5120	0	1024	GENERIC	24.35600
create-batch-K2[ns]	64	5120	0	1024	CLMUL	3.14329
create-batch-K2-total[ms]	64	5120	0	1024	CLMUL	16.47990
create-batch-K4[ns]	64	5120	0	1024	GENERIC	4.44960
create-batch-K4-total[ms]	64	5120	0	1024	GENERIC	23.32870
create-batch-K4[ns]	64	5120	0	1024	CLMUL	1.86673
create-batch-K4-total[ms]	64	5120	0	1024	CLMUL	9.78705
create-batch-K8[ns]	64	5120	0	1024	GENERIC	4.64508
create-batch-K8-total[ms]	64	5120	0	1024	GENERIC	24.35362
create-batch-K8[ns]	64	5120	0	1024	CLMUL	1.80213
create-batch-K8-total[ms]	64	5120	0	1024	CLMUL	9.44835
create-batch-K1[ns]	64	5120	0	2048	GENERIC	6.06954
create-batch-K1-total[ms]	64	5120	0	2048	GENERIC	63.64377
create-batch-K1[ns]	64	5120	0	2048	CLMUL	6.17069
create-batch-K1-total[ms]	64	5120	0	2048	CLMUL	64.70436
create-batch-K2[ns]	64	5120	0	2048	GENERIC	4.64581
create-batch-K2-total[ms]	64	5120	0	2048	GENERIC	48.71484
create-batch-K2[ns]	64	5120	0	2048	CLMUL	3.14389
create-batch-K2-total[ms]	64	5120	0	2048	CLMUL	32.96603
create-batch-K4[ns]	64	5120	0	2048	GENERIC	4.44990
create-batch-K4-total[ms]	64	5120	0	2048	GENERIC	46.66057
create-batch-K4[ns]	64	5120	0	2048	CLMUL	1.86684
create-batch-K4-total[ms]	64	5120	0	2048	CLMUL	19.57528
create-batch-K8[ns]	64	5120	0	2048	GENERIC	4.64522
create-batch-K8-total[ms]	64	5120	0	2048	GENERIC	48.70867
create-batch-K8[ns]	64	5120	0	2048	CLMUL	1.80213
create-batch-K8-total[ms]	64	5120	0	2048	CLMUL	18.89671
create-batch-K1[ns]	64	5120	0	4096	GENERIC	6.06997
create-batch-K1-total[ms]	64	5120	0	4096	GENERIC	127.29657
create-batch-K1[ns]	64	5120	0	4096	CLMUL	6.17102
create-batch-K1-total[ms]	64	5120	0	4096	CLMUL	129.41564
create-batch-K2[ns]	64	5120	0	4096	GENERIC	4.64573
create-batch-K2-total[ms]	64	5120	0	4096	GENERIC	97.42794
create-batch-K2[ns]	64	5120	0	4096	CLMUL	3.14538
create-batch-K2-total[ms]	64	5120	0	4096	CLMUL	65.96348
create-batch-K4[ns]	64	5120	0	4096	GENERIC	4.44983
create-batch-K4-total[ms]	64	5120	0	4096	GENERIC	93.31972
create-batch-K4[ns]	64	5120	0	4096	CLMUL	1.86679
create-batch-K4-total[ms]	64	5120	0	4096	CLMUL	39.14938
create-batch-K8[ns]	64	5120	0	4096	GENERIC	4.64527
create-batch-K8-total[ms]	64	5120	0	4096	GENERIC	97.41846
create-batch-K8[ns]	64	5120	0	4096	CLMUL	1.80226
create-batch-K8-total[ms]	64	5120	0	4096	CLMUL	37.79616
create-batch-K1[ns]	64	5120	0	8192	GENERIC	6.06964
create-batch-K1-total[ms]	64	5120	0	8192	GENERIC	254.57912
create-batch-K1[ns]	64	5120	0	8192	CLMUL	6.17138
create-batch-K1-total[ms]	64	5120	0	8192	CLMUL	258.84649
create-batch-K2[ns]	64	5120	0	8192	GENERIC	4.64713
create-batch-K2-total[ms]	64	5120	0	8192	GENERIC	194.91477
create-batch-K2[ns]	64	5120	0	8192	CLMUL	3.14636
create-batch-K2-total[ms]	64	5120	0	8192	CLMUL	131.96777
create-batch-K4[ns]	64	5120	0	8192	GENERIC	4.45015
create-batch-K4-total[ms]	64	5120	0	8192	GENERIC	186.65280
create-batch-K4[ns]	64	5120	0	8192	CLMUL	1.86686
create-batch-K4-total[ms]	64	5120	0	8192	CLMUL	78.30173
create-batch-K8[ns]	64	5120	0	8192	GENERIC	4.64558
create-batch-K8-total[ms]	64	5120	0	8192	GENERIC	194.84969
create-batch-K8[ns]	64	5120	0	8192	CLMUL	1.80222
create-batch-K8-total[ms]	64	5120	0	8192	CLMUL	75.59061
create-batch-K1[ns]	64	6144	0	16	GENERIC	6.11093
create-batch-K1-total[ms]	64	6144	0	16	GENERIC	0.60073
create-batch-K1[ns]	64	6144	0	16	CLMUL	6.16842
create-batch-K1-total[ms]	64	6144	0	16	CLMUL	0.60638
create-batch-K2[ns]	64	6144	0	16	GENERIC	4.64109
create-batch-K2-total[ms]	64	6144	0	16	GENERIC	0.45624
create-batch-K2[ns]	64	6144	0	16	CLMUL	3.11884
create-batch-K2-total[ms]	64	6144	0	16	CLMUL	0.30659
create-batch-K4[ns]	64	6144	0	16	GENERIC	4.43699
create-batch-K4-total[ms]	64	6144	0	16	GENERIC	0.43617
create-batch-K4[ns]	64	6144	0	16	CLMUL	1.86595
create-batch-K4-total[ms]	64	6144	0	16	CLMUL	0.18343
create-batch-K8[ns]	64	6144	0	16	GENERIC	4.64074
create-batch-K8-total[ms]	64	6144	0	16	GENERIC	0.45620
create-batch-K8[ns]	64	6144	0	16	CLMUL	1.80145
create-batch-K8-total[ms]	64	6144	0	16	CLMUL	0.17709
create-batch-K1[ns]	64	6144	0	64	GENERIC	6.08853
create-batch-K1-total[ms]	64	6144	0	64	GENERIC	2.39411
create-batch-K1[ns]	64	6144	0	64	CLMUL	6.16812
create-batch-K1-total[ms]	64	6144	0	64	CLMUL	2.42540
create-batch-K2[ns]	64	6144	0	64	GENERIC	4.64075
create-batch-K2-total[ms]	64	6144	0	64	GENERIC	1.82482
create-batch-K2[ns]	64	6144	0	64	CLMUL	3.13499
create-batch-K2-total[ms]	64	6144	0	64	CLMUL	1.23273
create-batch-K4[ns]	64	6144	0	64	GENERIC	4.44464
create-batch-K4-total[ms]	64	6144	0	64	GENERIC	1.74770
create-batch-K4[ns]	64	6144	0	64	CLMUL	1.86565
create-batch-K4-total[ms]	64	6144	0	64	CLMUL	0.73361
create-batch-K8[ns]	64	6144	0	64	GENERIC	4.64046
create-batch-K8-total[ms]	64	6144	0	64	GENERIC	1.82471
create-batch-K8[ns]	64	6144	0	64	CLMUL	1.80110
create-batch-K8-total[ms]	64	6144	0	64	CLMUL	0.70822
create-batch-K1[ns]	64	6144	0	128	GENERIC	6.07076
create-batch-K1-total[ms]	64	6144	0	128	GENERIC	4.77424
create-batch-K1[ns]	64	6144	0	128	CLMUL	6.17032
create-batch-K1-total[ms]	64	6144	0	128	CLMUL	4.85254
create-batch-K2[ns]	64	6144	0	128	GENERIC	4.64078
create-batch-K2-total[ms]	64	6144	0	128	GENERIC	3.64966
create-batch-K2[ns]	64	6144	0	128	CLMUL	3.12239
create-batch-K2-total[ms]	64	6144	0	128	CLMUL	2.45555
create-batch-K4[ns]	64	6144	0	128	GENERIC	4.44615
create-batch-K4-total[ms]	64	6144	0	128	GENERIC	3.49659
create-batch-K4[ns]	64	6144	0	128	CLMUL	1.86560
create-batch-K4-total[ms]	64	6144	0	128	CLMUL	1.46717
create-batch-K8[ns]	64	6144	0	128	GENERIC	4.64044
create-batch-K8-total[ms]	64	6144	0	128	GENERIC	3.64939
create-batch-K8[ns]	64	6144	0	128	CLMUL	1.80110
create-batch-K8-total[ms]	64	6144	0	128	CLMUL	1.41644
create-batch-K1[ns]	64	6144	0	512	GENERIC	6.06786
create-batch-K1-total[ms]	64	6144	0	512	GENERIC	19.08784
create-batch-K1[ns]	64	6144	0	512	CLMUL	6.17042
create-batch-K1-total[ms]	64	6144	0	512	CLMUL	19.41047
create-batch-K2[ns]	64	6144	0	512	GENERIC	4.64238
create-batch-K2-total[ms]	64	6144	0	512	GENERIC	14.60368
create-batch-K2[ns]	64	6144	0	512	CLMUL	3.14288
create-batch-K2-total[ms]	64	6144	0	512	CLMUL	9.88665
create-batch-K4[ns]	64	6144	0	512	GENERIC	4.44620
create-batch-K4-total[ms]	64	6144	0	512	GENERIC	13.98653
create-batch-K4[ns]	64	6144	0	512	CLMUL	1.86620
create-batch-K4-total[ms]	64	6144	0	512	CLMUL	5.87054
create-batch-K8[ns]	64	6144	0	512	GENERIC	4.64213
create-batch-K8-total[ms]	64	6144	0	512	GENERIC	14.60288
create-batch-K8[ns]	64	6144	0	512	CLMUL	1.80165
create-batch-K8-total[ms]	64	6144	0	512	CLMUL	5.66749
create-batch-K1[ns]	64	6144	0	1024	GENERIC	6.07095
create-batch-K1-total[ms]	64	6144	0	1024	GENERIC	38.19511
create-batch-K1[ns]	64	6144	0	1024	CLMUL	6.17050
create-batch-K1-total[ms]	64	6144	0	1024	CLMUL	38.82144
create-batch-K2[ns]	64	6144	0	1024	GENERIC	4.64276
create-batch-K2-total[ms]	64	6144	0	1024	GENERIC	29.20970
create-batch-K2[ns]	64	6144	0	1024	CLMUL	3.14327
create-batch-K2-total[ms]	64	6144	0	1024	CLMUL	19.77574
create-batch-K4[ns]	64	6144	0	1024	GENERIC	4.44649
create-batch-K4-total[ms]	64	6144	0	1024	GENERIC	27.97489
create-batch-K4[ns]	64	6144	0	1024	CLMUL	1.86629
create-batch-K4-total[ms]	64	6144	0	1024	CLMUL	11.74170
create-batch-K8[ns]	64	6144	0	1024	GENERIC	4.64238
create-batch-K8-total[ms]	64	6144	0	1024	GENERIC	29.20734
create-batch-K8[ns]	64	6144	0	1024	CLMUL	1.80161
create-batch-K8-total[ms]	64	6144	0	1024	CLMUL	11.33478
create-batch-K1[ns]	64	6144	0	2048	GENERIC	6.06720
create-batch-K1-total[ms]	64	6144	0	2048	GENERIC	76.34308
create-batch-K1[ns]	64	6144	0	2048	CLMUL	6.17152
create-batch-K1-total[ms]	64	6144	0	2048	CLMUL	77.65568
create-batch-K2[ns]	64	6144	0	2048	GENERIC	4.64298
create-batch-K2-total[ms]	64	6144	0	2048	GENERIC	58.42218
create-batch-K2[ns]	64	6144	0	2048	CLMUL	3.14277
create-batch-K2-total[ms]	64	6144	0	2048	CLMUL	39.54523
create-batch-K4[ns]	64	6144	0	2048	GENERIC	4.44688
create-batch-K4-total[ms]	64	6144	0	2048	GENERIC	55.95470
create-batch-K4[ns]	64	6144	0	2048	CLMUL	1.86643
create-batch-K4-total[ms]	64	6144	0	2048	CLMUL	23.48508
create-batch-K8[ns]	64	6144	0	2048	GENERIC	4.64249
create-batch-K8-total[ms]	64	6144	0	2048	GENERIC	58.41602
create-batch-K8[ns]	64	6144	0	2048	CLMUL	1.80177
create-batch-K8-total[ms]	64	6144	0	2048	CLMUL	22.67146
create-batch-K1[ns]	64	6144	0	4096	GENERIC	6.06733
create-batch-K1-total[ms]	64	6144	0	4096	GENERIC	152.68940
create-batch-K1[ns]	64	6144	0	4096	CLMUL	6.17080
create-batch-K1-total[ms]	64	6144	0	4096	CLMUL	155.29325
create-batch-K2[ns]	64	6144	0	4096	GENERIC	4.64287
create-batch-K2-total[ms]	64	6144	0	4096	GENERIC	116.84173
create-batch-K2[ns]	64	6144	0	4096	CLMUL	3.14449
create-batch-K2-total[ms]	64	6144	0	4096	CLMUL	79.13372
create-batch-K4[ns]	64	6144	0	4096	GENERIC	4.44715
create-batch-K4-total[ms]	64	6144	0	4096	GENERIC	111.91621
create-batch-K4[ns]	64	6144	0	4096	CLMUL	1.86642
create-batch-K4-total[ms]	64	6144	0	4096	CLMUL	46.96987
create-batch-K8[ns]	64	6144	0	4096	GENERIC	4.64277
create-batch-K8-total[ms]	64	6144	0	4096	GENERIC	116.83911
create-batch-K8[ns]	64	6144	0	4096	CLMUL	1.80182
create-batch-K8-total[ms]	64	6144	0	4096	CLMUL	45.34429
create-batch-K1[ns]	64	6144	0	8192	GENERIC	6.06482
create-batch-K1-total[ms]	64	6144	0	8192	GENERIC	305.25261
create-batch-K1[ns]	64	6144	0	8192	CLMUL	6.17106
create-batch-K1-total[ms]	64	6144	0	8192	CLMUL	310.59985
create-batch-K2[ns]	64	6144	0	8192	GENERIC	4.64282
create-batch-K2-total[ms]	64	6144	0	8192	GENERIC	233.68069
create-batch-K2[ns]	64	6144	0	8192	CLMUL	3.14619
create-batch-K2-total[ms]	64	6144	0	8192	CLMUL	158.35281
create-batch-K4[ns]	64	6144	0	8192	GENERIC	4.44742
create-batch-K4-total[ms]	64	6144	0	8192	GENERIC	223.84611
create-batch-K4[ns]	64	6144	0	8192	CLMUL	1.86645
create-batch-K4-total[ms]	64	6144	0	8192	CLMUL	93.94146
create-batch-K8[ns]	64	6144	0	8192	GENERIC	4.64270
create-batch-K8-total[ms]	64	6144	0	8192	GENERIC	233.67494
create-batch-K8[ns]	64	6144	0	8192	CLMUL	1.80184
create-batch-K8-total[ms]	64	6144	0	8192	CLMUL	90.68950
create-batch-K1[ns]	64	7168	0	16	GENERIC	6.09191
create-batch-K1-total[ms]	64	7168	0	16	GENERIC	0.69867
create-batch-K1[ns]	64	7168	0	16	CLMUL	6.16847
create-batch-K1-total[ms]	64	7168	0	16	CLMUL	0.70745
create-batch-K2[ns]	64	7168	0	16	GENERIC	4.63892
create-batch-K2-total[ms]	64	7168	0	16	GENERIC	0.53203
create-batch-K2[ns]	64	7168	0	16	CLMUL	3.10224
create-batch-K2-total[ms]	64	7168	0	16	CLMUL	0.35579
create-batch-K4[ns]	64	7168	0	16	GENERIC	4.43938
create-batch-K4-total[ms]	64	7168	0	16	GENERIC	0.50914
create-batch-K4[ns]	64	7168	0	16	CLMUL	1.86564
create-batch-K4-total[ms]	64	7168	0	16	CLMUL	0.21397
create-batch-K8[ns]	64	7168	0	16	GENERIC	4.63885
create-batch-K8-total[ms]	64	7168	0	16	GENERIC	0.53202
create-batch-K8[ns]	64	7168	0	16	CLMUL	1.80126
create-batch-K8-total[ms]	64	7168	0	16	CLMUL	0.20658
create-batch-K1[ns]	64	7168	0	64	GENERIC	6.06554
create-batch-K1-total[ms]	64	7168	0	64	GENERIC	2.78258
create-batch-K1[ns]	64	7168	0	64	CLMUL	6.16822
create-batch-K1-total[ms]	64	7168	0	64	CLMUL	2.82968
create-batch-K2[ns]	64	7168	0	64	GENERIC	4.63879
create-batch-K2-total[ms]	64	7168	0	64	GENERIC	2.12805
create-batch-K2[ns]	64	7168	0	64	CLMUL	3.12619
create-batch-K2-total[ms]	64	7168	0	64	CLMUL	1.43415
create-batch-K4[ns]	64	7168	0	64	GENERIC	4.44200
create-batch-K4-total[ms]	64	7168	0	64	GENERIC	2.03778
create-batch-K4[ns]	64	7168	0	64	CLMUL	1.86537
create-batch-K4-total[ms]	64	7168	0	64	CLMUL	0.85574
create-batch-K8[ns]	64	7168	0	64	GENERIC	4.63857
create-batch-K8-total[ms]	64	7168	0	64	GENERIC	2.12795
create-batch-K8[ns]	64	7168	0	64	CLMUL	1.80080
create-batch-K8-total[ms]	64	7168	0	64	CLMUL	0.82612
create-batch-K1[ns]	64	7168	0	128	GENERIC	6.06422
create-batch-K1-total[ms]	64	7168	0	128	GENERIC	5.56395
create-batch-K1[ns]	64	7168	0	128	CLMUL	6.17005
create-batch-K1-total[ms]	64	7168	0	128	CLMUL	5.66104
create-batch-K2[ns]	64	7168	0	128	GENERIC	4.64077
create-batch-K2-total[ms]	64	7168	0	128	GENERIC	4.25793
create-batch-K2[ns]	64	7168	0	128	CLMUL	3.13199
create-batch-K2-total[ms]	64	7168	0	128	CLMUL	2.87361
create-batch-K4[ns]	64	7168	0	128	GENERIC	4.44339
create-batch-K4-total[ms]	64	7168	0	128	GENERIC	4.07683
create-batch-K4[ns]	64	7168	0	128	CLMUL	1.86533
create-batch-K4-total[ms]	64	7168	0	128	CLMUL	1.71145
create-batch-K8[ns]	64	7168	0	128	GENERIC	4.64042
create-batch-K8-total[ms]	64	7168	0	128	GENERIC	4.25760
create-batch-K8[ns]	64	7168	0	128	CLMUL	1.80076
create-batch-K8-total[ms]	64	7168	0	128	CLMUL	1.65220
create-batch-K1[ns]	64	7168	0	512	GENERIC	6.06859
create-batch-K1-total[ms]	64	7168	0	512	GENERIC	22.27184
create-batch-K1[ns]	64	7168	0	512	CLMUL	6.17037
create-batch-K1-total[ms]	64	7168	0	512	CLMUL	22.64537
create-batch-K2[ns]	64	7168	0	512	GENERIC	4.64078
create-batch-K2-total[ms]	64	7168	0	512	GENERIC	17.03174
create-batch-K2[ns]	64	7168	0	512	CLMUL	3.14219
create-batch-K2-total[ms]	64	7168	0	512	CLMUL	11.53188
create-batch-K4[ns]	64	7168	0	512	GENERIC	4.44398
create-batch-K4-total[ms]	64	7168	0	512	GENERIC	16.30949
create-batch-K4[ns]	64	7168	0	512	CLMUL	1.86579
create-batch-K4-total[ms]	64	7168	0	512	CLMUL	6.84749
create-batch-K8[ns]	64	7168	0	512	GENERIC	4.64045
create-batch-K8-total[ms]	64	7168	0	512	GENERIC	17.03051
create-batch-K8[ns]	64	7168	0	512	CLMUL	1.80128
create-batch-K8-total[ms]	64	7168	0	512	CLMUL	6.61072
create-batch-K1[ns]	64	7168	0	1024	GENERIC	6.06241
create-batch-K1-total[ms]	64	7168	0	1024	GENERIC	44.49826
create-batch-K1[ns]	64	7168	0	1024	CLMUL	6.17082
create-batch-K1-total[ms]	64	7168	0	1024	CLMUL	45.29400
create-batch-K2[ns]	64	7168	0	1024	GENERIC	4.64066
create-batch-K2-total[ms]	64	7168	0	1024	GENERIC	34.06257
create-batch-K2[ns]	64	7168	0	1024	CLMUL	3.14293
create-batch-K2-total[ms]	64	7168	0	1024	CLMUL	23.06919
create-batch-K4[ns]	64	7168	0	1024	GENERIC	4.44392
create-batch-K4-total[ms]	64	7168	0	1024	GENERIC	32.61854
create-batch-K4[ns]	64	7168	0	1024	CLMUL	1.86598
create-batch-K4-total[ms]	64	7168	0	1024	CLMUL	13.69634
create-batch-K8[ns]	64	7168	0	1024	GENERIC	4.64045
create-batch-K8-total[ms]	64	7168	0	1024	GENERIC	34.06108
create-batch-K8[ns]	64	7168	0	1024	CLMUL	1.80152
create-batch-K8-total[ms]	64	7168	0	1024	CLMUL	13.22324
create-batch-K1[ns]	64	7168	0	2048	GENERIC	6.06514
create-batch-K1-total[ms]	64	7168	0	2048	GENERIC	89.03665
create-batch-K1[ns]	64	7168	0	2048	CLMUL	6.17078
create-batch-K1-total[ms]	64	7168	0	2048	CLMUL	90.58740
create-batch-K2[ns]	64	7168	0	2048	GENERIC	4.64088
create-batch-K2-total[ms]	64	7168	0	2048	GENERIC	68.12838
create-batch-K2[ns]	64	7168	0	2048	CLMUL	3.14552
create-batch-K2-total[ms]	64	7168	0	2048	CLMUL	46.17643
create-batch-K4[ns]	64	7168	0	2048	GENERIC	4.44420
create-batch-K4-total[ms]	64	7168	0	2048	GENERIC	65.24107
create-batch-K4[ns]	64	7168	0	2048	CLMUL	1.86603
create-batch-K4-total[ms]	64	7168	0	2048	CLMUL	27.39344
create-batch-K8[ns]	64	7168	0	2048	GENERIC	4.64077
create-batch-K8-total[ms]	64	7168	0	2048	GENERIC	68.12677
create-batch-K8[ns]	64	7168	0	2048	CLMUL	1.80153
create-batch-K8-total[ms]	64	7168	0	2048	CLMUL	26.44663
create-batch-K1[ns]	64	7168	0	4096	GENERIC	6.06442
create-batch-K1-total[ms]	64	7168	0	4096	GENERIC	178.05202
create-batch-K1[ns]	64	7168	0	4096	CLMUL	6.17079
create-batch-K1-total[ms]	64	7168	0	4096	CLMUL	181.17521
create-batch-K2[ns]	64	7168	0	4096	GENERIC	4.64089
create-batch-K2-total[ms]	64	7168	0	4096	GENERIC	136.25708
create-batch-K2[ns]	64	7168	0	4096	CLMUL	3.14534
create-batch-K2-total[ms]	64	7168	0	4096	CLMUL	92.34755
create-batch-K4[ns]	64	7168	0	4096	GENERIC	4.44474
create-batch-K4-total[ms]	64	7168	0	4096	GENERIC	130.49816
create-batch-K4[ns]	64	7168	0	4096	CLMUL	1.86615
create-batch-K4-total[ms]	64	7168	0	4096	CLMUL	54.79037
create-batch-K8[ns]	64	7168	0	4096	GENERIC	4.64061
create-batch-K8-total[ms]	64	7168	0	4096	GENERIC	136.24885
create-batch-K8[ns]	64	7168	0	4096	CLMUL	1.80156
create-batch-K8-total[ms]	64	7168	0	4096	CLMUL	52.89401
create-batch-K1[ns]	64	7168	0	8192	GENERIC	6.06332
create-batch-K1-total[ms]	64	7168	0	8192	GENERIC	356.03971
create-batch-K1[ns]	64	7168	0	8192	CLMUL	6.17119
create-batch-K1-total[ms]	64	7168	0	8192	CLMUL	362.37367
create-batch-K2[ns]	64	7168	0	8192	GENERIC	4.64125
create-batch-K2-total[ms]	64	7168	0	8192	GENERIC	272.53535
create-batch-K2[ns]	64	7168	0	8192	CLMUL	3.14481
create-batch-K2-total[ms]	64	7168	0	8192	CLMUL	184.66423
create-batch-K4[ns]	64	7168	0	8192	GENERIC	4.44504
create-batch-K4-total[ms]	64	7168	0	8192	GENERIC	261.01379
create-batch-K4[ns]	64	7168	0	8192	CLMUL	1.86608
create-batch-K4-total[ms]	64	7168	0	8192	CLMUL	109.57682
create-batch-K8[ns]	64	7168	0	8192	GENERIC	4.64073
create-batch-K8-total[ms]	64	7168	0	8192	GENERIC	272.50497
create-batch-K8[ns]	64	7168	0	8192	CLMUL	1.80155
create-batch-K8-total[ms]	64	7168	0	8192	CLMUL	105.78763
create-batch-K1[ns]	64	8192	0	16	GENERIC	6.24160
create-batch-K1-total[ms]	64	8192	0	16	GENERIC	0.81810
create-batch-K1[ns]	64	8192	0	16	CLMUL	6.16834
create-batch-K1-total[ms]	64	8192	0	16	CLMUL	0.80850
create-batch-K2[ns]	64	8192	0	16	GENERIC	4.63770
create-batch-K2-total[ms]	64	8192	0	16	GENERIC	0.60787
create-batch-K2[ns]	64	8192	0	16	CLMUL	3.08593
create-batch-K2-total[ms]	64	8192	0	16	CLMUL	0.40448
create-batch-K4[ns]	64	8192	0	16	GENERIC	4.43291
create-batch-K4-total[ms]	64	8192	0	16	GENERIC	0.58103
create-batch-K4[ns]	64	8192	0	16	CLMUL	1.86535
create-batch-K4-total[ms]	64	8192	0	16	CLMUL	0.24450
create-batch-K8[ns]	64	8192	0	16	GENERIC	4.63747
create-batch-K8-total[ms]	64	8192	0	16	GENERIC	0.60784
create-batch-K8[ns]	64	8192	0	16	CLMUL	1.80087
create-batch-K8-total[ms]	64	8192	0	16	CLMUL	0.23604
create-batch-K1[ns]	64	8192	0	64	GENERIC	6.06083
create-batch-K1-total[ms]	64	8192	0	64	GENERIC	3.17762
create-batch-K1[ns]	64	8192	0	64	CLMUL	6.16818
create-batch-K1-total[ms]	64	8192	0	64	CLMUL	3.23391
create-batch-K2[ns]	64	8192	0	64	GENERIC	4.63725
create-batch-K2-total[ms]	64	8192	0	64	GENERIC	2.43125
create-batch-K2[ns]	64	8192	0	64	CLMUL	3.13001
create-batch-K2-total[ms]	64	8192	0	64	CLMUL	1.64103
create-batch-K4[ns]	64	8192	0	64	GENERIC	4.44341
create-batch-K4-total[ms]	64	8192	0	64	GENERIC	2.32963
create-batch-K4[ns]	64	8192	0	64	CLMUL	1.86507
create-batch-K4-total[ms]	64	8192	0	64	CLMUL	0.97783
create-batch-K8[ns]	64	8192	0	64	GENERIC	4.63716
create-batch-K8-total[ms]	64	8192	0	64	GENERIC	2.43121
create-batch-K8[ns]	64	8192	0	64	CLMUL	1.80058
create-batch-K8-total[ms]	64	8192	0	64	CLMUL	0.94402
create-batch-K1[ns]	64	8192	0	128	GENERIC	6.07497
create-batch-K1-total[ms]	64	8192	0	128	GENERIC	6.37007
create-batch-K1[ns]	64	8192	0	128	CLMUL	6.16994
create-batch-K1-total[ms]	64	8192	0	128	CLMUL	6.46965
create-batch-K2[ns]	64	8192	0	128	GENERIC	4.63889
create-batch-K2-total[ms]	64	8192	0	128	GENERIC	4.86423
create-batch-K2[ns]	64	8192	0	128	CLMUL	3.13959
create-batch-K2-total[ms]	64	8192	0	128	CLMUL	3.29210
create-batch-K4[ns]	64	8192	0	128	GENERIC	4.44220
create-batch-K4-total[ms]	64	8192	0	128	GENERIC	4.65798
create-batch-K4[ns]	64	8192	0	128	CLMUL	1.86507
create-batch-K4-total[ms]	64	8192	0	128	CLMUL	1.95566
create-batch-K8[ns]	64	8192	0	128	GENERIC	4.63881
create-batch-K8-total[ms]	64	8192	0	128	GENERIC	4.86414
create-batch-K8[ns]	64	8192	0	128	CLMUL	1.80059
create-batch-K8-total[ms]	64	8192	0	128	CLMUL	1.88805
create-batch-K1[ns]	64	8192	0	512	GENERIC	6.06657
create-batch-K1-total[ms]	64	8192	0	512	GENERIC	25.44503
create-batch-K1[ns]	64	8192	0	512	CLMUL	6.17085
create-batch-K1-total[ms]	64	8192	0	512	CLMUL	25.88243
create-batch-K2[ns]	64	8192	0	512	GENERIC	4.63904
create-batch-K2-total[ms]	64	8192	0	512	GENERIC	19.45754
create-batch-K2[ns]	64	8192	0	512	CLMUL	3.13824
create-batch-K2-total[ms]	64	8192	0	512	CLMUL	13.16274
create-batch-K4[ns]	64	8192	0	512	GENERIC	4.44247
create-batch-K4-total[ms]	64	8192	0	512	GENERIC	18.63309
create-batch-K4[ns]	64	8192	0	512	CLMUL	1.86586
create-batch-K4-total[ms]	64	8192	0	512	CLMUL	7.82600
create-batch-K8[ns]	64	8192	0	512	GENERIC	4.63945
create-batch-K8-total[ms]	64	8192	0	512	GENERIC	19.45926
create-batch-K8[ns]	64	8192	0	512	CLMUL	1.80107
create-batch-K8-total[ms]	64	8192	0	512	CLMUL	7.55422
create-batch-K1[ns]	64	8192	0	1024	GENERIC	6.06193
create-batch-K1-total[ms]	64	8192	0	1024	GENERIC	50.85116
create-batch-K1[ns]	64	8192	0	1024	CLMUL	6.17076
create-batch-K1-total[ms]	64	8192	0	1024	CLMUL	51.76408
create-batch-K2[ns]	64	8192	0	1024	GENERIC	4.63917
create-batch-K2-total[ms]	64	8192	0	1024	GENERIC	38.91614
create-batch-K2[ns]	64	8192	0	1024	CLMUL	3.14272
create-batch-K2-total[ms]	64	8192	0	1024	CLMUL	26.36301
create-batch-K4[ns]	64	8192	0	1024	GENERIC	4.44241
create-batch-K4-total[ms]	64	8192	0	1024	GENERIC	37.26568
create-batch-K4[ns]	64	8192	0	1024	CLMUL	1.86567
create-batch-K4-total[ms]	64	8192	0	1024	CLMUL	15.65041
create-batch-K8[ns]	64	8192	0	1024	GENERIC	4.63922
create-batch-K8-total[ms]	64	8192	0	1024	GENERIC	38.91660
create-batch-K8[ns]	64	8192	0	1024	CLMUL	1.80139
create-batch-K8-total[ms]	64	8192	0	1024	CLMUL	15.11119
create-batch-K1[ns]	64	8192	0	2048	GENERIC	6.06394
create-batch-K1-total[ms]	64	8192	0	2048	GENERIC	101.73598
create-batch-K1[ns]	64	8192	0	2048	CLMUL	6.17088
create-batch-K1-total[ms]	64	8192	0	2048	CLMUL	103.53011
create-batch-K2[ns]	64	8192	0	2048	GENERIC	4.63927
create-batch-K2-total[ms]	64	8192	0	2048	GENERIC	77.83401
create-batch-K2[ns]	64	8192	0	2048	CLMUL	3.14150
create-batch-K2-total[ms]	64	8192	0	2048	CLMUL	52.70569
create-batch-K4[ns]	64	8192	0	2048	GENERIC	4.44326
create-batch-K4-total[ms]	64	8192	0	2048	GENERIC	74.54546
create-batch-K4[ns]	64	8192	0	2048	CLMUL	1.86580
create-batch-K4-total[ms]	64	8192	0	2048	CLMUL	31.30299
create-batch-K8[ns]	64	8192	0	2048	GENERIC	4.63912
create-batch-K8-total[ms]	64	8192	0	2048	GENERIC	77.83155
create-batch-K8[ns]	64	8192	0	2048	CLMUL	1.80137
create-batch-K8-total[ms]	64	8192	0	2048	CLMUL	30.22196
create-batch-K1[ns]	64	8192	0	4096	GENERIC	6.06124
create-batch-K1-total[ms]	64	8192	0	4096	GENERIC	203.38145
create-batch-K1[ns]	64	8192	0	4096	CLMUL	6.17117
create-batch-K1-total[ms]	64	8192	0	4096	CLMUL	207.07001
create-batch-K2[ns]	64	8192	0	4096	GENERIC	4.63940
create-batch-K2-total[ms]	64	8192	0	4096	GENERIC	155.67260
create-batch-K2[ns]	64	8192	0	4096	CLMUL	3.14300
create-batch-K2-total[ms]	64	8192	0	4096	CLMUL	105.46166
create-batch-K4[ns]	64	8192	0	4096	GENERIC	4.44319
create-batch-K4-total[ms]	64	8192	0	4096	GENERIC	149.08886
create-batch-K4[ns]	64	8192	0	4096	CLMUL	1.86584
create-batch-K4-total[ms]	64	8192	0	4096	CLMUL	62.60723
create-batch-K8[ns]	64	8192	0	4096	GENERIC	4.63921
create-batch-K8-total[ms]	64	8192	0	4096	GENERIC	155.66594
create-batch-K8[ns]	64	8192	0	4096	CLMUL	1.80141
create-batch-K8-total[ms]	64	8192	0	4096	CLMUL	60.44532
create-batch-K1[ns]	64	8192	0	8192	GENERIC	6.06366
create-batch-K1-total[ms]	64	8192	0	8192	GENERIC	406.92541
create-batch-K1[ns]	64	8192	0	8192	CLMUL	6.17129
create-batch-K1-total[ms]	64	8192	0	8192	CLMUL	414.14795
create-batch-K2[ns]	64	8192	0	8192	GENERIC	4.63972
create-batch-K2-total[ms]	64	8192	0	8192	GENERIC	311.36647
create-batch-K2[ns]	64	8192	0	8192	CLMUL	3.14576
create-batch-K2-total[ms]	64	8192	0	8192	CLMUL	211.10843
create-batch-K4[ns]	64	8192	0	8192	GENERIC	4.44326
create-batch-K4-total[ms]	64	8192	0	8192	GENERIC	298.18245
create-batch-K4[ns]	64	8192	0	8192	CLMUL	1.86597
create-batch-K4-total[ms]	64	8192	0	8192	CLMUL	125.22303
create-batch-K8[ns]	64	8192	0	8192	GENERIC	4.63968
create-batch-K8-total[ms]	64	8192	0	8192	GENERIC	311.36356
create-batch-K8[ns]	64	8192	0	8192	CLMUL	1.80149
create-batch-K8-total[ms]	64	8192	0	8192	CLMUL	120.89619
