metric	bits	capacity	errors	data_len	implementation	value
recover[ms]	16	128	8	0	GENERIC	0.02250
recover[ms]	16	128	8	0	CLMUL	0.01344
create[ns]	16	128	8	1024	GENERIC	3.17156
create-total[ms]	16	128	8	1024	GENERIC	0.41570
create[ns]	16	128	8	1024	CLMUL	7.57281
create-total[ms]	16	128	8	1024	CLMUL	0.99258
recover[ms]	16	128	16	0	GENERIC	0.04728
recover[ms]	16	128	16	0	CLMUL	0.03891
create[ns]	16	128	16	1024	GENERIC	3.17114
create-total[ms]	16	128	16	1024	GENERIC	0.41565
create[ns]	16	128	16	1024	CLMUL	7.57221
create-total[ms]	16	128	16	1024	CLMUL	0.99251
recover[ms]	16	128	32	0	GENERIC	0.12111
recover[ms]	16	128	32	0	CLMUL	0.11589
create[ns]	16	128	32	1024	GENERIC	3.17156
create-total[ms]	16	128	32	1024	GENERIC	0.41570
create[ns]	16	128	32	1024	CLMUL	7.57238
create-total[ms]	16	128	32	1024	CLMUL	0.99253
recover[ms]	16	128	64	0	GENERIC	0.31595
recover[ms]	16	128	64	0	CLMUL	0.36535
create[ns]	16	128	64	1024	GENERIC	3.17107
create-total[ms]	16	128	64	1024	GENERIC	0.41564
create[ns]	16	128	64	1024	CLMUL	7.57216
create-total[ms]	16	128	64	1024	CLMUL	0.99250
recover[ms]	16	128	128	0	GENERIC	0.88490
recover[ms]	16	128	128	0	CLMUL	1.19417
create[ns]	16	128	128	1024	GENERIC	3.17134
create-total[ms]	16	128	128	1024	GENERIC	0.41567
create[ns]	16	128	128	1024	CLMUL	7.57275
create-total[ms]	16	128	128	1024	CLMUL	0.99258
recover[ms]	16	256	8	0	GENERIC	0.02954
recover[ms]	16	256	8	0	CLMUL	0.02017
create[ns]	16	256	8	1024	GENERIC	3.08763
create-total[ms]	16	256	8	1024	GENERIC	0.80940
create[ns]	16	256	8	1024	CLMUL	7.60651
create-total[ms]	16	256	8	1024	CLMUL	1.99400
recover[ms]	16	256	16	0	GENERIC	0.05876
recover[ms]	16	256	16	0	CLMUL	0.05103
create[ns]	16	256	16	1024	GENERIC	3.08751
create-total[ms]	16	256	16	1024	GENERIC	0.80937
create[ns]	16	256	16	1024	CLMUL	7.60640
create-total[ms]	16	256	16	1024	CLMUL	1.99397
recover[ms]	16	256	32	0	GENERIC	0.13816
recover[ms]	16	256	32	0	CLMUL	0.13867
create[ns]	16	256	32	1024	GENERIC	3.08771
create-total[ms]	16	256	32	1024	GENERIC	0.80942
create[ns]	16	256	32	1024	CLMUL	7.60708
create-total[ms]	16	256	32	1024	CLMUL	1.99415
recover[ms]	16	256	64	0	GENERIC	0.36751
recover[ms]	16	256	64	0	CLMUL	0.42719
create[ns]	16	256	64	1024	GENERIC	3.08755
create-total[ms]	16	256	64	1024	GENERIC	0.80938
create[ns]	16	256	64	1024	CLMUL	7.60645
create-total[ms]	16	256	64	1024	CLMUL	1.99399
recover[ms]	16	256	128	0	GENERIC	0.92590
recover[ms]	16	256	128	0	CLMUL	1.30130
create[ns]	16	256	128	1024	GENERIC	3.08736
create-total[ms]	16	256	128	1024	GENERIC	0.80933
create[ns]	16	256	128	1024	CLMUL	7.60659
create-total[ms]	16	256	128	1024	CLMUL	1.99402
recover[ms]	16	256	256	0	GENERIC	2.70638
recover[ms]	16	256	256	0	CLMUL	4.25748
create[ns]	16	256	256	1024	GENERIC	3.08762
create-total[ms]	16	256	256	1024	GENERIC	0.80940
create[ns]	16	256	256	1024	CLMUL	7.60652
create-total[ms]	16	256	256	1024	CLMUL	1.99400
recover[ms]	16	512	8	0	GENERIC	0.04949
recover[ms]	16	512	8	0	CLMUL	0.03329
create[ns]	16	512	8	1024	GENERIC	3.04515
create-total[ms]	16	512	8	1024	GENERIC	1.59654
create[ns]	16	512	8	1024	CLMUL	7.62718
create-total[ms]	16	512	8	1024	CLMUL	3.99884
recover[ms]	16	512	16	0	GENERIC	0.08322
recover[ms]	16	512	16	0	CLMUL	0.07625
create[ns]	16	512	16	1024	GENERIC	3.04513
create-total[ms]	16	512	16	1024	GENERIC	1.59653
create[ns]	16	512	16	1024	CLMUL	7.62713
create-total[ms]	16	512	16	1024	CLMUL	3.99881
recover[ms]	16	512	32	0	GENERIC	0.17397
recover[ms]	16	512	32	0	CLMUL	0.19155
create[ns]	16	512	32	1024	GENERIC	3.04520
create-total[ms]	16	512	32	1024	GENERIC	1.59656
create[ns]	16	512	32	1024	CLMUL	7.62667
create-total[ms]	16	512	32	1024	CLMUL	3.99857
recover[ms]	16	512	64	0	GENERIC	0.40366
recover[ms]	16	512	64	0	CLMUL	0.52020
create[ns]	16	512	64	1024	GENERIC	3.04512
create-total[ms]	16	512	64	1024	GENERIC	1.59652
create[ns]	16	512	64	1024	CLMUL	7.62748
create-total[ms]	16	512	64	1024	CLMUL	3.99900
recover[ms]	16	512	128	0	GENERIC	1.03239
recover[ms]	16	512	128	0	CLMUL	1.50236
create[ns]	16	512	128	1024	GENERIC	3.04558
create-total[ms]	16	512	128	1024	GENERIC	1.59676
create[ns]	16	512	128	1024	CLMUL	7.62826
create-total[ms]	16	512	128	1024	CLMUL	3.99941
recover[ms]	16	512	256	0	GENERIC	2.89634
recover[ms]	16	512	256	0	CLMUL	4.66152
create[ns]	16	512	256	1024	GENERIC	3.04554
create-total[ms]	16	512	256	1024	GENERIC	1.59674
create[ns]	16	512	256	1024	CLMUL	7.62738
create-total[ms]	16	512	256	1024	CLMUL	3.99894
recover[ms]	16	512	384	0	GENERIC	5.45983
recover[ms]	16	512	384	0	CLMUL	9.17457
create[ns]	16	512	384	1024	GENERIC	3.04525
create-total[ms]	16	512	384	1024	GENERIC	1.59659
create[ns]	16	512	384	1024	CLMUL	7.62676
create-total[ms]	16	512	384	1024	CLMUL	3.99862
recover[ms]	16	512	512	0	GENERIC	8.65318
recover[ms]	16	512	512	0	CLMUL	15.08262
create[ns]	16	512	512	1024	GENERIC	3.04557
create-total[ms]	16	512	512	1024	GENERIC	1.59676
create[ns]	16	512	512	1024	CLMUL	7.62712
create-total[ms]	16	512	512	1024	CLMUL	3.99881
recover[ms]	16	1024	8	0	GENERIC	0.08736
recover[ms]	16	1024	8	0	CLMUL	0.05938
create[ns]	16	1024	8	1024	GENERIC	3.02467
create-total[ms]	16	1024	8	1024	GENERIC	3.17160
create[ns]	16	1024	8	1024	CLMUL	7.63697
create-total[ms]	16	1024	8	1024	CLMUL	8.00794
recover[ms]	16	1024	16	0	GENERIC	0.13205
recover[ms]	16	1024	16	0	CLMUL	0.12661
create[ns]	16	1024	16	1024	GENERIC	3.02479
create-total[ms]	16	1024	16	1024	GENERIC	3.17172
create[ns]	16	1024	16	1024	CLMUL	7.63638
create-total[ms]	16	1024	16	1024	CLMUL	8.00732
recover[ms]	16	1024	32	0	GENERIC	0.25897
recover[ms]	16	1024	32	0	CLMUL	0.28985
create[ns]	16	1024	32	1024	GENERIC	3.02656
create-total[ms]	16	1024	32	1024	GENERIC	3.17358
create[ns]	16	1024	32	1024	CLMUL	7.63583
create-total[ms]	16	1024	32	1024	CLMUL	8.00675
recover[ms]	16	1024	64	0	GENERIC	0.52602
recover[ms]	16	1024	64	0	CLMUL	0.72227
create[ns]	16	1024	64	1024	GENERIC	3.02645
create-total[ms]	16	1024	64	1024	GENERIC	3.17346
create[ns]	16	1024	64	1024	CLMUL	7.63776
create-total[ms]	16	1024	64	1024	CLMUL	8.00877
recover[ms]	16	1024	128	0	GENERIC	1.24305
recover[ms]	16	1024	128	0	CLMUL	1.90840
create[ns]	16	1024	128	1024	GENERIC	3.02438
create-total[ms]	16	1024	128	1024	GENERIC	3.17129
create[ns]	16	1024	128	1024	CLMUL	7.63723
create-total[ms]	16	1024	128	1024	CLMUL	8.00822
recover[ms]	16	1024	256	0	GENERIC	3.30009
recover[ms]	16	1024	256	0	CLMUL	5.47925
create[ns]	16	1024	256	1024	GENERIC	3.02627
create-total[ms]	16	1024	256	1024	GENERIC	3.17327
create[ns]	16	1024	256	1024	CLMUL	7.63798
create-total[ms]	16	1024	256	1024	CLMUL	8.00900
recover[ms]	16	1024	384	0	GENERIC	6.15129
recover[ms]	16	1024	384	0	CLMUL	10.41644
create[ns]	16	1024	384	1024	GENERIC	3.02459
create-total[ms]	16	1024	384	1024	GENERIC	3.17151
create[ns]	16	1024	384	1024	CLMUL	7.67612
create-total[ms]	16	1024	384	1024	CLMUL	8.04900
recover[ms]	16	1024	512	0	GENERIC	9.55580
recover[ms]	16	1024	512	0	CLMUL	16.71161
create[ns]	16	1024	512	1024	GENERIC	3.02634
create-total[ms]	16	1024	512	1024	GENERIC	3.17335
create[ns]	16	1024	512	1024	CLMUL	7.63636
create-total[ms]	16	1024	512	1024	CLMUL	8.00730
recover[ms]	16	1024	768	0	GENERIC	17.92718
recover[ms]	16	1024	768	0	CLMUL	32.55570
create[ns]	16	1024	768	1024	GENERIC	3.02511
create-total[ms]	16	1024	768	1024	GENERIC	3.17205
create[ns]	16	1024	768	1024	CLMUL	7.63612
create-total[ms]	16	1024	768	1024	CLMUL	8.00706
recover[ms]	16	1024	1024	0	GENERIC	28.60340
recover[ms]	16	1024	1024	0	CLMUL	53.32461
create[ns]	16	1024	1024	1024	GENERIC	3.02520
create-total[ms]	16	1024	1024	1024	GENERIC	3.17215
create[ns]	16	1024	1024	1024	CLMUL	7.63585
create-total[ms]	16	1024	1024	1024	CLMUL	8.00677
recover[ms]	16	2048	8	0	GENERIC	0.16356
recover[ms]	16	2048	8	0	CLMUL	0.11013
create[ns]	16	2048	8	1024	GENERIC	3.01827
create-total[ms]	16	2048	8	1024	GENERIC	6.32976
create[ns]	16	2048	8	1024	CLMUL	7.64180
create-total[ms]	16	2048	8	1024	CLMUL	16.02601
recover[ms]	16	2048	16	0	GENERIC	0.23264
recover[ms]	16	2048	16	0	CLMUL	0.22849
create[ns]	16	2048	16	1024	GENERIC	3.01873
create-total[ms]	16	2048	16	1024	GENERIC	6.33074
create[ns]	16	2048	16	1024	CLMUL	7.64171
create-total[ms]	16	2048	16	1024	CLMUL	16.02583
recover[ms]	16	2048	32	0	GENERIC	0.41651
recover[ms]	16	2048	32	0	CLMUL	0.48905
create[ns]	16	2048	32	1024	GENERIC	3.01881
create-total[ms]	16	2048	32	1024	GENERIC	6.33091
create[ns]	16	2048	32	1024	CLMUL	7.64255
create-total[ms]	16	2048	32	1024	CLMUL	16.02758
recover[ms]	16	2048	64	0	GENERIC	0.77433
recover[ms]	16	2048	64	0	CLMUL	1.13083
create[ns]	16	2048	64	1024	GENERIC	3.01837
create-total[ms]	16	2048	64	1024	GENERIC	6.32998
create[ns]	16	2048	64	1024	CLMUL	7.64368
create-total[ms]	16	2048	64	1024	CLMUL	16.02996
recover[ms]	16	2048	128	0	GENERIC	1.66782
recover[ms]	16	2048	128	0	CLMUL	2.73367
create[ns]	16	2048	128	1024	GENERIC	3.01856
create-total[ms]	16	2048	128	1024	GENERIC	6.33038
create[ns]	16	2048	128	1024	CLMUL	7.64767
create-total[ms]	16	2048	128	1024	CLMUL	16.03833
recover[ms]	16	2048	256	0	GENERIC	4.09880
recover[ms]	16	2048	256	0	CLMUL	7.12873
create[ns]	16	2048	256	1024	GENERIC	3.01853
create-total[ms]	16	2048	256	1024	GENERIC	6.33033
create[ns]	16	2048	256	1024	CLMUL	7.64065
create-total[ms]	16	2048	256	1024	CLMUL	16.02361
recover[ms]	16	2048	384	0	GENERIC	7.48504
recover[ms]	16	2048	384	0	CLMUL	12.86222
create[ns]	16	2048	384	1024	GENERIC	3.01831
create-total[ms]	16	2048	384	1024	GENERIC	6.32986
create[ns]	16	2048	384	1024	CLMUL	7.63992
create-total[ms]	16	2048	384	1024	CLMUL	16.02208
recover[ms]	16	2048	512	0	GENERIC	11.32160
recover[ms]	16	2048	512	0	CLMUL	19.98148
create[ns]	16	2048	512	1024	GENERIC	3.01826
create-total[ms]	16	2048	512	1024	GENERIC	6.32976
create[ns]	16	2048	512	1024	CLMUL	7.63969
create-total[ms]	16	2048	512	1024	CLMUL	16.02158
recover[ms]	16	2048	768	0	GENERIC	20.59502
recover[ms]	16	2048	768	0	CLMUL	37.51141
create[ns]	16	2048	768	1024	GENERIC	3.01851
create-total[ms]	16	2048	768	1024	GENERIC	6.33028
create[ns]	16	2048	768	1024	CLMUL	7.66237
create-total[ms]	16	2048	768	1024	CLMUL	16.06915
recover[ms]	16	2048	1024	0	GENERIC	32.42631
recover[ms]	16	2048	1024	0	CLMUL	59.69279
create[ns]	16	2048	1024	1024	GENERIC	3.01799
create-total[ms]	16	2048	1024	1024	GENERIC	6.32919
create[ns]	16	2048	1024	1024	CLMUL	7.65316
create-total[ms]	16	2048	1024	1024	CLMUL	16.04985
recover[ms]	16	2048	1536	0	GENERIC	60.63396
recover[ms]	16	2048	1536	0	CLMUL	114.46403
create[ns]	16	2048	1536	1024	GENERIC	3.01810
create-total[ms]	16	2048	1536	1024	GENERIC	6.32942
create[ns]	16	2048	1536	1024	CLMUL	7.64011
create-total[ms]	16	2048	1536	1024	CLMUL	16.02248
recover[ms]	16	2048	2048	0	GENERIC	96.45801
recover[ms]	16	2048	2048	0	CLMUL	185.51967
create[ns]	16	2048	2048	1024	GENERIC	3.01817
create-total[ms]	16	2048	2048	1024	GENERIC	6.32955
create[ns]	16	2048	2048	1024	CLMUL	7.64004
create-total[ms]	16	2048	2048	1024	CLMUL	16.02232
recover[ms]	16	3072	8	0	GENERIC	0.23865
recover[ms]	16	3072	8	0	CLMUL	0.16250
create[ns]	16	3072	8	1024	GENERIC	3.01391
create-total[ms]	16	3072	8	1024	GENERIC	9.48093
create[ns]	16	3072	8	1024	CLMUL	7.64141
create-total[ms]	16	3072	8	1024	CLMUL	24.03779
recover[ms]	16	3072	16	0	GENERIC	0.33282
recover[ms]	16	3072	16	0	CLMUL	0.32938
create[ns]	16	3072	16	1024	GENERIC	3.01388
create-total[ms]	16	3072	16	1024	GENERIC	9.48085
create[ns]	16	3072	16	1024	CLMUL	7.64143
create-total[ms]	16	3072	16	1024	CLMUL	24.03785
recover[ms]	16	3072	32	0	GENERIC	0.57715
recover[ms]	16	3072	32	0	CLMUL	0.68800
create[ns]	16	3072	32	1024	GENERIC	3.01375
create-total[ms]	16	3072	32	1024	GENERIC	9.48044
create[ns]	16	3072	32	1024	CLMUL	7.64133
create-total[ms]	16	3072	32	1024	CLMUL	24.03754
recover[ms]	16	3072	64	0	GENERIC	1.02048
recover[ms]	16	3072	64	0	CLMUL	1.54305
create[ns]	16	3072	64	1024	GENERIC	3.01399
create-total[ms]	16	3072	64	1024	GENERIC	9.48118
create[ns]	16	3072	64	1024	CLMUL	7.64141
create-total[ms]	16	3072	64	1024	CLMUL	24.03780
recover[ms]	16	3072	128	0	GENERIC	2.08277
recover[ms]	16	3072	128	0	CLMUL	3.54684
create[ns]	16	3072	128	1024	GENERIC	3.01389
create-total[ms]	16	3072	128	1024	GENERIC	9.48086
create[ns]	16	3072	128	1024	CLMUL	7.64162
create-total[ms]	16	3072	128	1024	CLMUL	24.03845
recover[ms]	16	3072	256	0	GENERIC	4.92349
recover[ms]	16	3072	256	0	CLMUL	8.76447
create[ns]	16	3072	256	1024	GENERIC	3.01391
create-total[ms]	16	3072	256	1024	GENERIC	9.48093
create[ns]	16	3072	256	1024	CLMUL	7.64147
create-total[ms]	16	3072	256	1024	CLMUL	24.03799
recover[ms]	16	3072	384	0	GENERIC	8.84104
recover[ms]	16	3072	384	0	CLMUL	15.30126
create[ns]	16	3072	384	1024	GENERIC	3.01403
create-total[ms]	16	3072	384	1024	GENERIC	9.48130
create[ns]	16	3072	384	1024	CLMUL	7.64188
create-total[ms]	16	3072	384	1024	CLMUL	24.03928
recover[ms]	16	3072	512	0	GENERIC	13.10474
recover[ms]	16	3072	512	0	CLMUL	23.24984
create[ns]	16	3072	512	1024	GENERIC	3.01405
create-total[ms]	16	3072	512	1024	GENERIC	9.48138
create[ns]	16	3072	512	1024	CLMUL	7.64134
create-total[ms]	16	3072	512	1024	CLMUL	24.03758
recover[ms]	16	3072	768	0	GENERIC	23.25857
recover[ms]	16	3072	768	0	CLMUL	42.29962
create[ns]	16	3072	768	1024	GENERIC	3.01383
create-total[ms]	16	3072	768	1024	GENERIC	9.48069
create[ns]	16	3072	768	1024	CLMUL	7.64163
create-total[ms]	16	3072	768	1024	CLMUL	24.03848
recover[ms]	16	3072	1024	0	GENERIC	35.99614
recover[ms]	16	3072	1024	0	CLMUL	66.16552
create[ns]	16	3072	1024	1024	GENERIC	3.01397
create-total[ms]	16	3072	1024	1024	GENERIC	9.48112
create[ns]	16	3072	1024	1024	CLMUL	7.64130
create-total[ms]	16	3072	1024	1024	CLMUL	24.03747
recover[ms]	16	3072	1536	0	GENERIC	66.80798
recover[ms]	16	3072	1536	0	CLMUL	124.19902
create[ns]	16	3072	1536	1024	GENERIC	3.01410
create-total[ms]	16	3072	1536	1024	GENERIC	9.48154
create[ns]	16	3072	1536	1024	CLMUL	7.64154
create-total[ms]	16	3072	1536	1024	CLMUL	24.03822
recover[ms]	16	3072	2048	0	GENERIC	106.32290
recover[ms]	16	3072	2048	0	CLMUL	198.26658
create[ns]	16	3072	2048	1024	GENERIC	3.01398
create-total[ms]	16	3072	2048	1024	GENERIC	9.48116
create[ns]	16	3072	2048	1024	CLMUL	7.64149
create-total[ms]	16	3072	2048	1024	CLMUL	24.03806
recover[ms]	16	4096	8	0	GENERIC	0.31252
recover[ms]	16	4096	8	0	CLMUL	0.21454
create[ns]	16	4096	8	1024	GENERIC	3.01336
create-total[ms]	16	4096	8	1024	GENERIC	12.63896
create[ns]	16	4096	8	1024	CLMUL	7.64219
create-total[ms]	16	4096	8	1024	CLMUL	32.05366
recover[ms]	16	4096	16	0	GENERIC	0.42928
recover[ms]	16	4096	16	0	CLMUL	0.42977
create[ns]	16	4096	16	1024	GENERIC	3.01347
create-total[ms]	16	4096	16	1024	GENERIC	12.63941
create[ns]	16	4096	16	1024	CLMUL	7.64208
create-total[ms]	16	4096	16	1024	CLMUL	32.05320
recover[ms]	16	4096	32	0	GENERIC	0.73581
recover[ms]	16	4096	32	0	CLMUL	0.88692
create[ns]	16	4096	32	1024	GENERIC	3.01345
create-total[ms]	16	4096	32	1024	GENERIC	12.63931
create[ns]	16	4096	32	1024	CLMUL	7.64204
create-total[ms]	16	4096	32	1024	CLMUL	32.05303
recover[ms]	16	4096	64	0	GENERIC	1.25661
recover[ms]	16	4096	64	0	CLMUL	1.95836
create[ns]	16	4096	64	1024	GENERIC	3.01338
create-total[ms]	16	4096	64	1024	GENERIC	12.63905
create[ns]	16	4096	64	1024	CLMUL	7.64186
create-total[ms]	16	4096	64	1024	CLMUL	32.05229
recover[ms]	16	4096	128	0	GENERIC	2.49733
recover[ms]	16	4096	128	0	CLMUL	4.36786
create[ns]	16	4096	128	1024	GENERIC	3.01338
create-total[ms]	16	4096	128	1024	GENERIC	12.63902
create[ns]	16	4096	128	1024	CLMUL	7.64232
create-total[ms]	16	4096	128	1024	CLMUL	32.05423
recover[ms]	16	4096	256	0	GENERIC	5.72101
recover[ms]	16	4096	256	0	CLMUL	10.40327
create[ns]	16	4096	256	1024	GENERIC	3.01357
create-total[ms]	16	4096	256	1024	GENERIC	12.63983
create[ns]	16	4096	256	1024	CLMUL	7.64225
create-total[ms]	16	4096	256	1024	CLMUL	32.05392
recover[ms]	16	4096	384	0	GENERIC	10.17330
recover[ms]	16	4096	384	0	CLMUL	17.76587
create[ns]	16	4096	384	1024	GENERIC	3.01355
create-total[ms]	16	4096	384	1024	GENERIC	12.63975
create[ns]	16	4096	384	1024	CLMUL	7.64201
create-total[ms]	16	4096	384	1024	CLMUL	32.05292
recover[ms]	16	4096	512	0	GENERIC	14.89604
recover[ms]	16	4096	512	0	CLMUL	26.52392
create[ns]	16	4096	512	1024	GENERIC	3.01351
create-total[ms]	16	4096	512	1024	GENERIC	12.63960
create[ns]	16	4096	512	1024	CLMUL	7.64205
create-total[ms]	16	4096	512	1024	CLMUL	32.05308
recover[ms]	16	4096	768	0	GENERIC	25.92817
recover[ms]	16	4096	768	0	CLMUL	47.19352
create[ns]	16	4096	768	1024	GENERIC	3.01358
create-total[ms]	16	4096	768	1024	GENERIC	12.63988
create[ns]	16	4096	768	1024	CLMUL	7.64205
create-total[ms]	16	4096	768	1024	CLMUL	32.05309
recover[ms]	16	4096	1024	0	GENERIC	39.53796
recover[ms]	16	4096	1024	0	CLMUL	72.67742
create[ns]	16	4096	1024	1024	GENERIC	3.01347
create-total[ms]	16	4096	1024	1024	GENERIC	12.63940
create[ns]	16	4096	1024	1024	CLMUL	7.64227
create-total[ms]	16	4096	1024	1024	CLMUL	32.05400
recover[ms]	16	4096	1536	0	GENERIC	72.79517
recover[ms]	16	4096	1536	0	CLMUL	133.82636
create[ns]	16	4096	1536	1024	GENERIC	3.01347
create-total[ms]	16	4096	1536	1024	GENERIC	12.63940
create[ns]	16	4096	1536	1024	CLMUL	7.64219
create-total[ms]	16	4096	1536	1024	CLMUL	32.05367
recover[ms]	16	4096	2048	0	GENERIC	115.47807
recover[ms]	16	4096	2048	0	CLMUL	211.25617
create[ns]	16	4096	2048	1024	GENERIC	3.01327
create-total[ms]	16	4096	2048	1024	GENERIC	12.63857
create[ns]	16	4096	2048	1024	CLMUL	7.64228
create-total[ms]	16	4096	2048	1024	CLMUL	32.05404
recover[ms]	16	5120	8	0	GENERIC	0.38886
recover[ms]	16	5120	8	0	CLMUL	0.26609
create[ns]	16	5120	8	1024	GENERIC	3.01212
create-total[ms]	16	5120	8	1024	GENERIC	15.79216
create[ns]	16	5120	8	1024	CLMUL	7.64251
create-total[ms]	16	5120	8	1024	CLMUL	40.06875
recover[ms]	16	5120	16	0	GENERIC	0.52794
recover[ms]	16	5120	16	0	CLMUL	0.53094
create[ns]	16	5120	16	1024	GENERIC	3.01183
create-total[ms]	16	5120	16	1024	GENERIC	15.79064
create[ns]	16	5120	16	1024	CLMUL	7.64246
create-total[ms]	16	5120	16	1024	CLMUL	40.06851
recover[ms]	16	5120	32	0	GENERIC	0.89199
recover[ms]	16	5120	32	0	CLMUL	1.08863
create[ns]	16	5120	32	1024	GENERIC	3.01173
create-total[ms]	16	5120	32	1024	GENERIC	15.79012
create[ns]	16	5120	32	1024	CLMUL	7.64256
create-total[ms]	16	5120	32	1024	CLMUL	40.06904
recover[ms]	16	5120	64	0	GENERIC	1.50182
recover[ms]	16	5120	64	0	CLMUL	2.36810
create[ns]	16	5120	64	1024	GENERIC	3.01175
create-total[ms]	16	5120	64	1024	GENERIC	15.79025
create[ns]	16	5120	64	1024	CLMUL	7.64256
create-total[ms]	16	5120	64	1024	CLMUL	40.06901
recover[ms]	16	5120	128	0	GENERIC	2.91678
recover[ms]	16	5120	128	0	CLMUL	5.19063
create[ns]	16	5120	128	1024	GENERIC	3.01177
create-total[ms]	16	5120	128	1024	GENERIC	15.79034
create[ns]	16	5120	128	1024	CLMUL	7.64250
create-total[ms]	16	5120	128	1024	CLMUL	40.06871
recover[ms]	16	5120	256	0	GENERIC	6.53764
recover[ms]	16	5120	256	0	CLMUL	12.04378
create[ns]	16	5120	256	1024	GENERIC	3.01172
create-total[ms]	16	5120	256	1024	GENERIC	15.79011
create[ns]	16	5120	256	1024	CLMUL	7.64256
create-total[ms]	16	5120	256	1024	CLMUL	40.06902
recover[ms]	16	5120	384	0	GENERIC	11.53927
recover[ms]	16	5120	384	0	CLMUL	20.23587
create[ns]	16	5120	384	1024	GENERIC	3.01191
create-total[ms]	16	5120	384	1024	GENERIC	15.79106
create[ns]	16	5120	384	1024	CLMUL	7.64249
create-total[ms]	16	5120	384	1024	CLMUL	40.06867
recover[ms]	16	5120	512	0	GENERIC	16.67734
recover[ms]	16	5120	512	0	CLMUL	29.80976
create[ns]	16	5120	512	1024	GENERIC	3.01178
create-total[ms]	16	5120	512	1024	GENERIC	15.79038
create[ns]	16	5120	512	1024	CLMUL	7.64247
create-total[ms]	16	5120	512	1024	CLMUL	40.06856
recover[ms]	16	5120	768	0	GENERIC	28.58395
recover[ms]	16	5120	768	0	CLMUL	52.09840
create[ns]	16	5120	768	1024	GENERIC	3.01154
create-total[ms]	16	5120	768	1024	GENERIC	15.78912
create[ns]	16	5120	768	1024	CLMUL	7.64273
create-total[ms]	16	5120	768	1024	CLMUL	40.06994
recover[ms]	16	5120	1024	0	GENERIC	43.09367
recover[ms]	16	5120	1024	0	CLMUL	79.20684
create[ns]	16	5120	1024	1024	GENERIC	3.01162
create-total[ms]	16	5120	1024	1024	GENERIC	15.78959
create[ns]	16	5120	1024	1024	CLMUL	7.64252
create-total[ms]	16	5120	1024	1024	CLMUL	40.06883
recover[ms]	16	5120	1536	0	GENERIC	78.73193
recover[ms]	16	5120	1536	0	CLMUL	143.66360
create[ns]	16	5120	1536	1024	GENERIC	3.01179
create-total[ms]	16	5120	1536	1024	GENERIC	15.79044
create[ns]	16	5120	1536	1024	CLMUL	7.64250
create-total[ms]	16	5120	1536	1024	CLMUL	40.06869
recover[ms]	16	5120	2048	0	GENERIC	124.79098
recover[ms]	16	5120	2048	0	CLMUL	224.19701
create[ns]	16	5120	2048	1024	GENERIC	3.01174
create-total[ms]	16	5120	2048	1024	GENERIC	15.79019
create[ns]	16	5120	2048	1024	CLMUL	7.64247
create-total[ms]	16	5120	2048	1024	CLMUL	40.06856
recover[ms]	16	6144	8	0	GENERIC	0.46534
recover[ms]	16	6144	8	0	CLMUL	0.31762
create[ns]	16	6144	8	1024	GENERIC	3.01171
create-total[ms]	16	6144	8	1024	GENERIC	18.94805
create[ns]	16	6144	8	1024	CLMUL	7.64274
create-total[ms]	16	6144	8	1024	CLMUL	48.08397
recover[ms]	16	6144	16	0	GENERIC	0.62971
recover[ms]	16	6144	16	0	CLMUL	0.63179
create[ns]	16	6144	16	1024	GENERIC	3.01182
create-total[ms]	16	6144	16	1024	GENERIC	18.94872
create[ns]	16	6144	16	1024	CLMUL	7.64284
create-total[ms]	16	6144	16	1024	CLMUL	48.08459
recover[ms]	16	6144	32	0	GENERIC	1.04954
recover[ms]	16	6144	32	0	CLMUL	1.28950
create[ns]	16	6144	32	1024	GENERIC	3.01166
create-total[ms]	16	6144	32	1024	GENERIC	18.94772
create[ns]	16	6144	32	1024	CLMUL	7.64286
create-total[ms]	16	6144	32	1024	CLMUL	48.08474
recover[ms]	16	6144	64	0	GENERIC	1.75533
recover[ms]	16	6144	64	0	CLMUL	2.77644
create[ns]	16	6144	64	1024	GENERIC	3.01160
create-total[ms]	16	6144	64	1024	GENERIC	18.94737
create[ns]	16	6144	64	1024	CLMUL	7.64304
create-total[ms]	16	6144	64	1024	CLMUL	48.08588
recover[ms]	16	6144	128	0	GENERIC	3.33824
recover[ms]	16	6144	128	0	CLMUL	6.01231
create[ns]	16	6144	128	1024	GENERIC	3.01153
create-total[ms]	16	6144	128	1024	GENERIC	18.94691
create[ns]	16	6144	128	1024	CLMUL	7.64272
create-total[ms]	16	6144	128	1024	CLMUL	48.08381
recover[ms]	16	6144	256	0	GENERIC	7.36592
recover[ms]	16	6144	256	0	CLMUL	13.68702
create[ns]	16	6144	256	1024	GENERIC	3.01161
create-total[ms]	16	6144	256	1024	GENERIC	18.94739
create[ns]	16	6144	256	1024	CLMUL	7.64294
create-total[ms]	16	6144	256	1024	CLMUL	48.08520
recover[ms]	16	6144	384	0	GENERIC	12.91550
recover[ms]	16	6144	384	0	CLMUL	22.66220
create[ns]	16	6144	384	1024	GENERIC	3.01162
create-total[ms]	16	6144	384	1024	GENERIC	18.94750
create[ns]	16	6144	384	1024	CLMUL	7.64289
create-total[ms]	16	6144	384	1024	CLMUL	48.08493
recover[ms]	16	6144	512	0	GENERIC	18.47051
recover[ms]	16	6144	512	0	CLMUL	33.07801
create[ns]	16	6144	512	1024	GENERIC	3.01177
create-total[ms]	16	6144	512	1024	GENERIC	18.94843
create[ns]	16	6144	512	1024	CLMUL	7.64307
create-total[ms]	16	6144	512	1024	CLMUL	48.08606
recover[ms]	16	6144	768	0	GENERIC	31.21004
recover[ms]	16	6144	768	0	CLMUL	57.00735
create[ns]	16	6144	768	1024	GENERIC	3.01164
create-total[ms]	16	6144	768	1024	GENERIC	18.94763
create[ns]	16	6144	768	1024	CLMUL	7.64289
create-total[ms]	16	6144	768	1024	CLMUL	48.08492
recover[ms]	16	6144	1024	0	GENERIC	46.56970
recover[ms]	16	6144	1024	0	CLMUL	85.64602
create[ns]	16	6144	1024	1024	GENERIC	3.01171
create-total[ms]	16	6144	1024	1024	GENERIC	18.94804
create[ns]	16	6144	1024	1024	CLMUL	7.64289
create-total[ms]	16	6144	1024	1024	CLMUL	48.08493
recover[ms]	16	6144	1536	0	GENERIC	84.35066
recover[ms]	16	6144	1536	0	CLMUL	153.22576
create[ns]	16	6144	1536	1024	GENERIC	3.01159
create-total[ms]	16	6144	1536	1024	GENERIC	18.94731
create[ns]	16	6144	1536	1024	CLMUL	7.64287
create-total[ms]	16	6144	1536	1024	CLMUL	48.08478
recover[ms]	16	6144	2048	0	GENERIC	134.13573
recover[ms]	16	6144	2048	0	CLMUL	237.21521
create[ns]	16	6144	2048	1024	GENERIC	3.01153
create-total[ms]	16	6144	2048	1024	GENERIC	18.94694
create[ns]	16	6144	2048	1024	CLMUL	7.64288
create-total[ms]	16	6144	2048	1024	CLMUL	48.08483
recover[ms]	16	7168	8	0	GENERIC	0.54007
recover[ms]	16	7168	8	0	CLMUL	0.36968
create[ns]	16	7168	8	1024	GENERIC	3.01079
create-total[ms]	16	7168	8	1024	GENERIC	22.09932
create[ns]	16	7168	8	1024	CLMUL	7.64308
create-total[ms]	16	7168	8	1024	CLMUL	56.10043
recover[ms]	16	7168	16	0	GENERIC	0.72837
recover[ms]	16	7168	16	0	CLMUL	0.73239
create[ns]	16	7168	16	1024	GENERIC	3.01075
create-total[ms]	16	7168	16	1024	GENERIC	22.09904
create[ns]	16	7168	16	1024	CLMUL	7.64299
create-total[ms]	16	7168	16	1024	CLMUL	56.09977
recover[ms]	16	7168	32	0	GENERIC	1.21327
recover[ms]	16	7168	32	0	CLMUL	1.48821
create[ns]	16	7168	32	1024	GENERIC	3.01071
create-total[ms]	16	7168	32	1024	GENERIC	22.09870
create[ns]	16	7168	32	1024	CLMUL	7.64303
create-total[ms]	16	7168	32	1024	CLMUL	56.10011
recover[ms]	16	7168	64	0	GENERIC	1.99831
recover[ms]	16	7168	64	0	CLMUL	3.19211
create[ns]	16	7168	64	1024	GENERIC	3.01078
create-total[ms]	16	7168	64	1024	GENERIC	22.09925
create[ns]	16	7168	64	1024	CLMUL	7.64345
create-total[ms]	16	7168	64	1024	CLMUL	56.10316
recover[ms]	16	7168	128	0	GENERIC	3.75136
recover[ms]	16	7168	128	0	CLMUL	6.82803
create[ns]	16	7168	128	1024	GENERIC	3.01064
create-total[ms]	16	7168	128	1024	GENERIC	22.09819
create[ns]	16	7168	128	1024	CLMUL	7.64293
create-total[ms]	16	7168	128	1024	CLMUL	56.09937
recover[ms]	16	7168	256	0	GENERIC	8.15863
recover[ms]	16	7168	256	0	CLMUL	15.32941
create[ns]	16	7168	256	1024	GENERIC	3.01083
create-total[ms]	16	7168	256	1024	GENERIC	22.09962
create[ns]	16	7168	256	1024	CLMUL	7.64318
create-total[ms]	16	7168	256	1024	CLMUL	56.10115
recover[ms]	16	7168	384	0	GENERIC	14.24292
recover[ms]	16	7168	384	0	CLMUL	25.14171
create[ns]	16	7168	384	1024	GENERIC	3.01089
create-total[ms]	16	7168	384	1024	GENERIC	22.10000
create[ns]	16	7168	384	1024	CLMUL	7.64313
create-total[ms]	16	7168	384	1024	CLMUL	56.10083
recover[ms]	16	7168	512	0	GENERIC	20.22958
recover[ms]	16	7168	512	0	CLMUL	36.34965
create[ns]	16	7168	512	1024	GENERIC	3.01097
create-total[ms]	16	7168	512	1024	GENERIC	22.10061
create[ns]	16	7168	512	1024	CLMUL	7.64313
create-total[ms]	16	7168	512	1024	CLMUL	56.10081
recover[ms]	16	7168	768	0	GENERIC	33.81973
recover[ms]	16	7168	768	0	CLMUL	61.87144
create[ns]	16	7168	768	1024	GENERIC	3.01062
create-total[ms]	16	7168	768	1024	GENERIC	22.09804
create[ns]	16	7168	768	1024	CLMUL	7.64326
create-total[ms]	16	7168	768	1024	CLMUL	56.10176
recover[ms]	16	7168	1024	0	GENERIC	50.15675
recover[ms]	16	7168	1024	0	CLMUL	92.25639
create[ns]	16	7168	1024	1024	GENERIC	3.01065
create-total[ms]	16	7168	1024	1024	GENERIC	22.09827
create[ns]	16	7168	1024	1024	CLMUL	7.64315
create-total[ms]	16	7168	1024	1024	CLMUL	56.10097
recover[ms]	16	7168	1536	0	GENERIC	90.69911
recover[ms]	16	7168	1536	0	CLMUL	162.97299
create[ns]	16	7168	1536	1024	GENERIC	3.01078
create-total[ms]	16	7168	1536	1024	GENERIC	22.09924
create[ns]	16	7168	1536	1024	CLMUL	7.64296
create-total[ms]	16	7168	1536	1024	CLMUL	56.09959
recover[ms]	16	7168	2048	0	GENERIC	143.71036
recover[ms]	16	7168	2048	0	CLMUL	249.81974
create[ns]	16	7168	2048	1024	GENERIC	3.01492
create-total[ms]	16	7168	2048	1024	GENERIC	22.12961
create[ns]	16	7168	2048	1024	CLMUL	7.65335
create-total[ms]	16	7168	2048	1024	CLMUL	56.17585
recover[ms]	16	8192	8	0	GENERIC	0.61748
recover[ms]	16	8192	8	0	CLMUL	0.42056
create[ns]	16	8192	8	1024	GENERIC	3.01395
create-total[ms]	16	8192	8	1024	GENERIC	25.28284
create[ns]	16	8192	8	1024	CLMUL	7.64427
create-total[ms]	16	8192	8	1024	CLMUL	64.12482
recover[ms]	16	8192	16	0	GENERIC	0.82610
recover[ms]	16	8192	16	0	CLMUL	0.83426
create[ns]	16	8192	16	1024	GENERIC	3.01102
create-total[ms]	16	8192	16	1024	GENERIC	25.25828
create[ns]	16	8192	16	1024	CLMUL	7.64322
create-total[ms]	16	8192	16	1024	CLMUL	64.11601
recover[ms]	16	8192	32	0	GENERIC	1.37272
recover[ms]	16	8192	32	0	CLMUL	1.68909
create[ns]	16	8192	32	1024	GENERIC	3.01095
create-total[ms]	16	8192	32	1024	GENERIC	25.25768
create[ns]	16	8192	32	1024	CLMUL	7.64332
create-total[ms]	16	8192	32	1024	CLMUL	64.11680
recover[ms]	16	8192	64	0	GENERIC	2.25023
recover[ms]	16	8192	64	0	CLMUL	3.60249
create[ns]	16	8192	64	1024	GENERIC	3.01089
create-total[ms]	16	8192	64	1024	GENERIC	25.25720
create[ns]	16	8192	64	1024	CLMUL	7.64324
create-total[ms]	16	8192	64	1024	CLMUL	64.11614
recover[ms]	16	8192	128	0	GENERIC	4.18028
recover[ms]	16	8192	128	0	CLMUL	7.65887
create[ns]	16	8192	128	1024	GENERIC	3.01090
create-total[ms]	16	8192	128	1024	GENERIC	25.25724
create[ns]	16	8192	128	1024	CLMUL	7.64327
create-total[ms]	16	8192	128	1024	CLMUL	64.11636
recover[ms]	16	8192	256	0	GENERIC	8.98820
recover[ms]	16	8192	256	0	CLMUL	16.95808
create[ns]	16	8192	256	1024	GENERIC	3.01102
create-total[ms]	16	8192	256	1024	GENERIC	25.25826
create[ns]	16	8192	256	1024	CLMUL	7.64325
create-total[ms]	16	8192	256	1024	CLMUL	64.11626
recover[ms]	16	8192	384	0	GENERIC	15.61868
recover[ms]	16	8192	384	0	CLMUL	27.59131
create[ns]	16	8192	384	1024	GENERIC	3.01094
create-total[ms]	16	8192	384	1024	GENERIC	25.25756
create[ns]	16	8192	384	1024	CLMUL	7.64326
create-total[ms]	16	8192	384	1024	CLMUL	64.11634
recover[ms]	16	8192	512	0	GENERIC	22.03699
recover[ms]	16	8192	512	0	CLMUL	39.58990
create[ns]	16	8192	512	1024	GENERIC	3.01073
create-total[ms]	16	8192	512	1024	GENERIC	25.25584
create[ns]	16	8192	512	1024	CLMUL	7.64320
create-total[ms]	16	8192	512	1024	CLMUL	64.11581
recover[ms]	16	8192	768	0	GENERIC	36.42287
recover[ms]	16	8192	768	0	CLMUL	66.79262
create[ns]	16	8192	768	1024	GENERIC	3.01101
create-total[ms]	16	8192	768	1024	GENERIC	25.25822
create[ns]	16	8192	768	1024	CLMUL	7.64319
create-total[ms]	16	8192	768	1024	CLMUL	64.11573
recover[ms]	16	8192	1024	0	GENERIC	53.56702
recover[ms]	16	8192	1024	0	CLMUL	98.66260
create[ns]	16	8192	1024	1024	GENERIC	3.01089
create-total[ms]	16	8192	1024	1024	GENERIC	25.25716
create[ns]	16	8192	1024	1024	CLMUL	7.64316
create-total[ms]	16	8192	1024	1024	CLMUL	64.11550
recover[ms]	16	8192	1536	0	GENERIC	96.85380
recover[ms]	16	8192	1536	0	CLMUL	172.68441
create[ns]	16	8192	1536	1024	GENERIC	3.01081
create-total[ms]	16	8192	1536	1024	GENERIC	25.25654
create[ns]	16	8192	1536	1024	CLMUL	7.64315
create-total[ms]	16	8192	1536	1024	CLMUL	64.11539
recover[ms]	16	8192	2048	0	GENERIC	152.85469
recover[ms]	16	8192	2048	0	CLMUL	262.96409
create[ns]	16	8192	2048	1024	GENERIC	3.01102
create-total[ms]	16	8192	2048	1024	GENERIC	25.25825
create[ns]	16	8192	2048	1024	CLMUL	7.64315
create-total[ms]	16	8192	2048	1024	CLMUL	64.11537
recover[ms]	29	128	8	0	GENERIC	0.04079
recover[ms]	29	128	8	0	CLMUL	0.01924
recover[ms]	29	128	8	0	CLMUL_TRI	0.01486
create[ns]	29	128	8	1024	GENERIC	4.22251
create-total[ms]	29	128	8	1024	GENERIC	0.55345
create[ns]	29	128	8	1024	CLMUL	7.38248
create-total[ms]	29	128	8	1024	CLMUL	0.96764
create[ns]	29	128	8	1024	CLMUL_TRI	5.11279
create-total[ms]	29	128	8	1024	CLMUL_TRI	0.67014
recover[ms]	29	128	16	0	GENERIC	0.10379
recover[ms]	29	128	16	0	CLMUL	0.06123
recover[ms]	29	128	16	0	CLMUL_TRI	0.04566
create[ns]	29	128	16	1024	GENERIC	4.22276
create-total[ms]	29	128	16	1024	GENERIC	0.55349
create[ns]	29	128	16	1024	CLMUL	7.38239
create-total[ms]	29	128	16	1024	CLMUL	0.96762
create[ns]	29	128	16	1024	CLMUL_TRI	5.11275
create-total[ms]	29	128	16	1024	CLMUL_TRI	0.67014
recover[ms]	29	128	32	0	GENERIC	0.30952
recover[ms]	29	128	32	0	CLMUL	0.20804
recover[ms]	29	128	32	0	CLMUL_TRI	0.14542
create[ns]	29	128	32	1024	GENERIC	4.22404
create-total[ms]	29	128	32	1024	GENERIC	0.55365
create[ns]	29	128	32	1024	CLMUL	7.38237
create-total[ms]	29	128	32	1024	CLMUL	0.96762
create[ns]	29	128	32	1024	CLMUL_TRI	5.11262
create-total[ms]	29	128	32	1024	CLMUL_TRI	0.67012
recover[ms]	29	128	64	0	GENERIC	0.92234
recover[ms]	29	128	64	0	CLMUL	0.70926
recover[ms]	29	128	64	0	CLMUL_TRI	0.50366
create[ns]	29	128	64	1024	GENERIC	4.22309
create-total[ms]	29	128	64	1024	GENERIC	0.55353
create[ns]	29	128	64	1024	CLMUL	7.38242
create-total[ms]	29	128	64	1024	CLMUL	0.96763
create[ns]	29	128	64	1024	CLMUL_TRI	5.11266
create-total[ms]	29	128	64	1024	CLMUL_TRI	0.67013
recover[ms]	29	128	128	0	GENERIC	2.97388
recover[ms]	29	128	128	0	CLMUL	2.53586
recover[ms]	29	128	128	0	CLMUL_TRI	1.79842
create[ns]	29	128	128	1024	GENERIC	4.22280
create-total[ms]	29	128	128	1024	GENERIC	0.55349
create[ns]	29	128	128	1024	CLMUL	7.38240
create-total[ms]	29	128	128	1024	CLMUL	0.96763
create[ns]	29	128	128	1024	CLMUL_TRI	5.11265
create-total[ms]	29	128	128	1024	CLMUL_TRI	0.67013
recover[ms]	29	256	8	0	GENERIC	0.05787
recover[ms]	29	256	8	0	CLMUL	0.02487
recover[ms]	29	256	8	0	CLMUL_TRI	0.01817
create[ns]	29	256	8	1024	GENERIC	4.09409
create-total[ms]	29	256	8	1024	GENERIC	1.07324
create[ns]	29	256	8	1024	CLMUL	7.41747
create-total[ms]	29	256	8	1024	CLMUL	1.94444
create[ns]	29	256	8	1024	CLMUL_TRI	5.12643
create-total[ms]	29	256	8	1024	CLMUL_TRI	1.34386
recover[ms]	29	256	16	0	GENERIC	0.13179
recover[ms]	29	256	16	0	CLMUL	0.07225
recover[ms]	29	256	16	0	CLMUL_TRI	0.05482
create[ns]	29	256	16	1024	GENERIC	4.09337
create-total[ms]	29	256	16	1024	GENERIC	1.07305
create[ns]	29	256	16	1024	CLMUL	7.41713
create-total[ms]	29	256	16	1024	CLMUL	1.94436
create[ns]	29	256	16	1024	CLMUL_TRI	5.12646
create-total[ms]	29	256	16	1024	CLMUL_TRI	1.34387
recover[ms]	29	256	32	0	GENERIC	0.34404
recover[ms]	29	256	32	0	CLMUL	0.22676
recover[ms]	29	256	32	0	CLMUL_TRI	0.16660
create[ns]	29	256	32	1024	GENERIC	4.09382
create-total[ms]	29	256	32	1024	GENERIC	1.07317
create[ns]	29	256	32	1024	CLMUL	7.41725
create-total[ms]	29	256	32	1024	CLMUL	1.94439
create[ns]	29	256	32	1024	CLMUL_TRI	5.12647
create-total[ms]	29	256	32	1024	CLMUL_TRI	1.34387
recover[ms]	29	256	64	0	GENERIC	0.97344
recover[ms]	29	256	64	0	CLMUL	0.75290
recover[ms]	29	256	64	0	CLMUL_TRI	0.54321
create[ns]	29	256	64	1024	GENERIC	4.09409
create-total[ms]	29	256	64	1024	GENERIC	1.07324
create[ns]	29	256	64	1024	CLMUL	7.41717
create-total[ms]	29	256	64	1024	CLMUL	1.94437
create[ns]	29	256	64	1024	CLMUL_TRI	5.12649
create-total[ms]	29	256	64	1024	CLMUL_TRI	1.34388
recover[ms]	29	256	128	0	GENERIC	3.09817
recover[ms]	29	256	128	0	CLMUL	2.61839
recover[ms]	29	256	128	0	CLMUL_TRI	1.86440
create[ns]	29	256	128	1024	GENERIC	4.09370
create-total[ms]	29	256	128	1024	GENERIC	1.07314
create[ns]	29	256	128	1024	CLMUL	7.41705
create-total[ms]	29	256	128	1024	CLMUL	1.94433
create[ns]	29	256	128	1024	CLMUL_TRI	5.12650
create-total[ms]	29	256	128	1024	CLMUL_TRI	1.34388
recover[ms]	29	256	256	0	GENERIC	10.17571
recover[ms]	29	256	256	0	CLMUL	9.45924
recover[ms]	29	256	256	0	CLMUL_TRI	6.66142
create[ns]	29	256	256	1024	GENERIC	4.09391
create-total[ms]	29	256	256	1024	GENERIC	1.07320
create[ns]	29	256	256	1024	CLMUL	7.41709
create-total[ms]	29	256	256	1024	CLMUL	1.94435
create[ns]	29	256	256	1024	CLMUL_TRI	5.12644
create-total[ms]	29	256	256	1024	CLMUL_TRI	1.34387
recover[ms]	29	512	8	0	GENERIC	0.09315
recover[ms]	29	512	8	0	CLMUL	0.03750
recover[ms]	29	512	8	0	CLMUL_TRI	0.02807
create[ns]	29	512	8	1024	GENERIC	4.02921
create-total[ms]	29	512	8	1024	GENERIC	2.11247
create[ns]	29	512	8	1024	CLMUL	7.43565
create-total[ms]	29	512	8	1024	CLMUL	3.89842
create[ns]	29	512	8	1024	CLMUL_TRI	5.13335
create-total[ms]	29	512	8	1024	CLMUL_TRI	2.69135
recover[ms]	29	512	16	0	GENERIC	0.17340
recover[ms]	29	512	16	0	CLMUL	0.09851
recover[ms]	29	512	16	0	CLMUL_TRI	0.07046
create[ns]	29	512	16	1024	GENERIC	4.02842
create-total[ms]	29	512	16	1024	GENERIC	2.11205
create[ns]	29	512	16	1024	CLMUL	7.43559
create-total[ms]	29	512	16	1024	CLMUL	3.89839
create[ns]	29	512	16	1024	CLMUL_TRI	5.13334
create-total[ms]	29	512	16	1024	CLMUL_TRI	2.69135
recover[ms]	29	512	32	0	GENERIC	0.40402
recover[ms]	29	512	32	0	CLMUL	0.27725
recover[ms]	29	512	32	0	CLMUL_TRI	0.19813
create[ns]	29	512	32	1024	GENERIC	4.02887
create-total[ms]	29	512	32	1024	GENERIC	2.11229
create[ns]	29	512	32	1024	CLMUL	7.43562
create-total[ms]	29	512	32	1024	CLMUL	3.89841
create[ns]	29	512	32	1024	CLMUL_TRI	5.13337
create-total[ms]	29	512	32	1024	CLMUL_TRI	2.69136
recover[ms]	29	512	64	0	GENERIC	1.08533
recover[ms]	29	512	64	0	CLMUL	0.85158
recover[ms]	29	512	64	0	CLMUL_TRI	0.60758
create[ns]	29	512	64	1024	GENERIC	4.02883
create-total[ms]	29	512	64	1024	GENERIC	2.11227
create[ns]	29	512	64	1024	CLMUL	7.43570
create-total[ms]	29	512	64	1024	CLMUL	3.89845
create[ns]	29	512	64	1024	CLMUL_TRI	5.13337
create-total[ms]	29	512	64	1024	CLMUL_TRI	2.69137
recover[ms]	29	512	128	0	GENERIC	3.34716
recover[ms]	29	512	128	0	CLMUL	2.82135
recover[ms]	29	512	128	0	CLMUL_TRI	1.99377
create[ns]	29	512	128	1024	GENERIC	4.02929
create-total[ms]	29	512	128	1024	GENERIC	2.11251
create[ns]	29	512	128	1024	CLMUL	7.43936
create-total[ms]	29	512	128	1024	CLMUL	3.90037
create[ns]	29	512	128	1024	CLMUL_TRI	5.13332
create-total[ms]	29	512	128	1024	CLMUL_TRI	2.69134
recover[ms]	29	512	256	0	GENERIC	10.65792
recover[ms]	29	512	256	0	CLMUL	9.88050
recover[ms]	29	512	256	0	CLMUL_TRI	6.91563
create[ns]	29	512	256	1024	GENERIC	4.02894
create-total[ms]	29	512	256	1024	GENERIC	2.11233
create[ns]	29	512	256	1024	CLMUL	7.43882
create-total[ms]	29	512	256	1024	CLMUL	3.90008
create[ns]	29	512	256	1024	CLMUL_TRI	5.13338
create-total[ms]	29	512	256	1024	CLMUL_TRI	2.69137
recover[ms]	29	512	384	0	GENERIC	21.69835
recover[ms]	29	512	384	0	CLMUL	20.82227
recover[ms]	29	512	384	0	CLMUL_TRI	14.56425
create[ns]	29	512	384	1024	GENERIC	4.02859
create-total[ms]	29	512	384	1024	GENERIC	2.11214
create[ns]	29	512	384	1024	CLMUL	7.43889
create-total[ms]	29	512	384	1024	CLMUL	3.90012
create[ns]	29	512	384	1024	CLMUL_TRI	5.13330
create-total[ms]	29	512	384	1024	CLMUL_TRI	2.69133
recover[ms]	29	512	512	0	GENERIC	36.21035
recover[ms]	29	512	512	0	CLMUL	35.71260
recover[ms]	29	512	512	0	CLMUL_TRI	24.92967
create[ns]	29	512	512	1024	GENERIC	4.02903
create-total[ms]	29	512	512	1024	GENERIC	2.11237
create[ns]	29	512	512	1024	CLMUL	7.43878
create-total[ms]	29	512	512	1024	CLMUL	3.90006
create[ns]	29	512	512	1024	CLMUL_TRI	5.13341
create-total[ms]	29	512	512	1024	CLMUL_TRI	2.69138
recover[ms]	29	1024	8	0	GENERIC	0.13845
recover[ms]	29	1024	8	0	CLMUL	0.06525
recover[ms]	29	1024	8	0	CLMUL_TRI	0.04697
create[ns]	29	1024	8	1024	GENERIC	4.01040
create-total[ms]	29	1024	8	1024	GENERIC	4.20521
create[ns]	29	1024	8	1024	CLMUL	7.44746
create-total[ms]	29	1024	8	1024	CLMUL	7.80923
create[ns]	29	1024	8	1024	CLMUL_TRI	5.13836
create-total[ms]	29	1024	8	1024	CLMUL_TRI	5.38796
recover[ms]	29	1024	16	0	GENERIC	0.23721
recover[ms]	29	1024	16	0	CLMUL	0.14784
recover[ms]	29	1024	16	0	CLMUL_TRI	0.10624
create[ns]	29	1024	16	1024	GENERIC	4.01030
create-total[ms]	29	1024	16	1024	GENERIC	4.20511
create[ns]	29	1024	16	1024	CLMUL	7.44743
create-total[ms]	29	1024	16	1024	CLMUL	7.80919
create[ns]	29	1024	16	1024	CLMUL_TRI	5.13855
create-total[ms]	29	1024	16	1024	CLMUL_TRI	5.38816
recover[ms]	29	1024	32	0	GENERIC	0.50696
recover[ms]	29	1024	32	0	CLMUL	0.37527
recover[ms]	29	1024	32	0	CLMUL_TRI	0.26730
create[ns]	29	1024	32	1024	GENERIC	4.01015
create-total[ms]	29	1024	32	1024	GENERIC	4.20495
create[ns]	29	1024	32	1024	CLMUL	7.44645
create-total[ms]	29	1024	32	1024	CLMUL	7.80817
create[ns]	29	1024	32	1024	CLMUL_TRI	5.13842
create-total[ms]	29	1024	32	1024	CLMUL_TRI	5.38802
recover[ms]	29	1024	64	0	GENERIC	1.27432
recover[ms]	29	1024	64	0	CLMUL	1.05722
recover[ms]	29	1024	64	0	CLMUL_TRI	0.74663
create[ns]	29	1024	64	1024	GENERIC	4.00991
create-total[ms]	29	1024	64	1024	GENERIC	4.20469
create[ns]	29	1024	64	1024	CLMUL	7.44750
create-total[ms]	29	1024	64	1024	CLMUL	7.80927
create[ns]	29	1024	64	1024	CLMUL_TRI	5.13857
create-total[ms]	29	1024	64	1024	CLMUL_TRI	5.38818
recover[ms]	29	1024	128	0	GENERIC	3.92880
recover[ms]	29	1024	128	0	CLMUL	3.22220
recover[ms]	29	1024	128	0	CLMUL_TRI	2.26196
create[ns]	29	1024	128	1024	GENERIC	4.01002
create-total[ms]	29	1024	128	1024	GENERIC	4.20481
create[ns]	29	1024	128	1024	CLMUL	7.44747
create-total[ms]	29	1024	128	1024	CLMUL	7.80924
create[ns]	29	1024	128	1024	CLMUL_TRI	5.13837
create-total[ms]	29	1024	128	1024	CLMUL_TRI	5.38797
recover[ms]	29	1024	256	0	GENERIC	11.77413
recover[ms]	29	1024	256	0	CLMUL	10.67139
recover[ms]	29	1024	256	0	CLMUL_TRI	7.45999
create[ns]	29	1024	256	1024	GENERIC	4.00999
create-total[ms]	29	1024	256	1024	GENERIC	4.20478
create[ns]	29	1024	256	1024	CLMUL	7.44748
create-total[ms]	29	1024	256	1024	CLMUL	7.80925
create[ns]	29	1024	256	1024	CLMUL_TRI	5.13835
create-total[ms]	29	1024	256	1024	CLMUL_TRI	5.38795
recover[ms]	29	1024	384	0	GENERIC	23.42481
recover[ms]	29	1024	384	0	CLMUL	22.01586
recover[ms]	29	1024	384	0	CLMUL_TRI	15.35401
create[ns]	29	1024	384	1024	GENERIC	4.00998
create-total[ms]	29	1024	384	1024	GENERIC	4.20477
create[ns]	29	1024	384	1024	CLMUL	7.44762
create-total[ms]	29	1024	384	1024	CLMUL	7.80940
create[ns]	29	1024	384	1024	CLMUL_TRI	5.13842
create-total[ms]	29	1024	384	1024	CLMUL_TRI	5.38802
recover[ms]	29	1024	512	0	GENERIC	38.97572
recover[ms]	29	1024	512	0	CLMUL	37.30703
recover[ms]	29	1024	512	0	CLMUL_TRI	25.98278
create[ns]	29	1024	512	1024	GENERIC	4.01000
create-total[ms]	29	1024	512	1024	GENERIC	4.20479
create[ns]	29	1024	512	1024	CLMUL	7.44596
create-total[ms]	29	1024	512	1024	CLMUL	7.80766
create[ns]	29	1024	512	1024	CLMUL_TRI	5.13838
create-total[ms]	29	1024	512	1024	CLMUL_TRI	5.38798
recover[ms]	29	1024	768	0	GENERIC	80.39545
recover[ms]	29	1024	768	0	CLMUL	78.59690
recover[ms]	29	1024	768	0	CLMUL_TRI	54.75225
create[ns]	29	1024	768	1024	GENERIC	4.01008
create-total[ms]	29	1024	768	1024	GENERIC	4.20487
create[ns]	29	1024	768	1024	CLMUL	7.44758
create-total[ms]	29	1024	768	1024	CLMUL	7.80935
create[ns]	29	1024	768	1024	CLMUL_TRI	5.13837
create-total[ms]	29	1024	768	1024	CLMUL_TRI	5.38797
recover[ms]	29	1024	1024	0	GENERIC	134.37559
recover[ms]	29	1024	1024	0	CLMUL	134.84396
recover[ms]	29	1024	1024	0	CLMUL_TRI	93.92186
create[ns]	29	1024	1024	1024	GENERIC	4.00992
create-total[ms]	29	1024	1024	1024	GENERIC	4.20471
create[ns]	29	1024	1024	1024	CLMUL	7.44746
create-total[ms]	29	1024	1024	1024	CLMUL	7.80923
create[ns]	29	1024	1024	1024	CLMUL_TRI	5.13837
create-total[ms]	29	1024	1024	1024	CLMUL_TRI	5.38797
recover[ms]	29	2048	8	0	GENERIC	0.25202
recover[ms]	29	2048	8	0	CLMUL	0.11595
recover[ms]	29	2048	8	0	CLMUL_TRI	0.08426
create[ns]	29	2048	8	1024	GENERIC	3.99375
create-total[ms]	29	2048	8	1024	GENERIC	8.37549
create[ns]	29	2048	8	1024	CLMUL	7.45194
create-total[ms]	29	2048	8	1024	CLMUL	15.62785
create[ns]	29	2048	8	1024	CLMUL_TRI	5.14016
create-total[ms]	29	2048	8	1024	CLMUL_TRI	10.77969
recover[ms]	29	2048	16	0	GENERIC	0.42274
recover[ms]	29	2048	16	0	CLMUL	0.24927
recover[ms]	29	2048	16	0	CLMUL_TRI	0.17529
create[ns]	29	2048	16	1024	GENERIC	3.99383
create-total[ms]	29	2048	16	1024	GENERIC	8.37568
create[ns]	29	2048	16	1024	CLMUL	7.45200
create-total[ms]	29	2048	16	1024	CLMUL	15.62797
create[ns]	29	2048	16	1024	CLMUL_TRI	5.13882
create-total[ms]	29	2048	16	1024	CLMUL_TRI	10.77689
recover[ms]	29	2048	32	0	GENERIC	0.77345
recover[ms]	29	2048	32	0	CLMUL	0.57246
recover[ms]	29	2048	32	0	CLMUL_TRI	0.40338
create[ns]	29	2048	32	1024	GENERIC	3.99395
create-total[ms]	29	2048	32	1024	GENERIC	8.37593
create[ns]	29	2048	32	1024	CLMUL	7.45129
create-total[ms]	29	2048	32	1024	CLMUL	15.62649
create[ns]	29	2048	32	1024	CLMUL_TRI	5.14017
create-total[ms]	29	2048	32	1024	CLMUL_TRI	10.77971
recover[ms]	29	2048	64	0	GENERIC	1.71973
recover[ms]	29	2048	64	0	CLMUL	1.45969
recover[ms]	29	2048	64	0	CLMUL_TRI	1.02423
create[ns]	29	2048	64	1024	GENERIC	3.99391
create-total[ms]	29	2048	64	1024	GENERIC	8.37583
create[ns]	29	2048	64	1024	CLMUL	7.45192
create-total[ms]	29	2048	64	1024	CLMUL	15.62782
create[ns]	29	2048	64	1024	CLMUL_TRI	5.14008
create-total[ms]	29	2048	64	1024	CLMUL_TRI	10.77953
recover[ms]	29	2048	128	0	GENERIC	5.00158
recover[ms]	29	2048	128	0	CLMUL	4.02805
recover[ms]	29	2048	128	0	CLMUL_TRI	2.80578
create[ns]	29	2048	128	1024	GENERIC	3.99393
create-total[ms]	29	2048	128	1024	GENERIC	8.37587
create[ns]	29	2048	128	1024	CLMUL	7.45129
create-total[ms]	29	2048	128	1024	CLMUL	15.62648
create[ns]	29	2048	128	1024	CLMUL_TRI	5.14009
create-total[ms]	29	2048	128	1024	CLMUL_TRI	10.77955
recover[ms]	29	2048	256	0	GENERIC	13.88993
recover[ms]	29	2048	256	0	CLMUL	12.24862
recover[ms]	29	2048	256	0	CLMUL_TRI	8.50693
create[ns]	29	2048	256	1024	GENERIC	3.99441
create-total[ms]	29	2048	256	1024	GENERIC	8.37689
create[ns]	29	2048	256	1024	CLMUL	7.45208
create-total[ms]	29	2048	256	1024	CLMUL	15.62814
create[ns]	29	2048	256	1024	CLMUL_TRI	5.14006
create-total[ms]	29	2048	256	1024	CLMUL_TRI	10.77949
recover[ms]	29	2048	384	0	GENERIC	26.73821
recover[ms]	29	2048	384	0	CLMUL	24.41393
recover[ms]	29	2048	384	0	CLMUL_TRI	16.94118
create[ns]	29	2048	384	1024	GENERIC	3.99404
create-total[ms]	29	2048	384	1024	GENERIC	8.37612
create[ns]	29	2048	384	1024	CLMUL	7.45198
create-total[ms]	29	2048	384	1024	CLMUL	15.62794
create[ns]	29	2048	384	1024	CLMUL_TRI	5.14015
create-total[ms]	29	2048	384	1024	CLMUL_TRI	10.77967
recover[ms]	29	2048	512	0	GENERIC	44.25186
recover[ms]	29	2048	512	0	CLMUL	40.46394
recover[ms]	29	2048	512	0	CLMUL_TRI	28.09119
create[ns]	29	2048	512	1024	GENERIC	3.99392
create-total[ms]	29	2048	512	1024	GENERIC	8.37585
create[ns]	29	2048	512	1024	CLMUL	7.45120
create-total[ms]	29	2048	512	1024	CLMUL	15.62630
create[ns]	29	2048	512	1024	CLMUL_TRI	5.14009
create-total[ms]	29	2048	512	1024	CLMUL_TRI	10.77955
recover[ms]	29	2048	768	0	GENERIC	91.61921
recover[ms]	29	2048	768	0	CLMUL	83.41042
recover[ms]	29	2048	768	0	CLMUL_TRI	57.98596
create[ns]	29	2048	768	1024	GENERIC	3.99392
create-total[ms]	29	2048	768	1024	GENERIC	8.37585
create[ns]	29	2048	768	1024	CLMUL	7.45125
create-total[ms]	29	2048	768	1024	CLMUL	15.62640
create[ns]	29	2048	768	1024	CLMUL_TRI	5.14023
create-total[ms]	29	2048	768	1024	CLMUL_TRI	10.77985
recover[ms]	29	2048	1024	0	GENERIC	150.67049
recover[ms]	29	2048	1024	0	CLMUL	141.22139
recover[ms]	29	2048	1024	0	CLMUL_TRI	98.11402
create[ns]	29	2048	1024	1024	GENERIC	3.99393
create-total[ms]	29	2048	1024	1024	GENERIC	8.37588
create[ns]	29	2048	1024	1024	CLMUL	7.45129
create-total[ms]	29	2048	1024	1024	CLMUL	15.62649
create[ns]	29	2048	1024	1024	CLMUL_TRI	5.14014
create-total[ms]	29	2048	1024	1024	CLMUL_TRI	10.77966
recover[ms]	29	2048	1536	0	GENERIC	302.24204
recover[ms]	29	2048	1536	0	CLMUL	297.49040
recover[ms]	29	2048	1536	0	CLMUL_TRI	206.77647
create[ns]	29	2048	1536	1024	GENERIC	3.99361
create-total[ms]	29	2048	1536	1024	GENERIC	8.37522
create[ns]	29	2048	1536	1024	CLMUL	7.45200
create-total[ms]	29	2048	1536	1024	CLMUL	15.62797
create[ns]	29	2048	1536	1024	CLMUL_TRI	5.14011
create-total[ms]	29	2048	1536	1024	CLMUL_TRI	10.77959
recover[ms]	29	2048	2048	0	GENERIC	503.26004
recover[ms]	29	2048	2048	0	CLMUL	510.07935
recover[ms]	29	2048	2048	0	CLMUL_TRI	354.93291
create[ns]	29	2048	2048	1024	GENERIC	3.99382
create-total[ms]	29	2048	2048	1024	GENERIC	8.37564
create[ns]	29	2048	2048	1024	CLMUL	7.45197
create-total[ms]	29	2048	2048	1024	CLMUL	15.62791
create[ns]	29	2048	2048	1024	CLMUL_TRI	5.14006
create-total[ms]	29	2048	2048	1024	CLMUL_TRI	10.77948
recover[ms]	29	3072	8	0	GENERIC	0.43404
recover[ms]	29	3072	8	0	CLMUL	0.16765
recover[ms]	29	3072	8	0	CLMUL_TRI	0.12199
create[ns]	29	3072	8	1024	GENERIC	3.98864
create-total[ms]	29	3072	8	1024	GENERIC	12.54716
create[ns]	29	3072	8	1024	CLMUL	7.45307
create-total[ms]	29	3072	8	1024	CLMUL	23.44534
create[ns]	29	3072	8	1024	CLMUL_TRI	5.14056
create-total[ms]	29	3072	8	1024	CLMUL_TRI	16.17081
recover[ms]	29	3072	16	0	GENERIC	0.60004
recover[ms]	29	3072	16	0	CLMUL	0.34677
recover[ms]	29	3072	16	0	CLMUL_TRI	0.24343
create[ns]	29	3072	16	1024	GENERIC	3.98863
create-total[ms]	29	3072	16	1024	GENERIC	12.54715
create[ns]	29	3072	16	1024	CLMUL	7.45294
create-total[ms]	29	3072	16	1024	CLMUL	23.44492
create[ns]	29	3072	16	1024	CLMUL_TRI	5.14117
create-total[ms]	29	3072	16	1024	CLMUL_TRI	16.17273
recover[ms]	29	3072	32	0	GENERIC	1.03628
recover[ms]	29	3072	32	0	CLMUL	0.77252
recover[ms]	29	3072	32	0	CLMUL_TRI	0.53566
create[ns]	29	3072	32	1024	GENERIC	3.98844
create-total[ms]	29	3072	32	1024	GENERIC	12.54656
create[ns]	29	3072	32	1024	CLMUL	7.45335
create-total[ms]	29	3072	32	1024	CLMUL	23.44621
create[ns]	29	3072	32	1024	CLMUL_TRI	5.14119
create-total[ms]	29	3072	32	1024	CLMUL_TRI	16.17278
recover[ms]	29	3072	64	0	GENERIC	2.14585
recover[ms]	29	3072	64	0	CLMUL	1.86342
recover[ms]	29	3072	64	0	CLMUL_TRI	1.28519
create[ns]	29	3072	64	1024	GENERIC	3.98871
create-total[ms]	29	3072	64	1024	GENERIC	12.54738
create[ns]	29	3072	64	1024	CLMUL	7.45312
create-total[ms]	29	3072	64	1024	CLMUL	23.44548
create[ns]	29	3072	64	1024	CLMUL_TRI	5.14112
create-total[ms]	29	3072	64	1024	CLMUL_TRI	16.17258
recover[ms]	29	3072	128	0	GENERIC	6.02447
recover[ms]	29	3072	128	0	CLMUL	4.83740
recover[ms]	29	3072	128	0	CLMUL_TRI	3.33913
create[ns]	29	3072	128	1024	GENERIC	3.98832
create-total[ms]	29	3072	128	1024	GENERIC	12.54617
create[ns]	29	3072	128	1024	CLMUL	7.45340
create-total[ms]	29	3072	128	1024	CLMUL	23.44638
create[ns]	29	3072	128	1024	CLMUL_TRI	5.14117
create-total[ms]	29	3072	128	1024	CLMUL_TRI	16.17271
recover[ms]	29	3072	256	0	GENERIC	15.89972
recover[ms]	29	3072	256	0	CLMUL	13.84890
recover[ms]	29	3072	256	0	CLMUL_TRI	9.57468
create[ns]	29	3072	256	1024	GENERIC	3.98866
create-total[ms]	29	3072	256	1024	GENERIC	12.54724
create[ns]	29	3072	256	1024	CLMUL	7.45296
create-total[ms]	29	3072	256	1024	CLMUL	23.44500
create[ns]	29	3072	256	1024	CLMUL_TRI	5.14116
create-total[ms]	29	3072	256	1024	CLMUL_TRI	16.17269
recover[ms]	29	3072	384	0	GENERIC	29.89046
recover[ms]	29	3072	384	0	CLMUL	26.79134
recover[ms]	29	3072	384	0	CLMUL_TRI	18.47993
create[ns]	29	3072	384	1024	GENERIC	3.98837
create-total[ms]	29	3072	384	1024	GENERIC	12.54633
create[ns]	29	3072	384	1024	CLMUL	7.45303
create-total[ms]	29	3072	384	1024	CLMUL	23.44522
create[ns]	29	3072	384	1024	CLMUL_TRI	5.14136
create-total[ms]	29	3072	384	1024	CLMUL_TRI	16.17333
recover[ms]	29	3072	512	0	GENERIC	48.96924
recover[ms]	29	3072	512	0	CLMUL	43.65878
recover[ms]	29	3072	512	0	CLMUL_TRI	30.18997
create[ns]	29	3072	512	1024	GENERIC	3.98858
create-total[ms]	29	3072	512	1024	GENERIC	12.54699
create[ns]	29	3072	512	1024	CLMUL	7.45335
create-total[ms]	29	3072	512	1024	CLMUL	23.44620
create[ns]	29	3072	512	1024	CLMUL_TRI	5.14123
create-total[ms]	29	3072	512	1024	CLMUL_TRI	16.17292
recover[ms]	29	3072	768	0	GENERIC	100.93773
recover[ms]	29	3072	768	0	CLMUL	88.14835
recover[ms]	29	3072	768	0	CLMUL_TRI	61.04142
create[ns]	29	3072	768	1024	GENERIC	3.98838
create-total[ms]	29	3072	768	1024	GENERIC	12.54636
create[ns]	29	3072	768	1024	CLMUL	7.45305
create-total[ms]	29	3072	768	1024	CLMUL	23.44527
create[ns]	29	3072	768	1024	CLMUL_TRI	5.14115
create-total[ms]	29	3072	768	1024	CLMUL_TRI	16.17265
recover[ms]	29	3072	1024	0	GENERIC	165.44000
recover[ms]	29	3072	1024	0	CLMUL	147.56326
recover[ms]	29	3072	1024	0	CLMUL_TRI	102.31085
create[ns]	29	3072	1024	1024	GENERIC	3.98837
create-total[ms]	29	3072	1024	1024	GENERIC	12.54632
create[ns]	29	3072	1024	1024	CLMUL	7.45337
create-total[ms]	29	3072	1024	1024	CLMUL	23.44626
create[ns]	29	3072	1024	1024	CLMUL_TRI	5.14117
create-total[ms]	29	3072	1024	1024	CLMUL_TRI	16.17272
recover[ms]	29	3072	1536	0	GENERIC	324.71555
recover[ms]	29	3072	1536	0	CLMUL	306.88908
recover[ms]	29	3072	1536	0	CLMUL_TRI	213.09318
create[ns]	29	3072	1536	1024	GENERIC	3.98856
create-total[ms]	29	3072	1536	1024	GENERIC	12.54692
create[ns]	29	3072	1536	1024	CLMUL	7.45358
create-total[ms]	29	3072	1536	1024	CLMUL	23.44693
create[ns]	29	3072	1536	1024	CLMUL_TRI	5.14113
create-total[ms]	29	3072	1536	1024	CLMUL_TRI	16.17260
recover[ms]	29	3072	2048	0	GENERIC	536.24839
recover[ms]	29	3072	2048	0	CLMUL	522.62609
recover[ms]	29	3072	2048	0	CLMUL_TRI	363.42342
create[ns]	29	3072	2048	1024	GENERIC	3.98837
create-total[ms]	29	3072	2048	1024	GENERIC	12.54632
create[ns]	29	3072	2048	1024	CLMUL	7.45351
create-total[ms]	29	3072	2048	1024	CLMUL	23.44670
create[ns]	29	3072	2048	1024	CLMUL_TRI	5.14122
create-total[ms]	29	3072	2048	1024	CLMUL_TRI	16.17287
recover[ms]	29	4096	8	0	GENERIC	0.56442
recover[ms]	29	4096	8	0	CLMUL	0.21743
recover[ms]	29	4096	8	0	CLMUL_TRI	0.15764
create[ns]	29	4096	8	1024	GENERIC	3.98592
create-total[ms]	29	4096	8	1024	GENERIC	16.71815
create[ns]	29	4096	8	1024	CLMUL	7.45405
create-total[ms]	29	4096	8	1024	CLMUL	31.26455
create[ns]	29	4096	8	1024	CLMUL_TRI	5.14132
create-total[ms]	29	4096	8	1024	CLMUL_TRI	21.56425
recover[ms]	29	4096	16	0	GENERIC	0.76968
recover[ms]	29	4096	16	0	CLMUL	0.44801
recover[ms]	29	4096	16	0	CLMUL_TRI	0.31375
create[ns]	29	4096	16	1024	GENERIC	3.98578
create-total[ms]	29	4096	16	1024	GENERIC	16.71756
create[ns]	29	4096	16	1024	CLMUL	7.45390
create-total[ms]	29	4096	16	1024	CLMUL	31.26392
create[ns]	29	4096	16	1024	CLMUL_TRI	5.14135
create-total[ms]	29	4096	16	1024	CLMUL_TRI	21.56440
recover[ms]	29	4096	32	0	GENERIC	1.29361
recover[ms]	29	4096	32	0	CLMUL	0.96843
recover[ms]	29	4096	32	0	CLMUL_TRI	0.66675
create[ns]	29	4096	32	1024	GENERIC	3.98603
create-total[ms]	29	4096	32	1024	GENERIC	16.71861
create[ns]	29	4096	32	1024	CLMUL	7.45419
create-total[ms]	29	4096	32	1024	CLMUL	31.26512
create[ns]	29	4096	32	1024	CLMUL_TRI	5.14132
create-total[ms]	29	4096	32	1024	CLMUL_TRI	21.56426
recover[ms]	29	4096	64	0	GENERIC	2.57306
recover[ms]	29	4096	64	0	CLMUL	2.27594
recover[ms]	29	4096	64	0	CLMUL_TRI	1.55943
create[ns]	29	4096	64	1024	GENERIC	3.98589
create-total[ms]	29	4096	64	1024	GENERIC	16.71804
create[ns]	29	4096	64	1024	CLMUL	7.45365
create-total[ms]	29	4096	64	1024	CLMUL	31.26289
create[ns]	29	4096	64	1024	CLMUL_TRI	5.14129
create-total[ms]	29	4096	64	1024	CLMUL_TRI	21.56413
recover[ms]	29	4096	128	0	GENERIC	7.10587
recover[ms]	29	4096	128	0	CLMUL	5.61952
recover[ms]	29	4096	128	0	CLMUL_TRI	3.88024
create[ns]	29	4096	128	1024	GENERIC	3.98602
create-total[ms]	29	4096	128	1024	GENERIC	16.71856
create[ns]	29	4096	128	1024	CLMUL	7.45424
create-total[ms]	29	4096	128	1024	CLMUL	31.26535
create[ns]	29	4096	128	1024	CLMUL_TRI	5.14132
create-total[ms]	29	4096	128	1024	CLMUL_TRI	21.56428
recover[ms]	29	4096	256	0	GENERIC	17.95523
recover[ms]	29	4096	256	0	CLMUL	15.46262
recover[ms]	29	4096	256	0	CLMUL_TRI	10.64037
create[ns]	29	4096	256	1024	GENERIC	3.98586
create-total[ms]	29	4096	256	1024	GENERIC	16.71790
create[ns]	29	4096	256	1024	CLMUL	7.45386
create-total[ms]	29	4096	256	1024	CLMUL	31.26377
create[ns]	29	4096	256	1024	CLMUL_TRI	5.14132
create-total[ms]	29	4096	256	1024	CLMUL_TRI	21.56427
recover[ms]	29	4096	384	0	GENERIC	32.71045
recover[ms]	29	4096	384	0	CLMUL	29.18984
recover[ms]	29	4096	384	0	CLMUL_TRI	20.11542
create[ns]	29	4096	384	1024	GENERIC	3.98599
create-total[ms]	29	4096	384	1024	GENERIC	16.71845
create[ns]	29	4096	384	1024	CLMUL	7.45387
create-total[ms]	29	4096	384	1024	CLMUL	31.26379
create[ns]	29	4096	384	1024	CLMUL_TRI	5.14127
create-total[ms]	29	4096	384	1024	CLMUL_TRI	21.56407
recover[ms]	29	4096	512	0	GENERIC	51.72835
recover[ms]	29	4096	512	0	CLMUL	46.83369
recover[ms]	29	4096	512	0	CLMUL_TRI	32.27926
create[ns]	29	4096	512	1024	GENERIC	3.98612
create-total[ms]	29	4096	512	1024	GENERIC	16.71902
create[ns]	29	4096	512	1024	CLMUL	7.45374
create-total[ms]	29	4096	512	1024	CLMUL	31.26324
create[ns]	29	4096	512	1024	CLMUL_TRI	5.14137
create-total[ms]	29	4096	512	1024	CLMUL_TRI	21.56447
recover[ms]	29	4096	768	0	GENERIC	113.18147
recover[ms]	29	4096	768	0	CLMUL	92.89217
recover[ms]	29	4096	768	0	CLMUL_TRI	64.16449
create[ns]	29	4096	768	1024	GENERIC	3.98609
create-total[ms]	29	4096	768	1024	GENERIC	16.71889
create[ns]	29	4096	768	1024	CLMUL	7.45393
create-total[ms]	29	4096	768	1024	CLMUL	31.26404
create[ns]	29	4096	768	1024	CLMUL_TRI	5.14130
create-total[ms]	29	4096	768	1024	CLMUL_TRI	21.56417
recover[ms]	29	4096	1024	0	GENERIC	181.35533
recover[ms]	29	4096	1024	0	CLMUL	153.86459
recover[ms]	29	4096	1024	0	CLMUL_TRI	106.50733
create[ns]	29	4096	1024	1024	GENERIC	3.98582
create-total[ms]	29	4096	1024	1024	GENERIC	16.71775
create[ns]	29	4096	1024	1024	CLMUL	7.45384
create-total[ms]	29	4096	1024	1024	CLMUL	31.26366
create[ns]	29	4096	1024	1024	CLMUL_TRI	5.14128
create-total[ms]	29	4096	1024	1024	CLMUL_TRI	21.56408
recover[ms]	29	4096	1536	0	GENERIC	348.46584
recover[ms]	29	4096	1536	0	CLMUL	316.31589
recover[ms]	29	4096	1536	0	CLMUL_TRI	219.40779
create[ns]	29	4096	1536	1024	GENERIC	3.98618
create-total[ms]	29	4096	1536	1024	GENERIC	16.71927
create[ns]	29	4096	1536	1024	CLMUL	7.45373
create-total[ms]	29	4096	1536	1024	CLMUL	31.26321
create[ns]	29	4096	1536	1024	CLMUL_TRI	5.14133
create-total[ms]	29	4096	1536	1024	CLMUL_TRI	21.56429
recover[ms]	29	4096	2048	0	GENERIC	565.19579
recover[ms]	29	4096	2048	0	CLMUL	535.41930
recover[ms]	29	4096	2048	0	CLMUL_TRI	371.71650
create[ns]	29	4096	2048	1024	GENERIC	3.98614
create-total[ms]	29	4096	2048	1024	GENERIC	16.71910
create[ns]	29	4096	2048	1024	CLMUL	7.45386
create-total[ms]	29	4096	2048	1024	CLMUL	31.26375
create[ns]	29	4096	2048	1024	CLMUL_TRI	5.14133
create-total[ms]	29	4096	2048	1024	CLMUL_TRI	21.56431
recover[ms]	29	5120	8	0	GENERIC	0.68263
recover[ms]	29	5120	8	0	CLMUL	0.26944
recover[ms]	29	5120	8	0	CLMUL_TRI	0.19430
create[ns]	29	5120	8	1024	GENERIC	3.98428
create-total[ms]	29	5120	8	1024	GENERIC	20.88908
create[ns]	29	5120	8	1024	CLMUL	7.45461
create-total[ms]	29	5120	8	1024	CLMUL	39.08361
create[ns]	29	5120	8	1024	CLMUL_TRI	5.14164
create-total[ms]	29	5120	8	1024	CLMUL_TRI	26.95701
recover[ms]	29	5120	16	0	GENERIC	0.84098
recover[ms]	29	5120	16	0	CLMUL	0.54641
recover[ms]	29	5120	16	0	CLMUL_TRI	0.38270
create[ns]	29	5120	16	1024	GENERIC	3.98446
create-total[ms]	29	5120	16	1024	GENERIC	20.89004
create[ns]	29	5120	16	1024	CLMUL	7.45455
create-total[ms]	29	5120	16	1024	CLMUL	39.08333
create[ns]	29	5120	16	1024	CLMUL_TRI	5.14136
create-total[ms]	29	5120	16	1024	CLMUL_TRI	26.95552
recover[ms]	29	5120	32	0	GENERIC	1.42383
recover[ms]	29	5120	32	0	CLMUL	1.16336
recover[ms]	29	5120	32	0	CLMUL_TRI	0.80472
create[ns]	29	5120	32	1024	GENERIC	3.98559
create-total[ms]	29	5120	32	1024	GENERIC	20.89598
create[ns]	29	5120	32	1024	CLMUL	7.45425
create-total[ms]	29	5120	32	1024	CLMUL	39.08171
create[ns]	29	5120	32	1024	CLMUL_TRI	5.14151
create-total[ms]	29	5120	32	1024	CLMUL_TRI	26.95633
recover[ms]	29	5120	64	0	GENERIC	2.89382
recover[ms]	29	5120	64	0	CLMUL	2.67334
recover[ms]	29	5120	64	0	CLMUL_TRI	1.83405
create[ns]	29	5120	64	1024	GENERIC	3.98550
create-total[ms]	29	5120	64	1024	GENERIC	20.89550
create[ns]	29	5120	64	1024	CLMUL	7.45471
create-total[ms]	29	5120	64	1024	CLMUL	39.08415
create[ns]	29	5120	64	1024	CLMUL_TRI	5.14147
create-total[ms]	29	5120	64	1024	CLMUL_TRI	26.95611
recover[ms]	29	5120	128	0	GENERIC	8.27700
recover[ms]	29	5120	128	0	CLMUL	6.44034
recover[ms]	29	5120	128	0	CLMUL_TRI	4.41714
create[ns]	29	5120	128	1024	GENERIC	3.98537
create-total[ms]	29	5120	128	1024	GENERIC	20.89482
create[ns]	29	5120	128	1024	CLMUL	7.45431
create-total[ms]	29	5120	128	1024	CLMUL	39.08206
create[ns]	29	5120	128	1024	CLMUL_TRI	5.14141
create-total[ms]	29	5120	128	1024	CLMUL_TRI	26.95582
recover[ms]	29	5120	256	0	GENERIC	20.23612
recover[ms]	29	5120	256	0	CLMUL	17.04308
recover[ms]	29	5120	256	0	CLMUL_TRI	11.71173
create[ns]	29	5120	256	1024	GENERIC	3.98568
create-total[ms]	29	5120	256	1024	GENERIC	20.89643
create[ns]	29	5120	256	1024	CLMUL	7.45441
create-total[ms]	29	5120	256	1024	CLMUL	39.08255
create[ns]	29	5120	256	1024	CLMUL_TRI	5.14150
create-total[ms]	29	5120	256	1024	CLMUL_TRI	26.95629
recover[ms]	29	5120	384	0	GENERIC	36.41287
recover[ms]	29	5120	384	0	CLMUL	31.52720
recover[ms]	29	5120	384	0	CLMUL_TRI	21.68356
create[ns]	29	5120	384	1024	GENERIC	3.98573
create-total[ms]	29	5120	384	1024	GENERIC	20.89670
create[ns]	29	5120	384	1024	CLMUL	7.45424
create-total[ms]	29	5120	384	1024	CLMUL	39.08168
create[ns]	29	5120	384	1024	CLMUL_TRI	5.14153
create-total[ms]	29	5120	384	1024	CLMUL_TRI	26.95644
recover[ms]	29	5120	512	0	GENERIC	57.98640
recover[ms]	29	5120	512	0	CLMUL	49.98400
recover[ms]	29	5120	512	0	CLMUL_TRI	34.38744
create[ns]	29	5120	512	1024	GENERIC	3.98543
create-total[ms]	29	5120	512	1024	GENERIC	20.89515
create[ns]	29	5120	512	1024	CLMUL	7.45435
create-total[ms]	29	5120	512	1024	CLMUL	39.08227
create[ns]	29	5120	512	1024	CLMUL_TRI	5.14148
create-total[ms]	29	5120	512	1024	CLMUL_TRI	26.95617
recover[ms]	29	5120	768	0	GENERIC	125.72103
recover[ms]	29	5120	768	0	CLMUL	97.63411
recover[ms]	29	5120	768	0	CLMUL_TRI	67.33949
create[ns]	29	5120	768	1024	GENERIC	3.99216
create-total[ms]	29	5120	768	1024	GENERIC	20.93042
create[ns]	29	5120	768	1024	CLMUL	7.46057
create-total[ms]	29	5120	768	1024	CLMUL	39.11485
create[ns]	29	5120	768	1024	CLMUL_TRI	5.14786
create-total[ms]	29	5120	768	1024	CLMUL_TRI	26.98963
recover[ms]	29	5120	1024	0	GENERIC	199.76010
recover[ms]	29	5120	1024	0	CLMUL	160.18221
recover[ms]	29	5120	1024	0	CLMUL_TRI	110.75627
create[ns]	29	5120	1024	1024	GENERIC	3.98578
create-total[ms]	29	5120	1024	1024	GENERIC	20.89695
create[ns]	29	5120	1024	1024	CLMUL	7.45425
create-total[ms]	29	5120	1024	1024	CLMUL	39.08175
create[ns]	29	5120	1024	1024	CLMUL_TRI	5.14143
create-total[ms]	29	5120	1024	1024	CLMUL_TRI	26.95590
recover[ms]	29	5120	1536	0	GENERIC	376.15243
recover[ms]	29	5120	1536	0	CLMUL	325.81127
recover[ms]	29	5120	1536	0	CLMUL_TRI	225.64145
create[ns]	29	5120	1536	1024	GENERIC	3.98556
create-total[ms]	29	5120	1536	1024	GENERIC	20.89582
create[ns]	29	5120	1536	1024	CLMUL	7.45474
create-total[ms]	29	5120	1536	1024	CLMUL	39.08429
create[ns]	29	5120	1536	1024	CLMUL_TRI	5.14758
create-total[ms]	29	5120	1536	1024	CLMUL_TRI	26.98816
recover[ms]	29	5120	2048	0	GENERIC	596.80418
recover[ms]	29	5120	2048	0	CLMUL	548.19377
recover[ms]	29	5120	2048	0	CLMUL_TRI	380.08377
create[ns]	29	5120	2048	1024	GENERIC	3.98577
create-total[ms]	29	5120	2048	1024	GENERIC	20.89692
create[ns]	29	5120	2048	1024	CLMUL	7.45428
create-total[ms]	29	5120	2048	1024	CLMUL	39.08188
create[ns]	29	5120	2048	1024	CLMUL_TRI	5.14161
create-total[ms]	29	5120	2048	1024	CLMUL_TRI	26.95685
recover[ms]	29	6144	8	0	GENERIC	0.81101
recover[ms]	29	6144	8	0	CLMUL	0.32063
recover[ms]	29	6144	8	0	CLMUL_TRI	0.23066
create[ns]	29	6144	8	1024	GENERIC	3.98479
create-total[ms]	29	6144	8	1024	GENERIC	25.07016
create[ns]	29	6144	8	1024	CLMUL	7.47028
create-total[ms]	29	6144	8	1024	CLMUL	46.99892
create[ns]	29	6144	8	1024	CLMUL_TRI	5.15059
create-total[ms]	29	6144	8	1024	CLMUL_TRI	32.40474
recover[ms]	29	6144	16	0	GENERIC	1.10031
recover[ms]	29	6144	16	0	CLMUL	0.64898
recover[ms]	29	6144	16	0	CLMUL_TRI	0.45179
create[ns]	29	6144	16	1024	GENERIC	3.99045
create-total[ms]	29	6144	16	1024	GENERIC	25.10572
create[ns]	29	6144	16	1024	CLMUL	7.46535
create-total[ms]	29	6144	16	1024	CLMUL	46.96795
create[ns]	29	6144	16	1024	CLMUL_TRI	5.14662
create-total[ms]	29	6144	16	1024	CLMUL_TRI	32.37971
recover[ms]	29	6144	32	0	GENERIC	1.64585
recover[ms]	29	6144	32	0	CLMUL	1.36219
recover[ms]	29	6144	32	0	CLMUL_TRI	0.94070
create[ns]	29	6144	32	1024	GENERIC	3.98462
create-total[ms]	29	6144	32	1024	GENERIC	25.06906
create[ns]	29	6144	32	1024	CLMUL	7.45507
create-total[ms]	29	6144	32	1024	CLMUL	46.90326
create[ns]	29	6144	32	1024	CLMUL_TRI	5.14168
create-total[ms]	29	6144	32	1024	CLMUL_TRI	32.34864
recover[ms]	29	6144	64	0	GENERIC	3.30760
recover[ms]	29	6144	64	0	CLMUL	3.06316
recover[ms]	29	6144	64	0	CLMUL_TRI	2.11039
create[ns]	29	6144	64	1024	GENERIC	3.98482
create-total[ms]	29	6144	64	1024	GENERIC	25.07034
create[ns]	29	6144	64	1024	CLMUL	7.45477
create-total[ms]	29	6144	64	1024	CLMUL	46.90133
create[ns]	29	6144	64	1024	CLMUL_TRI	5.14170
create-total[ms]	29	6144	64	1024	CLMUL_TRI	32.34880
recover[ms]	29	6144	128	0	GENERIC	9.35469
recover[ms]	29	6144	128	0	CLMUL	7.22955
recover[ms]	29	6144	128	0	CLMUL_TRI	4.94585
create[ns]	29	6144	128	1024	GENERIC	3.98463
create-total[ms]	29	6144	128	1024	GENERIC	25.06913
create[ns]	29	6144	128	1024	CLMUL	7.45529
create-total[ms]	29	6144	128	1024	CLMUL	46.90465
create[ns]	29	6144	128	1024	CLMUL_TRI	5.14197
create-total[ms]	29	6144	128	1024	CLMUL_TRI	32.35046
recover[ms]	29	6144	256	0	GENERIC	22.43931
recover[ms]	29	6144	256	0	CLMUL	18.65056
recover[ms]	29	6144	256	0	CLMUL_TRI	12.77048
create[ns]	29	6144	256	1024	GENERIC	3.98469
create-total[ms]	29	6144	256	1024	GENERIC	25.06948
create[ns]	29	6144	256	1024	CLMUL	7.45481
create-total[ms]	29	6144	256	1024	CLMUL	46.90163
create[ns]	29	6144	256	1024	CLMUL_TRI	5.14171
create-total[ms]	29	6144	256	1024	CLMUL_TRI	32.34884
recover[ms]	29	6144	384	0	GENERIC	39.48805
recover[ms]	29	6144	384	0	CLMUL	33.91984
recover[ms]	29	6144	384	0	CLMUL_TRI	23.25069
create[ns]	29	6144	384	1024	GENERIC	3.98480
create-total[ms]	29	6144	384	1024	GENERIC	25.07018
create[ns]	29	6144	384	1024	CLMUL	7.45501
create-total[ms]	29	6144	384	1024	CLMUL	46.90286
create[ns]	29	6144	384	1024	CLMUL_TRI	5.14173
create-total[ms]	29	6144	384	1024	CLMUL_TRI	32.34899
recover[ms]	29	6144	512	0	GENERIC	62.41327
recover[ms]	29	6144	512	0	CLMUL	53.13337
recover[ms]	29	6144	512	0	CLMUL_TRI	36.50277
create[ns]	29	6144	512	1024	GENERIC	3.98454
create-total[ms]	29	6144	512	1024	GENERIC	25.06856
create[ns]	29	6144	512	1024	CLMUL	7.45502
create-total[ms]	29	6144	512	1024	CLMUL	46.90294
create[ns]	29	6144	512	1024	CLMUL_TRI	5.14170
create-total[ms]	29	6144	512	1024	CLMUL_TRI	32.34878
recover[ms]	29	6144	768	0	GENERIC	133.89207
recover[ms]	29	6144	768	0	CLMUL	102.36171
recover[ms]	29	6144	768	0	CLMUL_TRI	70.48853
create[ns]	29	6144	768	1024	GENERIC	3.98479
create-total[ms]	29	6144	768	1024	GENERIC	25.07012
create[ns]	29	6144	768	1024	CLMUL	7.45481
create-total[ms]	29	6144	768	1024	CLMUL	46.90160
create[ns]	29	6144	768	1024	CLMUL_TRI	5.14169
create-total[ms]	29	6144	768	1024	CLMUL_TRI	32.34871
recover[ms]	29	6144	1024	0	GENERIC	211.95347
recover[ms]	29	6144	1024	0	CLMUL	166.51962
recover[ms]	29	6144	1024	0	CLMUL_TRI	114.81166
create[ns]	29	6144	1024	1024	GENERIC	3.98488
create-total[ms]	29	6144	1024	1024	GENERIC	25.07072
create[ns]	29	6144	1024	1024	CLMUL	7.45474
create-total[ms]	29	6144	1024	1024	CLMUL	46.90118
create[ns]	29	6144	1024	1024	CLMUL_TRI	5.14170
create-total[ms]	29	6144	1024	1024	CLMUL_TRI	32.34878
recover[ms]	29	6144	1536	0	GENERIC	396.19474
recover[ms]	29	6144	1536	0	CLMUL	335.47352
recover[ms]	29	6144	1536	0	CLMUL_TRI	232.12953
create[ns]	29	6144	1536	1024	GENERIC	3.98483
create-total[ms]	29	6144	1536	1024	GENERIC	25.07037
create[ns]	29	6144	1536	1024	CLMUL	7.45467
create-total[ms]	29	6144	1536	1024	CLMUL	46.90073
create[ns]	29	6144	1536	1024	CLMUL_TRI	5.14173
create-total[ms]	29	6144	1536	1024	CLMUL_TRI	32.34898
recover[ms]	29	6144	2048	0	GENERIC	634.79403
recover[ms]	29	6144	2048	0	CLMUL	560.79715
recover[ms]	29	6144	2048	0	CLMUL_TRI	388.56967
create[ns]	29	6144	2048	1024	GENERIC	3.98459
create-total[ms]	29	6144	2048	1024	GENERIC	25.06886
create[ns]	29	6144	2048	1024	CLMUL	7.45473
create-total[ms]	29	6144	2048	1024	CLMUL	46.90112
create[ns]	29	6144	2048	1024	CLMUL_TRI	5.14173
create-total[ms]	29	6144	2048	1024	CLMUL_TRI	32.34896
recover[ms]	29	7168	8	0	GENERIC	0.95378
recover[ms]	29	7168	8	0	CLMUL	0.37357
recover[ms]	29	7168	8	0	CLMUL_TRI	0.26875
create[ns]	29	7168	8	1024	GENERIC	3.98407
create-total[ms]	29	7168	8	1024	GENERIC	29.24323
create[ns]	29	7168	8	1024	CLMUL	7.45532
create-total[ms]	29	7168	8	1024	CLMUL	54.72226
create[ns]	29	7168	8	1024	CLMUL_TRI	5.14196
create-total[ms]	29	7168	8	1024	CLMUL_TRI	37.74213
recover[ms]	29	7168	16	0	GENERIC	1.27844
recover[ms]	29	7168	16	0	CLMUL	0.74656
recover[ms]	29	7168	16	0	CLMUL_TRI	0.52151
create[ns]	29	7168	16	1024	GENERIC	3.98342
create-total[ms]	29	7168	16	1024	GENERIC	29.23846
create[ns]	29	7168	16	1024	CLMUL	7.45527
create-total[ms]	29	7168	16	1024	CLMUL	54.72195
create[ns]	29	7168	16	1024	CLMUL_TRI	5.14191
create-total[ms]	29	7168	16	1024	CLMUL_TRI	37.74179
recover[ms]	29	7168	32	0	GENERIC	2.00581
recover[ms]	29	7168	32	0	CLMUL	1.55673
recover[ms]	29	7168	32	0	CLMUL_TRI	1.06995
create[ns]	29	7168	32	1024	GENERIC	3.98401
create-total[ms]	29	7168	32	1024	GENERIC	29.24273
create[ns]	29	7168	32	1024	CLMUL	7.45533
create-total[ms]	29	7168	32	1024	CLMUL	54.72236
create[ns]	29	7168	32	1024	CLMUL_TRI	5.14179
create-total[ms]	29	7168	32	1024	CLMUL_TRI	37.74092
recover[ms]	29	7168	64	0	GENERIC	3.84714
recover[ms]	29	7168	64	0	CLMUL	3.47666
recover[ms]	29	7168	64	0	CLMUL_TRI	2.38148
create[ns]	29	7168	64	1024	GENERIC	3.98407
create-total[ms]	29	7168	64	1024	GENERIC	29.24320
create[ns]	29	7168	64	1024	CLMUL	7.45507
create-total[ms]	29	7168	64	1024	CLMUL	54.72044
create[ns]	29	7168	64	1024	CLMUL_TRI	5.14195
create-total[ms]	29	7168	64	1024	CLMUL_TRI	37.74210
recover[ms]	29	7168	128	0	GENERIC	10.33684
recover[ms]	29	7168	128	0	CLMUL	8.03775
recover[ms]	29	7168	128	0	CLMUL_TRI	5.49967
create[ns]	29	7168	128	1024	GENERIC	3.98408
create-total[ms]	29	7168	128	1024	GENERIC	29.24327
create[ns]	29	7168	128	1024	CLMUL	7.45508
create-total[ms]	29	7168	128	1024	CLMUL	54.72049
create[ns]	29	7168	128	1024	CLMUL_TRI	5.14180
create-total[ms]	29	7168	128	1024	CLMUL_TRI	37.74101
recover[ms]	29	7168	256	0	GENERIC	24.20668
recover[ms]	29	7168	256	0	CLMUL	20.24030
recover[ms]	29	7168	256	0	CLMUL_TRI	13.82310
create[ns]	29	7168	256	1024	GENERIC	3.98393
create-total[ms]	29	7168	256	1024	GENERIC	29.24219
create[ns]	29	7168	256	1024	CLMUL	7.45518
create-total[ms]	29	7168	256	1024	CLMUL	54.72128
create[ns]	29	7168	256	1024	CLMUL_TRI	5.14190
create-total[ms]	29	7168	256	1024	CLMUL_TRI	37.74171
recover[ms]	29	7168	384	0	GENERIC	42.75627
recover[ms]	29	7168	384	0	CLMUL	36.32427
recover[ms]	29	7168	384	0	CLMUL_TRI	24.84852
create[ns]	29	7168	384	1024	GENERIC	3.98396
create-total[ms]	29	7168	384	1024	GENERIC	29.24241
create[ns]	29	7168	384	1024	CLMUL	7.45512
create-total[ms]	29	7168	384	1024	CLMUL	54.72085
create[ns]	29	7168	384	1024	CLMUL_TRI	5.14178
create-total[ms]	29	7168	384	1024	CLMUL_TRI	37.74084
recover[ms]	29	7168	512	0	GENERIC	67.65016
recover[ms]	29	7168	512	0	CLMUL	56.32208
recover[ms]	29	7168	512	0	CLMUL_TRI	38.60065
create[ns]	29	7168	512	1024	GENERIC	3.98414
create-total[ms]	29	7168	512	1024	GENERIC	29.24374
create[ns]	29	7168	512	1024	CLMUL	7.45517
create-total[ms]	29	7168	512	1024	CLMUL	54.72115
create[ns]	29	7168	512	1024	CLMUL_TRI	5.14221
create-total[ms]	29	7168	512	1024	CLMUL_TRI	37.74401
recover[ms]	29	7168	768	0	GENERIC	144.58735
recover[ms]	29	7168	768	0	CLMUL	107.11172
recover[ms]	29	7168	768	0	CLMUL_TRI	73.61607
create[ns]	29	7168	768	1024	GENERIC	3.98393
create-total[ms]	29	7168	768	1024	GENERIC	29.24217
create[ns]	29	7168	768	1024	CLMUL	7.45524
create-total[ms]	29	7168	768	1024	CLMUL	54.72171
create[ns]	29	7168	768	1024	CLMUL_TRI	5.14192
create-total[ms]	29	7168	768	1024	CLMUL_TRI	37.74189
recover[ms]	29	7168	1024	0	GENERIC	227.72013
recover[ms]	29	7168	1024	0	CLMUL	172.80718
recover[ms]	29	7168	1024	0	CLMUL_TRI	119.06730
create[ns]	29	7168	1024	1024	GENERIC	3.98417
create-total[ms]	29	7168	1024	1024	GENERIC	29.24391
create[ns]	29	7168	1024	1024	CLMUL	7.45527
create-total[ms]	29	7168	1024	1024	CLMUL	54.72190
create[ns]	29	7168	1024	1024	CLMUL_TRI	5.14191
create-total[ms]	29	7168	1024	1024	CLMUL_TRI	37.74176
recover[ms]	29	7168	1536	0	GENERIC	419.93367
recover[ms]	29	7168	1536	0	CLMUL	344.81458
recover[ms]	29	7168	1536	0	CLMUL_TRI	238.06895
create[ns]	29	7168	1536	1024	GENERIC	3.98421
create-total[ms]	29	7168	1536	1024	GENERIC	29.24426
create[ns]	29	7168	1536	1024	CLMUL	7.45513
create-total[ms]	29	7168	1536	1024	CLMUL	54.72093
create[ns]	29	7168	1536	1024	CLMUL_TRI	5.14191
create-total[ms]	29	7168	1536	1024	CLMUL_TRI	37.74181
recover[ms]	29	7168	2048	0	GENERIC	668.05676
recover[ms]	29	7168	2048	0	CLMUL	573.18857
recover[ms]	29	7168	2048	0	CLMUL_TRI	396.84197
create[ns]	29	7168	2048	1024	GENERIC	3.98401
create-total[ms]	29	7168	2048	1024	GENERIC	29.24279
create[ns]	29	7168	2048	1024	CLMUL	7.45505
create-total[ms]	29	7168	2048	1024	CLMUL	54.72031
create[ns]	29	7168	2048	1024	CLMUL_TRI	5.14192
create-total[ms]	29	7168	2048	1024	CLMUL_TRI	37.74182
recover[ms]	29	8192	8	0	GENERIC	0.93859
recover[ms]	29	8192	8	0	CLMUL	0.42512
recover[ms]	29	8192	8	0	CLMUL_TRI	0.30489
create[ns]	29	8192	8	1024	GENERIC	3.98418
create-total[ms]	29	8192	8	1024	GENERIC	33.42173
create[ns]	29	8192	8	1024	CLMUL	7.45608
create-total[ms]	29	8192	8	1024	CLMUL	62.54611
create[ns]	29	8192	8	1024	CLMUL_TRI	5.14252
create-total[ms]	29	8192	8	1024	CLMUL_TRI	43.13860
recover[ms]	29	8192	16	0	GENERIC	1.29719
recover[ms]	29	8192	16	0	CLMUL	0.84762
recover[ms]	29	8192	16	0	CLMUL_TRI	0.59097
create[ns]	29	8192	16	1024	GENERIC	3.98383
create-total[ms]	29	8192	16	1024	GENERIC	33.41883
create[ns]	29	8192	16	1024	CLMUL	7.45606
create-total[ms]	29	8192	16	1024	CLMUL	62.54599
create[ns]	29	8192	16	1024	CLMUL_TRI	5.14276
create-total[ms]	29	8192	16	1024	CLMUL_TRI	43.14057
recover[ms]	29	8192	32	0	GENERIC	2.10040
recover[ms]	29	8192	32	0	CLMUL	1.75463
recover[ms]	29	8192	32	0	CLMUL_TRI	1.20782
create[ns]	29	8192	32	1024	GENERIC	3.98388
create-total[ms]	29	8192	32	1024	GENERIC	33.41922
create[ns]	29	8192	32	1024	CLMUL	7.45605
create-total[ms]	29	8192	32	1024	CLMUL	62.54587
create[ns]	29	8192	32	1024	CLMUL_TRI	5.14271
create-total[ms]	29	8192	32	1024	CLMUL_TRI	43.14020
recover[ms]	29	8192	64	0	GENERIC	4.10579
recover[ms]	29	8192	64	0	CLMUL	3.87622
recover[ms]	29	8192	64	0	CLMUL_TRI	2.65693
create[ns]	29	8192	64	1024	GENERIC	3.98423
create-total[ms]	29	8192	64	1024	GENERIC	33.42213
create[ns]	29	8192	64	1024	CLMUL	7.45605
create-total[ms]	29	8192	64	1024	CLMUL	62.54586
create[ns]	29	8192	64	1024	CLMUL_TRI	5.14254
create-total[ms]	29	8192	64	1024	CLMUL_TRI	43.13873
recover[ms]	29	8192	128	0	GENERIC	11.51179
recover[ms]	29	8192	128	0	CLMUL	8.82211
recover[ms]	29	8192	128	0	CLMUL_TRI	6.02270
create[ns]	29	8192	128	1024	GENERIC	3.98435
create-total[ms]	29	8192	128	1024	GENERIC	33.42319
create[ns]	29	8192	128	1024	CLMUL	7.45621
create-total[ms]	29	8192	128	1024	CLMUL	62.54725
create[ns]	29	8192	128	1024	CLMUL_TRI	5.14249
create-total[ms]	29	8192	128	1024	CLMUL_TRI	43.13837
recover[ms]	29	8192	256	0	GENERIC	26.36200
recover[ms]	29	8192	256	0	CLMUL	21.82379
recover[ms]	29	8192	256	0	CLMUL_TRI	14.87253
create[ns]	29	8192	256	1024	GENERIC	3.98446
create-total[ms]	29	8192	256	1024	GENERIC	33.42409
create[ns]	29	8192	256	1024	CLMUL	7.45606
create-total[ms]	29	8192	256	1024	CLMUL	62.54598
create[ns]	29	8192	256	1024	CLMUL_TRI	5.14249
create-total[ms]	29	8192	256	1024	CLMUL_TRI	43.13835
recover[ms]	29	8192	384	0	GENERIC	44.91736
recover[ms]	29	8192	384	0	CLMUL	38.68847
recover[ms]	29	8192	384	0	CLMUL_TRI	26.38928
create[ns]	29	8192	384	1024	GENERIC	3.98445
create-total[ms]	29	8192	384	1024	GENERIC	33.42396
create[ns]	29	8192	384	1024	CLMUL	7.45599
create-total[ms]	29	8192	384	1024	CLMUL	62.54540
create[ns]	29	8192	384	1024	CLMUL_TRI	5.14257
create-total[ms]	29	8192	384	1024	CLMUL_TRI	43.13902
recover[ms]	29	8192	512	0	GENERIC	68.23973
recover[ms]	29	8192	512	0	CLMUL	59.48586
recover[ms]	29	8192	512	0	CLMUL_TRI	40.69423
create[ns]	29	8192	512	1024	GENERIC	3.98434
create-total[ms]	29	8192	512	1024	GENERIC	33.42308
create[ns]	29	8192	512	1024	CLMUL	7.45613
create-total[ms]	29	8192	512	1024	CLMUL	62.54652
create[ns]	29	8192	512	1024	CLMUL_TRI	5.14276
create-total[ms]	29	8192	512	1024	CLMUL_TRI	43.14058
recover[ms]	29	8192	768	0	GENERIC	164.88326
recover[ms]	29	8192	768	0	CLMUL	111.82865
recover[ms]	29	8192	768	0	CLMUL_TRI	76.77879
create[ns]	29	8192	768	1024	GENERIC	3.98451
create-total[ms]	29	8192	768	1024	GENERIC	33.42449
create[ns]	29	8192	768	1024	CLMUL	7.45610
create-total[ms]	29	8192	768	1024	CLMUL	62.54629
create[ns]	29	8192	768	1024	CLMUL_TRI	5.14279
create-total[ms]	29	8192	768	1024	CLMUL_TRI	43.14089
recover[ms]	29	8192	1024	0	GENERIC	249.83876
recover[ms]	29	8192	1024	0	CLMUL	179.18321
recover[ms]	29	8192	1024	0	CLMUL_TRI	123.24636
create[ns]	29	8192	1024	1024	GENERIC	3.98433
create-total[ms]	29	8192	1024	1024	GENERIC	33.42295
create[ns]	29	8192	1024	1024	CLMUL	7.45601
create-total[ms]	29	8192	1024	1024	CLMUL	62.54552
create[ns]	29	8192	1024	1024	CLMUL_TRI	5.14267
create-total[ms]	29	8192	1024	1024	CLMUL_TRI	43.13985
recover[ms]	29	8192	1536	0	GENERIC	450.41297
recover[ms]	29	8192	1536	0	CLMUL	354.15144
recover[ms]	29	8192	1536	0	CLMUL_TRI	244.35668
create[ns]	29	8192	1536	1024	GENERIC	3.98450
create-total[ms]	29	8192	1536	1024	GENERIC	33.42444
create[ns]	29	8192	1536	1024	CLMUL	7.45624
create-total[ms]	29	8192	1536	1024	CLMUL	62.54745
create[ns]	29	8192	1536	1024	CLMUL_TRI	5.14268
create-total[ms]	29	8192	1536	1024	CLMUL_TRI	43.13993
recover[ms]	29	8192	2048	0	GENERIC	700.58027
recover[ms]	29	8192	2048	0	CLMUL	585.83468
recover[ms]	29	8192	2048	0	CLMUL_TRI	405.21995
create[ns]	29	8192	2048	1024	GENERIC	3.98441
create-total[ms]	29	8192	2048	1024	GENERIC	33.42365
create[ns]	29	8192	2048	1024	CLMUL	7.45620
create-total[ms]	29	8192	2048	1024	CLMUL	62.54714
create[ns]	29	8192	2048	1024	CLMUL_TRI	5.14253
create-total[ms]	29	8192	2048	1024	CLMUL_TRI	43.13866
recover[ms]	32	128	8	0	GENERIC	0.05208
recover[ms]	32	128	8	0	CLMUL	0.02040
create[ns]	32	128	8	1024	GENERIC	4.25368
create-total[ms]	32	128	8	1024	GENERIC	0.55754
create[ns]	32	128	8	1024	CLMUL	7.11851
create-total[ms]	32	128	8	1024	CLMUL	0.93304
recover[ms]	32	128	16	0	GENERIC	0.13173
recover[ms]	32	128	16	0	CLMUL	0.06485
create[ns]	32	128	16	1024	GENERIC	4.25300
create-total[ms]	32	128	16	1024	GENERIC	0.55745
create[ns]	32	128	16	1024	CLMUL	7.11840
create-total[ms]	32	128	16	1024	CLMUL	0.93302
recover[ms]	32	128	32	0	GENERIC	0.35385
recover[ms]	32	128	32	0	CLMUL	0.22182
create[ns]	32	128	32	1024	GENERIC	4.25362
create-total[ms]	32	128	32	1024	GENERIC	0.55753
create[ns]	32	128	32	1024	CLMUL	7.11846
create-total[ms]	32	128	32	1024	CLMUL	0.93303
recover[ms]	32	128	64	0	GENERIC	1.07355
recover[ms]	32	128	64	0	CLMUL	0.77902
create[ns]	32	128	64	1024	GENERIC	4.25338
create-total[ms]	32	128	64	1024	GENERIC	0.55750
create[ns]	32	128	64	1024	CLMUL	7.11855
create-total[ms]	32	128	64	1024	CLMUL	0.93304
recover[ms]	32	128	128	0	GENERIC	3.42071
recover[ms]	32	128	128	0	CLMUL	2.81674
create[ns]	32	128	128	1024	GENERIC	4.25294
create-total[ms]	32	128	128	1024	GENERIC	0.55744
create[ns]	32	128	128	1024	CLMUL	7.11848
create-total[ms]	32	128	128	1024	CLMUL	0.93303
recover[ms]	32	256	8	0	GENERIC	0.07782
recover[ms]	32	256	8	0	CLMUL	0.02684
create[ns]	32	256	8	1024	GENERIC	4.10852
create-total[ms]	32	256	8	1024	GENERIC	1.07702
create[ns]	32	256	8	1024	CLMUL	7.15750
create-total[ms]	32	256	8	1024	CLMUL	1.87630
recover[ms]	32	256	16	0	GENERIC	0.15851
recover[ms]	32	256	16	0	CLMUL	0.07745
create[ns]	32	256	16	1024	GENERIC	4.10851
create-total[ms]	32	256	16	1024	GENERIC	1.07702
create[ns]	32	256	16	1024	CLMUL	7.15739
create-total[ms]	32	256	16	1024	CLMUL	1.87627
recover[ms]	32	256	32	0	GENERIC	0.39198
recover[ms]	32	256	32	0	CLMUL	0.24656
create[ns]	32	256	32	1024	GENERIC	4.10859
create-total[ms]	32	256	32	1024	GENERIC	1.07704
create[ns]	32	256	32	1024	CLMUL	7.15783
create-total[ms]	32	256	32	1024	CLMUL	1.87638
recover[ms]	32	256	64	0	GENERIC	1.12939
recover[ms]	32	256	64	0	CLMUL	0.82455
create[ns]	32	256	64	1024	GENERIC	4.10838
create-total[ms]	32	256	64	1024	GENERIC	1.07699
create[ns]	32	256	64	1024	CLMUL	7.15739
create-total[ms]	32	256	64	1024	CLMUL	1.87627
recover[ms]	32	256	128	0	GENERIC	3.54786
recover[ms]	32	256	128	0	CLMUL	2.90809
create[ns]	32	256	128	1024	GENERIC	4.10835
create-total[ms]	32	256	128	1024	GENERIC	1.07698
create[ns]	32	256	128	1024	CLMUL	7.15726
create-total[ms]	32	256	128	1024	CLMUL	1.87623
recover[ms]	32	256	256	0	GENERIC	11.73504
recover[ms]	32	256	256	0	CLMUL	10.60130
create[ns]	32	256	256	1024	GENERIC	4.10806
create-total[ms]	32	256	256	1024	GENERIC	1.07690
create[ns]	32	256	256	1024	CLMUL	7.15730
create-total[ms]	32	256	256	1024	CLMUL	1.87624
recover[ms]	32	512	8	0	GENERIC	0.11316
recover[ms]	32	512	8	0	CLMUL	0.03929
create[ns]	32	512	8	1024	GENERIC	4.03638
create-total[ms]	32	512	8	1024	GENERIC	2.11622
create[ns]	32	512	8	1024	CLMUL	7.17683
create-total[ms]	32	512	8	1024	CLMUL	3.76272
recover[ms]	32	512	16	0	GENERIC	0.20658
recover[ms]	32	512	16	0	CLMUL	0.10253
create[ns]	32	512	16	1024	GENERIC	4.03975
create-total[ms]	32	512	16	1024	GENERIC	2.11799
create[ns]	32	512	16	1024	CLMUL	7.17689
create-total[ms]	32	512	16	1024	CLMUL	3.76276
recover[ms]	32	512	32	0	GENERIC	0.46311
recover[ms]	32	512	32	0	CLMUL	0.29757
create[ns]	32	512	32	1024	GENERIC	4.03680
create-total[ms]	32	512	32	1024	GENERIC	2.11644
create[ns]	32	512	32	1024	CLMUL	7.17693
create-total[ms]	32	512	32	1024	CLMUL	3.76278
recover[ms]	32	512	64	0	GENERIC	1.25647
recover[ms]	32	512	64	0	CLMUL	0.90543
create[ns]	32	512	64	1024	GENERIC	4.03592
create-total[ms]	32	512	64	1024	GENERIC	2.11598
create[ns]	32	512	64	1024	CLMUL	7.18002
create-total[ms]	32	512	64	1024	CLMUL	3.76440
recover[ms]	32	512	128	0	GENERIC	3.87284
recover[ms]	32	512	128	0	CLMUL	3.08995
create[ns]	32	512	128	1024	GENERIC	4.03662
create-total[ms]	32	512	128	1024	GENERIC	2.11635
create[ns]	32	512	128	1024	CLMUL	7.17686
create-total[ms]	32	512	128	1024	CLMUL	3.76274
recover[ms]	32	512	256	0	GENERIC	12.35016
recover[ms]	32	512	256	0	CLMUL	10.97335
create[ns]	32	512	256	1024	GENERIC	4.04015
create-total[ms]	32	512	256	1024	GENERIC	2.11820
create[ns]	32	512	256	1024	CLMUL	7.17699
create-total[ms]	32	512	256	1024	CLMUL	3.76281
recover[ms]	32	512	384	0	GENERIC	24.79681
recover[ms]	32	512	384	0	CLMUL	23.28667
create[ns]	32	512	384	1024	GENERIC	4.03984
create-total[ms]	32	512	384	1024	GENERIC	2.11804
create[ns]	32	512	384	1024	CLMUL	7.17696
create-total[ms]	32	512	384	1024	CLMUL	3.76279
recover[ms]	32	512	512	0	GENERIC	41.51659
recover[ms]	32	512	512	0	CLMUL	40.17475
create[ns]	32	512	512	1024	GENERIC	4.03603
create-total[ms]	32	512	512	1024	GENERIC	2.11604
create[ns]	32	512	512	1024	CLMUL	7.17693
create-total[ms]	32	512	512	1024	CLMUL	3.76278
recover[ms]	32	1024	8	0	GENERIC	0.20054
recover[ms]	32	1024	8	0	CLMUL	0.06440
create[ns]	32	1024	8	1024	GENERIC	4.01366
create-total[ms]	32	1024	8	1024	GENERIC	4.20863
create[ns]	32	1024	8	1024	CLMUL	7.18955
create-total[ms]	32	1024	8	1024	CLMUL	7.53879
recover[ms]	32	1024	16	0	GENERIC	0.31082
recover[ms]	32	1024	16	0	CLMUL	0.15436
create[ns]	32	1024	16	1024	GENERIC	4.01374
create-total[ms]	32	1024	16	1024	GENERIC	4.20871
create[ns]	32	1024	16	1024	CLMUL	7.18981
create-total[ms]	32	1024	16	1024	CLMUL	7.53906
recover[ms]	32	1024	32	0	GENERIC	0.60991
recover[ms]	32	1024	32	0	CLMUL	0.38890
create[ns]	32	1024	32	1024	GENERIC	4.01342
create-total[ms]	32	1024	32	1024	GENERIC	4.20838
create[ns]	32	1024	32	1024	CLMUL	7.18831
create-total[ms]	32	1024	32	1024	CLMUL	7.53749
recover[ms]	32	1024	64	0	GENERIC	1.47383
recover[ms]	32	1024	64	0	CLMUL	1.07863
create[ns]	32	1024	64	1024	GENERIC	4.01380
create-total[ms]	32	1024	64	1024	GENERIC	4.20878
create[ns]	32	1024	64	1024	CLMUL	7.18840
create-total[ms]	32	1024	64	1024	CLMUL	7.53758
recover[ms]	32	1024	128	0	GENERIC	4.49855
recover[ms]	32	1024	128	0	CLMUL	3.40873
create[ns]	32	1024	128	1024	GENERIC	4.01364
create-total[ms]	32	1024	128	1024	GENERIC	4.20860
create[ns]	32	1024	128	1024	CLMUL	7.18843
create-total[ms]	32	1024	128	1024	CLMUL	7.53761
recover[ms]	32	1024	256	0	GENERIC	13.37101
recover[ms]	32	1024	256	0	CLMUL	11.62260
create[ns]	32	1024	256	1024	GENERIC	4.01378
create-total[ms]	32	1024	256	1024	GENERIC	4.20875
create[ns]	32	1024	256	1024	CLMUL	7.18827
create-total[ms]	32	1024	256	1024	CLMUL	7.53745
recover[ms]	32	1024	384	0	GENERIC	26.48695
recover[ms]	32	1024	384	0	CLMUL	24.31077
create[ns]	32	1024	384	1024	GENERIC	4.01377
create-total[ms]	32	1024	384	1024	GENERIC	4.20874
create[ns]	32	1024	384	1024	CLMUL	7.18974
create-total[ms]	32	1024	384	1024	CLMUL	7.53899
recover[ms]	32	1024	512	0	GENERIC	44.02936
recover[ms]	32	1024	512	0	CLMUL	41.56588
create[ns]	32	1024	512	1024	GENERIC	4.01404
create-total[ms]	32	1024	512	1024	GENERIC	4.20902
create[ns]	32	1024	512	1024	CLMUL	7.18960
create-total[ms]	32	1024	512	1024	CLMUL	7.53884
recover[ms]	32	1024	768	0	GENERIC	92.73926
recover[ms]	32	1024	768	0	CLMUL	88.61031
create[ns]	32	1024	768	1024	GENERIC	4.01400
create-total[ms]	32	1024	768	1024	GENERIC	4.20898
create[ns]	32	1024	768	1024	CLMUL	7.18815
create-total[ms]	32	1024	768	1024	CLMUL	7.53732
recover[ms]	32	1024	1024	0	GENERIC	154.96073
recover[ms]	32	1024	1024	0	CLMUL	152.95798
create[ns]	32	1024	1024	1024	GENERIC	4.01374
create-total[ms]	32	1024	1024	1024	GENERIC	4.20871
create[ns]	32	1024	1024	1024	CLMUL	7.18973
create-total[ms]	32	1024	1024	1024	CLMUL	7.53898
recover[ms]	32	2048	8	0	GENERIC	0.37285
recover[ms]	32	2048	8	0	CLMUL	0.11268
create[ns]	32	2048	8	1024	GENERIC	3.99557
create-total[ms]	32	2048	8	1024	GENERIC	8.37932
create[ns]	32	2048	8	1024	CLMUL	7.19410
create-total[ms]	32	2048	8	1024	CLMUL	15.08712
recover[ms]	32	2048	16	0	GENERIC	0.51863
recover[ms]	32	2048	16	0	CLMUL	0.25131
create[ns]	32	2048	16	1024	GENERIC	3.99572
create-total[ms]	32	2048	16	1024	GENERIC	8.37964
create[ns]	32	2048	16	1024	CLMUL	7.19376
create-total[ms]	32	2048	16	1024	CLMUL	15.08641
recover[ms]	32	2048	32	0	GENERIC	0.89414
recover[ms]	32	2048	32	0	CLMUL	0.57650
create[ns]	32	2048	32	1024	GENERIC	3.99586
create-total[ms]	32	2048	32	1024	GENERIC	8.37993
create[ns]	32	2048	32	1024	CLMUL	7.19384
create-total[ms]	32	2048	32	1024	CLMUL	15.08657
recover[ms]	32	2048	64	0	GENERIC	1.97156
recover[ms]	32	2048	64	0	CLMUL	1.41241
create[ns]	32	2048	64	1024	GENERIC	3.99583
create-total[ms]	32	2048	64	1024	GENERIC	8.37986
create[ns]	32	2048	64	1024	CLMUL	7.19376
create-total[ms]	32	2048	64	1024	CLMUL	15.08641
recover[ms]	32	2048	128	0	GENERIC	5.66792
recover[ms]	32	2048	128	0	CLMUL	4.09097
create[ns]	32	2048	128	1024	GENERIC	3.99583
create-total[ms]	32	2048	128	1024	GENERIC	8.37986
create[ns]	32	2048	128	1024	CLMUL	7.19387
create-total[ms]	32	2048	128	1024	CLMUL	15.08663
recover[ms]	32	2048	256	0	GENERIC	15.65895
recover[ms]	32	2048	256	0	CLMUL	12.96012
create[ns]	32	2048	256	1024	GENERIC	3.99586
create-total[ms]	32	2048	256	1024	GENERIC	8.37994
create[ns]	32	2048	256	1024	CLMUL	7.19444
create-total[ms]	32	2048	256	1024	CLMUL	15.08784
recover[ms]	32	2048	384	0	GENERIC	29.71899
recover[ms]	32	2048	384	0	CLMUL	26.27248
create[ns]	32	2048	384	1024	GENERIC	3.99567
create-total[ms]	32	2048	384	1024	GENERIC	8.37953
create[ns]	32	2048	384	1024	CLMUL	7.19382
create-total[ms]	32	2048	384	1024	CLMUL	15.08653
recover[ms]	32	2048	512	0	GENERIC	48.76122
recover[ms]	32	2048	512	0	CLMUL	44.23594
create[ns]	32	2048	512	1024	GENERIC	3.99580
create-total[ms]	32	2048	512	1024	GENERIC	8.37980
create[ns]	32	2048	512	1024	CLMUL	7.19394
create-total[ms]	32	2048	512	1024	CLMUL	15.08679
recover[ms]	32	2048	768	0	GENERIC	106.73964
recover[ms]	32	2048	768	0	CLMUL	92.58919
create[ns]	32	2048	768	1024	GENERIC	3.99570
create-total[ms]	32	2048	768	1024	GENERIC	8.37958
create[ns]	32	2048	768	1024	CLMUL	7.19396
create-total[ms]	32	2048	768	1024	CLMUL	15.08682
recover[ms]	32	2048	1024	0	GENERIC	173.29286
recover[ms]	32	2048	1024	0	CLMUL	158.33714
create[ns]	32	2048	1024	1024	GENERIC	3.99559
create-total[ms]	32	2048	1024	1024	GENERIC	8.37936
create[ns]	32	2048	1024	1024	CLMUL	7.19380
create-total[ms]	32	2048	1024	1024	CLMUL	15.08648
recover[ms]	32	2048	1536	0	GENERIC	346.34651
recover[ms]	32	2048	1536	0	CLMUL	337.80788
create[ns]	32	2048	1536	1024	GENERIC	3.99565
create-total[ms]	32	2048	1536	1024	GENERIC	8.37949
create[ns]	32	2048	1536	1024	CLMUL	7.19377
create-total[ms]	32	2048	1536	1024	CLMUL	15.08644
recover[ms]	32	2048	2048	0	GENERIC	586.10847
recover[ms]	32	2048	2048	0	CLMUL	583.62351
create[ns]	32	2048	2048	1024	GENERIC	3.99566
create-total[ms]	32	2048	2048	1024	GENERIC	8.37950
create[ns]	32	2048	2048	1024	CLMUL	7.19409
create-total[ms]	32	2048	2048	1024	CLMUL	15.08711
recover[ms]	32	3072	8	0	GENERIC	0.51714
recover[ms]	32	3072	8	0	CLMUL	0.16239
create[ns]	32	3072	8	1024	GENERIC	3.98961
create-total[ms]	32	3072	8	1024	GENERIC	12.55023
create[ns]	32	3072	8	1024	CLMUL	7.19575
create-total[ms]	32	3072	8	1024	CLMUL	22.63587
recover[ms]	32	3072	16	0	GENERIC	0.69418
recover[ms]	32	3072	16	0	CLMUL	0.34871
create[ns]	32	3072	16	1024	GENERIC	3.98991
create-total[ms]	32	3072	16	1024	GENERIC	12.55118
create[ns]	32	3072	16	1024	CLMUL	7.19575
create-total[ms]	32	3072	16	1024	CLMUL	22.63587
recover[ms]	32	3072	32	0	GENERIC	1.14558
recover[ms]	32	3072	32	0	CLMUL	0.74613
create[ns]	32	3072	32	1024	GENERIC	3.98964
create-total[ms]	32	3072	32	1024	GENERIC	12.55031
create[ns]	32	3072	32	1024	CLMUL	7.19575
create-total[ms]	32	3072	32	1024	CLMUL	22.63589
recover[ms]	32	3072	64	0	GENERIC	2.41862
recover[ms]	32	3072	64	0	CLMUL	1.76491
create[ns]	32	3072	64	1024	GENERIC	3.98958
create-total[ms]	32	3072	64	1024	GENERIC	12.55013
create[ns]	32	3072	64	1024	CLMUL	7.19570
create-total[ms]	32	3072	64	1024	CLMUL	22.63571
recover[ms]	32	3072	128	0	GENERIC	6.89079
recover[ms]	32	3072	128	0	CLMUL	4.76533
create[ns]	32	3072	128	1024	GENERIC	3.99022
create-total[ms]	32	3072	128	1024	GENERIC	12.55213
create[ns]	32	3072	128	1024	CLMUL	7.19584
create-total[ms]	32	3072	128	1024	CLMUL	22.63616
recover[ms]	32	3072	256	0	GENERIC	17.89459
recover[ms]	32	3072	256	0	CLMUL	14.31321
create[ns]	32	3072	256	1024	GENERIC	3.98991
create-total[ms]	32	3072	256	1024	GENERIC	12.55118
create[ns]	32	3072	256	1024	CLMUL	7.19573
create-total[ms]	32	3072	256	1024	CLMUL	22.63581
recover[ms]	32	3072	384	0	GENERIC	32.92848
recover[ms]	32	3072	384	0	CLMUL	28.33159
create[ns]	32	3072	384	1024	GENERIC	3.98997
create-total[ms]	32	3072	384	1024	GENERIC	12.55136
create[ns]	32	3072	384	1024	CLMUL	7.19563
create-total[ms]	32	3072	384	1024	CLMUL	22.63549
recover[ms]	32	3072	512	0	GENERIC	53.70923
recover[ms]	32	3072	512	0	CLMUL	46.89164
create[ns]	32	3072	512	1024	GENERIC	3.98993
create-total[ms]	32	3072	512	1024	GENERIC	12.55125
create[ns]	32	3072	512	1024	CLMUL	7.19568
create-total[ms]	32	3072	512	1024	CLMUL	22.63565
recover[ms]	32	3072	768	0	GENERIC	120.62317
recover[ms]	32	3072	768	0	CLMUL	96.69159
create[ns]	32	3072	768	1024	GENERIC	3.98974
create-total[ms]	32	3072	768	1024	GENERIC	12.55063
create[ns]	32	3072	768	1024	CLMUL	7.19586
create-total[ms]	32	3072	768	1024	CLMUL	22.63622
recover[ms]	32	3072	1024	0	GENERIC	191.87654
recover[ms]	32	3072	1024	0	CLMUL	163.81091
create[ns]	32	3072	1024	1024	GENERIC	3.98997
create-total[ms]	32	3072	1024	1024	GENERIC	12.55137
create[ns]	32	3072	1024	1024	CLMUL	7.19563
create-total[ms]	32	3072	1024	1024	CLMUL	22.63551
recover[ms]	32	3072	1536	0	GENERIC	384.00962
recover[ms]	32	3072	1536	0	CLMUL	345.91281
create[ns]	32	3072	1536	1024	GENERIC	3.98972
create-total[ms]	32	3072	1536	1024	GENERIC	12.55058
create[ns]	32	3072	1536	1024	CLMUL	7.19563
create-total[ms]	32	3072	1536	1024	CLMUL	22.63550
recover[ms]	32	3072	2048	0	GENERIC	617.73278
recover[ms]	32	3072	2048	0	CLMUL	594.27920
create[ns]	32	3072	2048	1024	GENERIC	3.98990
create-total[ms]	32	3072	2048	1024	GENERIC	12.55114
create[ns]	32	3072	2048	1024	CLMUL	7.19579
create-total[ms]	32	3072	2048	1024	CLMUL	22.63600
recover[ms]	32	4096	8	0	GENERIC	0.67305
recover[ms]	32	4096	8	0	CLMUL	0.21176
create[ns]	32	4096	8	1024	GENERIC	3.98717
create-total[ms]	32	4096	8	1024	GENERIC	16.72340
create[ns]	32	4096	8	1024	CLMUL	7.19649
create-total[ms]	32	4096	8	1024	CLMUL	30.18426
recover[ms]	32	4096	16	0	GENERIC	0.72766
recover[ms]	32	4096	16	0	CLMUL	0.44371
create[ns]	32	4096	16	1024	GENERIC	3.98703
create-total[ms]	32	4096	16	1024	GENERIC	16.72281
create[ns]	32	4096	16	1024	CLMUL	7.19657
create-total[ms]	32	4096	16	1024	CLMUL	30.18460
recover[ms]	32	4096	32	0	GENERIC	1.26423
recover[ms]	32	4096	32	0	CLMUL	0.91937
create[ns]	32	4096	32	1024	GENERIC	3.98677
create-total[ms]	32	4096	32	1024	GENERIC	16.72173
create[ns]	32	4096	32	1024	CLMUL	7.19650
create-total[ms]	32	4096	32	1024	CLMUL	30.18432
recover[ms]	32	4096	64	0	GENERIC	2.82119
recover[ms]	32	4096	64	0	CLMUL	2.11542
create[ns]	32	4096	64	1024	GENERIC	3.98724
create-total[ms]	32	4096	64	1024	GENERIC	16.72370
create[ns]	32	4096	64	1024	CLMUL	7.19665
create-total[ms]	32	4096	64	1024	CLMUL	30.18492
recover[ms]	32	4096	128	0	GENERIC	8.65590
recover[ms]	32	4096	128	0	CLMUL	5.44594
create[ns]	32	4096	128	1024	GENERIC	3.98710
create-total[ms]	32	4096	128	1024	GENERIC	16.72313
create[ns]	32	4096	128	1024	CLMUL	7.19670
create-total[ms]	32	4096	128	1024	CLMUL	30.18517
recover[ms]	32	4096	256	0	GENERIC	21.42269
recover[ms]	32	4096	256	0	CLMUL	15.63466
create[ns]	32	4096	256	1024	GENERIC	3.98688
create-total[ms]	32	4096	256	1024	GENERIC	16.72218
create[ns]	32	4096	256	1024	CLMUL	7.19653
create-total[ms]	32	4096	256	1024	CLMUL	30.18444
recover[ms]	32	4096	384	0	GENERIC	38.02362
recover[ms]	32	4096	384	0	CLMUL	30.33353
create[ns]	32	4096	384	1024	GENERIC	3.98684
create-total[ms]	32	4096	384	1024	GENERIC	16.72204
create[ns]	32	4096	384	1024	CLMUL	7.19649
create-total[ms]	32	4096	384	1024	CLMUL	30.18426
recover[ms]	32	4096	512	0	GENERIC	62.46408
recover[ms]	32	4096	512	0	CLMUL	49.57047
create[ns]	32	4096	512	1024	GENERIC	3.98674
create-total[ms]	32	4096	512	1024	GENERIC	16.72161
create[ns]	32	4096	512	1024	CLMUL	7.19652
create-total[ms]	32	4096	512	1024	CLMUL	30.18441
recover[ms]	32	4096	768	0	GENERIC	141.04945
recover[ms]	32	4096	768	0	CLMUL	100.69993
create[ns]	32	4096	768	1024	GENERIC	3.98708
create-total[ms]	32	4096	768	1024	GENERIC	16.72302
create[ns]	32	4096	768	1024	CLMUL	7.19668
create-total[ms]	32	4096	768	1024	CLMUL	30.18505
recover[ms]	32	4096	1024	0	GENERIC	218.61739
recover[ms]	32	4096	1024	0	CLMUL	169.22903
create[ns]	32	4096	1024	1024	GENERIC	3.98660
create-total[ms]	32	4096	1024	1024	GENERIC	16.72101
create[ns]	32	4096	1024	1024	CLMUL	7.19663
create-total[ms]	32	4096	1024	1024	CLMUL	30.18486
recover[ms]	32	4096	1536	0	GENERIC	415.35121
recover[ms]	32	4096	1536	0	CLMUL	353.97780
create[ns]	32	4096	1536	1024	GENERIC	3.98713
create-total[ms]	32	4096	1536	1024	GENERIC	16.72322
create[ns]	32	4096	1536	1024	CLMUL	7.19680
create-total[ms]	32	4096	1536	1024	CLMUL	30.18558
recover[ms]	32	4096	2048	0	GENERIC	654.72646
recover[ms]	32	4096	2048	0	CLMUL	605.21197
create[ns]	32	4096	2048	1024	GENERIC	3.98689
create-total[ms]	32	4096	2048	1024	GENERIC	16.72223
create[ns]	32	4096	2048	1024	CLMUL	7.19653
create-total[ms]	32	4096	2048	1024	CLMUL	30.18442
recover[ms]	32	5120	8	0	GENERIC	0.62740
recover[ms]	32	5120	8	0	CLMUL	0.26138
create[ns]	32	5120	8	1024	GENERIC	3.98552
create-total[ms]	32	5120	8	1024	GENERIC	20.89559
create[ns]	32	5120	8	1024	CLMUL	7.19705
create-total[ms]	32	5120	8	1024	CLMUL	37.73329
recover[ms]	32	5120	16	0	GENERIC	0.89474
recover[ms]	32	5120	16	0	CLMUL	0.54271
create[ns]	32	5120	16	1024	GENERIC	3.98656
create-total[ms]	32	5120	16	1024	GENERIC	20.90105
create[ns]	32	5120	16	1024	CLMUL	7.19710
create-total[ms]	32	5120	16	1024	CLMUL	37.73351
recover[ms]	32	5120	32	0	GENERIC	1.49118
recover[ms]	32	5120	32	0	CLMUL	1.11372
create[ns]	32	5120	32	1024	GENERIC	3.98638
create-total[ms]	32	5120	32	1024	GENERIC	20.90014
create[ns]	32	5120	32	1024	CLMUL	7.19744
create-total[ms]	32	5120	32	1024	CLMUL	37.73531
recover[ms]	32	5120	64	0	GENERIC	3.41544
recover[ms]	32	5120	64	0	CLMUL	2.43282
create[ns]	32	5120	64	1024	GENERIC	3.98676
create-total[ms]	32	5120	64	1024	GENERIC	20.90209
create[ns]	32	5120	64	1024	CLMUL	7.19712
create-total[ms]	32	5120	64	1024	CLMUL	37.73361
recover[ms]	32	5120	128	0	GENERIC	10.02073
recover[ms]	32	5120	128	0	CLMUL	6.12165
create[ns]	32	5120	128	1024	GENERIC	3.98624
create-total[ms]	32	5120	128	1024	GENERIC	20.89937
create[ns]	32	5120	128	1024	CLMUL	7.19730
create-total[ms]	32	5120	128	1024	CLMUL	37.73458
recover[ms]	32	5120	256	0	GENERIC	23.99184
recover[ms]	32	5120	256	0	CLMUL	16.96026
create[ns]	32	5120	256	1024	GENERIC	3.98648
create-total[ms]	32	5120	256	1024	GENERIC	20.90061
create[ns]	32	5120	256	1024	CLMUL	7.19737
create-total[ms]	32	5120	256	1024	CLMUL	37.73493
recover[ms]	32	5120	384	0	GENERIC	41.84436
recover[ms]	32	5120	384	0	CLMUL	32.38192
create[ns]	32	5120	384	1024	GENERIC	3.98652
create-total[ms]	32	5120	384	1024	GENERIC	20.90083
create[ns]	32	5120	384	1024	CLMUL	7.19705
create-total[ms]	32	5120	384	1024	CLMUL	37.73324
recover[ms]	32	5120	512	0	GENERIC	68.21236
recover[ms]	32	5120	512	0	CLMUL	52.29717
create[ns]	32	5120	512	1024	GENERIC	3.98637
create-total[ms]	32	5120	512	1024	GENERIC	20.90008
create[ns]	32	5120	512	1024	CLMUL	7.19737
create-total[ms]	32	5120	512	1024	CLMUL	37.73497
recover[ms]	32	5120	768	0	GENERIC	156.61669
recover[ms]	32	5120	768	0	CLMUL	104.72507
create[ns]	32	5120	768	1024	GENERIC	3.98650
create-total[ms]	32	5120	768	1024	GENERIC	20.90072
create[ns]	32	5120	768	1024	CLMUL	7.19735
create-total[ms]	32	5120	768	1024	CLMUL	37.73484
recover[ms]	32	5120	1024	0	GENERIC	239.39636
recover[ms]	32	5120	1024	0	CLMUL	174.60047
create[ns]	32	5120	1024	1024	GENERIC	3.98649
create-total[ms]	32	5120	1024	1024	GENERIC	20.90067
create[ns]	32	5120	1024	1024	CLMUL	7.19726
create-total[ms]	32	5120	1024	1024	CLMUL	37.73439
recover[ms]	32	5120	1536	0	GENERIC	430.95653
recover[ms]	32	5120	1536	0	CLMUL	362.00517
create[ns]	32	5120	1536	1024	GENERIC	3.98644
create-total[ms]	32	5120	1536	1024	GENERIC	20.90040
create[ns]	32	5120	1536	1024	CLMUL	7.19852
create-total[ms]	32	5120	1536	1024	CLMUL	37.74099
recover[ms]	32	5120	2048	0	GENERIC	691.61822
recover[ms]	32	5120	2048	0	CLMUL	616.02426
create[ns]	32	5120	2048	1024	GENERIC	3.98644
create-total[ms]	32	5120	2048	1024	GENERIC	20.90043
create[ns]	32	5120	2048	1024	CLMUL	7.19730
create-total[ms]	32	5120	2048	1024	CLMUL	37.73458
recover[ms]	32	6144	8	0	GENERIC	0.98831
recover[ms]	32	6144	8	0	CLMUL	0.30922
create[ns]	32	6144	8	1024	GENERIC	3.98530
create-total[ms]	32	6144	8	1024	GENERIC	25.07332
create[ns]	32	6144	8	1024	CLMUL	7.19757
create-total[ms]	32	6144	8	1024	CLMUL	45.28318
recover[ms]	32	6144	16	0	GENERIC	1.28707
recover[ms]	32	6144	16	0	CLMUL	0.64071
create[ns]	32	6144	16	1024	GENERIC	3.98537
create-total[ms]	32	6144	16	1024	GENERIC	25.07379
create[ns]	32	6144	16	1024	CLMUL	7.19771
create-total[ms]	32	6144	16	1024	CLMUL	45.28409
recover[ms]	32	6144	32	0	GENERIC	1.98632
recover[ms]	32	6144	32	0	CLMUL	1.35826
create[ns]	32	6144	32	1024	GENERIC	3.98468
create-total[ms]	32	6144	32	1024	GENERIC	25.06945
create[ns]	32	6144	32	1024	CLMUL	7.19755
create-total[ms]	32	6144	32	1024	CLMUL	45.28306
recover[ms]	32	6144	64	0	GENERIC	3.84978
recover[ms]	32	6144	64	0	CLMUL	2.79168
create[ns]	32	6144	64	1024	GENERIC	3.98540
create-total[ms]	32	6144	64	1024	GENERIC	25.07394
create[ns]	32	6144	64	1024	CLMUL	7.19775
create-total[ms]	32	6144	64	1024	CLMUL	45.28431
recover[ms]	32	6144	128	0	GENERIC	10.50833
recover[ms]	32	6144	128	0	CLMUL	6.76725
create[ns]	32	6144	128	1024	GENERIC	3.98552
create-total[ms]	32	6144	128	1024	GENERIC	25.07472
create[ns]	32	6144	128	1024	CLMUL	7.19763
create-total[ms]	32	6144	128	1024	CLMUL	45.28357
recover[ms]	32	6144	256	0	GENERIC	24.70384
recover[ms]	32	6144	256	0	CLMUL	18.30768
create[ns]	32	6144	256	1024	GENERIC	3.98526
create-total[ms]	32	6144	256	1024	GENERIC	25.07307
create[ns]	32	6144	256	1024	CLMUL	7.19752
create-total[ms]	32	6144	256	1024	CLMUL	45.28285
recover[ms]	32	6144	384	0	GENERIC	43.07640
recover[ms]	32	6144	384	0	CLMUL	34.32416
create[ns]	32	6144	384	1024	GENERIC	3.98541
create-total[ms]	32	6144	384	1024	GENERIC	25.07401
create[ns]	32	6144	384	1024	CLMUL	7.19765
create-total[ms]	32	6144	384	1024	CLMUL	45.28370
recover[ms]	32	6144	512	0	GENERIC	68.36196
recover[ms]	32	6144	512	0	CLMUL	54.91704
create[ns]	32	6144	512	1024	GENERIC	3.98543
create-total[ms]	32	6144	512	1024	GENERIC	25.07416
create[ns]	32	6144	512	1024	CLMUL	7.19783
create-total[ms]	32	6144	512	1024	CLMUL	45.28486
recover[ms]	32	6144	768	0	GENERIC	162.42414
recover[ms]	32	6144	768	0	CLMUL	108.78188
create[ns]	32	6144	768	1024	GENERIC	3.98522
create-total[ms]	32	6144	768	1024	GENERIC	25.07281
create[ns]	32	6144	768	1024	CLMUL	7.19766
create-total[ms]	32	6144	768	1024	CLMUL	45.28373
recover[ms]	32	6144	1024	0	GENERIC	247.04817
recover[ms]	32	6144	1024	0	CLMUL	179.97030
create[ns]	32	6144	1024	1024	GENERIC	3.98525
create-total[ms]	32	6144	1024	1024	GENERIC	25.07300
create[ns]	32	6144	1024	1024	CLMUL	7.19754
create-total[ms]	32	6144	1024	1024	CLMUL	45.28303
recover[ms]	32	6144	1536	0	GENERIC	458.85668
recover[ms]	32	6144	1536	0	CLMUL	369.99252
create[ns]	32	6144	1536	1024	GENERIC	3.98537
create-total[ms]	32	6144	1536	1024	GENERIC	25.07381
create[ns]	32	6144	1536	1024	CLMUL	7.19760
create-total[ms]	32	6144	1536	1024	CLMUL	45.28340
recover[ms]	32	6144	2048	0	GENERIC	727.74664
recover[ms]	32	6144	2048	0	CLMUL	627.29527
create[ns]	32	6144	2048	1024	GENERIC	3.98545
create-total[ms]	32	6144	2048	1024	GENERIC	25.07428
create[ns]	32	6144	2048	1024	CLMUL	7.19776
create-total[ms]	32	6144	2048	1024	CLMUL	45.28438
recover[ms]	32	7168	8	0	GENERIC	1.16080
recover[ms]	32	7168	8	0	CLMUL	0.35862
create[ns]	32	7168	8	1024	GENERIC	3.98479
create-total[ms]	32	7168	8	1024	GENERIC	29.24848
create[ns]	32	7168	8	1024	CLMUL	7.19797
create-total[ms]	32	7168	8	1024	CLMUL	52.83332
recover[ms]	32	7168	16	0	GENERIC	1.49729
recover[ms]	32	7168	16	0	CLMUL	0.73831
create[ns]	32	7168	16	1024	GENERIC	3.98423
create-total[ms]	32	7168	16	1024	GENERIC	29.24437
create[ns]	32	7168	16	1024	CLMUL	7.19804
create-total[ms]	32	7168	16	1024	CLMUL	52.83382
recover[ms]	32	7168	32	0	GENERIC	2.26554
recover[ms]	32	7168	32	0	CLMUL	1.47174
create[ns]	32	7168	32	1024	GENERIC	3.98486
create-total[ms]	32	7168	32	1024	GENERIC	29.24903
create[ns]	32	7168	32	1024	CLMUL	7.19812
create-total[ms]	32	7168	32	1024	CLMUL	52.83443
recover[ms]	32	7168	64	0	GENERIC	4.31936
recover[ms]	32	7168	64	0	CLMUL	3.15006
create[ns]	32	7168	64	1024	GENERIC	3.98498
create-total[ms]	32	7168	64	1024	GENERIC	29.24988
create[ns]	32	7168	64	1024	CLMUL	7.19811
create-total[ms]	32	7168	64	1024	CLMUL	52.83436
recover[ms]	32	7168	128	0	GENERIC	11.73958
recover[ms]	32	7168	128	0	CLMUL	7.48536
create[ns]	32	7168	128	1024	GENERIC	3.98456
create-total[ms]	32	7168	128	1024	GENERIC	29.24679
create[ns]	32	7168	128	1024	CLMUL	7.19801
create-total[ms]	32	7168	128	1024	CLMUL	52.83362
recover[ms]	32	7168	256	0	GENERIC	26.98846
recover[ms]	32	7168	256	0	CLMUL	19.63366
create[ns]	32	7168	256	1024	GENERIC	3.98480
create-total[ms]	32	7168	256	1024	GENERIC	29.24859
create[ns]	32	7168	256	1024	CLMUL	7.19814
create-total[ms]	32	7168	256	1024	CLMUL	52.83459
recover[ms]	32	7168	384	0	GENERIC	47.38837
recover[ms]	32	7168	384	0	CLMUL	36.34862
create[ns]	32	7168	384	1024	GENERIC	3.98489
create-total[ms]	32	7168	384	1024	GENERIC	29.24925
create[ns]	32	7168	384	1024	CLMUL	7.19800
create-total[ms]	32	7168	384	1024	CLMUL	52.83355
recover[ms]	32	7168	512	0	GENERIC	75.80838
recover[ms]	32	7168	512	0	CLMUL	57.62355
create[ns]	32	7168	512	1024	GENERIC	3.98461
create-total[ms]	32	7168	512	1024	GENERIC	29.24719
create[ns]	32	7168	512	1024	CLMUL	7.19810
create-total[ms]	32	7168	512	1024	CLMUL	52.83426
recover[ms]	32	7168	768	0	GENERIC	175.27793
recover[ms]	32	7168	768	0	CLMUL	112.70690
create[ns]	32	7168	768	1024	GENERIC	3.98484
create-total[ms]	32	7168	768	1024	GENERIC	29.24882
create[ns]	32	7168	768	1024	CLMUL	7.19800
create-total[ms]	32	7168	768	1024	CLMUL	52.83353
recover[ms]	32	7168	1024	0	GENERIC	265.87115
recover[ms]	32	7168	1024	0	CLMUL	185.21553
create[ns]	32	7168	1024	1024	GENERIC	3.98453
create-total[ms]	32	7168	1024	1024	GENERIC	29.24658
create[ns]	32	7168	1024	1024	CLMUL	7.19814
create-total[ms]	32	7168	1024	1024	CLMUL	52.83459
recover[ms]	32	7168	1536	0	GENERIC	486.18795
recover[ms]	32	7168	1536	0	CLMUL	378.39761
create[ns]	32	7168	1536	1024	GENERIC	3.98484
create-total[ms]	32	7168	1536	1024	GENERIC	29.24886
create[ns]	32	7168	1536	1024	CLMUL	7.19798
create-total[ms]	32	7168	1536	1024	CLMUL	52.83342
recover[ms]	32	7168	2048	0	GENERIC	765.13288
recover[ms]	32	7168	2048	0	CLMUL	638.39593
create[ns]	32	7168	2048	1024	GENERIC	3.98445
create-total[ms]	32	7168	2048	1024	GENERIC	29.24599
create[ns]	32	7168	2048	1024	CLMUL	7.19799
create-total[ms]	32	7168	2048	1024	CLMUL	52.83349
recover[ms]	32	8192	8	0	GENERIC	1.04226
recover[ms]	32	8192	8	0	CLMUL	0.40923
create[ns]	32	8192	8	1024	GENERIC	3.98488
create-total[ms]	32	8192	8	1024	GENERIC	33.42756
create[ns]	32	8192	8	1024	CLMUL	7.19902
create-total[ms]	32	8192	8	1024	CLMUL	60.38971
recover[ms]	32	8192	16	0	GENERIC	1.61219
recover[ms]	32	8192	16	0	CLMUL	0.83704
create[ns]	32	8192	16	1024	GENERIC	3.98518
create-total[ms]	32	8192	16	1024	GENERIC	33.43008
create[ns]	32	8192	16	1024	CLMUL	7.19905
create-total[ms]	32	8192	16	1024	CLMUL	60.39002
recover[ms]	32	8192	32	0	GENERIC	2.45077
recover[ms]	32	8192	32	0	CLMUL	1.71387
create[ns]	32	8192	32	1024	GENERIC	3.98435
create-total[ms]	32	8192	32	1024	GENERIC	33.42314
create[ns]	32	8192	32	1024	CLMUL	7.19899
create-total[ms]	32	8192	32	1024	CLMUL	60.38948
recover[ms]	32	8192	64	0	GENERIC	4.71129
recover[ms]	32	8192	64	0	CLMUL	3.47856
create[ns]	32	8192	64	1024	GENERIC	3.98412
create-total[ms]	32	8192	64	1024	GENERIC	33.42125
create[ns]	32	8192	64	1024	CLMUL	7.19890
create-total[ms]	32	8192	64	1024	CLMUL	60.38877
recover[ms]	32	8192	128	0	GENERIC	12.31946
recover[ms]	32	8192	128	0	CLMUL	8.12410
create[ns]	32	8192	128	1024	GENERIC	3.98499
create-total[ms]	32	8192	128	1024	GENERIC	33.42855
create[ns]	32	8192	128	1024	CLMUL	7.19911
create-total[ms]	32	8192	128	1024	CLMUL	60.39053
recover[ms]	32	8192	256	0	GENERIC	28.49379
recover[ms]	32	8192	256	0	CLMUL	20.99736
create[ns]	32	8192	256	1024	GENERIC	3.98488
create-total[ms]	32	8192	256	1024	GENERIC	33.42758
create[ns]	32	8192	256	1024	CLMUL	7.19897
create-total[ms]	32	8192	256	1024	CLMUL	60.38934
recover[ms]	32	8192	384	0	GENERIC	49.96949
recover[ms]	32	8192	384	0	CLMUL	38.39595
create[ns]	32	8192	384	1024	GENERIC	3.98492
create-total[ms]	32	8192	384	1024	GENERIC	33.42797
create[ns]	32	8192	384	1024	CLMUL	7.19902
create-total[ms]	32	8192	384	1024	CLMUL	60.38976
recover[ms]	32	8192	512	0	GENERIC	80.14524
recover[ms]	32	8192	512	0	CLMUL	60.27885
create[ns]	32	8192	512	1024	GENERIC	3.98484
create-total[ms]	32	8192	512	1024	GENERIC	33.42723
create[ns]	32	8192	512	1024	CLMUL	7.19898
create-total[ms]	32	8192	512	1024	CLMUL	60.38943
recover[ms]	32	8192	768	0	GENERIC	182.55347
recover[ms]	32	8192	768	0	CLMUL	116.74605
create[ns]	32	8192	768	1024	GENERIC	3.98479
create-total[ms]	32	8192	768	1024	GENERIC	33.42684
create[ns]	32	8192	768	1024	CLMUL	7.19897
create-total[ms]	32	8192	768	1024	CLMUL	60.38936
recover[ms]	32	8192	1024	0	GENERIC	276.55023
recover[ms]	32	8192	1024	0	CLMUL	190.77508
create[ns]	32	8192	1024	1024	GENERIC	3.98496
create-total[ms]	32	8192	1024	1024	GENERIC	33.42829
create[ns]	32	8192	1024	1024	CLMUL	7.19902
create-total[ms]	32	8192	1024	1024	CLMUL	60.38975
recover[ms]	32	8192	1536	0	GENERIC	503.69663
recover[ms]	32	8192	1536	0	CLMUL	386.64669
create[ns]	32	8192	1536	1024	GENERIC	3.98485
create-total[ms]	32	8192	1536	1024	GENERIC	33.42731
create[ns]	32	8192	1536	1024	CLMUL	7.19916
create-total[ms]	32	8192	1536	1024	CLMUL	60.39093
recover[ms]	32	8192	2048	0	GENERIC	788.73787
recover[ms]	32	8192	2048	0	CLMUL	648.94394
create[ns]	32	8192	2048	1024	GENERIC	3.98534
create-total[ms]	32	8192	2048	1024	GENERIC	33.43143
create[ns]	32	8192	2048	1024	CLMUL	7.19897
create-total[ms]	32	8192	2048	1024	CLMUL	60.38931
recover[ms]	48	128	8	0	GENERIC	0.10512
recover[ms]	48	128	8	0	CLMUL	0.02326
create[ns]	48	128	8	1024	GENERIC	5.49583
create-total[ms]	48	128	8	1024	GENERIC	0.72035
create[ns]	48	128	8	1024	CLMUL	6.88747
create-total[ms]	48	128	8	1024	CLMUL	0.90275
recover[ms]	48	128	16	0	GENERIC	0.27127
recover[ms]	48	128	16	0	CLMUL	0.07793
create[ns]	48	128	16	1024	GENERIC	5.49728
create-total[ms]	48	128	16	1024	GENERIC	0.72054
create[ns]	48	128	16	1024	CLMUL	6.88719
create-total[ms]	48	128	16	1024	CLMUL	0.90272
recover[ms]	48	128	32	0	GENERIC	0.81441
recover[ms]	48	128	32	0	CLMUL	0.26428
create[ns]	48	128	32	1024	GENERIC	5.49672
create-total[ms]	48	128	32	1024	GENERIC	0.72047
create[ns]	48	128	32	1024	CLMUL	6.88704
create-total[ms]	48	128	32	1024	CLMUL	0.90270
recover[ms]	48	128	64	0	GENERIC	2.54959
recover[ms]	48	128	64	0	CLMUL	0.93532
create[ns]	48	128	64	1024	GENERIC	5.49648
create-total[ms]	48	128	64	1024	GENERIC	0.72043
create[ns]	48	128	64	1024	CLMUL	6.88761
create-total[ms]	48	128	64	1024	CLMUL	0.90277
recover[ms]	48	128	128	0	GENERIC	8.00746
recover[ms]	48	128	128	0	CLMUL	3.38283
create[ns]	48	128	128	1024	GENERIC	5.50036
create-total[ms]	48	128	128	1024	GENERIC	0.72094
create[ns]	48	128	128	1024	CLMUL	6.88659
create-total[ms]	48	128	128	1024	CLMUL	0.90264
recover[ms]	48	256	8	0	GENERIC	0.12599
recover[ms]	48	256	8	0	CLMUL	0.02871
create[ns]	48	256	8	1024	GENERIC	5.23170
create-total[ms]	48	256	8	1024	GENERIC	1.37146
create[ns]	48	256	8	1024	CLMUL	6.91313
create-total[ms]	48	256	8	1024	CLMUL	1.81224
recover[ms]	48	256	16	0	GENERIC	0.32554
recover[ms]	48	256	16	0	CLMUL	0.08665
create[ns]	48	256	16	1024	GENERIC	5.23906
create-total[ms]	48	256	16	1024	GENERIC	1.37339
create[ns]	48	256	16	1024	CLMUL	6.91351
create-total[ms]	48	256	16	1024	CLMUL	1.81234
recover[ms]	48	256	32	0	GENERIC	0.88604
recover[ms]	48	256	32	0	CLMUL	0.28584
create[ns]	48	256	32	1024	GENERIC	5.23212
create-total[ms]	48	256	32	1024	GENERIC	1.37157
create[ns]	48	256	32	1024	CLMUL	6.91320
create-total[ms]	48	256	32	1024	CLMUL	1.81225
recover[ms]	48	256	64	0	GENERIC	2.70586
recover[ms]	48	256	64	0	CLMUL	0.96892
create[ns]	48	256	64	1024	GENERIC	5.23943
create-total[ms]	48	256	64	1024	GENERIC	1.37348
create[ns]	48	256	64	1024	CLMUL	6.91317
create-total[ms]	48	256	64	1024	CLMUL	1.81225
recover[ms]	48	256	128	0	GENERIC	8.32322
recover[ms]	48	256	128	0	CLMUL	3.42468
create[ns]	48	256	128	1024	GENERIC	5.23264
create-total[ms]	48	256	128	1024	GENERIC	1.37170
create[ns]	48	256	128	1024	CLMUL	6.91386
create-total[ms]	48	256	128	1024	CLMUL	1.81243
recover[ms]	48	256	256	0	GENERIC	27.53035
recover[ms]	48	256	256	0	CLMUL	12.62915
create[ns]	48	256	256	1024	GENERIC	5.23208
create-total[ms]	48	256	256	1024	GENERIC	1.37156
create[ns]	48	256	256	1024	CLMUL	6.91344
create-total[ms]	48	256	256	1024	CLMUL	1.81232
recover[ms]	48	512	8	0	GENERIC	0.20335
recover[ms]	48	512	8	0	CLMUL	0.03677
create[ns]	48	512	8	1024	GENERIC	5.12909
create-total[ms]	48	512	8	1024	GENERIC	2.68912
create[ns]	48	512	8	1024	CLMUL	6.92632
create-total[ms]	48	512	8	1024	CLMUL	3.63139
recover[ms]	48	512	16	0	GENERIC	0.38908
recover[ms]	48	512	16	0	CLMUL	0.10345
create[ns]	48	512	16	1024	GENERIC	5.12921
create-total[ms]	48	512	16	1024	GENERIC	2.68919
create[ns]	48	512	16	1024	CLMUL	6.92636
create-total[ms]	48	512	16	1024	CLMUL	3.63141
recover[ms]	48	512	32	0	GENERIC	1.00452
recover[ms]	48	512	32	0	CLMUL	0.31952
create[ns]	48	512	32	1024	GENERIC	5.12907
create-total[ms]	48	512	32	1024	GENERIC	2.68911
create[ns]	48	512	32	1024	CLMUL	6.92621
create-total[ms]	48	512	32	1024	CLMUL	3.63133
recover[ms]	48	512	64	0	GENERIC	2.99929
recover[ms]	48	512	64	0	CLMUL	1.02653
create[ns]	48	512	64	1024	GENERIC	5.12945
create-total[ms]	48	512	64	1024	GENERIC	2.68931
create[ns]	48	512	64	1024	CLMUL	6.92684
create-total[ms]	48	512	64	1024	CLMUL	3.63166
recover[ms]	48	512	128	0	GENERIC	8.83193
recover[ms]	48	512	128	0	CLMUL	3.57950
create[ns]	48	512	128	1024	GENERIC	5.12931
create-total[ms]	48	512	128	1024	GENERIC	2.68924
create[ns]	48	512	128	1024	CLMUL	6.92630
create-total[ms]	48	512	128	1024	CLMUL	3.63138
recover[ms]	48	512	256	0	GENERIC	29.39110
recover[ms]	48	512	256	0	CLMUL	12.89018
create[ns]	48	512	256	1024	GENERIC	5.12880
create-total[ms]	48	512	256	1024	GENERIC	2.68897
create[ns]	48	512	256	1024	CLMUL	6.92641
create-total[ms]	48	512	256	1024	CLMUL	3.63144
recover[ms]	48	512	384	0	GENERIC	59.47824
recover[ms]	48	512	384	0	CLMUL	27.69263
create[ns]	48	512	384	1024	GENERIC	5.12921
create-total[ms]	48	512	384	1024	GENERIC	2.68918
create[ns]	48	512	384	1024	CLMUL	6.92949
create-total[ms]	48	512	384	1024	CLMUL	3.63305
recover[ms]	48	512	512	0	GENERIC	99.24187
recover[ms]	48	512	512	0	CLMUL	48.15382
create[ns]	48	512	512	1024	GENERIC	5.12911
create-total[ms]	48	512	512	1024	GENERIC	2.68913
create[ns]	48	512	512	1024	CLMUL	6.92686
create-total[ms]	48	512	512	1024	CLMUL	3.63167
recover[ms]	48	1024	8	0	GENERIC	0.31653
recover[ms]	48	1024	8	0	CLMUL	0.05859
create[ns]	48	1024	8	1024	GENERIC	5.06479
create-total[ms]	48	1024	8	1024	GENERIC	5.31082
create[ns]	48	1024	8	1024	CLMUL	6.93614
create-total[ms]	48	1024	8	1024	CLMUL	7.27307
recover[ms]	48	1024	16	0	GENERIC	0.53082
recover[ms]	48	1024	16	0	CLMUL	0.14247
create[ns]	48	1024	16	1024	GENERIC	5.06390
create-total[ms]	48	1024	16	1024	GENERIC	5.30988
create[ns]	48	1024	16	1024	CLMUL	6.93446
create-total[ms]	48	1024	16	1024	CLMUL	7.27131
recover[ms]	48	1024	32	0	GENERIC	1.28792
recover[ms]	48	1024	32	0	CLMUL	0.38503
create[ns]	48	1024	32	1024	GENERIC	5.06392
create-total[ms]	48	1024	32	1024	GENERIC	5.30990
create[ns]	48	1024	32	1024	CLMUL	6.93442
create-total[ms]	48	1024	32	1024	CLMUL	7.27126
recover[ms]	48	1024	64	0	GENERIC	3.60931
recover[ms]	48	1024	64	0	CLMUL	1.16620
create[ns]	48	1024	64	1024	GENERIC	5.06388
create-total[ms]	48	1024	64	1024	GENERIC	5.30987
create[ns]	48	1024	64	1024	CLMUL	6.93437
create-total[ms]	48	1024	64	1024	CLMUL	7.27122
recover[ms]	48	1024	128	0	GENERIC	9.87346
recover[ms]	48	1024	128	0	CLMUL	3.86002
create[ns]	48	1024	128	1024	GENERIC	5.06461
create-total[ms]	48	1024	128	1024	GENERIC	5.31063
create[ns]	48	1024	128	1024	CLMUL	6.93449
create-total[ms]	48	1024	128	1024	CLMUL	7.27135
recover[ms]	48	1024	256	0	GENERIC	33.66105
recover[ms]	48	1024	256	0	CLMUL	13.44914
create[ns]	48	1024	256	1024	GENERIC	5.06440
create-total[ms]	48	1024	256	1024	GENERIC	5.31040
create[ns]	48	1024	256	1024	CLMUL	6.93445
create-total[ms]	48	1024	256	1024	CLMUL	7.27130
recover[ms]	48	1024	384	0	GENERIC	66.78521
recover[ms]	48	1024	384	0	CLMUL	28.56464
create[ns]	48	1024	384	1024	GENERIC	5.06431
create-total[ms]	48	1024	384	1024	GENERIC	5.31031
create[ns]	48	1024	384	1024	CLMUL	6.93465
create-total[ms]	48	1024	384	1024	CLMUL	7.27151
recover[ms]	48	1024	512	0	GENERIC	108.60022
recover[ms]	48	1024	512	0	CLMUL	49.24257
create[ns]	48	1024	512	1024	GENERIC	5.06454
create-total[ms]	48	1024	512	1024	GENERIC	5.31055
create[ns]	48	1024	512	1024	CLMUL	6.93481
create-total[ms]	48	1024	512	1024	CLMUL	7.27168
recover[ms]	48	1024	768	0	GENERIC	219.40844
recover[ms]	48	1024	768	0	CLMUL	106.32478
create[ns]	48	1024	768	1024	GENERIC	5.06427
create-total[ms]	48	1024	768	1024	GENERIC	5.31027
create[ns]	48	1024	768	1024	CLMUL	6.93441
create-total[ms]	48	1024	768	1024	CLMUL	7.27126
recover[ms]	48	1024	1024	0	GENERIC	367.55151
recover[ms]	48	1024	1024	0	CLMUL	185.16327
create[ns]	48	1024	1024	1024	GENERIC	5.06457
create-total[ms]	48	1024	1024	1024	GENERIC	5.31058
create[ns]	48	1024	1024	1024	CLMUL	6.93452
create-total[ms]	48	1024	1024	1024	CLMUL	7.27137
recover[ms]	48	2048	8	0	GENERIC	0.52374
recover[ms]	48	2048	8	0	CLMUL	0.09737
create[ns]	48	2048	8	1024	GENERIC	5.03328
create-total[ms]	48	2048	8	1024	GENERIC	10.55555
create[ns]	48	2048	8	1024	CLMUL	6.93863
create-total[ms]	48	2048	8	1024	CLMUL	14.55137
recover[ms]	48	2048	16	0	GENERIC	0.83746
recover[ms]	48	2048	16	0	CLMUL	0.21355
create[ns]	48	2048	16	1024	GENERIC	5.03367
create-total[ms]	48	2048	16	1024	GENERIC	10.55638
create[ns]	48	2048	16	1024	CLMUL	6.93861
create-total[ms]	48	2048	16	1024	CLMUL	14.55132
recover[ms]	48	2048	32	0	GENERIC	1.76946
recover[ms]	48	2048	32	0	CLMUL	0.52265
create[ns]	48	2048	32	1024	GENERIC	5.03290
create-total[ms]	48	2048	32	1024	GENERIC	10.55476
create[ns]	48	2048	32	1024	CLMUL	6.93850
create-total[ms]	48	2048	32	1024	CLMUL	14.55109
recover[ms]	48	2048	64	0	GENERIC	4.81600
recover[ms]	48	2048	64	0	CLMUL	1.44572
create[ns]	48	2048	64	1024	GENERIC	5.03322
create-total[ms]	48	2048	64	1024	GENERIC	10.55543
create[ns]	48	2048	64	1024	CLMUL	6.93860
create-total[ms]	48	2048	64	1024	CLMUL	14.55130
recover[ms]	48	2048	128	0	GENERIC	12.01369
recover[ms]	48	2048	128	0	CLMUL	4.38549
create[ns]	48	2048	128	1024	GENERIC	5.03325
create-total[ms]	48	2048	128	1024	GENERIC	10.55549
create[ns]	48	2048	128	1024	CLMUL	6.93866
create-total[ms]	48	2048	128	1024	CLMUL	14.55142
recover[ms]	48	2048	256	0	GENERIC	41.79886
recover[ms]	48	2048	256	0	CLMUL	14.54888
create[ns]	48	2048	256	1024	GENERIC	5.03297
create-total[ms]	48	2048	256	1024	GENERIC	10.55490
create[ns]	48	2048	256	1024	CLMUL	6.93857
create-total[ms]	48	2048	256	1024	CLMUL	14.55123
recover[ms]	48	2048	384	0	GENERIC	80.60032
recover[ms]	48	2048	384	0	CLMUL	30.14502
create[ns]	48	2048	384	1024	GENERIC	5.03306
create-total[ms]	48	2048	384	1024	GENERIC	10.55510
create[ns]	48	2048	384	1024	CLMUL	6.93859
create-total[ms]	48	2048	384	1024	CLMUL	14.55128
recover[ms]	48	2048	512	0	GENERIC	126.93337
recover[ms]	48	2048	512	0	CLMUL	51.29780
create[ns]	48	2048	512	1024	GENERIC	5.03352
create-total[ms]	48	2048	512	1024	GENERIC	10.55606
create[ns]	48	2048	512	1024	CLMUL	6.93874
create-total[ms]	48	2048	512	1024	CLMUL	14.55159
recover[ms]	48	2048	768	0	GENERIC	247.33662
recover[ms]	48	2048	768	0	CLMUL	109.49939
create[ns]	48	2048	768	1024	GENERIC	5.03274
create-total[ms]	48	2048	768	1024	GENERIC	10.55443
create[ns]	48	2048	768	1024	CLMUL	6.93856
create-total[ms]	48	2048	768	1024	CLMUL	14.55122
recover[ms]	48	2048	1024	0	GENERIC	404.59141
recover[ms]	48	2048	1024	0	CLMUL	189.43552
create[ns]	48	2048	1024	1024	GENERIC	5.03426
create-total[ms]	48	2048	1024	1024	GENERIC	10.55761
create[ns]	48	2048	1024	1024	CLMUL	6.93863
create-total[ms]	48	2048	1024	1024	CLMUL	14.55136
recover[ms]	48	2048	1536	0	GENERIC	824.81777
recover[ms]	48	2048	1536	0	CLMUL	410.94018
create[ns]	48	2048	1536	1024	GENERIC	5.03252
create-total[ms]	48	2048	1536	1024	GENERIC	10.55397
create[ns]	48	2048	1536	1024	CLMUL	6.93852
create-total[ms]	48	2048	1536	1024	CLMUL	14.55113
recover[ms]	48	2048	2048	0	GENERIC	1386.66846
recover[ms]	48	2048	2048	0	CLMUL	716.85787
create[ns]	48	2048	2048	1024	GENERIC	5.03274
create-total[ms]	48	2048	2048	1024	GENERIC	10.55442
create[ns]	48	2048	2048	1024	CLMUL	6.93863
create-total[ms]	48	2048	2048	1024	CLMUL	14.55137
recover[ms]	48	3072	8	0	GENERIC	0.81586
recover[ms]	48	3072	8	0	CLMUL	0.13803
create[ns]	48	3072	8	1024	GENERIC	5.02397
create-total[ms]	48	3072	8	1024	GENERIC	15.80403
create[ns]	48	3072	8	1024	CLMUL	6.93992
create-total[ms]	48	3072	8	1024	CLMUL	21.83109
recover[ms]	48	3072	16	0	GENERIC	1.55925
recover[ms]	48	3072	16	0	CLMUL	0.28695
create[ns]	48	3072	16	1024	GENERIC	5.02390
create-total[ms]	48	3072	16	1024	GENERIC	15.80383
create[ns]	48	3072	16	1024	CLMUL	6.93986
create-total[ms]	48	3072	16	1024	CLMUL	21.83092
recover[ms]	48	3072	32	0	GENERIC	2.72902
recover[ms]	48	3072	32	0	CLMUL	0.66412
create[ns]	48	3072	32	1024	GENERIC	5.02408
create-total[ms]	48	3072	32	1024	GENERIC	15.80439
create[ns]	48	3072	32	1024	CLMUL	6.93998
create-total[ms]	48	3072	32	1024	CLMUL	21.83128
recover[ms]	48	3072	64	0	GENERIC	6.47039
recover[ms]	48	3072	64	0	CLMUL	1.73072
create[ns]	48	3072	64	1024	GENERIC	5.02402
create-total[ms]	48	3072	64	1024	GENERIC	15.80421
create[ns]	48	3072	64	1024	CLMUL	6.93992
create-total[ms]	48	3072	64	1024	CLMUL	21.83109
recover[ms]	48	3072	128	0	GENERIC	14.55466
recover[ms]	48	3072	128	0	CLMUL	4.95718
create[ns]	48	3072	128	1024	GENERIC	5.02334
create-total[ms]	48	3072	128	1024	GENERIC	15.80206
create[ns]	48	3072	128	1024	CLMUL	6.93988
create-total[ms]	48	3072	128	1024	CLMUL	21.83097
recover[ms]	48	3072	256	0	GENERIC	48.86957
recover[ms]	48	3072	256	0	CLMUL	15.66704
create[ns]	48	3072	256	1024	GENERIC	5.02436
create-total[ms]	48	3072	256	1024	GENERIC	15.80527
create[ns]	48	3072	256	1024	CLMUL	6.93982
create-total[ms]	48	3072	256	1024	CLMUL	21.83077
recover[ms]	48	3072	384	0	GENERIC	93.25977
recover[ms]	48	3072	384	0	CLMUL	31.83335
create[ns]	48	3072	384	1024	GENERIC	5.02350
create-total[ms]	48	3072	384	1024	GENERIC	15.80257
create[ns]	48	3072	384	1024	CLMUL	6.93988
create-total[ms]	48	3072	384	1024	CLMUL	21.83097
recover[ms]	48	3072	512	0	GENERIC	143.84732
recover[ms]	48	3072	512	0	CLMUL	53.52761
create[ns]	48	3072	512	1024	GENERIC	5.02394
create-total[ms]	48	3072	512	1024	GENERIC	15.80396
create[ns]	48	3072	512	1024	CLMUL	6.93991
create-total[ms]	48	3072	512	1024	CLMUL	21.83106
recover[ms]	48	3072	768	0	GENERIC	272.35823
recover[ms]	48	3072	768	0	CLMUL	112.80190
create[ns]	48	3072	768	1024	GENERIC	5.02407
create-total[ms]	48	3072	768	1024	GENERIC	15.80435
create[ns]	48	3072	768	1024	CLMUL	6.94004
create-total[ms]	48	3072	768	1024	CLMUL	21.83149
recover[ms]	48	3072	1024	0	GENERIC	437.95850
recover[ms]	48	3072	1024	0	CLMUL	193.81314
create[ns]	48	3072	1024	1024	GENERIC	5.02407
create-total[ms]	48	3072	1024	1024	GENERIC	15.80437
create[ns]	48	3072	1024	1024	CLMUL	6.93998
create-total[ms]	48	3072	1024	1024	CLMUL	21.83128
recover[ms]	48	3072	1536	0	GENERIC	875.05375
recover[ms]	48	3072	1536	0	CLMUL	417.12286
create[ns]	48	3072	1536	1024	GENERIC	5.02395
create-total[ms]	48	3072	1536	1024	GENERIC	15.80399
create[ns]	48	3072	1536	1024	CLMUL	6.93989
create-total[ms]	48	3072	1536	1024	CLMUL	21.83100
recover[ms]	48	3072	2048	0	GENERIC	1459.69140
recover[ms]	48	3072	2048	0	CLMUL	725.58928
create[ns]	48	3072	2048	1024	GENERIC	5.02384
create-total[ms]	48	3072	2048	1024	GENERIC	15.80363
create[ns]	48	3072	2048	1024	CLMUL	6.93995
create-total[ms]	48	3072	2048	1024	CLMUL	21.83119
recover[ms]	48	4096	8	0	GENERIC	1.66456
recover[ms]	48	4096	8	0	CLMUL	0.17482
create[ns]	48	4096	8	1024	GENERIC	5.01923
create-total[ms]	48	4096	8	1024	GENERIC	21.05220
create[ns]	48	4096	8	1024	CLMUL	6.94253
create-total[ms]	48	4096	8	1024	CLMUL	29.11907
recover[ms]	48	4096	16	0	GENERIC	2.07878
recover[ms]	48	4096	16	0	CLMUL	0.35846
create[ns]	48	4096	16	1024	GENERIC	5.01984
create-total[ms]	48	4096	16	1024	GENERIC	21.05472
create[ns]	48	4096	16	1024	CLMUL	6.94263
create-total[ms]	48	4096	16	1024	CLMUL	29.11949
recover[ms]	48	4096	32	0	GENERIC	3.54121
recover[ms]	48	4096	32	0	CLMUL	0.80884
create[ns]	48	4096	32	1024	GENERIC	5.01954
create-total[ms]	48	4096	32	1024	GENERIC	21.05346
create[ns]	48	4096	32	1024	CLMUL	6.94268
create-total[ms]	48	4096	32	1024	CLMUL	29.11972
recover[ms]	48	4096	64	0	GENERIC	7.90686
recover[ms]	48	4096	64	0	CLMUL	2.01509
create[ns]	48	4096	64	1024	GENERIC	5.01953
create-total[ms]	48	4096	64	1024	GENERIC	21.05343
create[ns]	48	4096	64	1024	CLMUL	6.94252
create-total[ms]	48	4096	64	1024	CLMUL	29.11902
recover[ms]	48	4096	128	0	GENERIC	17.04578
recover[ms]	48	4096	128	0	CLMUL	5.48692
create[ns]	48	4096	128	1024	GENERIC	5.01970
create-total[ms]	48	4096	128	1024	GENERIC	21.05416
create[ns]	48	4096	128	1024	CLMUL	6.94257
create-total[ms]	48	4096	128	1024	CLMUL	29.11924
recover[ms]	48	4096	256	0	GENERIC	56.74042
recover[ms]	48	4096	256	0	CLMUL	16.72573
create[ns]	48	4096	256	1024	GENERIC	5.01946
create-total[ms]	48	4096	256	1024	GENERIC	21.05314
create[ns]	48	4096	256	1024	CLMUL	6.94250
create-total[ms]	48	4096	256	1024	CLMUL	29.11897
recover[ms]	48	4096	384	0	GENERIC	106.59000
recover[ms]	48	4096	384	0	CLMUL	33.45626
create[ns]	48	4096	384	1024	GENERIC	5.01965
create-total[ms]	48	4096	384	1024	GENERIC	21.05396
create[ns]	48	4096	384	1024	CLMUL	6.94265
create-total[ms]	48	4096	384	1024	CLMUL	29.11960
recover[ms]	48	4096	512	0	GENERIC	161.91134
recover[ms]	48	4096	512	0	CLMUL	55.74945
create[ns]	48	4096	512	1024	GENERIC	5.01931
create-total[ms]	48	4096	512	1024	GENERIC	21.05253
create[ns]	48	4096	512	1024	CLMUL	6.94269
create-total[ms]	48	4096	512	1024	CLMUL	29.11976
recover[ms]	48	4096	768	0	GENERIC	298.94497
recover[ms]	48	4096	768	0	CLMUL	116.05143
create[ns]	48	4096	768	1024	GENERIC	5.01952
create-total[ms]	48	4096	768	1024	GENERIC	21.05340
create[ns]	48	4096	768	1024	CLMUL	6.94277
create-total[ms]	48	4096	768	1024	CLMUL	29.12010
recover[ms]	48	4096	1024	0	GENERIC	473.28294
recover[ms]	48	4096	1024	0	CLMUL	198.08890
create[ns]	48	4096	1024	1024	GENERIC	5.01946
create-total[ms]	48	4096	1024	1024	GENERIC	21.05313
create[ns]	48	4096	1024	1024	CLMUL	6.94265
create-total[ms]	48	4096	1024	1024	CLMUL	29.11957
recover[ms]	48	4096	1536	0	GENERIC	928.85594
recover[ms]	48	4096	1536	0	CLMUL	423.64118
create[ns]	48	4096	1536	1024	GENERIC	5.01957
create-total[ms]	48	4096	1536	1024	GENERIC	21.05361
create[ns]	48	4096	1536	1024	CLMUL	6.94276
create-total[ms]	48	4096	1536	1024	CLMUL	29.12003
recover[ms]	48	4096	2048	0	GENERIC	1529.65334
recover[ms]	48	4096	2048	0	CLMUL	734.75439
create[ns]	48	4096	2048	1024	GENERIC	5.01935
create-total[ms]	48	4096	2048	1024	GENERIC	21.05269
create[ns]	48	4096	2048	1024	CLMUL	6.94257
create-total[ms]	48	4096	2048	1024	CLMUL	29.11924
recover[ms]	48	5120	8	0	GENERIC	2.11644
recover[ms]	48	5120	8	0	CLMUL	0.21436
create[ns]	48	5120	8	1024	GENERIC	5.01678
create-total[ms]	48	5120	8	1024	GENERIC	26.30238
create[ns]	48	5120	8	1024	CLMUL	6.94249
create-total[ms]	48	5120	8	1024	CLMUL	36.39867
recover[ms]	48	5120	16	0	GENERIC	2.55024
recover[ms]	48	5120	16	0	CLMUL	0.43285
create[ns]	48	5120	16	1024	GENERIC	5.01653
create-total[ms]	48	5120	16	1024	GENERIC	26.30107
create[ns]	48	5120	16	1024	CLMUL	6.94251
create-total[ms]	48	5120	16	1024	CLMUL	36.39875
recover[ms]	48	5120	32	0	GENERIC	4.15276
recover[ms]	48	5120	32	0	CLMUL	0.94411
create[ns]	48	5120	32	1024	GENERIC	5.01670
create-total[ms]	48	5120	32	1024	GENERIC	26.30193
create[ns]	48	5120	32	1024	CLMUL	6.94264
create-total[ms]	48	5120	32	1024	CLMUL	36.39940
recover[ms]	48	5120	64	0	GENERIC	9.20489
recover[ms]	48	5120	64	0	CLMUL	2.29931
create[ns]	48	5120	64	1024	GENERIC	5.01660
create-total[ms]	48	5120	64	1024	GENERIC	26.30142
create[ns]	48	5120	64	1024	CLMUL	6.94265
create-total[ms]	48	5120	64	1024	CLMUL	36.39950
recover[ms]	48	5120	128	0	GENERIC	19.51812
recover[ms]	48	5120	128	0	CLMUL	6.05135
create[ns]	48	5120	128	1024	GENERIC	5.01670
create-total[ms]	48	5120	128	1024	GENERIC	26.30194
create[ns]	48	5120	128	1024	CLMUL	6.94249
create-total[ms]	48	5120	128	1024	CLMUL	36.39866
recover[ms]	48	5120	256	0	GENERIC	63.40648
recover[ms]	48	5120	256	0	CLMUL	17.78694
create[ns]	48	5120	256	1024	GENERIC	5.01668
create-total[ms]	48	5120	256	1024	GENERIC	26.30185
create[ns]	48	5120	256	1024	CLMUL	6.94255
create-total[ms]	48	5120	256	1024	CLMUL	36.39894
recover[ms]	48	5120	384	0	GENERIC	118.53831
recover[ms]	48	5120	384	0	CLMUL	35.07834
create[ns]	48	5120	384	1024	GENERIC	5.01684
create-total[ms]	48	5120	384	1024	GENERIC	26.30269
create[ns]	48	5120	384	1024	CLMUL	6.94260
create-total[ms]	48	5120	384	1024	CLMUL	36.39921
recover[ms]	48	5120	512	0	GENERIC	178.58019
recover[ms]	48	5120	512	0	CLMUL	57.95048
create[ns]	48	5120	512	1024	GENERIC	5.01667
create-total[ms]	48	5120	512	1024	GENERIC	26.30181
create[ns]	48	5120	512	1024	CLMUL	6.94261
create-total[ms]	48	5120	512	1024	CLMUL	36.39926
recover[ms]	48	5120	768	0	GENERIC	323.64763
recover[ms]	48	5120	768	0	CLMUL	119.27310
create[ns]	48	5120	768	1024	GENERIC	5.01668
create-total[ms]	48	5120	768	1024	GENERIC	26.30186
create[ns]	48	5120	768	1024	CLMUL	6.94253
create-total[ms]	48	5120	768	1024	CLMUL	36.39887
recover[ms]	48	5120	1024	0	GENERIC	506.44145
recover[ms]	48	5120	1024	0	CLMUL	202.57415
create[ns]	48	5120	1024	1024	GENERIC	5.01673
create-total[ms]	48	5120	1024	1024	GENERIC	26.30213
create[ns]	48	5120	1024	1024	CLMUL	6.94253
create-total[ms]	48	5120	1024	1024	CLMUL	36.39883
recover[ms]	48	5120	1536	0	GENERIC	977.95988
recover[ms]	48	5120	1536	0	CLMUL	429.81494
create[ns]	48	5120	1536	1024	GENERIC	5.01634
create-total[ms]	48	5120	1536	1024	GENERIC	26.30009
create[ns]	48	5120	1536	1024	CLMUL	6.94262
create-total[ms]	48	5120	1536	1024	CLMUL	36.39931
recover[ms]	48	5120	2048	0	GENERIC	1594.27219
recover[ms]	48	5120	2048	0	CLMUL	742.82327
create[ns]	48	5120	2048	1024	GENERIC	5.01675
create-total[ms]	48	5120	2048	1024	GENERIC	26.30220
create[ns]	48	5120	2048	1024	CLMUL	6.94264
create-total[ms]	48	5120	2048	1024	CLMUL	36.39945
recover[ms]	48	6144	8	0	GENERIC	2.47939
recover[ms]	48	6144	8	0	CLMUL	0.25580
create[ns]	48	6144	8	1024	GENERIC	5.01428
create-total[ms]	48	6144	8	1024	GENERIC	31.54711
create[ns]	48	6144	8	1024	CLMUL	6.94235
create-total[ms]	48	6144	8	1024	CLMUL	43.67750
recover[ms]	48	6144	16	0	GENERIC	3.07452
recover[ms]	48	6144	16	0	CLMUL	0.50608
create[ns]	48	6144	16	1024	GENERIC	5.01447
create-total[ms]	48	6144	16	1024	GENERIC	31.54830
create[ns]	48	6144	16	1024	CLMUL	6.94254
create-total[ms]	48	6144	16	1024	CLMUL	43.67871
recover[ms]	48	6144	32	0	GENERIC	4.80484
recover[ms]	48	6144	32	0	CLMUL	1.08158
create[ns]	48	6144	32	1024	GENERIC	5.01435
create-total[ms]	48	6144	32	1024	GENERIC	31.54754
create[ns]	48	6144	32	1024	CLMUL	6.94264
create-total[ms]	48	6144	32	1024	CLMUL	43.67932
recover[ms]	48	6144	64	0	GENERIC	10.39884
recover[ms]	48	6144	64	0	CLMUL	2.57971
create[ns]	48	6144	64	1024	GENERIC	5.01438
create-total[ms]	48	6144	64	1024	GENERIC	31.54776
create[ns]	48	6144	64	1024	CLMUL	6.94290
create-total[ms]	48	6144	64	1024	CLMUL	43.68097
recover[ms]	48	6144	128	0	GENERIC	21.70585
recover[ms]	48	6144	128	0	CLMUL	6.58760
create[ns]	48	6144	128	1024	GENERIC	5.01438
create-total[ms]	48	6144	128	1024	GENERIC	31.54773
create[ns]	48	6144	128	1024	CLMUL	6.94273
create-total[ms]	48	6144	128	1024	CLMUL	43.67989
recover[ms]	48	6144	256	0	GENERIC	71.10342
recover[ms]	48	6144	256	0	CLMUL	18.88671
create[ns]	48	6144	256	1024	GENERIC	5.01393
create-total[ms]	48	6144	256	1024	GENERIC	31.54494
create[ns]	48	6144	256	1024	CLMUL	6.94254
create-total[ms]	48	6144	256	1024	CLMUL	43.67869
recover[ms]	48	6144	384	0	GENERIC	132.07304
recover[ms]	48	6144	384	0	CLMUL	36.66558
create[ns]	48	6144	384	1024	GENERIC	5.01447
create-total[ms]	48	6144	384	1024	GENERIC	31.54832
create[ns]	48	6144	384	1024	CLMUL	6.94225
create-total[ms]	48	6144	384	1024	CLMUL	43.67685
recover[ms]	48	6144	512	0	GENERIC	196.15125
recover[ms]	48	6144	512	0	CLMUL	59.99501
create[ns]	48	6144	512	1024	GENERIC	5.01420
create-total[ms]	48	6144	512	1024	GENERIC	31.54660
create[ns]	48	6144	512	1024	CLMUL	6.94271
create-total[ms]	48	6144	512	1024	CLMUL	43.67975
recover[ms]	48	6144	768	0	GENERIC	350.21098
recover[ms]	48	6144	768	0	CLMUL	122.52714
create[ns]	48	6144	768	1024	GENERIC	5.01412
create-total[ms]	48	6144	768	1024	GENERIC	31.54612
create[ns]	48	6144	768	1024	CLMUL	6.94258
create-total[ms]	48	6144	768	1024	CLMUL	43.67894
recover[ms]	48	6144	1024	0	GENERIC	541.36415
recover[ms]	48	6144	1024	0	CLMUL	206.64325
create[ns]	48	6144	1024	1024	GENERIC	5.01451
create-total[ms]	48	6144	1024	1024	GENERIC	31.54858
create[ns]	48	6144	1024	1024	CLMUL	6.94274
create-total[ms]	48	6144	1024	1024	CLMUL	43.67997
recover[ms]	48	6144	1536	0	GENERIC	1029.85112
recover[ms]	48	6144	1536	0	CLMUL	436.83690
create[ns]	48	6144	1536	1024	GENERIC	5.01459
create-total[ms]	48	6144	1536	1024	GENERIC	31.54909
create[ns]	48	6144	1536	1024	CLMUL	6.94262
create-total[ms]	48	6144	1536	1024	CLMUL	43.67921
recover[ms]	48	6144	2048	0	GENERIC	1663.62647
recover[ms]	48	6144	2048	0	CLMUL	751.45303
create[ns]	48	6144	2048	1024	GENERIC	5.01416
create-total[ms]	48	6144	2048	1024	GENERIC	31.54636
create[ns]	48	6144	2048	1024	CLMUL	6.94241
create-total[ms]	48	6144	2048	1024	CLMUL	43.67785
recover[ms]	48	7168	8	0	GENERIC	2.88362
recover[ms]	48	7168	8	0	CLMUL	0.29387
create[ns]	48	7168	8	1024	GENERIC	5.01276
create-total[ms]	48	7168	8	1024	GENERIC	36.79382
create[ns]	48	7168	8	1024	CLMUL	6.94235
create-total[ms]	48	7168	8	1024	CLMUL	50.95704
recover[ms]	48	7168	16	0	GENERIC	3.49902
recover[ms]	48	7168	16	0	CLMUL	0.57963
create[ns]	48	7168	16	1024	GENERIC	5.01273
create-total[ms]	48	7168	16	1024	GENERIC	36.79358
create[ns]	48	7168	16	1024	CLMUL	6.94245
create-total[ms]	48	7168	16	1024	CLMUL	50.95781
recover[ms]	48	7168	32	0	GENERIC	5.61403
recover[ms]	48	7168	32	0	CLMUL	1.21955
create[ns]	48	7168	32	1024	GENERIC	5.01260
create-total[ms]	48	7168	32	1024	GENERIC	36.79267
create[ns]	48	7168	32	1024	CLMUL	6.94266
create-total[ms]	48	7168	32	1024	CLMUL	50.95936
recover[ms]	48	7168	64	0	GENERIC	11.81464
recover[ms]	48	7168	64	0	CLMUL	2.85745
create[ns]	48	7168	64	1024	GENERIC	5.01253
create-total[ms]	48	7168	64	1024	GENERIC	36.79216
create[ns]	48	7168	64	1024	CLMUL	6.94235
create-total[ms]	48	7168	64	1024	CLMUL	50.95704
recover[ms]	48	7168	128	0	GENERIC	23.77430
recover[ms]	48	7168	128	0	CLMUL	7.15780
create[ns]	48	7168	128	1024	GENERIC	5.01256
create-total[ms]	48	7168	128	1024	GENERIC	36.79233
create[ns]	48	7168	128	1024	CLMUL	6.94235
create-total[ms]	48	7168	128	1024	CLMUL	50.95707
recover[ms]	48	7168	256	0	GENERIC	78.94744
recover[ms]	48	7168	256	0	CLMUL	19.98420
create[ns]	48	7168	256	1024	GENERIC	5.01260
create-total[ms]	48	7168	256	1024	GENERIC	36.79262
create[ns]	48	7168	256	1024	CLMUL	6.94806
create-total[ms]	48	7168	256	1024	CLMUL	50.99902
recover[ms]	48	7168	384	0	GENERIC	145.11962
recover[ms]	48	7168	384	0	CLMUL	38.27354
create[ns]	48	7168	384	1024	GENERIC	5.01263
create-total[ms]	48	7168	384	1024	GENERIC	36.79283
create[ns]	48	7168	384	1024	CLMUL	6.94261
create-total[ms]	48	7168	384	1024	CLMUL	50.95895
recover[ms]	48	7168	512	0	GENERIC	213.12791
recover[ms]	48	7168	512	0	CLMUL	62.28954
create[ns]	48	7168	512	1024	GENERIC	5.01270
create-total[ms]	48	7168	512	1024	GENERIC	36.79334
create[ns]	48	7168	512	1024	CLMUL	6.94312
create-total[ms]	48	7168	512	1024	CLMUL	50.96272
recover[ms]	48	7168	768	0	GENERIC	376.02540
recover[ms]	48	7168	768	0	CLMUL	125.78304
create[ns]	48	7168	768	1024	GENERIC	5.01298
create-total[ms]	48	7168	768	1024	GENERIC	36.79547
create[ns]	48	7168	768	1024	CLMUL	6.94260
create-total[ms]	48	7168	768	1024	CLMUL	50.95889
recover[ms]	48	7168	1024	0	GENERIC	575.83479
recover[ms]	48	7168	1024	0	CLMUL	211.05324
create[ns]	48	7168	1024	1024	GENERIC	5.01291
create-total[ms]	48	7168	1024	1024	GENERIC	36.79491
create[ns]	48	7168	1024	1024	CLMUL	6.94277
create-total[ms]	48	7168	1024	1024	CLMUL	50.96017
recover[ms]	48	7168	1536	0	GENERIC	1081.88465
recover[ms]	48	7168	1536	0	CLMUL	443.04346
create[ns]	48	7168	1536	1024	GENERIC	5.01279
create-total[ms]	48	7168	1536	1024	GENERIC	36.79401
create[ns]	48	7168	1536	1024	CLMUL	6.94239
create-total[ms]	48	7168	1536	1024	CLMUL	50.95740
recover[ms]	48	7168	2048	0	GENERIC	1732.74330
recover[ms]	48	7168	2048	0	CLMUL	760.04754
create[ns]	48	7168	2048	1024	GENERIC	5.01271
create-total[ms]	48	7168	2048	1024	GENERIC	36.79342
create[ns]	48	7168	2048	1024	CLMUL	6.94243
create-total[ms]	48	7168	2048	1024	CLMUL	50.95766
recover[ms]	48	8192	8	0	GENERIC	3.32940
recover[ms]	48	8192	8	0	CLMUL	0.33569
create[ns]	48	8192	8	1024	GENERIC	5.01119
create-total[ms]	48	8192	8	1024	GENERIC	42.03688
create[ns]	48	8192	8	1024	CLMUL	6.94232
create-total[ms]	48	8192	8	1024	CLMUL	58.23640
recover[ms]	48	8192	16	0	GENERIC	4.02394
recover[ms]	48	8192	16	0	CLMUL	0.64666
create[ns]	48	8192	16	1024	GENERIC	5.01138
create-total[ms]	48	8192	16	1024	GENERIC	42.03854
create[ns]	48	8192	16	1024	CLMUL	6.94236
create-total[ms]	48	8192	16	1024	CLMUL	58.23677
recover[ms]	48	8192	32	0	GENERIC	6.18727
recover[ms]	48	8192	32	0	CLMUL	1.36658
create[ns]	48	8192	32	1024	GENERIC	5.01119
create-total[ms]	48	8192	32	1024	GENERIC	42.03688
create[ns]	48	8192	32	1024	CLMUL	6.94237
create-total[ms]	48	8192	32	1024	CLMUL	58.23681
recover[ms]	48	8192	64	0	GENERIC	13.05267
recover[ms]	48	8192	64	0	CLMUL	3.12891
create[ns]	48	8192	64	1024	GENERIC	5.01144
create-total[ms]	48	8192	64	1024	GENERIC	42.03903
create[ns]	48	8192	64	1024	CLMUL	6.94230
create-total[ms]	48	8192	64	1024	CLMUL	58.23625
recover[ms]	48	8192	128	0	GENERIC	26.06700
recover[ms]	48	8192	128	0	CLMUL	7.69278
create[ns]	48	8192	128	1024	GENERIC	5.01119
create-total[ms]	48	8192	128	1024	GENERIC	42.03693
create[ns]	48	8192	128	1024	CLMUL	6.94237
create-total[ms]	48	8192	128	1024	CLMUL	58.23683
recover[ms]	48	8192	256	0	GENERIC	86.50296
recover[ms]	48	8192	256	0	CLMUL	21.11181
create[ns]	48	8192	256	1024	GENERIC	5.01131
create-total[ms]	48	8192	256	1024	GENERIC	42.03789
create[ns]	48	8192	256	1024	CLMUL	6.94232
create-total[ms]	48	8192	256	1024	CLMUL	58.23636
recover[ms]	48	8192	384	0	GENERIC	158.44038
recover[ms]	48	8192	384	0	CLMUL	39.95007
create[ns]	48	8192	384	1024	GENERIC	5.01159
create-total[ms]	48	8192	384	1024	GENERIC	42.04029
create[ns]	48	8192	384	1024	CLMUL	6.94235
create-total[ms]	48	8192	384	1024	CLMUL	58.23663
recover[ms]	48	8192	512	0	GENERIC	230.69799
recover[ms]	48	8192	512	0	CLMUL	64.37548
create[ns]	48	8192	512	1024	GENERIC	5.01148
create-total[ms]	48	8192	512	1024	GENERIC	42.03935
create[ns]	48	8192	512	1024	CLMUL	6.94234
create-total[ms]	48	8192	512	1024	CLMUL	58.23653
recover[ms]	48	8192	768	0	GENERIC	402.02258
recover[ms]	48	8192	768	0	CLMUL	128.98187
create[ns]	48	8192	768	1024	GENERIC	5.01129
create-total[ms]	48	8192	768	1024	GENERIC	42.03771
create[ns]	48	8192	768	1024	CLMUL	6.94259
create-total[ms]	48	8192	768	1024	CLMUL	58.23868
recover[ms]	48	8192	1024	0	GENERIC	610.11634
recover[ms]	48	8192	1024	0	CLMUL	215.34540
create[ns]	48	8192	1024	1024	GENERIC	5.01140
create-total[ms]	48	8192	1024	1024	GENERIC	42.03868
create[ns]	48	8192	1024	1024	CLMUL	6.94231
create-total[ms]	48	8192	1024	1024	CLMUL	58.23633
recover[ms]	48	8192	1536	0	GENERIC	1133.74630
recover[ms]	48	8192	1536	0	CLMUL	449.19213
create[ns]	48	8192	1536	1024	GENERIC	5.01160
create-total[ms]	48	8192	1536	1024	GENERIC	42.04032
create[ns]	48	8192	1536	1024	CLMUL	6.94243
create-total[ms]	48	8192	1536	1024	CLMUL	58.23732
recover[ms]	48	8192	2048	0	GENERIC	1801.75381
recover[ms]	48	8192	2048	0	CLMUL	769.24349
create[ns]	48	8192	2048	1024	GENERIC	5.01150
create-total[ms]	48	8192	2048	1024	GENERIC	42.03955
create[ns]	48	8192	2048	1024	CLMUL	6.94230
create-total[ms]	48	8192	2048	1024	CLMUL	58.23621
recover[ms]	58	128	8	0	GENERIC	0.13914
recover[ms]	58	128	8	0	CLMUL	0.03569
recover[ms]	58	128	8	0	CLMUL_TRI	0.03555
create[ns]	58	128	8	1024	GENERIC	6.34139
create-total[ms]	58	128	8	1024	GENERIC	0.83118
create[ns]	58	128	8	1024	CLMUL	8.06165
create-total[ms]	58	128	8	1024	CLMUL	1.05666
create[ns]	58	128	8	1024	CLMUL_TRI	7.03193
create-total[ms]	58	128	8	1024	CLMUL_TRI	0.92169
recover[ms]	58	128	16	0	GENERIC	0.38181
recover[ms]	58	128	16	0	CLMUL	0.12330
recover[ms]	58	128	16	0	CLMUL_TRI	0.12124
create[ns]	58	128	16	1024	GENERIC	6.34174
create-total[ms]	58	128	16	1024	GENERIC	0.83122
create[ns]	58	128	16	1024	CLMUL	8.06141
create-total[ms]	58	128	16	1024	CLMUL	1.05663
create[ns]	58	128	16	1024	CLMUL_TRI	7.03190
create-total[ms]	58	128	16	1024	CLMUL_TRI	0.92168
recover[ms]	58	128	32	0	GENERIC	1.17338
recover[ms]	58	128	32	0	CLMUL	0.44691
recover[ms]	58	128	32	0	CLMUL_TRI	0.44777
create[ns]	58	128	32	1024	GENERIC	6.34203
create-total[ms]	58	128	32	1024	GENERIC	0.83126
create[ns]	58	128	32	1024	CLMUL	8.06152
create-total[ms]	58	128	32	1024	CLMUL	1.05664
create[ns]	58	128	32	1024	CLMUL_TRI	7.03190
create-total[ms]	58	128	32	1024	CLMUL_TRI	0.92168
recover[ms]	58	128	64	0	GENERIC	3.62562
recover[ms]	58	128	64	0	CLMUL	1.59387
recover[ms]	58	128	64	0	CLMUL_TRI	1.60654
create[ns]	58	128	64	1024	GENERIC	6.33178
create-total[ms]	58	128	64	1024	GENERIC	0.82992
create[ns]	58	128	64	1024	CLMUL	8.06204
create-total[ms]	58	128	64	1024	CLMUL	1.05671
create[ns]	58	128	64	1024	CLMUL_TRI	7.03143
create-total[ms]	58	128	64	1024	CLMUL_TRI	0.92162
recover[ms]	58	128	128	0	GENERIC	11.64901
recover[ms]	58	128	128	0	CLMUL	5.92859
recover[ms]	58	128	128	0	CLMUL_TRI	5.94645
create[ns]	58	128	128	1024	GENERIC	6.34051
create-total[ms]	58	128	128	1024	GENERIC	0.83106
create[ns]	58	128	128	1024	CLMUL	8.06237
create-total[ms]	58	128	128	1024	CLMUL	1.05675
create[ns]	58	128	128	1024	CLMUL_TRI	7.03213
create-total[ms]	58	128	128	1024	CLMUL_TRI	0.92172
recover[ms]	58	256	8	0	GENERIC	0.17569
recover[ms]	58	256	8	0	CLMUL	0.04342
recover[ms]	58	256	8	0	CLMUL_TRI	0.04056
create[ns]	58	256	8	1024	GENERIC	6.03119
create-total[ms]	58	256	8	1024	GENERIC	1.58104
create[ns]	58	256	8	1024	CLMUL	8.06999
create-total[ms]	58	256	8	1024	CLMUL	2.11550
create[ns]	58	256	8	1024	CLMUL_TRI	7.03512
create-total[ms]	58	256	8	1024	CLMUL_TRI	1.84421
recover[ms]	58	256	16	0	GENERIC	0.44223
recover[ms]	58	256	16	0	CLMUL	0.14027
recover[ms]	58	256	16	0	CLMUL_TRI	0.13460
create[ns]	58	256	16	1024	GENERIC	6.02665
create-total[ms]	58	256	16	1024	GENERIC	1.57985
create[ns]	58	256	16	1024	CLMUL	8.06963
create-total[ms]	58	256	16	1024	CLMUL	2.11540
create[ns]	58	256	16	1024	CLMUL_TRI	7.03511
create-total[ms]	58	256	16	1024	CLMUL_TRI	1.84421
recover[ms]	58	256	32	0	GENERIC	1.25691
recover[ms]	58	256	32	0	CLMUL	0.46186
recover[ms]	58	256	32	0	CLMUL_TRI	0.46992
create[ns]	58	256	32	1024	GENERIC	6.02659
create-total[ms]	58	256	32	1024	GENERIC	1.57983
create[ns]	58	256	32	1024	CLMUL	8.07007
create-total[ms]	58	256	32	1024	CLMUL	2.11552
create[ns]	58	256	32	1024	CLMUL_TRI	7.03432
create-total[ms]	58	256	32	1024	CLMUL_TRI	1.84400
recover[ms]	58	256	64	0	GENERIC	3.83862
recover[ms]	58	256	64	0	CLMUL	1.64670
recover[ms]	58	256	64	0	CLMUL_TRI	1.66084
create[ns]	58	256	64	1024	GENERIC	6.02743
create-total[ms]	58	256	64	1024	GENERIC	1.58005
create[ns]	58	256	64	1024	CLMUL	8.06958
create-total[ms]	58	256	64	1024	CLMUL	2.11539
create[ns]	58	256	64	1024	CLMUL_TRI	7.03497
create-total[ms]	58	256	64	1024	CLMUL_TRI	1.84417
recover[ms]	58	256	128	0	GENERIC	11.95887
recover[ms]	58	256	128	0	CLMUL	6.04815
recover[ms]	58	256	128	0	CLMUL_TRI	6.04990
create[ns]	58	256	128	1024	GENERIC	6.03182
create-total[ms]	58	256	128	1024	GENERIC	1.58121
create[ns]	58	256	128	1024	CLMUL	8.06999
create-total[ms]	58	256	128	1024	CLMUL	2.11550
create[ns]	58	256	128	1024	CLMUL_TRI	7.03461
create-total[ms]	58	256	128	1024	CLMUL_TRI	1.84408
recover[ms]	58	256	256	0	GENERIC	40.63321
recover[ms]	58	256	256	0	CLMUL	22.70441
recover[ms]	58	256	256	0	CLMUL_TRI	22.69386
create[ns]	58	256	256	1024	GENERIC	6.03104
create-total[ms]	58	256	256	1024	GENERIC	1.58100
create[ns]	58	256	256	1024	CLMUL	8.06981
create-total[ms]	58	256	256	1024	CLMUL	2.11545
create[ns]	58	256	256	1024	CLMUL_TRI	7.03467
create-total[ms]	58	256	256	1024	CLMUL_TRI	1.84410
recover[ms]	58	512	8	0	GENERIC	0.23656
recover[ms]	58	512	8	0	CLMUL	0.05737
recover[ms]	58	512	8	0	CLMUL_TRI	0.05788
create[ns]	58	512	8	1024	GENERIC	5.88564
create-total[ms]	58	512	8	1024	GENERIC	3.08577
create[ns]	58	512	8	1024	CLMUL	8.07710
create-total[ms]	58	512	8	1024	CLMUL	4.23473
create[ns]	58	512	8	1024	CLMUL_TRI	7.03964
create-total[ms]	58	512	8	1024	CLMUL_TRI	3.69080
recover[ms]	58	512	16	0	GENERIC	0.52899
recover[ms]	58	512	16	0	CLMUL	0.16980
recover[ms]	58	512	16	0	CLMUL_TRI	0.16854
create[ns]	58	512	16	1024	GENERIC	5.88424
create-total[ms]	58	512	16	1024	GENERIC	3.08504
create[ns]	58	512	16	1024	CLMUL	8.07726
create-total[ms]	58	512	16	1024	CLMUL	4.23481
create[ns]	58	512	16	1024	CLMUL_TRI	7.03667
create-total[ms]	58	512	16	1024	CLMUL_TRI	3.68924
recover[ms]	58	512	32	0	GENERIC	1.43295
recover[ms]	58	512	32	0	CLMUL	0.52748
recover[ms]	58	512	32	0	CLMUL_TRI	0.52127
create[ns]	58	512	32	1024	GENERIC	5.88528
create-total[ms]	58	512	32	1024	GENERIC	3.08558
create[ns]	58	512	32	1024	CLMUL	8.07757
create-total[ms]	58	512	32	1024	CLMUL	4.23497
create[ns]	58	512	32	1024	CLMUL_TRI	7.03614
create-total[ms]	58	512	32	1024	CLMUL_TRI	3.68896
recover[ms]	58	512	64	0	GENERIC	4.18727
recover[ms]	58	512	64	0	CLMUL	1.76325
recover[ms]	58	512	64	0	CLMUL_TRI	1.76975
create[ns]	58	512	64	1024	GENERIC	5.88536
create-total[ms]	58	512	64	1024	GENERIC	3.08562
create[ns]	58	512	64	1024	CLMUL	8.07728
create-total[ms]	58	512	64	1024	CLMUL	4.23482
create[ns]	58	512	64	1024	CLMUL_TRI	7.03637
create-total[ms]	58	512	64	1024	CLMUL_TRI	3.68908
recover[ms]	58	512	128	0	GENERIC	12.66865
recover[ms]	58	512	128	0	CLMUL	6.25699
recover[ms]	58	512	128	0	CLMUL_TRI	6.24492
create[ns]	58	512	128	1024	GENERIC	5.88560
create-total[ms]	58	512	128	1024	GENERIC	3.08575
create[ns]	58	512	128	1024	CLMUL	8.07736
create-total[ms]	58	512	128	1024	CLMUL	4.23486
create[ns]	58	512	128	1024	CLMUL_TRI	7.03950
create-total[ms]	58	512	128	1024	CLMUL_TRI	3.69072
recover[ms]	58	512	256	0	GENERIC	43.08266
recover[ms]	58	512	256	0	CLMUL	23.07815
recover[ms]	58	512	256	0	CLMUL_TRI	23.09352
create[ns]	58	512	256	1024	GENERIC	5.88596
create-total[ms]	58	512	256	1024	GENERIC	3.08594
create[ns]	58	512	256	1024	CLMUL	8.07738
create-total[ms]	58	512	256	1024	CLMUL	4.23487
create[ns]	58	512	256	1024	CLMUL_TRI	7.03958
create-total[ms]	58	512	256	1024	CLMUL_TRI	3.69076
recover[ms]	58	512	384	0	GENERIC	87.76065
recover[ms]	58	512	384	0	CLMUL	50.28412
recover[ms]	58	512	384	0	CLMUL_TRI	50.19737
create[ns]	58	512	384	1024	GENERIC	5.88533
create-total[ms]	58	512	384	1024	GENERIC	3.08561
create[ns]	58	512	384	1024	CLMUL	8.07772
create-total[ms]	58	512	384	1024	CLMUL	4.23505
create[ns]	58	512	384	1024	CLMUL_TRI	7.03647
create-total[ms]	58	512	384	1024	CLMUL_TRI	3.68914
recover[ms]	58	512	512	0	GENERIC	146.64877
recover[ms]	58	512	512	0	CLMUL	87.55876
recover[ms]	58	512	512	0	CLMUL_TRI	87.54313
create[ns]	58	512	512	1024	GENERIC	5.88512
create-total[ms]	58	512	512	1024	GENERIC	3.08550
create[ns]	58	512	512	1024	CLMUL	8.07690
create-total[ms]	58	512	512	1024	CLMUL	4.23462
create[ns]	58	512	512	1024	CLMUL_TRI	7.03672
create-total[ms]	58	512	512	1024	CLMUL_TRI	3.68927
recover[ms]	58	1024	8	0	GENERIC	0.36361
recover[ms]	58	1024	8	0	CLMUL	0.08299
recover[ms]	58	1024	8	0	CLMUL_TRI	0.08724
create[ns]	58	1024	8	1024	GENERIC	5.80631
create-total[ms]	58	1024	8	1024	GENERIC	6.08835
create[ns]	58	1024	8	1024	CLMUL	8.07932
create-total[ms]	58	1024	8	1024	CLMUL	8.47178
create[ns]	58	1024	8	1024	CLMUL_TRI	7.03893
create-total[ms]	58	1024	8	1024	CLMUL_TRI	7.38085
recover[ms]	58	1024	16	0	GENERIC	0.69040
recover[ms]	58	1024	16	0	CLMUL	0.21865
recover[ms]	58	1024	16	0	CLMUL_TRI	0.22437
create[ns]	58	1024	16	1024	GENERIC	5.80646
create-total[ms]	58	1024	16	1024	GENERIC	6.08852
create[ns]	58	1024	16	1024	CLMUL	8.07972
create-total[ms]	58	1024	16	1024	CLMUL	8.47220
create[ns]	58	1024	16	1024	CLMUL_TRI	7.03859
create-total[ms]	58	1024	16	1024	CLMUL_TRI	7.38049
recover[ms]	58	1024	32	0	GENERIC	1.83844
recover[ms]	58	1024	32	0	CLMUL	0.62278
recover[ms]	58	1024	32	0	CLMUL_TRI	0.64021
create[ns]	58	1024	32	1024	GENERIC	5.80649
create-total[ms]	58	1024	32	1024	GENERIC	6.08855
create[ns]	58	1024	32	1024	CLMUL	8.07973
create-total[ms]	58	1024	32	1024	CLMUL	8.47221
create[ns]	58	1024	32	1024	CLMUL_TRI	7.03870
create-total[ms]	58	1024	32	1024	CLMUL_TRI	7.38061
recover[ms]	58	1024	64	0	GENERIC	4.94510
recover[ms]	58	1024	64	0	CLMUL	1.94547
recover[ms]	58	1024	64	0	CLMUL_TRI	1.98086
create[ns]	58	1024	64	1024	GENERIC	5.80638
create-total[ms]	58	1024	64	1024	GENERIC	6.08843
create[ns]	58	1024	64	1024	CLMUL	8.07963
create-total[ms]	58	1024	64	1024	CLMUL	8.47210
create[ns]	58	1024	64	1024	CLMUL_TRI	7.03901
create-total[ms]	58	1024	64	1024	CLMUL_TRI	7.38094
recover[ms]	58	1024	128	0	GENERIC	14.02258
recover[ms]	58	1024	128	0	CLMUL	6.65757
recover[ms]	58	1024	128	0	CLMUL_TRI	6.66904
create[ns]	58	1024	128	1024	GENERIC	5.80617
create-total[ms]	58	1024	128	1024	GENERIC	6.08821
create[ns]	58	1024	128	1024	CLMUL	8.07976
create-total[ms]	58	1024	128	1024	CLMUL	8.47224
create[ns]	58	1024	128	1024	CLMUL_TRI	7.03889
create-total[ms]	58	1024	128	1024	CLMUL_TRI	7.38081
recover[ms]	58	1024	256	0	GENERIC	49.15111
recover[ms]	58	1024	256	0	CLMUL	23.91611
recover[ms]	58	1024	256	0	CLMUL_TRI	23.99833
create[ns]	58	1024	256	1024	GENERIC	5.80988
create-total[ms]	58	1024	256	1024	GENERIC	6.09210
create[ns]	58	1024	256	1024	CLMUL	8.07955
create-total[ms]	58	1024	256	1024	CLMUL	8.47203
create[ns]	58	1024	256	1024	CLMUL_TRI	7.03862
create-total[ms]	58	1024	256	1024	CLMUL_TRI	7.38052
recover[ms]	58	1024	384	0	GENERIC	96.48515
recover[ms]	58	1024	384	0	CLMUL	51.45363
recover[ms]	58	1024	384	0	CLMUL_TRI	51.50089
create[ns]	58	1024	384	1024	GENERIC	5.80990
create-total[ms]	58	1024	384	1024	GENERIC	6.09212
create[ns]	58	1024	384	1024	CLMUL	8.07954
create-total[ms]	58	1024	384	1024	CLMUL	8.47201
create[ns]	58	1024	384	1024	CLMUL_TRI	7.03858
create-total[ms]	58	1024	384	1024	CLMUL_TRI	7.38049
recover[ms]	58	1024	512	0	GENERIC	158.65091
recover[ms]	58	1024	512	0	CLMUL	89.22505
recover[ms]	58	1024	512	0	CLMUL_TRI	89.13430
create[ns]	58	1024	512	1024	GENERIC	5.80965
create-total[ms]	58	1024	512	1024	GENERIC	6.09186
create[ns]	58	1024	512	1024	CLMUL	8.07931
create-total[ms]	58	1024	512	1024	CLMUL	8.47177
create[ns]	58	1024	512	1024	CLMUL_TRI	7.03875
create-total[ms]	58	1024	512	1024	CLMUL_TRI	7.38066
recover[ms]	58	1024	768	0	GENERIC	324.20549
recover[ms]	58	1024	768	0	CLMUL	194.39461
recover[ms]	58	1024	768	0	CLMUL_TRI	194.18795
create[ns]	58	1024	768	1024	GENERIC	5.80913
create-total[ms]	58	1024	768	1024	GENERIC	6.09132
create[ns]	58	1024	768	1024	CLMUL	8.07958
create-total[ms]	58	1024	768	1024	CLMUL	8.47206
create[ns]	58	1024	768	1024	CLMUL_TRI	7.03868
create-total[ms]	58	1024	768	1024	CLMUL_TRI	7.38059
recover[ms]	58	1024	1024	0	GENERIC	546.49732
recover[ms]	58	1024	1024	0	CLMUL	340.02628
recover[ms]	58	1024	1024	0	CLMUL_TRI	339.35094
create[ns]	58	1024	1024	1024	GENERIC	5.80958
create-total[ms]	58	1024	1024	1024	GENERIC	6.09179
create[ns]	58	1024	1024	1024	CLMUL	8.07923
create-total[ms]	58	1024	1024	1024	CLMUL	8.47168
create[ns]	58	1024	1024	1024	CLMUL_TRI	7.03885
create-total[ms]	58	1024	1024	1024	CLMUL_TRI	7.38076
recover[ms]	58	2048	8	0	GENERIC	0.65763
recover[ms]	58	2048	8	0	CLMUL	0.14237
recover[ms]	58	2048	8	0	CLMUL_TRI	0.14310
create[ns]	58	2048	8	1024	GENERIC	5.77244
create-total[ms]	58	2048	8	1024	GENERIC	12.10568
create[ns]	58	2048	8	1024	CLMUL	8.08133
create-total[ms]	58	2048	8	1024	CLMUL	16.94777
create[ns]	58	2048	8	1024	CLMUL_TRI	7.04012
create-total[ms]	58	2048	8	1024	CLMUL_TRI	14.76419
recover[ms]	58	2048	16	0	GENERIC	1.05215
recover[ms]	58	2048	16	0	CLMUL	0.32641
recover[ms]	58	2048	16	0	CLMUL_TRI	0.33306
create[ns]	58	2048	16	1024	GENERIC	5.77045
create-total[ms]	58	2048	16	1024	GENERIC	12.10152
create[ns]	58	2048	16	1024	CLMUL	8.08130
create-total[ms]	58	2048	16	1024	CLMUL	16.94772
create[ns]	58	2048	16	1024	CLMUL_TRI	7.04017
create-total[ms]	58	2048	16	1024	CLMUL_TRI	14.76430
recover[ms]	58	2048	32	0	GENERIC	2.55706
recover[ms]	58	2048	32	0	CLMUL	0.82787
recover[ms]	58	2048	32	0	CLMUL_TRI	0.85847
create[ns]	58	2048	32	1024	GENERIC	5.77029
create-total[ms]	58	2048	32	1024	GENERIC	12.10117
create[ns]	58	2048	32	1024	CLMUL	8.08135
create-total[ms]	58	2048	32	1024	CLMUL	16.94783
create[ns]	58	2048	32	1024	CLMUL_TRI	7.04002
create-total[ms]	58	2048	32	1024	CLMUL_TRI	14.76398
recover[ms]	58	2048	64	0	GENERIC	6.50854
recover[ms]	58	2048	64	0	CLMUL	2.36683
recover[ms]	58	2048	64	0	CLMUL_TRI	2.42354
create[ns]	58	2048	64	1024	GENERIC	5.77020
create-total[ms]	58	2048	64	1024	GENERIC	12.10100
create[ns]	58	2048	64	1024	CLMUL	8.08133
create-total[ms]	58	2048	64	1024	CLMUL	16.94778
create[ns]	58	2048	64	1024	CLMUL_TRI	7.04067
create-total[ms]	58	2048	64	1024	CLMUL_TRI	14.76535
recover[ms]	58	2048	128	0	GENERIC	16.66933
recover[ms]	58	2048	128	0	CLMUL	7.49946
recover[ms]	58	2048	128	0	CLMUL_TRI	7.53180
create[ns]	58	2048	128	1024	GENERIC	5.77194
create-total[ms]	58	2048	128	1024	GENERIC	12.10464
create[ns]	58	2048	128	1024	CLMUL	8.08139
create-total[ms]	58	2048	128	1024	CLMUL	16.94790
create[ns]	58	2048	128	1024	CLMUL_TRI	7.03997
create-total[ms]	58	2048	128	1024	CLMUL_TRI	14.76389
recover[ms]	58	2048	256	0	GENERIC	60.38788
recover[ms]	58	2048	256	0	CLMUL	25.52312
recover[ms]	58	2048	256	0	CLMUL_TRI	25.68769
create[ns]	58	2048	256	1024	GENERIC	5.77153
create-total[ms]	58	2048	256	1024	GENERIC	12.10378
create[ns]	58	2048	256	1024	CLMUL	8.08128
create-total[ms]	58	2048	256	1024	CLMUL	16.94767
create[ns]	58	2048	256	1024	CLMUL_TRI	7.04017
create-total[ms]	58	2048	256	1024	CLMUL_TRI	14.76431
recover[ms]	58	2048	384	0	GENERIC	113.56536
recover[ms]	58	2048	384	0	CLMUL	53.76991
recover[ms]	58	2048	384	0	CLMUL_TRI	53.91696
create[ns]	58	2048	384	1024	GENERIC	5.77172
create-total[ms]	58	2048	384	1024	GENERIC	12.10418
create[ns]	58	2048	384	1024	CLMUL	8.08121
create-total[ms]	58	2048	384	1024	CLMUL	16.94752
create[ns]	58	2048	384	1024	CLMUL_TRI	7.04008
create-total[ms]	58	2048	384	1024	CLMUL_TRI	14.76413
recover[ms]	58	2048	512	0	GENERIC	181.16591
recover[ms]	58	2048	512	0	CLMUL	92.46451
recover[ms]	58	2048	512	0	CLMUL_TRI	92.56929
create[ns]	58	2048	512	1024	GENERIC	5.77227
create-total[ms]	58	2048	512	1024	GENERIC	12.10532
create[ns]	58	2048	512	1024	CLMUL	8.08127
create-total[ms]	58	2048	512	1024	CLMUL	16.94766
create[ns]	58	2048	512	1024	CLMUL_TRI	7.03995
create-total[ms]	58	2048	512	1024	CLMUL_TRI	14.76384
recover[ms]	58	2048	768	0	GENERIC	357.51483
recover[ms]	58	2048	768	0	CLMUL	199.37640
recover[ms]	58	2048	768	0	CLMUL_TRI	199.28422
create[ns]	58	2048	768	1024	GENERIC	5.77155
create-total[ms]	58	2048	768	1024	GENERIC	12.10382
create[ns]	58	2048	768	1024	CLMUL	8.08124
create-total[ms]	58	2048	768	1024	CLMUL	16.94759
create[ns]	58	2048	768	1024	CLMUL_TRI	7.04008
create-total[ms]	58	2048	768	1024	CLMUL_TRI	14.76411
recover[ms]	58	2048	1024	0	GENERIC	591.35335
recover[ms]	58	2048	1024	0	CLMUL	346.56146
recover[ms]	58	2048	1024	0	CLMUL_TRI	346.35133
create[ns]	58	2048	1024	1024	GENERIC	5.77236
create-total[ms]	58	2048	1024	1024	GENERIC	12.10551
create[ns]	58	2048	1024	1024	CLMUL	8.08148
create-total[ms]	58	2048	1024	1024	CLMUL	16.94808
create[ns]	58	2048	1024	1024	CLMUL_TRI	7.03999
create-total[ms]	58	2048	1024	1024	CLMUL_TRI	14.76393
recover[ms]	58	2048	1536	0	GENERIC	1221.98139
recover[ms]	58	2048	1536	0	CLMUL	757.60507
recover[ms]	58	2048	1536	0	CLMUL_TRI	755.99413
create[ns]	58	2048	1536	1024	GENERIC	5.77172
create-total[ms]	58	2048	1536	1024	GENERIC	12.10418
create[ns]	58	2048	1536	1024	CLMUL	8.08154
create-total[ms]	58	2048	1536	1024	CLMUL	16.94821
create[ns]	58	2048	1536	1024	CLMUL_TRI	7.04039
create-total[ms]	58	2048	1536	1024	CLMUL_TRI	14.76478
recover[ms]	58	2048	2048	0	GENERIC	2071.24603
recover[ms]	58	2048	2048	0	CLMUL	1325.74134
recover[ms]	58	2048	2048	0	CLMUL_TRI	1323.41061
create[ns]	58	2048	2048	1024	GENERIC	5.77253
create-total[ms]	58	2048	2048	1024	GENERIC	12.10586
create[ns]	58	2048	2048	1024	CLMUL	8.08132
create-total[ms]	58	2048	2048	1024	CLMUL	16.94776
create[ns]	58	2048	2048	1024	CLMUL_TRI	7.04006
create-total[ms]	58	2048	2048	1024	CLMUL_TRI	14.76407
recover[ms]	58	3072	8	0	GENERIC	1.57122
recover[ms]	58	3072	8	0	CLMUL	0.19676
recover[ms]	58	3072	8	0	CLMUL_TRI	0.20439
create[ns]	58	3072	8	1024	GENERIC	5.76477
create-total[ms]	58	3072	8	1024	GENERIC	18.13440
create[ns]	58	3072	8	1024	CLMUL	8.08179
create-total[ms]	58	3072	8	1024	CLMUL	25.42311
create[ns]	58	3072	8	1024	CLMUL_TRI	7.04040
create-total[ms]	58	3072	8	1024	CLMUL_TRI	22.14718
recover[ms]	58	3072	16	0	GENERIC	1.94112
recover[ms]	58	3072	16	0	CLMUL	0.43688
recover[ms]	58	3072	16	0	CLMUL_TRI	0.44482
create[ns]	58	3072	16	1024	GENERIC	5.76455
create-total[ms]	58	3072	16	1024	GENERIC	18.13372
create[ns]	58	3072	16	1024	CLMUL	8.08194
create-total[ms]	58	3072	16	1024	CLMUL	25.42358
create[ns]	58	3072	16	1024	CLMUL_TRI	7.04047
create-total[ms]	58	3072	16	1024	CLMUL_TRI	22.14741
recover[ms]	58	3072	32	0	GENERIC	3.77155
recover[ms]	58	3072	32	0	CLMUL	1.04037
recover[ms]	58	3072	32	0	CLMUL_TRI	1.07376
create[ns]	58	3072	32	1024	GENERIC	5.76521
create-total[ms]	58	3072	32	1024	GENERIC	18.13578
create[ns]	58	3072	32	1024	CLMUL	8.08199
create-total[ms]	58	3072	32	1024	CLMUL	25.42375
create[ns]	58	3072	32	1024	CLMUL_TRI	7.04032
create-total[ms]	58	3072	32	1024	CLMUL_TRI	22.14692
recover[ms]	58	3072	64	0	GENERIC	8.51873
recover[ms]	58	3072	64	0	CLMUL	2.81145
recover[ms]	58	3072	64	0	CLMUL_TRI	2.84694
create[ns]	58	3072	64	1024	GENERIC	5.76457
create-total[ms]	58	3072	64	1024	GENERIC	18.13378
create[ns]	58	3072	64	1024	CLMUL	8.08169
create-total[ms]	58	3072	64	1024	CLMUL	25.42280
create[ns]	58	3072	64	1024	CLMUL_TRI	7.04054
create-total[ms]	58	3072	64	1024	CLMUL_TRI	22.14761
recover[ms]	58	3072	128	0	GENERIC	19.78616
recover[ms]	58	3072	128	0	CLMUL	8.29461
recover[ms]	58	3072	128	0	CLMUL_TRI	8.38357
create[ns]	58	3072	128	1024	GENERIC	5.76494
create-total[ms]	58	3072	128	1024	GENERIC	18.13493
create[ns]	58	3072	128	1024	CLMUL	8.08192
create-total[ms]	58	3072	128	1024	CLMUL	25.42354
create[ns]	58	3072	128	1024	CLMUL_TRI	7.04059
create-total[ms]	58	3072	128	1024	CLMUL_TRI	22.14779
recover[ms]	58	3072	256	0	GENERIC	70.19280
recover[ms]	58	3072	256	0	CLMUL	27.18102
recover[ms]	58	3072	256	0	CLMUL_TRI	27.40647
create[ns]	58	3072	256	1024	GENERIC	5.76522
create-total[ms]	58	3072	256	1024	GENERIC	18.13582
create[ns]	58	3072	256	1024	CLMUL	8.08137
create-total[ms]	58	3072	256	1024	CLMUL	25.42179
create[ns]	58	3072	256	1024	CLMUL_TRI	7.04063
create-total[ms]	58	3072	256	1024	CLMUL_TRI	22.14790
recover[ms]	58	3072	384	0	GENERIC	128.76017
recover[ms]	58	3072	384	0	CLMUL	56.27549
recover[ms]	58	3072	384	0	CLMUL_TRI	56.48540
create[ns]	58	3072	384	1024	GENERIC	5.76434
create-total[ms]	58	3072	384	1024	GENERIC	18.13305
create[ns]	58	3072	384	1024	CLMUL	8.08164
create-total[ms]	58	3072	384	1024	CLMUL	25.42263
create[ns]	58	3072	384	1024	CLMUL_TRI	7.04051
create-total[ms]	58	3072	384	1024	CLMUL_TRI	22.14754
recover[ms]	58	3072	512	0	GENERIC	201.21455
recover[ms]	58	3072	512	0	CLMUL	95.68117
recover[ms]	58	3072	512	0	CLMUL_TRI	95.91978
create[ns]	58	3072	512	1024	GENERIC	5.76456
create-total[ms]	58	3072	512	1024	GENERIC	18.13372
create[ns]	58	3072	512	1024	CLMUL	8.08200
create-total[ms]	58	3072	512	1024	CLMUL	25.42378
create[ns]	58	3072	512	1024	CLMUL_TRI	7.04059
create-total[ms]	58	3072	512	1024	CLMUL_TRI	22.14777
recover[ms]	58	3072	768	0	GENERIC	387.57223
recover[ms]	58	3072	768	0	CLMUL	204.23405
recover[ms]	58	3072	768	0	CLMUL_TRI	204.64390
create[ns]	58	3072	768	1024	GENERIC	5.76422
create-total[ms]	58	3072	768	1024	GENERIC	18.13267
create[ns]	58	3072	768	1024	CLMUL	8.08214
create-total[ms]	58	3072	768	1024	CLMUL	25.42423
create[ns]	58	3072	768	1024	CLMUL_TRI	7.04066
create-total[ms]	58	3072	768	1024	CLMUL_TRI	22.14800
recover[ms]	58	3072	1024	0	GENERIC	631.58081
recover[ms]	58	3072	1024	0	CLMUL	353.28735
recover[ms]	58	3072	1024	0	CLMUL_TRI	353.09064
create[ns]	58	3072	1024	1024	GENERIC	5.76501
create-total[ms]	58	3072	1024	1024	GENERIC	18.13515
create[ns]	58	3072	1024	1024	CLMUL	8.08178
create-total[ms]	58	3072	1024	1024	CLMUL	25.42310
create[ns]	58	3072	1024	1024	CLMUL_TRI	7.04051
create-total[ms]	58	3072	1024	1024	CLMUL_TRI	22.14752
recover[ms]	58	3072	1536	0	GENERIC	1282.23226
recover[ms]	58	3072	1536	0	CLMUL	767.13008
recover[ms]	58	3072	1536	0	CLMUL_TRI	765.87511
create[ns]	58	3072	1536	1024	GENERIC	5.76466
create-total[ms]	58	3072	1536	1024	GENERIC	18.13406
create[ns]	58	3072	1536	1024	CLMUL	8.08173
create-total[ms]	58	3072	1536	1024	CLMUL	25.42293
create[ns]	58	3072	1536	1024	CLMUL_TRI	7.04070
create-total[ms]	58	3072	1536	1024	CLMUL_TRI	22.14814
recover[ms]	58	3072	2048	0	GENERIC	2166.49094
recover[ms]	58	3072	2048	0	CLMUL	1338.45136
recover[ms]	58	3072	2048	0	CLMUL_TRI	1337.78752
create[ns]	58	3072	2048	1024	GENERIC	5.76532
create-total[ms]	58	3072	2048	1024	GENERIC	18.13613
create[ns]	58	3072	2048	1024	CLMUL	8.08168
create-total[ms]	58	3072	2048	1024	CLMUL	25.42277
create[ns]	58	3072	2048	1024	CLMUL_TRI	7.04048
create-total[ms]	58	3072	2048	1024	CLMUL_TRI	22.14745
recover[ms]	58	4096	8	0	GENERIC	1.48162
recover[ms]	58	4096	8	0	CLMUL	0.25742
recover[ms]	58	4096	8	0	CLMUL_TRI	0.26311
create[ns]	58	4096	8	1024	GENERIC	5.76015
create-total[ms]	58	4096	8	1024	GENERIC	24.15982
create[ns]	58	4096	8	1024	CLMUL	8.08639
create-total[ms]	58	4096	8	1024	CLMUL	33.91679
create[ns]	58	4096	8	1024	CLMUL_TRI	7.04297
create-total[ms]	58	4096	8	1024	CLMUL_TRI	29.54035
recover[ms]	58	4096	16	0	GENERIC	2.50665
recover[ms]	58	4096	16	0	CLMUL	0.53858
recover[ms]	58	4096	16	0	CLMUL_TRI	0.55766
create[ns]	58	4096	16	1024	GENERIC	5.76041
create-total[ms]	58	4096	16	1024	GENERIC	24.16091
create[ns]	58	4096	16	1024	CLMUL	8.08656
create-total[ms]	58	4096	16	1024	CLMUL	33.91747
create[ns]	58	4096	16	1024	CLMUL_TRI	7.04309
create-total[ms]	58	4096	16	1024	CLMUL_TRI	29.54084
recover[ms]	58	4096	32	0	GENERIC	4.66989
recover[ms]	58	4096	32	0	CLMUL	1.25508
recover[ms]	58	4096	32	0	CLMUL_TRI	1.28299
create[ns]	58	4096	32	1024	GENERIC	5.75945
create-total[ms]	58	4096	32	1024	GENERIC	24.15688
create[ns]	58	4096	32	1024	CLMUL	8.08681
create-total[ms]	58	4096	32	1024	CLMUL	33.91854
create[ns]	58	4096	32	1024	CLMUL_TRI	7.04287
create-total[ms]	58	4096	32	1024	CLMUL_TRI	29.53994
recover[ms]	58	4096	64	0	GENERIC	10.10742
recover[ms]	58	4096	64	0	CLMUL	3.22272
recover[ms]	58	4096	64	0	CLMUL_TRI	3.29619
create[ns]	58	4096	64	1024	GENERIC	5.75996
create-total[ms]	58	4096	64	1024	GENERIC	24.15901
create[ns]	58	4096	64	1024	CLMUL	8.08683
create-total[ms]	58	4096	64	1024	CLMUL	33.91862
create[ns]	58	4096	64	1024	CLMUL_TRI	7.04296
create-total[ms]	58	4096	64	1024	CLMUL_TRI	29.54030
recover[ms]	58	4096	128	0	GENERIC	22.22523
recover[ms]	58	4096	128	0	CLMUL	9.12590
recover[ms]	58	4096	128	0	CLMUL_TRI	9.29032
create[ns]	58	4096	128	1024	GENERIC	5.75948
create-total[ms]	58	4096	128	1024	GENERIC	24.15699
create[ns]	58	4096	128	1024	CLMUL	8.08670
create-total[ms]	58	4096	128	1024	CLMUL	33.91808
create[ns]	58	4096	128	1024	CLMUL_TRI	7.04308
create-total[ms]	58	4096	128	1024	CLMUL_TRI	29.54084
recover[ms]	58	4096	256	0	GENERIC	79.38349
recover[ms]	58	4096	256	0	CLMUL	28.84404
recover[ms]	58	4096	256	0	CLMUL_TRI	29.02128
create[ns]	58	4096	256	1024	GENERIC	5.75942
create-total[ms]	58	4096	256	1024	GENERIC	24.15677
create[ns]	58	4096	256	1024	CLMUL	8.08653
create-total[ms]	58	4096	256	1024	CLMUL	33.91738
create[ns]	58	4096	256	1024	CLMUL_TRI	7.04278
create-total[ms]	58	4096	256	1024	CLMUL_TRI	29.53954
recover[ms]	58	4096	384	0	GENERIC	144.18043
recover[ms]	58	4096	384	0	CLMUL	58.79013
recover[ms]	58	4096	384	0	CLMUL_TRI	59.15425
create[ns]	58	4096	384	1024	GENERIC	5.75980
create-total[ms]	58	4096	384	1024	GENERIC	24.15835
create[ns]	58	4096	384	1024	CLMUL	8.08665
create-total[ms]	58	4096	384	1024	CLMUL	33.91789
create[ns]	58	4096	384	1024	CLMUL_TRI	7.04286
create-total[ms]	58	4096	384	1024	CLMUL_TRI	29.53989
recover[ms]	58	4096	512	0	GENERIC	221.53504
recover[ms]	58	4096	512	0	CLMUL	98.87266
recover[ms]	58	4096	512	0	CLMUL_TRI	99.31969
create[ns]	58	4096	512	1024	GENERIC	5.76025
create-total[ms]	58	4096	512	1024	GENERIC	24.16026
create[ns]	58	4096	512	1024	CLMUL	8.08663
create-total[ms]	58	4096	512	1024	CLMUL	33.91779
create[ns]	58	4096	512	1024	CLMUL_TRI	7.04300
create-total[ms]	58	4096	512	1024	CLMUL_TRI	29.54047
recover[ms]	58	4096	768	0	GENERIC	418.16431
recover[ms]	58	4096	768	0	CLMUL	209.12590
recover[ms]	58	4096	768	0	CLMUL_TRI	209.34367
create[ns]	58	4096	768	1024	GENERIC	5.76001
create-total[ms]	58	4096	768	1024	GENERIC	24.15925
create[ns]	58	4096	768	1024	CLMUL	8.08670
create-total[ms]	58	4096	768	1024	CLMUL	33.91808
create[ns]	58	4096	768	1024	CLMUL_TRI	7.04291
create-total[ms]	58	4096	768	1024	CLMUL_TRI	29.54009
recover[ms]	58	4096	1024	0	GENERIC	671.71723
recover[ms]	58	4096	1024	0	CLMUL	359.90675
recover[ms]	58	4096	1024	0	CLMUL_TRI	359.70859
create[ns]	58	4096	1024	1024	GENERIC	5.76002
create-total[ms]	58	4096	1024	1024	GENERIC	24.15929
create[ns]	58	4096	1024	1024	CLMUL	8.08689
create-total[ms]	58	4096	1024	1024	CLMUL	33.91886
create[ns]	58	4096	1024	1024	CLMUL_TRI	7.04301
create-total[ms]	58	4096	1024	1024	CLMUL_TRI	29.54052
recover[ms]	58	4096	1536	0	GENERIC	1343.48275
recover[ms]	58	4096	1536	0	CLMUL	776.72763
recover[ms]	58	4096	1536	0	CLMUL_TRI	776.53314
create[ns]	58	4096	1536	1024	GENERIC	5.75993
create-total[ms]	58	4096	1536	1024	GENERIC	24.15889
create[ns]	58	4096	1536	1024	CLMUL	8.08693
create-total[ms]	58	4096	1536	1024	CLMUL	33.91905
create[ns]	58	4096	1536	1024	CLMUL_TRI	7.04286
create-total[ms]	58	4096	1536	1024	CLMUL_TRI	29.53990
recover[ms]	58	4096	2048	0	GENERIC	2237.21088
recover[ms]	58	4096	2048	0	CLMUL	1351.75979
recover[ms]	58	4096	2048	0	CLMUL_TRI	1351.13933
create[ns]	58	4096	2048	1024	GENERIC	5.76082
create-total[ms]	58	4096	2048	1024	GENERIC	24.16262
create[ns]	58	4096	2048	1024	CLMUL	8.08693
create-total[ms]	58	4096	2048	1024	CLMUL	33.91903
create[ns]	58	4096	2048	1024	CLMUL_TRI	7.04284
create-total[ms]	58	4096	2048	1024	CLMUL_TRI	29.53983
recover[ms]	58	5120	8	0	GENERIC	2.45692
recover[ms]	58	5120	8	0	CLMUL	0.31393
recover[ms]	58	5120	8	0	CLMUL_TRI	0.31902
create[ns]	58	5120	8	1024	GENERIC	5.75460
create-total[ms]	58	5120	8	1024	GENERIC	30.17068
create[ns]	58	5120	8	1024	CLMUL	8.08563
create-total[ms]	58	5120	8	1024	CLMUL	42.39199
create[ns]	58	5120	8	1024	CLMUL_TRI	7.04253
create-total[ms]	58	5120	8	1024	CLMUL_TRI	36.92312
recover[ms]	58	5120	16	0	GENERIC	3.05029
recover[ms]	58	5120	16	0	CLMUL	0.65380
recover[ms]	58	5120	16	0	CLMUL_TRI	0.66599
create[ns]	58	5120	16	1024	GENERIC	5.75413
create-total[ms]	58	5120	16	1024	GENERIC	30.16823
create[ns]	58	5120	16	1024	CLMUL	8.08556
create-total[ms]	58	5120	16	1024	CLMUL	42.39165
create[ns]	58	5120	16	1024	CLMUL_TRI	7.04246
create-total[ms]	58	5120	16	1024	CLMUL_TRI	36.92275
recover[ms]	58	5120	32	0	GENERIC	5.53644
recover[ms]	58	5120	32	0	CLMUL	1.45717
recover[ms]	58	5120	32	0	CLMUL_TRI	1.52908
create[ns]	58	5120	32	1024	GENERIC	5.75406
create-total[ms]	58	5120	32	1024	GENERIC	30.16786
create[ns]	58	5120	32	1024	CLMUL	8.08566
create-total[ms]	58	5120	32	1024	CLMUL	42.39216
create[ns]	58	5120	32	1024	CLMUL_TRI	7.04258
create-total[ms]	58	5120	32	1024	CLMUL_TRI	36.92343
recover[ms]	58	5120	64	0	GENERIC	11.66367
recover[ms]	58	5120	64	0	CLMUL	3.63237
recover[ms]	58	5120	64	0	CLMUL_TRI	3.75503
create[ns]	58	5120	64	1024	GENERIC	5.75397
create-total[ms]	58	5120	64	1024	GENERIC	30.16740
create[ns]	58	5120	64	1024	CLMUL	8.08547
create-total[ms]	58	5120	64	1024	CLMUL	42.39113
create[ns]	58	5120	64	1024	CLMUL_TRI	7.04238
create-total[ms]	58	5120	64	1024	CLMUL_TRI	36.92236
recover[ms]	58	5120	128	0	GENERIC	24.98150
recover[ms]	58	5120	128	0	CLMUL	9.96460
recover[ms]	58	5120	128	0	CLMUL_TRI	10.13110
create[ns]	58	5120	128	1024	GENERIC	5.75419
create-total[ms]	58	5120	128	1024	GENERIC	30.16853
create[ns]	58	5120	128	1024	CLMUL	8.08562
create-total[ms]	58	5120	128	1024	CLMUL	42.39192
create[ns]	58	5120	128	1024	CLMUL_TRI	7.04254
create-total[ms]	58	5120	128	1024	CLMUL_TRI	36.92321
recover[ms]	58	5120	256	0	GENERIC	89.68523
recover[ms]	58	5120	256	0	CLMUL	30.48552
recover[ms]	58	5120	256	0	CLMUL_TRI	30.75983
create[ns]	58	5120	256	1024	GENERIC	5.75431
create-total[ms]	58	5120	256	1024	GENERIC	30.16918
create[ns]	58	5120	256	1024	CLMUL	8.08580
create-total[ms]	58	5120	256	1024	CLMUL	42.39287
create[ns]	58	5120	256	1024	CLMUL_TRI	7.04266
create-total[ms]	58	5120	256	1024	CLMUL_TRI	36.92382
recover[ms]	58	5120	384	0	GENERIC	159.72258
recover[ms]	58	5120	384	0	CLMUL	61.20817
recover[ms]	58	5120	384	0	CLMUL_TRI	61.60329
create[ns]	58	5120	384	1024	GENERIC	5.75477
create-total[ms]	58	5120	384	1024	GENERIC	30.17156
create[ns]	58	5120	384	1024	CLMUL	8.08573
create-total[ms]	58	5120	384	1024	CLMUL	42.39249
create[ns]	58	5120	384	1024	CLMUL_TRI	7.04259
create-total[ms]	58	5120	384	1024	CLMUL_TRI	36.92347
recover[ms]	58	5120	512	0	GENERIC	242.53860
recover[ms]	58	5120	512	0	CLMUL	102.22147
recover[ms]	58	5120	512	0	CLMUL_TRI	102.73817
create[ns]	58	5120	512	1024	GENERIC	5.75426
create-total[ms]	58	5120	512	1024	GENERIC	30.16887
create[ns]	58	5120	512	1024	CLMUL	8.08582
create-total[ms]	58	5120	512	1024	CLMUL	42.39299
create[ns]	58	5120	512	1024	CLMUL_TRI	7.04268
create-total[ms]	58	5120	512	1024	CLMUL_TRI	36.92391
recover[ms]	58	5120	768	0	GENERIC	450.01670
recover[ms]	58	5120	768	0	CLMUL	214.03370
recover[ms]	58	5120	768	0	CLMUL_TRI	214.33937
create[ns]	58	5120	768	1024	GENERIC	5.75512
create-total[ms]	58	5120	768	1024	GENERIC	30.17342
create[ns]	58	5120	768	1024	CLMUL	8.08533
create-total[ms]	58	5120	768	1024	CLMUL	42.39044
create[ns]	58	5120	768	1024	CLMUL_TRI	7.04278
create-total[ms]	58	5120	768	1024	CLMUL_TRI	36.92446
recover[ms]	58	5120	1024	0	GENERIC	713.90482
recover[ms]	58	5120	1024	0	CLMUL	366.11492
recover[ms]	58	5120	1024	0	CLMUL_TRI	366.73341
create[ns]	58	5120	1024	1024	GENERIC	5.75426
create-total[ms]	58	5120	1024	1024	GENERIC	30.16888
create[ns]	58	5120	1024	1024	CLMUL	8.08570
create-total[ms]	58	5120	1024	1024	CLMUL	42.39233
create[ns]	58	5120	1024	1024	CLMUL_TRI	7.04266
create-total[ms]	58	5120	1024	1024	CLMUL_TRI	36.92383
recover[ms]	58	5120	1536	0	GENERIC	1406.61755
recover[ms]	58	5120	1536	0	CLMUL	786.73039
recover[ms]	58	5120	1536	0	CLMUL_TRI	786.78556
create[ns]	58	5120	1536	1024	GENERIC	5.75426
create-total[ms]	58	5120	1536	1024	GENERIC	30.16889
create[ns]	58	5120	1536	1024	CLMUL	8.08568
create-total[ms]	58	5120	1536	1024	CLMUL	42.39225
create[ns]	58	5120	1536	1024	CLMUL_TRI	7.04241
create-total[ms]	58	5120	1536	1024	CLMUL_TRI	36.92252
recover[ms]	58	5120	2048	0	GENERIC	2320.20650
recover[ms]	58	5120	2048	0	CLMUL	1365.00015
recover[ms]	58	5120	2048	0	CLMUL_TRI	1363.97865
create[ns]	58	5120	2048	1024	GENERIC	5.75430
create-total[ms]	58	5120	2048	1024	GENERIC	30.16912
create[ns]	58	5120	2048	1024	CLMUL	8.08565
create-total[ms]	58	5120	2048	1024	CLMUL	42.39209
create[ns]	58	5120	2048	1024	CLMUL_TRI	7.04281
create-total[ms]	58	5120	2048	1024	CLMUL_TRI	36.92459
recover[ms]	58	6144	8	0	GENERIC	2.92136
recover[ms]	58	6144	8	0	CLMUL	0.37100
recover[ms]	58	6144	8	0	CLMUL_TRI	0.38111
create[ns]	58	6144	8	1024	GENERIC	5.75024
create-total[ms]	58	6144	8	1024	GENERIC	36.17740
create[ns]	58	6144	8	1024	CLMUL	8.08489
create-total[ms]	58	6144	8	1024	CLMUL	50.86575
create[ns]	58	6144	8	1024	CLMUL_TRI	7.04223
create-total[ms]	58	6144	8	1024	CLMUL_TRI	44.30591
recover[ms]	58	6144	16	0	GENERIC	3.62677
recover[ms]	58	6144	16	0	CLMUL	0.75871
recover[ms]	58	6144	16	0	CLMUL_TRI	0.78402
create[ns]	58	6144	16	1024	GENERIC	5.75084
create-total[ms]	58	6144	16	1024	GENERIC	36.18113
create[ns]	58	6144	16	1024	CLMUL	8.08521
create-total[ms]	58	6144	16	1024	CLMUL	50.86772
create[ns]	58	6144	16	1024	CLMUL_TRI	7.04226
create-total[ms]	58	6144	16	1024	CLMUL_TRI	44.30605
recover[ms]	58	6144	32	0	GENERIC	6.31030
recover[ms]	58	6144	32	0	CLMUL	1.67193
recover[ms]	58	6144	32	0	CLMUL_TRI	1.75432
create[ns]	58	6144	32	1024	GENERIC	5.75020
create-total[ms]	58	6144	32	1024	GENERIC	36.17715
create[ns]	58	6144	32	1024	CLMUL	8.08526
create-total[ms]	58	6144	32	1024	CLMUL	50.86809
create[ns]	58	6144	32	1024	CLMUL_TRI	7.04220
create-total[ms]	58	6144	32	1024	CLMUL_TRI	44.30567
recover[ms]	58	6144	64	0	GENERIC	13.39417
recover[ms]	58	6144	64	0	CLMUL	4.06854
recover[ms]	58	6144	64	0	CLMUL_TRI	4.15726
create[ns]	58	6144	64	1024	GENERIC	5.75051
create-total[ms]	58	6144	64	1024	GENERIC	36.17911
create[ns]	58	6144	64	1024	CLMUL	8.08499
create-total[ms]	58	6144	64	1024	CLMUL	50.86634
create[ns]	58	6144	64	1024	CLMUL_TRI	7.04227
create-total[ms]	58	6144	64	1024	CLMUL_TRI	44.30611
recover[ms]	58	6144	128	0	GENERIC	27.55460
recover[ms]	58	6144	128	0	CLMUL	10.77856
recover[ms]	58	6144	128	0	CLMUL_TRI	10.96234
create[ns]	58	6144	128	1024	GENERIC	5.75042
create-total[ms]	58	6144	128	1024	GENERIC	36.17849
create[ns]	58	6144	128	1024	CLMUL	8.08498
create-total[ms]	58	6144	128	1024	CLMUL	50.86631
create[ns]	58	6144	128	1024	CLMUL_TRI	7.04218
create-total[ms]	58	6144	128	1024	CLMUL_TRI	44.30555
recover[ms]	58	6144	256	0	GENERIC	99.78935
recover[ms]	58	6144	256	0	CLMUL	32.10721
recover[ms]	58	6144	256	0	CLMUL_TRI	32.42642
create[ns]	58	6144	256	1024	GENERIC	5.75161
create-total[ms]	58	6144	256	1024	GENERIC	36.18597
create[ns]	58	6144	256	1024	CLMUL	8.08493
create-total[ms]	58	6144	256	1024	CLMUL	50.86597
create[ns]	58	6144	256	1024	CLMUL_TRI	7.04225
create-total[ms]	58	6144	256	1024	CLMUL_TRI	44.30599
recover[ms]	58	6144	384	0	GENERIC	176.14605
recover[ms]	58	6144	384	0	CLMUL	63.65821
recover[ms]	58	6144	384	0	CLMUL_TRI	64.25088
create[ns]	58	6144	384	1024	GENERIC	5.75025
create-total[ms]	58	6144	384	1024	GENERIC	36.17745
create[ns]	58	6144	384	1024	CLMUL	8.08544
create-total[ms]	58	6144	384	1024	CLMUL	50.86921
create[ns]	58	6144	384	1024	CLMUL_TRI	7.04217
create-total[ms]	58	6144	384	1024	CLMUL_TRI	44.30550
recover[ms]	58	6144	512	0	GENERIC	264.19074
recover[ms]	58	6144	512	0	CLMUL	105.55664
recover[ms]	58	6144	512	0	CLMUL_TRI	106.07671
create[ns]	58	6144	512	1024	GENERIC	5.75054
create-total[ms]	58	6144	512	1024	GENERIC	36.17929
create[ns]	58	6144	512	1024	CLMUL	8.08547
create-total[ms]	58	6144	512	1024	CLMUL	50.86937
create[ns]	58	6144	512	1024	CLMUL_TRI	7.04217
create-total[ms]	58	6144	512	1024	CLMUL_TRI	44.30552
recover[ms]	58	6144	768	0	GENERIC	481.60745
recover[ms]	58	6144	768	0	CLMUL	218.72055
recover[ms]	58	6144	768	0	CLMUL_TRI	219.46108
create[ns]	58	6144	768	1024	GENERIC	5.75053
create-total[ms]	58	6144	768	1024	GENERIC	36.17921
create[ns]	58	6144	768	1024	CLMUL	8.08472
create-total[ms]	58	6144	768	1024	CLMUL	50.86466
create[ns]	58	6144	768	1024	CLMUL_TRI	7.04237
create-total[ms]	58	6144	768	1024	CLMUL_TRI	44.30677
recover[ms]	58	6144	1024	0	GENERIC	754.88119
recover[ms]	58	6144	1024	0	CLMUL	372.61992
recover[ms]	58	6144	1024	0	CLMUL_TRI	373.16982
create[ns]	58	6144	1024	1024	GENERIC	5.75033
create-total[ms]	58	6144	1024	1024	GENERIC	36.17796
create[ns]	58	6144	1024	1024	CLMUL	8.08494
create-total[ms]	58	6144	1024	1024	CLMUL	50.86605
create[ns]	58	6144	1024	1024	CLMUL_TRI	7.04231
create-total[ms]	58	6144	1024	1024	CLMUL_TRI	44.30639
recover[ms]	58	6144	1536	0	GENERIC	1469.13936
recover[ms]	58	6144	1536	0	CLMUL	796.20922
recover[ms]	58	6144	1536	0	CLMUL_TRI	796.45573
create[ns]	58	6144	1536	1024	GENERIC	5.75034
create-total[ms]	58	6144	1536	1024	GENERIC	36.17800
create[ns]	58	6144	1536	1024	CLMUL	8.08530
create-total[ms]	58	6144	1536	1024	CLMUL	50.86831
create[ns]	58	6144	1536	1024	CLMUL_TRI	7.04230
create-total[ms]	58	6144	1536	1024	CLMUL_TRI	44.30629
recover[ms]	58	6144	2048	0	GENERIC	2404.06932
recover[ms]	58	6144	2048	0	CLMUL	1377.96419
recover[ms]	58	6144	2048	0	CLMUL_TRI	1377.66567
create[ns]	58	6144	2048	1024	GENERIC	5.75101
create-total[ms]	58	6144	2048	1024	GENERIC	36.18225
create[ns]	58	6144	2048	1024	CLMUL	8.08522
create-total[ms]	58	6144	2048	1024	CLMUL	50.86779
create[ns]	58	6144	2048	1024	CLMUL_TRI	7.04217
create-total[ms]	58	6144	2048	1024	CLMUL_TRI	44.30553
recover[ms]	58	7168	8	0	GENERIC	3.43892
recover[ms]	58	7168	8	0	CLMUL	0.42518
recover[ms]	58	7168	8	0	CLMUL_TRI	0.43994
create[ns]	58	7168	8	1024	GENERIC	5.74777
create-total[ms]	58	7168	8	1024	GENERIC	42.18883
create[ns]	58	7168	8	1024	CLMUL	8.08484
create-total[ms]	58	7168	8	1024	CLMUL	59.34302
create[ns]	58	7168	8	1024	CLMUL_TRI	7.04199
create-total[ms]	58	7168	8	1024	CLMUL_TRI	51.68842
recover[ms]	58	7168	16	0	GENERIC	4.22023
recover[ms]	58	7168	16	0	CLMUL	0.86996
recover[ms]	58	7168	16	0	CLMUL_TRI	0.89299
create[ns]	58	7168	16	1024	GENERIC	5.74776
create-total[ms]	58	7168	16	1024	GENERIC	42.18872
create[ns]	58	7168	16	1024	CLMUL	8.08468
create-total[ms]	58	7168	16	1024	CLMUL	59.34177
create[ns]	58	7168	16	1024	CLMUL_TRI	7.04205
create-total[ms]	58	7168	16	1024	CLMUL_TRI	51.68891
recover[ms]	58	7168	32	0	GENERIC	7.30395
recover[ms]	58	7168	32	0	CLMUL	1.87918
recover[ms]	58	7168	32	0	CLMUL_TRI	1.94248
create[ns]	58	7168	32	1024	GENERIC	5.74735
create-total[ms]	58	7168	32	1024	GENERIC	42.18576
create[ns]	58	7168	32	1024	CLMUL	8.08452
create-total[ms]	58	7168	32	1024	CLMUL	59.34066
create[ns]	58	7168	32	1024	CLMUL_TRI	7.04195
create-total[ms]	58	7168	32	1024	CLMUL_TRI	51.68817
recover[ms]	58	7168	64	0	GENERIC	15.07018
recover[ms]	58	7168	64	0	CLMUL	4.46875
recover[ms]	58	7168	64	0	CLMUL_TRI	4.58656
create[ns]	58	7168	64	1024	GENERIC	5.74719
create-total[ms]	58	7168	64	1024	GENERIC	42.18455
create[ns]	58	7168	64	1024	CLMUL	8.08463
create-total[ms]	58	7168	64	1024	CLMUL	59.34148
create[ns]	58	7168	64	1024	CLMUL_TRI	7.04207
create-total[ms]	58	7168	64	1024	CLMUL_TRI	51.68899
recover[ms]	58	7168	128	0	GENERIC	30.48343
recover[ms]	58	7168	128	0	CLMUL	11.61433
recover[ms]	58	7168	128	0	CLMUL_TRI	11.83799
create[ns]	58	7168	128	1024	GENERIC	5.74762
create-total[ms]	58	7168	128	1024	GENERIC	42.18773
create[ns]	58	7168	128	1024	CLMUL	8.08512
create-total[ms]	58	7168	128	1024	CLMUL	59.34505
create[ns]	58	7168	128	1024	CLMUL_TRI	7.04196
create-total[ms]	58	7168	128	1024	CLMUL_TRI	51.68818
recover[ms]	58	7168	256	0	GENERIC	110.75471
recover[ms]	58	7168	256	0	CLMUL	33.74163
recover[ms]	58	7168	256	0	CLMUL_TRI	34.17248
create[ns]	58	7168	256	1024	GENERIC	5.74756
create-total[ms]	58	7168	256	1024	GENERIC	42.18727
create[ns]	58	7168	256	1024	CLMUL	8.08448
create-total[ms]	58	7168	256	1024	CLMUL	59.34032
create[ns]	58	7168	256	1024	CLMUL_TRI	7.04213
create-total[ms]	58	7168	256	1024	CLMUL_TRI	51.68946
recover[ms]	58	7168	384	0	GENERIC	192.00507
recover[ms]	58	7168	384	0	CLMUL	66.09161
recover[ms]	58	7168	384	0	CLMUL_TRI	66.70280
create[ns]	58	7168	384	1024	GENERIC	5.74788
create-total[ms]	58	7168	384	1024	GENERIC	42.18961
create[ns]	58	7168	384	1024	CLMUL	8.08451
create-total[ms]	58	7168	384	1024	CLMUL	59.34058
create[ns]	58	7168	384	1024	CLMUL_TRI	7.04199
create-total[ms]	58	7168	384	1024	CLMUL_TRI	51.68845
recover[ms]	58	7168	512	0	GENERIC	285.46052
recover[ms]	58	7168	512	0	CLMUL	108.83633
recover[ms]	58	7168	512	0	CLMUL_TRI	109.31682
create[ns]	58	7168	512	1024	GENERIC	5.74752
create-total[ms]	58	7168	512	1024	GENERIC	42.18696
create[ns]	58	7168	512	1024	CLMUL	8.08445
create-total[ms]	58	7168	512	1024	CLMUL	59.34012
create[ns]	58	7168	512	1024	CLMUL_TRI	7.04190
create-total[ms]	58	7168	512	1024	CLMUL_TRI	51.68777
recover[ms]	58	7168	768	0	GENERIC	513.53474
recover[ms]	58	7168	768	0	CLMUL	224.06717
recover[ms]	58	7168	768	0	CLMUL_TRI	224.44077
create[ns]	58	7168	768	1024	GENERIC	5.74795
create-total[ms]	58	7168	768	1024	GENERIC	42.19014
create[ns]	58	7168	768	1024	CLMUL	8.08464
create-total[ms]	58	7168	768	1024	CLMUL	59.34150
create[ns]	58	7168	768	1024	CLMUL_TRI	7.04207
create-total[ms]	58	7168	768	1024	CLMUL_TRI	51.68904
recover[ms]	58	7168	1024	0	GENERIC	798.17890
recover[ms]	58	7168	1024	0	CLMUL	379.18255
recover[ms]	58	7168	1024	0	CLMUL_TRI	380.07425
create[ns]	58	7168	1024	1024	GENERIC	5.74896
create-total[ms]	58	7168	1024	1024	GENERIC	42.19756
create[ns]	58	7168	1024	1024	CLMUL	8.08449
create-total[ms]	58	7168	1024	1024	CLMUL	59.34043
create[ns]	58	7168	1024	1024	CLMUL_TRI	7.04246
create-total[ms]	58	7168	1024	1024	CLMUL_TRI	51.69188
recover[ms]	58	7168	1536	0	GENERIC	1532.61794
recover[ms]	58	7168	1536	0	CLMUL	805.72255
recover[ms]	58	7168	1536	0	CLMUL_TRI	806.76516
create[ns]	58	7168	1536	1024	GENERIC	5.74742
create-total[ms]	58	7168	1536	1024	GENERIC	42.18626
create[ns]	58	7168	1536	1024	CLMUL	8.08443
create-total[ms]	58	7168	1536	1024	CLMUL	59.33999
create[ns]	58	7168	1536	1024	CLMUL_TRI	7.04202
create-total[ms]	58	7168	1536	1024	CLMUL_TRI	51.68862
recover[ms]	58	7168	2048	0	GENERIC	2489.74361
recover[ms]	58	7168	2048	0	CLMUL	1390.87209
recover[ms]	58	7168	2048	0	CLMUL_TRI	1391.37939
create[ns]	58	7168	2048	1024	GENERIC	5.74753
create-total[ms]	58	7168	2048	1024	GENERIC	42.18702
create[ns]	58	7168	2048	1024	CLMUL	8.08467
create-total[ms]	58	7168	2048	1024	CLMUL	59.34170
create[ns]	58	7168	2048	1024	CLMUL_TRI	7.04194
create-total[ms]	58	7168	2048	1024	CLMUL_TRI	51.68808
recover[ms]	58	8192	8	0	GENERIC	4.00558
recover[ms]	58	8192	8	0	CLMUL	0.48570
recover[ms]	58	8192	8	0	CLMUL_TRI	0.49870
create[ns]	58	8192	8	1024	GENERIC	5.74541
create-total[ms]	58	8192	8	1024	GENERIC	48.19603
create[ns]	58	8192	8	1024	CLMUL	8.08432
create-total[ms]	58	8192	8	1024	CLMUL	67.81618
create[ns]	58	8192	8	1024	CLMUL_TRI	7.04199
create-total[ms]	58	8192	8	1024	CLMUL_TRI	59.07246
recover[ms]	58	8192	16	0	GENERIC	4.81637
recover[ms]	58	8192	16	0	CLMUL	0.97607
recover[ms]	58	8192	16	0	CLMUL_TRI	1.00193
create[ns]	58	8192	16	1024	GENERIC	5.74551
create-total[ms]	58	8192	16	1024	GENERIC	48.19682
create[ns]	58	8192	16	1024	CLMUL	8.08437
create-total[ms]	58	8192	16	1024	CLMUL	67.81662
create[ns]	58	8192	16	1024	CLMUL_TRI	7.04188
create-total[ms]	58	8192	16	1024	CLMUL_TRI	59.07158
recover[ms]	58	8192	32	0	GENERIC	8.35363
recover[ms]	58	8192	32	0	CLMUL	2.08572
recover[ms]	58	8192	32	0	CLMUL_TRI	2.15461
create[ns]	58	8192	32	1024	GENERIC	5.74580
create-total[ms]	58	8192	32	1024	GENERIC	48.19927
create[ns]	58	8192	32	1024	CLMUL	8.08442
create-total[ms]	58	8192	32	1024	CLMUL	67.81705
create[ns]	58	8192	32	1024	CLMUL_TRI	7.04176
create-total[ms]	58	8192	32	1024	CLMUL_TRI	59.07055
recover[ms]	58	8192	64	0	GENERIC	16.74506
recover[ms]	58	8192	64	0	CLMUL	4.90903
recover[ms]	58	8192	64	0	CLMUL_TRI	5.02361
create[ns]	58	8192	64	1024	GENERIC	5.74573
create-total[ms]	58	8192	64	1024	GENERIC	48.19867
create[ns]	58	8192	64	1024	CLMUL	8.08447
create-total[ms]	58	8192	64	1024	CLMUL	67.81742
create[ns]	58	8192	64	1024	CLMUL_TRI	7.04209
create-total[ms]	58	8192	64	1024	CLMUL_TRI	59.07332
recover[ms]	58	8192	128	0	GENERIC	33.48268
recover[ms]	58	8192	128	0	CLMUL	12.45574
recover[ms]	58	8192	128	0	CLMUL_TRI	12.68899
create[ns]	58	8192	128	1024	GENERIC	5.74575
create-total[ms]	58	8192	128	1024	GENERIC	48.19885
create[ns]	58	8192	128	1024	CLMUL	8.08423
create-total[ms]	58	8192	128	1024	CLMUL	67.81540
create[ns]	58	8192	128	1024	CLMUL_TRI	7.04190
create-total[ms]	58	8192	128	1024	CLMUL_TRI	59.07175
recover[ms]	58	8192	256	0	GENERIC	120.69077
recover[ms]	58	8192	256	0	CLMUL	35.43198
recover[ms]	58	8192	256	0	CLMUL_TRI	35.87397
create[ns]	58	8192	256	1024	GENERIC	5.74593
create-total[ms]	58	8192	256	1024	GENERIC	48.20035
create[ns]	58	8192	256	1024	CLMUL	8.08435
create-total[ms]	58	8192	256	1024	CLMUL	67.81645
create[ns]	58	8192	256	1024	CLMUL_TRI	7.04167
create-total[ms]	58	8192	256	1024	CLMUL_TRI	59.06983
recover[ms]	58	8192	384	0	GENERIC	207.78119
recover[ms]	58	8192	384	0	CLMUL	68.60629
recover[ms]	58	8192	384	0	CLMUL_TRI	69.19749
create[ns]	58	8192	384	1024	GENERIC	5.74646
create-total[ms]	58	8192	384	1024	GENERIC	48.20479
create[ns]	58	8192	384	1024	CLMUL	8.08450
create-total[ms]	58	8192	384	1024	CLMUL	67.81770
create[ns]	58	8192	384	1024	CLMUL_TRI	7.04167
create-total[ms]	58	8192	384	1024	CLMUL_TRI	59.06981
recover[ms]	58	8192	512	0	GENERIC	305.87867
recover[ms]	58	8192	512	0	CLMUL	112.06320
recover[ms]	58	8192	512	0	CLMUL_TRI	112.72956
create[ns]	58	8192	512	1024	GENERIC	5.74645
create-total[ms]	58	8192	512	1024	GENERIC	48.20470
create[ns]	58	8192	512	1024	CLMUL	8.08419
create-total[ms]	58	8192	512	1024	CLMUL	67.81509
create[ns]	58	8192	512	1024	CLMUL_TRI	7.04183
create-total[ms]	58	8192	512	1024	CLMUL_TRI	59.07117
recover[ms]	58	8192	768	0	GENERIC	545.53424
recover[ms]	58	8192	768	0	CLMUL	228.70838
recover[ms]	58	8192	768	0	CLMUL_TRI	229.72074
create[ns]	58	8192	768	1024	GENERIC	5.74582
create-total[ms]	58	8192	768	1024	GENERIC	48.19941
create[ns]	58	8192	768	1024	CLMUL	8.08443
create-total[ms]	58	8192	768	1024	CLMUL	67.81710
create[ns]	58	8192	768	1024	CLMUL_TRI	7.04186
create-total[ms]	58	8192	768	1024	CLMUL_TRI	59.07141
recover[ms]	58	8192	1024	0	GENERIC	839.43056
recover[ms]	58	8192	1024	0	CLMUL	385.59278
recover[ms]	58	8192	1024	0	CLMUL_TRI	386.93490
create[ns]	58	8192	1024	1024	GENERIC	5.74554
create-total[ms]	58	8192	1024	1024	GENERIC	48.19707
create[ns]	58	8192	1024	1024	CLMUL	8.08434
create-total[ms]	58	8192	1024	1024	CLMUL	67.81632
create[ns]	58	8192	1024	1024	CLMUL_TRI	7.04197
create-total[ms]	58	8192	1024	1024	CLMUL_TRI	59.07234
recover[ms]	58	8192	1536	0	GENERIC	1595.28623
recover[ms]	58	8192	1536	0	CLMUL	816.09838
recover[ms]	58	8192	1536	0	CLMUL_TRI	816.99743
create[ns]	58	8192	1536	1024	GENERIC	5.74569
create-total[ms]	58	8192	1536	1024	GENERIC	48.19837
create[ns]	58	8192	1536	1024	CLMUL	8.08427
create-total[ms]	58	8192	1536	1024	CLMUL	67.81575
create[ns]	58	8192	1536	1024	CLMUL_TRI	7.04197
create-total[ms]	58	8192	1536	1024	CLMUL_TRI	59.07236
recover[ms]	58	8192	2048	0	GENERIC	2572.54885
recover[ms]	58	8192	2048	0	CLMUL	1404.34197
recover[ms]	58	8192	2048	0	CLMUL_TRI	1405.05240
create[ns]	58	8192	2048	1024	GENERIC	5.74545
create-total[ms]	58	8192	2048	1024	GENERIC	48.19636
create[ns]	58	8192	2048	1024	CLMUL	8.08441
create-total[ms]	58	8192	2048	1024	CLMUL	67.81694
create[ns]	58	8192	2048	1024	CLMUL_TRI	7.04205
create-total[ms]	58	8192	2048	1024	CLMUL_TRI	59.07297
recover[ms]	64	128	8	0	GENERIC	0.15506
recover[ms]	64	128	8	0	CLMUL	0.02648
create[ns]	64	128	8	1024	GENERIC	6.62986
create-total[ms]	64	128	8	1024	GENERIC	0.86899
create[ns]	64	128	8	1024	CLMUL	6.10946
create-total[ms]	64	128	8	1024	CLMUL	0.80078
recover[ms]	64	128	16	0	GENERIC	0.42349
recover[ms]	64	128	16	0	CLMUL	0.09007
create[ns]	64	128	16	1024	GENERIC	6.62971
create-total[ms]	64	128	16	1024	GENERIC	0.86897
create[ns]	64	128	16	1024	CLMUL	6.10947
create-total[ms]	64	128	16	1024	CLMUL	0.80078
recover[ms]	64	128	32	0	GENERIC	1.30812
recover[ms]	64	128	32	0	CLMUL	0.31264
create[ns]	64	128	32	1024	GENERIC	6.62997
create-total[ms]	64	128	32	1024	GENERIC	0.86900
create[ns]	64	128	32	1024	CLMUL	6.10957
create-total[ms]	64	128	32	1024	CLMUL	0.80079
recover[ms]	64	128	64	0	GENERIC	4.08846
recover[ms]	64	128	64	0	CLMUL	1.10268
create[ns]	64	128	64	1024	GENERIC	6.62889
create-total[ms]	64	128	64	1024	GENERIC	0.86886
create[ns]	64	128	64	1024	CLMUL	6.10954
create-total[ms]	64	128	64	1024	CLMUL	0.80079
recover[ms]	64	128	128	0	GENERIC	13.50549
recover[ms]	64	128	128	0	CLMUL	3.91761
create[ns]	64	128	128	1024	GENERIC	6.62963
create-total[ms]	64	128	128	1024	GENERIC	0.86896
create[ns]	64	128	128	1024	CLMUL	6.10954
create-total[ms]	64	128	128	1024	CLMUL	0.80079
recover[ms]	64	256	8	0	GENERIC	0.19628
recover[ms]	64	256	8	0	CLMUL	0.03111
create[ns]	64	256	8	1024	GENERIC	6.32579
create-total[ms]	64	256	8	1024	GENERIC	1.65827
create[ns]	64	256	8	1024	CLMUL	6.13875
create-total[ms]	64	256	8	1024	CLMUL	1.60924
recover[ms]	64	256	16	0	GENERIC	0.48233
recover[ms]	64	256	16	0	CLMUL	0.10369
create[ns]	64	256	16	1024	GENERIC	6.32758
create-total[ms]	64	256	16	1024	GENERIC	1.65874
create[ns]	64	256	16	1024	CLMUL	6.13892
create-total[ms]	64	256	16	1024	CLMUL	1.60928
recover[ms]	64	256	32	0	GENERIC	1.41672
recover[ms]	64	256	32	0	CLMUL	0.32976
create[ns]	64	256	32	1024	GENERIC	6.32775
create-total[ms]	64	256	32	1024	GENERIC	1.65878
create[ns]	64	256	32	1024	CLMUL	6.13892
create-total[ms]	64	256	32	1024	CLMUL	1.60928
recover[ms]	64	256	64	0	GENERIC	4.34239
recover[ms]	64	256	64	0	CLMUL	1.12483
create[ns]	64	256	64	1024	GENERIC	6.32974
create-total[ms]	64	256	64	1024	GENERIC	1.65930
create[ns]	64	256	64	1024	CLMUL	6.13891
create-total[ms]	64	256	64	1024	CLMUL	1.60928
recover[ms]	64	256	128	0	GENERIC	13.78859
recover[ms]	64	256	128	0	CLMUL	3.96391
create[ns]	64	256	128	1024	GENERIC	6.33065
create-total[ms]	64	256	128	1024	GENERIC	1.65954
create[ns]	64	256	128	1024	CLMUL	6.13884
create-total[ms]	64	256	128	1024	CLMUL	1.60926
recover[ms]	64	256	256	0	GENERIC	47.13120
recover[ms]	64	256	256	0	CLMUL	14.49745
create[ns]	64	256	256	1024	GENERIC	6.33019
create-total[ms]	64	256	256	1024	GENERIC	1.65942
create[ns]	64	256	256	1024	CLMUL	6.13899
create-total[ms]	64	256	256	1024	CLMUL	1.60930
recover[ms]	64	512	8	0	GENERIC	0.27504
recover[ms]	64	512	8	0	CLMUL	0.04261
create[ns]	64	512	8	1024	GENERIC	6.18342
create-total[ms]	64	512	8	1024	GENERIC	3.24189
create[ns]	64	512	8	1024	CLMUL	6.15357
create-total[ms]	64	512	8	1024	CLMUL	3.22625
recover[ms]	64	512	16	0	GENERIC	0.59677
recover[ms]	64	512	16	0	CLMUL	0.11994
create[ns]	64	512	16	1024	GENERIC	6.18297
create-total[ms]	64	512	16	1024	GENERIC	3.24166
create[ns]	64	512	16	1024	CLMUL	6.15364
create-total[ms]	64	512	16	1024	CLMUL	3.22628
recover[ms]	64	512	32	0	GENERIC	1.65867
recover[ms]	64	512	32	0	CLMUL	0.36134
create[ns]	64	512	32	1024	GENERIC	6.18325
create-total[ms]	64	512	32	1024	GENERIC	3.24181
create[ns]	64	512	32	1024	CLMUL	6.15367
create-total[ms]	64	512	32	1024	CLMUL	3.22629
recover[ms]	64	512	64	0	GENERIC	4.75714
recover[ms]	64	512	64	0	CLMUL	1.18281
create[ns]	64	512	64	1024	GENERIC	6.18353
create-total[ms]	64	512	64	1024	GENERIC	3.24195
create[ns]	64	512	64	1024	CLMUL	6.15362
create-total[ms]	64	512	64	1024	CLMUL	3.22627
recover[ms]	64	512	128	0	GENERIC	14.57420
recover[ms]	64	512	128	0	CLMUL	4.09170
create[ns]	64	512	128	1024	GENERIC	6.18367
create-total[ms]	64	512	128	1024	GENERIC	3.24203
create[ns]	64	512	128	1024	CLMUL	6.15364
create-total[ms]	64	512	128	1024	CLMUL	3.22628
recover[ms]	64	512	256	0	GENERIC	49.96809
recover[ms]	64	512	256	0	CLMUL	14.75179
create[ns]	64	512	256	1024	GENERIC	6.18409
create-total[ms]	64	512	256	1024	GENERIC	3.24224
create[ns]	64	512	256	1024	CLMUL	6.15364
create-total[ms]	64	512	256	1024	CLMUL	3.22628
recover[ms]	64	512	384	0	GENERIC	102.39819
recover[ms]	64	512	384	0	CLMUL	31.73013
create[ns]	64	512	384	1024	GENERIC	6.18318
create-total[ms]	64	512	384	1024	GENERIC	3.24177
create[ns]	64	512	384	1024	CLMUL	6.15361
create-total[ms]	64	512	384	1024	CLMUL	3.22626
recover[ms]	64	512	512	0	GENERIC	171.29570
recover[ms]	64	512	512	0	CLMUL	54.93339
create[ns]	64	512	512	1024	GENERIC	6.18441
create-total[ms]	64	512	512	1024	GENERIC	3.24241
create[ns]	64	512	512	1024	CLMUL	6.15359
create-total[ms]	64	512	512	1024	CLMUL	3.22625
recover[ms]	64	1024	8	0	GENERIC	0.42059
recover[ms]	64	1024	8	0	CLMUL	0.06077
create[ns]	64	1024	8	1024	GENERIC	6.10553
create-total[ms]	64	1024	8	1024	GENERIC	6.40211
create[ns]	64	1024	8	1024	CLMUL	6.16272
create-total[ms]	64	1024	8	1024	CLMUL	6.46208
recover[ms]	64	1024	16	0	GENERIC	0.80114
recover[ms]	64	1024	16	0	CLMUL	0.15080
create[ns]	64	1024	16	1024	GENERIC	6.10536
create-total[ms]	64	1024	16	1024	GENERIC	6.40193
create[ns]	64	1024	16	1024	CLMUL	6.16260
create-total[ms]	64	1024	16	1024	CLMUL	6.46196
recover[ms]	64	1024	32	0	GENERIC	2.08286
recover[ms]	64	1024	32	0	CLMUL	0.42542
create[ns]	64	1024	32	1024	GENERIC	6.10964
create-total[ms]	64	1024	32	1024	GENERIC	6.40642
create[ns]	64	1024	32	1024	CLMUL	6.16254
create-total[ms]	64	1024	32	1024	CLMUL	6.46189
recover[ms]	64	1024	64	0	GENERIC	5.58671
recover[ms]	64	1024	64	0	CLMUL	1.31678
create[ns]	64	1024	64	1024	GENERIC	6.10535
create-total[ms]	64	1024	64	1024	GENERIC	6.40192
create[ns]	64	1024	64	1024	CLMUL	6.16258
create-total[ms]	64	1024	64	1024	CLMUL	6.46193
recover[ms]	64	1024	128	0	GENERIC	16.18286
recover[ms]	64	1024	128	0	CLMUL	4.33507
create[ns]	64	1024	128	1024	GENERIC	6.10507
create-total[ms]	64	1024	128	1024	GENERIC	6.40163
create[ns]	64	1024	128	1024	CLMUL	6.16256
create-total[ms]	64	1024	128	1024	CLMUL	6.46191
recover[ms]	64	1024	256	0	GENERIC	56.50484
recover[ms]	64	1024	256	0	CLMUL	15.28232
create[ns]	64	1024	256	1024	GENERIC	6.10550
create-total[ms]	64	1024	256	1024	GENERIC	6.40208
create[ns]	64	1024	256	1024	CLMUL	6.16258
create-total[ms]	64	1024	256	1024	CLMUL	6.46193
recover[ms]	64	1024	384	0	GENERIC	111.76916
recover[ms]	64	1024	384	0	CLMUL	32.47684
create[ns]	64	1024	384	1024	GENERIC	6.10545
create-total[ms]	64	1024	384	1024	GENERIC	6.40203
create[ns]	64	1024	384	1024	CLMUL	6.16256
create-total[ms]	64	1024	384	1024	CLMUL	6.46191
recover[ms]	64	1024	512	0	GENERIC	184.57258
recover[ms]	64	1024	512	0	CLMUL	56.01312
create[ns]	64	1024	512	1024	GENERIC	6.12863
create-total[ms]	64	1024	512	1024	GENERIC	6.42634
create[ns]	64	1024	512	1024	CLMUL	6.16259
create-total[ms]	64	1024	512	1024	CLMUL	6.46195
recover[ms]	64	1024	768	0	GENERIC	379.85060
recover[ms]	64	1024	768	0	CLMUL	121.30604
create[ns]	64	1024	768	1024	GENERIC	6.10920
create-total[ms]	64	1024	768	1024	GENERIC	6.40596
create[ns]	64	1024	768	1024	CLMUL	6.16258
create-total[ms]	64	1024	768	1024	CLMUL	6.46193
recover[ms]	64	1024	1024	0	GENERIC	642.77094
recover[ms]	64	1024	1024	0	CLMUL	211.56390
create[ns]	64	1024	1024	1024	GENERIC	6.10542
create-total[ms]	64	1024	1024	1024	GENERIC	6.40200
create[ns]	64	1024	1024	1024	CLMUL	6.16261
create-total[ms]	64	1024	1024	1024	CLMUL	6.46197
recover[ms]	64	2048	8	0	GENERIC	0.76474
recover[ms]	64	2048	8	0	CLMUL	0.09725
create[ns]	64	2048	8	1024	GENERIC	6.06896
create-total[ms]	64	2048	8	1024	GENERIC	12.72754
create[ns]	64	2048	8	1024	CLMUL	6.16725
create-total[ms]	64	2048	8	1024	CLMUL	12.93367
recover[ms]	64	2048	16	0	GENERIC	1.23237
recover[ms]	64	2048	16	0	CLMUL	0.21649
create[ns]	64	2048	16	1024	GENERIC	6.07106
create-total[ms]	64	2048	16	1024	GENERIC	12.73193
create[ns]	64	2048	16	1024	CLMUL	6.16717
create-total[ms]	64	2048	16	1024	CLMUL	12.93349
recover[ms]	64	2048	32	0	GENERIC	2.96694
recover[ms]	64	2048	32	0	CLMUL	0.55240
create[ns]	64	2048	32	1024	GENERIC	6.07145
create-total[ms]	64	2048	32	1024	GENERIC	12.73275
create[ns]	64	2048	32	1024	CLMUL	6.16738
create-total[ms]	64	2048	32	1024	CLMUL	12.93393
recover[ms]	64	2048	64	0	GENERIC	7.26186
recover[ms]	64	2048	64	0	CLMUL	1.56912
create[ns]	64	2048	64	1024	GENERIC	6.07094
create-total[ms]	64	2048	64	1024	GENERIC	12.73168
create[ns]	64	2048	64	1024	CLMUL	6.16718
create-total[ms]	64	2048	64	1024	CLMUL	12.93352
recover[ms]	64	2048	128	0	GENERIC	19.29977
recover[ms]	64	2048	128	0	CLMUL	4.84610
create[ns]	64	2048	128	1024	GENERIC	6.07089
create-total[ms]	64	2048	128	1024	GENERIC	12.73157
create[ns]	64	2048	128	1024	CLMUL	6.16719
create-total[ms]	64	2048	128	1024	CLMUL	12.93354
recover[ms]	64	2048	256	0	GENERIC	68.83650
recover[ms]	64	2048	256	0	CLMUL	16.21817
create[ns]	64	2048	256	1024	GENERIC	6.06982
create-total[ms]	64	2048	256	1024	GENERIC	12.72934
create[ns]	64	2048	256	1024	CLMUL	6.16724
create-total[ms]	64	2048	256	1024	CLMUL	12.93365
recover[ms]	64	2048	384	0	GENERIC	130.11690
recover[ms]	64	2048	384	0	CLMUL	33.89713
create[ns]	64	2048	384	1024	GENERIC	6.06958
create-total[ms]	64	2048	384	1024	GENERIC	12.72883
create[ns]	64	2048	384	1024	CLMUL	6.16724
create-total[ms]	64	2048	384	1024	CLMUL	12.93364
recover[ms]	64	2048	512	0	GENERIC	208.84696
recover[ms]	64	2048	512	0	CLMUL	58.00848
create[ns]	64	2048	512	1024	GENERIC	6.06932
create-total[ms]	64	2048	512	1024	GENERIC	12.72829
create[ns]	64	2048	512	1024	CLMUL	6.16715
create-total[ms]	64	2048	512	1024	CLMUL	12.93345
recover[ms]	64	2048	768	0	GENERIC	416.58009
recover[ms]	64	2048	768	0	CLMUL	124.09278
create[ns]	64	2048	768	1024	GENERIC	6.06923
create-total[ms]	64	2048	768	1024	GENERIC	12.72809
create[ns]	64	2048	768	1024	CLMUL	6.16721
create-total[ms]	64	2048	768	1024	CLMUL	12.93359
recover[ms]	64	2048	1024	0	GENERIC	692.01342
recover[ms]	64	2048	1024	0	CLMUL	215.15954
create[ns]	64	2048	1024	1024	GENERIC	6.07095
create-total[ms]	64	2048	1024	1024	GENERIC	12.73171
create[ns]	64	2048	1024	1024	CLMUL	6.16729
create-total[ms]	64	2048	1024	1024	CLMUL	12.93374
recover[ms]	64	2048	1536	0	GENERIC	1439.36446
recover[ms]	64	2048	1536	0	CLMUL	469.38085
create[ns]	64	2048	1536	1024	GENERIC	6.06972
create-total[ms]	64	2048	1536	1024	GENERIC	12.72913
create[ns]	64	2048	1536	1024	CLMUL	6.16719
create-total[ms]	64	2048	1536	1024	CLMUL	12.93354
recover[ms]	64	2048	2048	0	GENERIC	2446.94760
recover[ms]	64	2048	2048	0	CLMUL	820.91958
create[ns]	64	2048	2048	1024	GENERIC	6.06940
create-total[ms]	64	2048	2048	1024	GENERIC	12.72845
create[ns]	64	2048	2048	1024	CLMUL	6.16724
create-total[ms]	64	2048	2048	1024	CLMUL	12.93364
recover[ms]	64	3072	8	0	GENERIC	1.77195
recover[ms]	64	3072	8	0	CLMUL	0.13073
create[ns]	64	3072	8	1024	GENERIC	6.06023
create-total[ms]	64	3072	8	1024	GENERIC	19.06383
create[ns]	64	3072	8	1024	CLMUL	6.16828
create-total[ms]	64	3072	8	1024	CLMUL	19.40373
recover[ms]	64	3072	16	0	GENERIC	2.32962
recover[ms]	64	3072	16	0	CLMUL	0.28272
create[ns]	64	3072	16	1024	GENERIC	6.06070
create-total[ms]	64	3072	16	1024	GENERIC	19.06532
create[ns]	64	3072	16	1024	CLMUL	6.16823
create-total[ms]	64	3072	16	1024	CLMUL	19.40358
recover[ms]	64	3072	32	0	GENERIC	4.56928
recover[ms]	64	3072	32	0	CLMUL	0.66885
create[ns]	64	3072	32	1024	GENERIC	6.06050
create-total[ms]	64	3072	32	1024	GENERIC	19.06469
create[ns]	64	3072	32	1024	CLMUL	6.16810
create-total[ms]	64	3072	32	1024	CLMUL	19.40318
recover[ms]	64	3072	64	0	GENERIC	9.44997
recover[ms]	64	3072	64	0	CLMUL	1.81159
create[ns]	64	3072	64	1024	GENERIC	6.05982
create-total[ms]	64	3072	64	1024	GENERIC	19.06256
create[ns]	64	3072	64	1024	CLMUL	6.16823
create-total[ms]	64	3072	64	1024	CLMUL	19.40357
recover[ms]	64	3072	128	0	GENERIC	22.56683
recover[ms]	64	3072	128	0	CLMUL	5.33601
create[ns]	64	3072	128	1024	GENERIC	6.06165
create-total[ms]	64	3072	128	1024	GENERIC	19.06830
create[ns]	64	3072	128	1024	CLMUL	6.16830
create-total[ms]	64	3072	128	1024	CLMUL	19.40378
recover[ms]	64	3072	256	0	GENERIC	79.94996
recover[ms]	64	3072	256	0	CLMUL	17.23153
create[ns]	64	3072	256	1024	GENERIC	6.06013
create-total[ms]	64	3072	256	1024	GENERIC	19.06354
create[ns]	64	3072	256	1024	CLMUL	6.16848
create-total[ms]	64	3072	256	1024	CLMUL	19.40435
recover[ms]	64	3072	384	0	GENERIC	147.04826
recover[ms]	64	3072	384	0	CLMUL	35.39621
create[ns]	64	3072	384	1024	GENERIC	6.06035
create-total[ms]	64	3072	384	1024	GENERIC	19.06420
create[ns]	64	3072	384	1024	CLMUL	6.16814
create-total[ms]	64	3072	384	1024	CLMUL	19.40328
recover[ms]	64	3072	512	0	GENERIC	231.40918
recover[ms]	64	3072	512	0	CLMUL	59.94074
create[ns]	64	3072	512	1024	GENERIC	6.06065
create-total[ms]	64	3072	512	1024	GENERIC	19.06517
create[ns]	64	3072	512	1024	CLMUL	6.16863
create-total[ms]	64	3072	512	1024	CLMUL	19.40482
recover[ms]	64	3072	768	0	GENERIC	448.49179
recover[ms]	64	3072	768	0	CLMUL	127.25741
create[ns]	64	3072	768	1024	GENERIC	6.06029
create-total[ms]	64	3072	768	1024	GENERIC	19.06403
create[ns]	64	3072	768	1024	CLMUL	6.16812
create-total[ms]	64	3072	768	1024	CLMUL	19.40321
recover[ms]	64	3072	1024	0	GENERIC	736.16802
recover[ms]	64	3072	1024	0	CLMUL	219.21212
create[ns]	64	3072	1024	1024	GENERIC	6.06130
create-total[ms]	64	3072	1024	1024	GENERIC	19.06720
create[ns]	64	3072	1024	1024	CLMUL	6.16813
create-total[ms]	64	3072	1024	1024	CLMUL	19.40326
recover[ms]	64	3072	1536	0	GENERIC	1505.28652
recover[ms]	64	3072	1536	0	CLMUL	475.08140
create[ns]	64	3072	1536	1024	GENERIC	6.05995
create-total[ms]	64	3072	1536	1024	GENERIC	19.06297
create[ns]	64	3072	1536	1024	CLMUL	6.16836
create-total[ms]	64	3072	1536	1024	CLMUL	19.40397
recover[ms]	64	3072	2048	0	GENERIC	2541.07811
recover[ms]	64	3072	2048	0	CLMUL	828.98685
create[ns]	64	3072	2048	1024	GENERIC	6.06133
create-total[ms]	64	3072	2048	1024	GENERIC	19.06731
create[ns]	64	3072	2048	1024	CLMUL	6.16872
create-total[ms]	64	3072	2048	1024	CLMUL	19.40513
recover[ms]	64	4096	8	0	GENERIC	2.30921
recover[ms]	64	4096	8	0	CLMUL	0.17028
create[ns]	64	4096	8	1024	GENERIC	6.05532
create-total[ms]	64	4096	8	1024	GENERIC	25.39787
create[ns]	64	4096	8	1024	CLMUL	6.17164
create-total[ms]	64	4096	8	1024	CLMUL	25.88573
recover[ms]	64	4096	16	0	GENERIC	2.89540
recover[ms]	64	4096	16	0	CLMUL	0.35204
create[ns]	64	4096	16	1024	GENERIC	6.05538
create-total[ms]	64	4096	16	1024	GENERIC	25.39809
create[ns]	64	4096	16	1024	CLMUL	6.17156
create-total[ms]	64	4096	16	1024	CLMUL	25.88542
recover[ms]	64	4096	32	0	GENERIC	5.63569
recover[ms]	64	4096	32	0	CLMUL	0.80114
create[ns]	64	4096	32	1024	GENERIC	6.05536
create-total[ms]	64	4096	32	1024	GENERIC	25.39802
create[ns]	64	4096	32	1024	CLMUL	6.17131
create-total[ms]	64	4096	32	1024	CLMUL	25.88436
recover[ms]	64	4096	64	0	GENERIC	11.16257
recover[ms]	64	4096	64	0	CLMUL	2.07099
create[ns]	64	4096	64	1024	GENERIC	6.05602
create-total[ms]	64	4096	64	1024	GENERIC	25.40079
create[ns]	64	4096	64	1024	CLMUL	6.17150
create-total[ms]	64	4096	64	1024	CLMUL	25.88514
recover[ms]	64	4096	128	0	GENERIC	25.57582
recover[ms]	64	4096	128	0	CLMUL	5.83577
create[ns]	64	4096	128	1024	GENERIC	6.05594
create-total[ms]	64	4096	128	1024	GENERIC	25.40044
create[ns]	64	4096	128	1024	CLMUL	6.17132
create-total[ms]	64	4096	128	1024	CLMUL	25.88438
recover[ms]	64	4096	256	0	GENERIC	91.04793
recover[ms]	64	4096	256	0	CLMUL	18.22212
create[ns]	64	4096	256	1024	GENERIC	6.05551
create-total[ms]	64	4096	256	1024	GENERIC	25.39865
create[ns]	64	4096	256	1024	CLMUL	6.17138
create-total[ms]	64	4096	256	1024	CLMUL	25.88464
recover[ms]	64	4096	384	0	GENERIC	164.30556
recover[ms]	64	4096	384	0	CLMUL	36.83522
create[ns]	64	4096	384	1024	GENERIC	6.05635
create-total[ms]	64	4096	384	1024	GENERIC	25.40219
create[ns]	64	4096	384	1024	CLMUL	6.17145
create-total[ms]	64	4096	384	1024	CLMUL	25.88493
recover[ms]	64	4096	512	0	GENERIC	253.27853
recover[ms]	64	4096	512	0	CLMUL	61.81947
create[ns]	64	4096	512	1024	GENERIC	6.05587
create-total[ms]	64	4096	512	1024	GENERIC	25.40015
create[ns]	64	4096	512	1024	CLMUL	6.17162
create-total[ms]	64	4096	512	1024	CLMUL	25.88564
recover[ms]	64	4096	768	0	GENERIC	483.44287
recover[ms]	64	4096	768	0	CLMUL	130.09250
create[ns]	64	4096	768	1024	GENERIC	6.05630
create-total[ms]	64	4096	768	1024	GENERIC	25.40198
create[ns]	64	4096	768	1024	CLMUL	6.17127
create-total[ms]	64	4096	768	1024	CLMUL	25.88419
recover[ms]	64	4096	1024	0	GENERIC	780.48288
recover[ms]	64	4096	1024	0	CLMUL	223.46725
create[ns]	64	4096	1024	1024	GENERIC	6.05545
create-total[ms]	64	4096	1024	1024	GENERIC	25.39841
create[ns]	64	4096	1024	1024	CLMUL	6.17141
create-total[ms]	64	4096	1024	1024	CLMUL	25.88477
recover[ms]	64	4096	1536	0	GENERIC	1572.79883
recover[ms]	64	4096	1536	0	CLMUL	480.90269
create[ns]	64	4096	1536	1024	GENERIC	6.05518
create-total[ms]	64	4096	1536	1024	GENERIC	25.39726
create[ns]	64	4096	1536	1024	CLMUL	6.17131
create-total[ms]	64	4096	1536	1024	CLMUL	25.88436
recover[ms]	64	4096	2048	0	GENERIC	2631.70565
recover[ms]	64	4096	2048	0	CLMUL	836.68770
create[ns]	64	4096	2048	1024	GENERIC	6.05534
create-total[ms]	64	4096	2048	1024	GENERIC	25.39795
create[ns]	64	4096	2048	1024	CLMUL	6.17133
create-total[ms]	64	4096	2048	1024	CLMUL	25.88445
recover[ms]	64	5120	8	0	GENERIC	2.84046
recover[ms]	64	5120	8	0	CLMUL	0.20613
create[ns]	64	5120	8	1024	GENERIC	6.05080
create-total[ms]	64	5120	8	1024	GENERIC	31.72361
create[ns]	64	5120	8	1024	CLMUL	6.17136
create-total[ms]	64	5120	8	1024	CLMUL	32.35571
recover[ms]	64	5120	16	0	GENERIC	3.58141
recover[ms]	64	5120	16	0	CLMUL	0.41640
create[ns]	64	5120	16	1024	GENERIC	6.05024
create-total[ms]	64	5120	16	1024	GENERIC	31.72069
create[ns]	64	5120	16	1024	CLMUL	6.17148
create-total[ms]	64	5120	16	1024	CLMUL	32.35636
recover[ms]	64	5120	32	0	GENERIC	6.73089
recover[ms]	64	5120	32	0	CLMUL	0.91957
create[ns]	64	5120	32	1024	GENERIC	6.05138
create-total[ms]	64	5120	32	1024	GENERIC	31.72666
create[ns]	64	5120	32	1024	CLMUL	6.17139
create-total[ms]	64	5120	32	1024	CLMUL	32.35586
recover[ms]	64	5120	64	0	GENERIC	12.93116
recover[ms]	64	5120	64	0	CLMUL	2.31587
create[ns]	64	5120	64	1024	GENERIC	6.05112
create-total[ms]	64	5120	64	1024	GENERIC	31.72528
create[ns]	64	5120	64	1024	CLMUL	6.17140
create-total[ms]	64	5120	64	1024	CLMUL	32.35592
recover[ms]	64	5120	128	0	GENERIC	28.91314
recover[ms]	64	5120	128	0	CLMUL	6.29109
create[ns]	64	5120	128	1024	GENERIC	6.05051
create-total[ms]	64	5120	128	1024	GENERIC	31.72210
create[ns]	64	5120	128	1024	CLMUL	6.17143
create-total[ms]	64	5120	128	1024	CLMUL	32.35606
recover[ms]	64	5120	256	0	GENERIC	102.73417
recover[ms]	64	5120	256	0	CLMUL	19.14686
create[ns]	64	5120	256	1024	GENERIC	6.05002
create-total[ms]	64	5120	256	1024	GENERIC	31.71951
create[ns]	64	5120	256	1024	CLMUL	6.17150
create-total[ms]	64	5120	256	1024	CLMUL	32.35645
recover[ms]	64	5120	384	0	GENERIC	181.51234
recover[ms]	64	5120	384	0	CLMUL	38.35967
create[ns]	64	5120	384	1024	GENERIC	6.05031
create-total[ms]	64	5120	384	1024	GENERIC	31.72103
create[ns]	64	5120	384	1024	CLMUL	6.17149
create-total[ms]	64	5120	384	1024	CLMUL	32.35640
recover[ms]	64	5120	512	0	GENERIC	277.06266
recover[ms]	64	5120	512	0	CLMUL	63.82264
create[ns]	64	5120	512	1024	GENERIC	6.05041
create-total[ms]	64	5120	512	1024	GENERIC	31.72158
create[ns]	64	5120	512	1024	CLMUL	6.17127
create-total[ms]	64	5120	512	1024	CLMUL	32.35523
recover[ms]	64	5120	768	0	GENERIC	517.83039
recover[ms]	64	5120	768	0	CLMUL	133.00210
create[ns]	64	5120	768	1024	GENERIC	6.05078
create-total[ms]	64	5120	768	1024	GENERIC	31.72354
create[ns]	64	5120	768	1024	CLMUL	6.17148
create-total[ms]	64	5120	768	1024	CLMUL	32.35633
recover[ms]	64	5120	1024	0	GENERIC	825.81142
recover[ms]	64	5120	1024	0	CLMUL	227.08962
create[ns]	64	5120	1024	1024	GENERIC	6.05101
create-total[ms]	64	5120	1024	1024	GENERIC	31.72471
create[ns]	64	5120	1024	1024	CLMUL	6.17151
create-total[ms]	64	5120	1024	1024	CLMUL	32.35648
recover[ms]	64	5120	1536	0	GENERIC	1641.58378
recover[ms]	64	5120	1536	0	CLMUL	486.82533
create[ns]	64	5120	1536	1024	GENERIC	6.04972
create-total[ms]	64	5120	1536	1024	GENERIC	31.71794
create[ns]	64	5120	1536	1024	CLMUL	6.17131
create-total[ms]	64	5120	1536	1024	CLMUL	32.35543
recover[ms]	64	5120	2048	0	GENERIC	2723.77398
recover[ms]	64	5120	2048	0	CLMUL	845.14840
create[ns]	64	5120	2048	1024	GENERIC	6.05036
create-total[ms]	64	5120	2048	1024	GENERIC	31.72130
create[ns]	64	5120	2048	1024	CLMUL	6.17132
create-total[ms]	64	5120	2048	1024	CLMUL	32.35547
recover[ms]	64	6144	8	0	GENERIC	3.42435
recover[ms]	64	6144	8	0	CLMUL	0.24275
create[ns]	64	6144	8	1024	GENERIC	6.04700
create-total[ms]	64	6144	8	1024	GENERIC	38.04446
create[ns]	64	6144	8	1024	CLMUL	6.17125
create-total[ms]	64	6144	8	1024	CLMUL	38.82617
recover[ms]	64	6144	16	0	GENERIC	4.22984
recover[ms]	64	6144	16	0	CLMUL	0.48492
create[ns]	64	6144	16	1024	GENERIC	6.04760
create-total[ms]	64	6144	16	1024	GENERIC	38.04822
create[ns]	64	6144	16	1024	CLMUL	6.17117
create-total[ms]	64	6144	16	1024	CLMUL	38.82563
recover[ms]	64	6144	32	0	GENERIC	7.62515
recover[ms]	64	6144	32	0	CLMUL	1.04857
create[ns]	64	6144	32	1024	GENERIC	6.04669
create-total[ms]	64	6144	32	1024	GENERIC	38.04246
create[ns]	64	6144	32	1024	CLMUL	6.17120
create-total[ms]	64	6144	32	1024	CLMUL	38.82583
recover[ms]	64	6144	64	0	GENERIC	14.79860
recover[ms]	64	6144	64	0	CLMUL	2.58092
create[ns]	64	6144	64	1024	GENERIC	6.04697
create-total[ms]	64	6144	64	1024	GENERIC	38.04425
create[ns]	64	6144	64	1024	CLMUL	6.17153
create-total[ms]	64	6144	64	1024	CLMUL	38.82792
recover[ms]	64	6144	128	0	GENERIC	31.82685
recover[ms]	64	6144	128	0	CLMUL	6.81317
create[ns]	64	6144	128	1024	GENERIC	6.04766
create-total[ms]	64	6144	128	1024	GENERIC	38.04860
create[ns]	64	6144	128	1024	CLMUL	6.17129
create-total[ms]	64	6144	128	1024	CLMUL	38.82638
recover[ms]	64	6144	256	0	GENERIC	114.25321
recover[ms]	64	6144	256	0	CLMUL	20.15276
create[ns]	64	6144	256	1024	GENERIC	6.04779
create-total[ms]	64	6144	256	1024	GENERIC	38.04943
create[ns]	64	6144	256	1024	CLMUL	6.17131
create-total[ms]	64	6144	256	1024	CLMUL	38.82654
recover[ms]	64	6144	384	0	GENERIC	198.97625
recover[ms]	64	6144	384	0	CLMUL	39.81882
create[ns]	64	6144	384	1024	GENERIC	6.04704
create-total[ms]	64	6144	384	1024	GENERIC	38.04467
create[ns]	64	6144	384	1024	CLMUL	6.17130
create-total[ms]	64	6144	384	1024	CLMUL	38.82643
recover[ms]	64	6144	512	0	GENERIC	299.95477
recover[ms]	64	6144	512	0	CLMUL	65.75350
create[ns]	64	6144	512	1024	GENERIC	6.04690
create-total[ms]	64	6144	512	1024	GENERIC	38.04381
create[ns]	64	6144	512	1024	CLMUL	6.17121
create-total[ms]	64	6144	512	1024	CLMUL	38.82589
recover[ms]	64	6144	768	0	GENERIC	552.61052
recover[ms]	64	6144	768	0	CLMUL	135.88478
create[ns]	64	6144	768	1024	GENERIC	6.04769
create-total[ms]	64	6144	768	1024	GENERIC	38.04875
create[ns]	64	6144	768	1024	CLMUL	6.17121
create-total[ms]	64	6144	768	1024	CLMUL	38.82588
recover[ms]	64	6144	1024	0	GENERIC	872.21982
recover[ms]	64	6144	1024	0	CLMUL	231.00269
create[ns]	64	6144	1024	1024	GENERIC	6.04694
create-total[ms]	64	6144	1024	1024	GENERIC	38.04404
create[ns]	64	6144	1024	1024	CLMUL	6.17121
create-total[ms]	64	6144	1024	1024	CLMUL	38.82587
recover[ms]	64	6144	1536	0	GENERIC	1710.70348
recover[ms]	64	6144	1536	0	CLMUL	492.68722
create[ns]	64	6144	1536	1024	GENERIC	6.04685
create-total[ms]	64	6144	1536	1024	GENERIC	38.04346
create[ns]	64	6144	1536	1024	CLMUL	6.17112
create-total[ms]	64	6144	1536	1024	CLMUL	38.82534
recover[ms]	64	6144	2048	0	GENERIC	2815.36829
recover[ms]	64	6144	2048	0	CLMUL	852.17588
create[ns]	64	6144	2048	1024	GENERIC	6.04719
create-total[ms]	64	6144	2048	1024	GENERIC	38.04561
create[ns]	64	6144	2048	1024	CLMUL	6.17140
create-total[ms]	64	6144	2048	1024	CLMUL	38.82712
recover[ms]	64	7168	8	0	GENERIC	4.04242
recover[ms]	64	7168	8	0	CLMUL	0.27940
create[ns]	64	7168	8	1024	GENERIC	6.04454
create-total[ms]	64	7168	8	1024	GENERIC	44.36710
create[ns]	64	7168	8	1024	CLMUL	6.17129
create-total[ms]	64	7168	8	1024	CLMUL	45.29750
recover[ms]	64	7168	16	0	GENERIC	4.93574
recover[ms]	64	7168	16	0	CLMUL	0.55096
create[ns]	64	7168	16	1024	GENERIC	6.04522
create-total[ms]	64	7168	16	1024	GENERIC	44.37210
create[ns]	64	7168	16	1024	CLMUL	6.17133
create-total[ms]	64	7168	16	1024	CLMUL	45.29774
recover[ms]	64	7168	32	0	GENERIC	8.89352
recover[ms]	64	7168	32	0	CLMUL	1.17886
create[ns]	64	7168	32	1024	GENERIC	6.04463
create-total[ms]	64	7168	32	1024	GENERIC	44.36779
create[ns]	64	7168	32	1024	CLMUL	6.17131
create-total[ms]	64	7168	32	1024	CLMUL	45.29758
recover[ms]	64	7168	64	0	GENERIC	16.62506
recover[ms]	64	7168	64	0	CLMUL	2.83702
create[ns]	64	7168	64	1024	GENERIC	6.04459
create-total[ms]	64	7168	64	1024	GENERIC	44.36750
create[ns]	64	7168	64	1024	CLMUL	6.17123
create-total[ms]	64	7168	64	1024	CLMUL	45.29705
recover[ms]	64	7168	128	0	GENERIC	35.25119
recover[ms]	64	7168	128	0	CLMUL	7.29244
create[ns]	64	7168	128	1024	GENERIC	6.04459
create-total[ms]	64	7168	128	1024	GENERIC	44.36748
create[ns]	64	7168	128	1024	CLMUL	6.17114
create-total[ms]	64	7168	128	1024	CLMUL	45.29639
recover[ms]	64	7168	256	0	GENERIC	126.15246
recover[ms]	64	7168	256	0	CLMUL	21.09509
create[ns]	64	7168	256	1024	GENERIC	6.04468
create-total[ms]	64	7168	256	1024	GENERIC	44.36813
create[ns]	64	7168	256	1024	CLMUL	6.17121
create-total[ms]	64	7168	256	1024	CLMUL	45.29685
recover[ms]	64	7168	384	0	GENERIC	217.21444
recover[ms]	64	7168	384	0	CLMUL	41.33365
create[ns]	64	7168	384	1024	GENERIC	6.04474
create-total[ms]	64	7168	384	1024	GENERIC	44.36856
create[ns]	64	7168	384	1024	CLMUL	6.17137
create-total[ms]	64	7168	384	1024	CLMUL	45.29803
recover[ms]	64	7168	512	0	GENERIC	323.89035
recover[ms]	64	7168	512	0	CLMUL	67.71644
create[ns]	64	7168	512	1024	GENERIC	6.04459
create-total[ms]	64	7168	512	1024	GENERIC	44.36747
create[ns]	64	7168	512	1024	CLMUL	6.17120
create-total[ms]	64	7168	512	1024	CLMUL	45.29681
recover[ms]	64	7168	768	0	GENERIC	587.69736
recover[ms]	64	7168	768	0	CLMUL	138.73509
create[ns]	64	7168	768	1024	GENERIC	6.04453
create-total[ms]	64	7168	768	1024	GENERIC	44.36702
create[ns]	64	7168	768	1024	CLMUL	6.17130
create-total[ms]	64	7168	768	1024	CLMUL	45.29754
recover[ms]	64	7168	1024	0	GENERIC	918.18429
recover[ms]	64	7168	1024	0	CLMUL	234.91612
create[ns]	64	7168	1024	1024	GENERIC	6.04483
create-total[ms]	64	7168	1024	1024	GENERIC	44.36923
create[ns]	64	7168	1024	1024	CLMUL	6.17125
create-total[ms]	64	7168	1024	1024	CLMUL	45.29714
recover[ms]	64	7168	1536	0	GENERIC	1779.67800
recover[ms]	64	7168	1536	0	CLMUL	498.24790
create[ns]	64	7168	1536	1024	GENERIC	6.04511
create-total[ms]	64	7168	1536	1024	GENERIC	44.37133
create[ns]	64	7168	1536	1024	CLMUL	6.17129
create-total[ms]	64	7168	1536	1024	CLMUL	45.29744
recover[ms]	64	7168	2048	0	GENERIC	2909.14447
recover[ms]	64	7168	2048	0	CLMUL	860.74841
create[ns]	64	7168	2048	1024	GENERIC	6.04484
create-total[ms]	64	7168	2048	1024	GENERIC	44.36930
create[ns]	64	7168	2048	1024	CLMUL	6.17143
create-total[ms]	64	7168	2048	1024	CLMUL	45.29847
recover[ms]	64	8192	8	0	GENERIC	7.27440
recover[ms]	64	8192	8	0	CLMUL	0.31584
create[ns]	64	8192	8	1024	GENERIC	6.04371
create-total[ms]	64	8192	8	1024	GENERIC	50.69828
create[ns]	64	8192	8	1024	CLMUL	6.17132
create-total[ms]	64	8192	8	1024	CLMUL	51.76877
recover[ms]	64	8192	16	0	GENERIC	8.38551
recover[ms]	64	8192	16	0	CLMUL	0.61518
create[ns]	64	8192	16	1024	GENERIC	6.04303
create-total[ms]	64	8192	16	1024	GENERIC	50.69264
create[ns]	64	8192	16	1024	CLMUL	6.17125
create-total[ms]	64	8192	16	1024	CLMUL	51.76816
recover[ms]	64	8192	32	0	GENERIC	12.45817
recover[ms]	64	8192	32	0	CLMUL	1.30472
create[ns]	64	8192	32	1024	GENERIC	6.04385
create-total[ms]	64	8192	32	1024	GENERIC	50.69950
create[ns]	64	8192	32	1024	CLMUL	6.17127
create-total[ms]	64	8192	32	1024	CLMUL	51.76835
recover[ms]	64	8192	64	0	GENERIC	21.41408
recover[ms]	64	8192	64	0	CLMUL	3.09990
create[ns]	64	8192	64	1024	GENERIC	6.04288
create-total[ms]	64	8192	64	1024	GENERIC	50.69133
create[ns]	64	8192	64	1024	CLMUL	6.17117
create-total[ms]	64	8192	64	1024	CLMUL	51.76750
recover[ms]	64	8192	128	0	GENERIC	42.15789
recover[ms]	64	8192	128	0	CLMUL	7.79643
create[ns]	64	8192	128	1024	GENERIC	6.04448
create-total[ms]	64	8192	128	1024	GENERIC	50.70479
create[ns]	64	8192	128	1024	CLMUL	6.17134
create-total[ms]	64	8192	128	1024	CLMUL	51.76894
recover[ms]	64	8192	256	0	GENERIC	142.48047
recover[ms]	64	8192	256	0	CLMUL	22.07577
create[ns]	64	8192	256	1024	GENERIC	6.04394
create-total[ms]	64	8192	256	1024	GENERIC	50.70025
create[ns]	64	8192	256	1024	CLMUL	6.17132
create-total[ms]	64	8192	256	1024	CLMUL	51.76879
recover[ms]	64	8192	384	0	GENERIC	240.00138
recover[ms]	64	8192	384	0	CLMUL	42.70645
create[ns]	64	8192	384	1024	GENERIC	6.04274
create-total[ms]	64	8192	384	1024	GENERIC	50.69017
create[ns]	64	8192	384	1024	CLMUL	6.17117
create-total[ms]	64	8192	384	1024	CLMUL	51.76754
recover[ms]	64	8192	512	0	GENERIC	352.91219
recover[ms]	64	8192	512	0	CLMUL	69.56284
create[ns]	64	8192	512	1024	GENERIC	6.04292
create-total[ms]	64	8192	512	1024	GENERIC	50.69167
create[ns]	64	8192	512	1024	CLMUL	6.17123
create-total[ms]	64	8192	512	1024	CLMUL	51.76799
recover[ms]	64	8192	768	0	GENERIC	629.85238
recover[ms]	64	8192	768	0	CLMUL	141.70759
create[ns]	64	8192	768	1024	GENERIC	6.04312
create-total[ms]	64	8192	768	1024	GENERIC	50.69332
create[ns]	64	8192	768	1024	CLMUL	6.17141
create-total[ms]	64	8192	768	1024	CLMUL	51.76956
recover[ms]	64	8192	1024	0	GENERIC	975.09825
recover[ms]	64	8192	1024	0	CLMUL	238.65971
create[ns]	64	8192	1024	1024	GENERIC	6.04352
create-total[ms]	64	8192	1024	1024	GENERIC	50.69672
create[ns]	64	8192	1024	1024	CLMUL	6.17117
create-total[ms]	64	8192	1024	1024	CLMUL	51.76755
recover[ms]	64	8192	1536	0	GENERIC	1862.11963
recover[ms]	64	8192	1536	0	CLMUL	504.14928
create[ns]	64	8192	1536	1024	GENERIC	6.04293
create-total[ms]	64	8192	1536	1024	GENERIC	50.69174
create[ns]	64	8192	1536	1024	CLMUL	6.17132
create-total[ms]	64	8192	1536	1024	CLMUL	51.76877
recover[ms]	64	8192	2048	0	GENERIC	3014.06960
recover[ms]	64	8192	2048	0	CLMUL	868.41978
create[ns]	64	8192	2048	1024	GENERIC	6.04351
create-total[ms]	64	8192	2048	1024	GENERIC	50.69662
create[ns]	64	8192	2048	1024	CLMUL	6.17120
create-total[ms]	64	8192	2048	1024	CLMUL	51.76781
