metric	bits	capacity	errors	data_len	implementation	value
create-batch-K1[ns]	16	128	0	16	GENERIC	7.79443
create-batch-K1-total[ms]	16	128	0	16	GENERIC	0.01596
create-batch-K1[ns]	16	128	0	16	CLMUL	14.38623
create-batch-K1-total[ms]	16	128	0	16	CLMUL	0.02946
create-batch-K2[ns]	16	128	0	16	GENERIC	4.80176
create-batch-K2-total[ms]	16	128	0	16	GENERIC	0.00983
create-batch-K2[ns]	16	128	0	16	CLMUL	7.64990
create-batch-K2-total[ms]	16	128	0	16	CLMUL	0.01567
create-batch-K4[ns]	16	128	0	16	GENERIC	3.53564
create-batch-K4-total[ms]	16	128	0	16	GENERIC	0.00724
create-batch-K4[ns]	16	128	0	16	CLMUL	4.18652
create-batch-K4-total[ms]	16	128	0	16	CLMUL	0.00857
create-batch-K8[ns]	16	128	0	16	GENERIC	3.72559
create-batch-K8-total[ms]	16	128	0	16	GENERIC	0.00763
create-batch-K8[ns]	16	128	0	16	CLMUL	3.27344
create-batch-K8-total[ms]	16	128	0	16	CLMUL	0.00670
create-batch-K1[ns]	16	128	0	64	GENERIC	7.78088
create-batch-K1-total[ms]	16	128	0	64	GENERIC	0.06374
create-batch-K1[ns]	16	128	0	64	CLMUL	14.33655
create-batch-K1-total[ms]	16	128	0	64	CLMUL	0.11744
create-batch-K2[ns]	16	128	0	64	GENERIC	4.79919
create-batch-K2-total[ms]	16	128	0	64	GENERIC	0.03931
create-batch-K2[ns]	16	128	0	64	CLMUL	7.62720
create-batch-K2-total[ms]	16	128	0	64	CLMUL	0.06248
create-batch-K4[ns]	16	128	0	64	GENERIC	3.51965
create-batch-K4-total[ms]	16	128	0	64	GENERIC	0.02883
create-batch-K4[ns]	16	128	0	64	CLMUL	4.15271
create-batch-K4-total[ms]	16	128	0	64	CLMUL	0.03402
create-batch-K8[ns]	16	128	0	64	GENERIC	3.71411
create-batch-K8-total[ms]	16	128	0	64	GENERIC	0.03043
create-batch-K8[ns]	16	128	0	64	CLMUL	3.27551
create-batch-K8-total[ms]	16	128	0	64	CLMUL	0.02683
create-batch-K1[ns]	16	128	0	128	GENERIC	7.77863
create-batch-K1-total[ms]	16	128	0	128	GENERIC	0.12745
create-batch-K1[ns]	16	128	0	128	CLMUL	14.32977
create-batch-K1-total[ms]	16	128	0	128	CLMUL	0.23478
create-batch-K2[ns]	16	128	0	128	GENERIC	4.79578
create-batch-K2-total[ms]	16	128	0	128	GENERIC	0.07857
create-batch-K2[ns]	16	128	0	128	CLMUL	7.62036
create-batch-K2-total[ms]	16	128	0	128	CLMUL	0.12485
create-batch-K4[ns]	16	128	0	128	GENERIC	3.51746
create-batch-K4-total[ms]	16	128	0	128	GENERIC	0.05763
create-batch-K4[ns]	16	128	0	128	CLMUL	4.14594
create-batch-K4-total[ms]	16	128	0	128	CLMUL	0.06793
create-batch-K8[ns]	16	128	0	128	GENERIC	3.72205
create-batch-K8-total[ms]	16	128	0	128	GENERIC	0.06098
create-batch-K8[ns]	16	128	0	128	CLMUL	3.27673
create-batch-K8-total[ms]	16	128	0	128	CLMUL	0.05369
create-batch-K1[ns]	16	128	0	512	GENERIC	7.77158
create-batch-K1-total[ms]	16	128	0	512	GENERIC	0.50932
create-batch-K1[ns]	16	128	0	512	CLMUL	14.32469
create-batch-K1-total[ms]	16	128	0	512	CLMUL	0.93878
create-batch-K2[ns]	16	128	0	512	GENERIC	4.79214
create-batch-K2-total[ms]	16	128	0	512	GENERIC	0.31406
create-batch-K2[ns]	16	128	0	512	CLMUL	7.61813
create-batch-K2-total[ms]	16	128	0	512	CLMUL	0.49926
create-batch-K4[ns]	16	128	0	512	GENERIC	3.51886
create-batch-K4-total[ms]	16	128	0	512	GENERIC	0.23061
create-batch-K4[ns]	16	128	0	512	CLMUL	4.14223
create-batch-K4-total[ms]	16	128	0	512	CLMUL	0.27146
create-batch-K8[ns]	16	128	0	512	GENERIC	3.71893
create-batch-K8-total[ms]	16	128	0	512	GENERIC	0.24372
create-batch-K8[ns]	16	128	0	512	CLMUL	3.27388
create-batch-K8-total[ms]	16	128	0	512	CLMUL	0.21456
create-batch-K1[ns]	16	128	0	1024	GENERIC	7.77666
create-batch-K1-total[ms]	16	128	0	1024	GENERIC	1.01930
create-batch-K1[ns]	16	128	0	1024	CLMUL	14.32386
create-batch-K1-total[ms]	16	128	0	1024	CLMUL	1.87746
create-batch-K2[ns]	16	128	0	1024	GENERIC	4.79242
create-batch-K2-total[ms]	16	128	0	1024	GENERIC	0.62815
create-batch-K2[ns]	16	128	0	1024	CLMUL	4.76105
create-batch-K2-total[ms]	16	128	0	1024	CLMUL	0.62404
create-batch-K4[ns]	16	128	0	1024	GENERIC	2.19869
create-batch-K4-total[ms]	16	128	0	1024	GENERIC	0.28819
create-batch-K4[ns]	16	128	0	1024	CLMUL	2.58864
create-batch-K4-total[ms]	16	128	0	1024	CLMUL	0.33930
create-batch-K8[ns]	16	128	0	1024	GENERIC	2.32713
create-batch-K8-total[ms]	16	128	0	1024	GENERIC	0.30502
create-batch-K8[ns]	16	128	0	1024	CLMUL	2.04596
create-batch-K8-total[ms]	16	128	0	1024	CLMUL	0.26817
create-batch-K1[ns]	16	128	0	2048	GENERIC	4.85989
create-batch-K1-total[ms]	16	128	0	2048	GENERIC	1.27399
create-batch-K1[ns]	16	128	0	2048	CLMUL	8.95216
create-batch-K1-total[ms]	16	128	0	2048	CLMUL	2.34676
create-batch-K2[ns]	16	128	0	2048	GENERIC	2.99668
create-batch-K2-total[ms]	16	128	0	2048	GENERIC	0.78556
create-batch-K2[ns]	16	128	0	2048	CLMUL	4.76091
create-batch-K2-total[ms]	16	128	0	2048	CLMUL	1.24804
create-batch-K4[ns]	16	128	0	2048	GENERIC	2.19714
create-batch-K4-total[ms]	16	128	0	2048	GENERIC	0.57597
create-batch-K4[ns]	16	128	0	2048	CLMUL	2.58857
create-batch-K4-total[ms]	16	128	0	2048	CLMUL	0.67858
create-batch-K8[ns]	16	128	0	2048	GENERIC	2.32677
create-batch-K8-total[ms]	16	128	0	2048	GENERIC	0.60995
create-batch-K8[ns]	16	128	0	2048	CLMUL	2.04582
create-batch-K8-total[ms]	16	128	0	2048	CLMUL	0.53630
create-batch-K1[ns]	16	128	0	4096	GENERIC	4.86003
create-batch-K1-total[ms]	16	128	0	4096	GENERIC	2.54805
create-batch-K1[ns]	16	128	0	4096	CLMUL	8.95962
create-batch-K1-total[ms]	16	128	0	4096	CLMUL	4.69742
create-batch-K2[ns]	16	128	0	4096	GENERIC	2.99604
create-batch-K2-total[ms]	16	128	0	4096	GENERIC	1.57079
create-batch-K2[ns]	16	128	0	4096	CLMUL	4.76105
create-batch-K2-total[ms]	16	128	0	4096	CLMUL	2.49616
create-batch-K4[ns]	16	128	0	4096	GENERIC	2.19802
create-batch-K4-total[ms]	16	128	0	4096	GENERIC	1.15240
create-batch-K4[ns]	16	128	0	4096	CLMUL	2.58847
create-batch-K4-total[ms]	16	128	0	4096	CLMUL	1.35710
create-batch-K8[ns]	16	128	0	4096	GENERIC	2.32546
create-batch-K8-total[ms]	16	128	0	4096	GENERIC	1.21921
create-batch-K8[ns]	16	128	0	4096	CLMUL	2.04589
create-batch-K8-total[ms]	16	128	0	4096	CLMUL	1.07264
create-batch-K1[ns]	16	128	0	8192	GENERIC	4.86319
create-batch-K1-total[ms]	16	128	0	8192	GENERIC	5.09942
create-batch-K1[ns]	16	128	0	8192	CLMUL	8.96799
create-batch-K1-total[ms]	16	128	0	8192	CLMUL	9.40362
create-batch-K2[ns]	16	128	0	8192	GENERIC	2.99781
create-batch-K2-total[ms]	16	128	0	8192	GENERIC	3.14343
create-batch-K2[ns]	16	128	0	8192	CLMUL	4.76427
create-batch-K2-total[ms]	16	128	0	8192	CLMUL	4.99570
create-batch-K4[ns]	16	128	0	8192	GENERIC	2.19947
create-batch-K4-total[ms]	16	128	0	8192	GENERIC	2.30631
create-batch-K4[ns]	16	128	0	8192	CLMUL	2.59044
create-batch-K4-total[ms]	16	128	0	8192	CLMUL	2.71628
create-batch-K8[ns]	16	128	0	8192	GENERIC	2.32197
create-batch-K8-total[ms]	16	128	0	8192	GENERIC	2.43476
create-batch-K8[ns]	16	128	0	8192	CLMUL	2.04762
create-batch-K8-total[ms]	16	128	0	8192	CLMUL	2.14709
create-batch-K1[ns]	16	256	0	16	GENERIC	4.76978
create-batch-K1-total[ms]	16	256	0	16	GENERIC	0.01954
create-batch-K1[ns]	16	256	0	16	CLMUL	9.07837
create-batch-K1-total[ms]	16	256	0	16	CLMUL	0.03718
create-batch-K2[ns]	16	256	0	16	GENERIC	2.88013
create-batch-K2-total[ms]	16	256	0	16	GENERIC	0.01180
create-batch-K2[ns]	16	256	0	16	CLMUL	4.78784
create-batch-K2-total[ms]	16	256	0	16	CLMUL	0.01961
create-batch-K4[ns]	16	256	0	16	GENERIC	2.08423
create-batch-K4-total[ms]	16	256	0	16	GENERIC	0.00854
create-batch-K4[ns]	16	256	0	16	CLMUL	2.59058
create-batch-K4-total[ms]	16	256	0	16	CLMUL	0.01061
create-batch-K8[ns]	16	256	0	16	GENERIC	2.19263
create-batch-K8-total[ms]	16	256	0	16	GENERIC	0.00898
create-batch-K8[ns]	16	256	0	16	CLMUL	2.02979
create-batch-K8-total[ms]	16	256	0	16	CLMUL	0.00831
create-batch-K1[ns]	16	256	0	64	GENERIC	4.76190
create-batch-K1-total[ms]	16	256	0	64	GENERIC	0.07802
create-batch-K1[ns]	16	256	0	64	CLMUL	9.07959
create-batch-K1-total[ms]	16	256	0	64	CLMUL	0.14876
create-batch-K2[ns]	16	256	0	64	GENERIC	2.87769
create-batch-K2-total[ms]	16	256	0	64	GENERIC	0.04715
create-batch-K2[ns]	16	256	0	64	CLMUL	4.77771
create-batch-K2-total[ms]	16	256	0	64	CLMUL	0.07828
create-batch-K4[ns]	16	256	0	64	GENERIC	2.07300
create-batch-K4-total[ms]	16	256	0	64	GENERIC	0.03396
create-batch-K4[ns]	16	256	0	64	CLMUL	2.58606
create-batch-K4-total[ms]	16	256	0	64	CLMUL	0.04237
create-batch-K8[ns]	16	256	0	64	GENERIC	2.19611
create-batch-K8-total[ms]	16	256	0	64	GENERIC	0.03598
create-batch-K8[ns]	16	256	0	64	CLMUL	2.02661
create-batch-K8-total[ms]	16	256	0	64	CLMUL	0.03320
create-batch-K1[ns]	16	256	0	128	GENERIC	4.76642
create-batch-K1-total[ms]	16	256	0	128	GENERIC	0.15619
create-batch-K1[ns]	16	256	0	128	CLMUL	9.07620
create-batch-K1-total[ms]	16	256	0	128	CLMUL	0.29741
create-batch-K2[ns]	16	256	0	128	GENERIC	2.87772
create-batch-K2-total[ms]	16	256	0	128	GENERIC	0.09430
create-batch-K2[ns]	16	256	0	128	CLMUL	4.77774
create-batch-K2-total[ms]	16	256	0	128	CLMUL	0.15656
create-batch-K4[ns]	16	256	0	128	GENERIC	2.07407
create-batch-K4-total[ms]	16	256	0	128	GENERIC	0.06796
create-batch-K4[ns]	16	256	0	128	CLMUL	2.58496
create-batch-K4-total[ms]	16	256	0	128	CLMUL	0.08470
create-batch-K8[ns]	16	256	0	128	GENERIC	2.19275
create-batch-K8-total[ms]	16	256	0	128	GENERIC	0.07185
create-batch-K8[ns]	16	256	0	128	CLMUL	2.03394
create-batch-K8-total[ms]	16	256	0	128	CLMUL	0.06665
create-batch-K1[ns]	16	256	0	512	GENERIC	4.76812
create-batch-K1-total[ms]	16	256	0	512	GENERIC	0.62497
create-batch-K1[ns]	16	256	0	512	CLMUL	9.05996
create-batch-K1-total[ms]	16	256	0	512	CLMUL	1.18751
create-batch-K2[ns]	16	256	0	512	GENERIC	2.87898
create-batch-K2-total[ms]	16	256	0	512	GENERIC	0.37735
create-batch-K2[ns]	16	256	0	512	CLMUL	4.77660
create-batch-K2-total[ms]	16	256	0	512	CLMUL	0.62608
create-batch-K4[ns]	16	256	0	512	GENERIC	2.06969
create-batch-K4-total[ms]	16	256	0	512	GENERIC	0.27128
create-batch-K4[ns]	16	256	0	512	CLMUL	2.58356
create-batch-K4-total[ms]	16	256	0	512	CLMUL	0.33863
create-batch-K8[ns]	16	256	0	512	GENERIC	2.20222
create-batch-K8-total[ms]	16	256	0	512	GENERIC	0.28865
create-batch-K8[ns]	16	256	0	512	CLMUL	2.03367
create-batch-K8-total[ms]	16	256	0	512	CLMUL	0.26656
create-batch-K1[ns]	16	256	0	1024	GENERIC	4.76664
create-batch-K1-total[ms]	16	256	0	1024	GENERIC	1.24954
create-batch-K1[ns]	16	256	0	1024	CLMUL	9.07416
create-batch-K1-total[ms]	16	256	0	1024	CLMUL	2.37874
create-batch-K2[ns]	16	256	0	1024	GENERIC	2.87856
create-batch-K2-total[ms]	16	256	0	1024	GENERIC	0.75460
create-batch-K2[ns]	16	256	0	1024	CLMUL	4.77639
create-batch-K2-total[ms]	16	256	0	1024	CLMUL	1.25210
create-batch-K4[ns]	16	256	0	1024	GENERIC	2.07168
create-batch-K4-total[ms]	16	256	0	1024	GENERIC	0.54308
create-batch-K4[ns]	16	256	0	1024	CLMUL	2.58341
create-batch-K4-total[ms]	16	256	0	1024	CLMUL	0.67723
create-batch-K8[ns]	16	256	0	1024	GENERIC	2.20032
create-batch-K8-total[ms]	16	256	0	1024	GENERIC	0.57680
create-batch-K8[ns]	16	256	0	1024	CLMUL	2.03332
create-batch-K8-total[ms]	16	256	0	1024	CLMUL	0.53302
create-batch-K1[ns]	16	256	0	2048	GENERIC	4.76717
create-batch-K1-total[ms]	16	256	0	2048	GENERIC	2.49937
create-batch-K1[ns]	16	256	0	2048	CLMUL	9.07003
create-batch-K1-total[ms]	16	256	0	2048	CLMUL	4.75531
create-batch-K2[ns]	16	256	0	2048	GENERIC	2.88015
create-batch-K2-total[ms]	16	256	0	2048	GENERIC	1.51003
create-batch-K2[ns]	16	256	0	2048	CLMUL	4.77642
create-batch-K2-total[ms]	16	256	0	2048	CLMUL	2.50422
create-batch-K4[ns]	16	256	0	2048	GENERIC	2.07164
create-batch-K4-total[ms]	16	256	0	2048	GENERIC	1.08614
create-batch-K4[ns]	16	256	0	2048	CLMUL	2.58334
create-batch-K4-total[ms]	16	256	0	2048	CLMUL	1.35442
create-batch-K8[ns]	16	256	0	2048	GENERIC	2.19152
create-batch-K8-total[ms]	16	256	0	2048	GENERIC	1.14899
create-batch-K8[ns]	16	256	0	2048	CLMUL	2.03427
create-batch-K8-total[ms]	16	256	0	2048	CLMUL	1.06654
create-batch-K1[ns]	16	256	0	4096	GENERIC	4.76925
create-batch-K1-total[ms]	16	256	0	4096	GENERIC	5.00092
create-batch-K1[ns]	16	256	0	4096	CLMUL	9.06627
create-batch-K1-total[ms]	16	256	0	4096	CLMUL	9.50667
create-batch-K2[ns]	16	256	0	4096	GENERIC	2.87944
create-batch-K2-total[ms]	16	256	0	4096	GENERIC	3.01932
create-batch-K2[ns]	16	256	0	4096	CLMUL	4.77801
create-batch-K2-total[ms]	16	256	0	4096	CLMUL	5.01011
create-batch-K4[ns]	16	256	0	4096	GENERIC	2.07164
create-batch-K4-total[ms]	16	256	0	4096	GENERIC	2.17227
create-batch-K4[ns]	16	256	0	4096	CLMUL	2.58336
create-batch-K4-total[ms]	16	256	0	4096	CLMUL	2.70885
create-batch-K8[ns]	16	256	0	4096	GENERIC	2.20277
create-batch-K8-total[ms]	16	256	0	4096	GENERIC	2.30977
create-batch-K8[ns]	16	256	0	4096	CLMUL	2.03459
create-batch-K8-total[ms]	16	256	0	4096	CLMUL	2.13342
create-batch-K1[ns]	16	256	0	8192	GENERIC	4.77036
create-batch-K1-total[ms]	16	256	0	8192	GENERIC	10.00418
create-batch-K1[ns]	16	256	0	8192	CLMUL	9.07012
create-batch-K1-total[ms]	16	256	0	8192	CLMUL	19.02142
create-batch-K2[ns]	16	256	0	8192	GENERIC	2.88178
create-batch-K2-total[ms]	16	256	0	8192	GENERIC	6.04352
create-batch-K2[ns]	16	256	0	8192	CLMUL	4.77868
create-batch-K2-total[ms]	16	256	0	8192	CLMUL	10.02162
create-batch-K4[ns]	16	256	0	8192	GENERIC	2.07428
create-batch-K4-total[ms]	16	256	0	8192	GENERIC	4.35008
create-batch-K4[ns]	16	256	0	8192	CLMUL	2.58467
create-batch-K4-total[ms]	16	256	0	8192	CLMUL	5.42044
create-batch-K8[ns]	16	256	0	8192	GENERIC	2.20413
create-batch-K8-total[ms]	16	256	0	8192	GENERIC	4.62240
create-batch-K8[ns]	16	256	0	8192	CLMUL	2.03552
create-batch-K8-total[ms]	16	256	0	8192	CLMUL	4.26880
create-batch-K1[ns]	16	512	0	16	GENERIC	4.71777
create-batch-K1-total[ms]	16	512	0	16	GENERIC	0.03865
create-batch-K1[ns]	16	512	0	16	CLMUL	9.13721
create-batch-K1-total[ms]	16	512	0	16	CLMUL	0.07485
create-batch-K2[ns]	16	512	0	16	GENERIC	2.82349
create-batch-K2-total[ms]	16	512	0	16	GENERIC	0.02313
create-batch-K2[ns]	16	512	0	16	CLMUL	4.79236
create-batch-K2-total[ms]	16	512	0	16	CLMUL	0.03926
create-batch-K4[ns]	16	512	0	16	GENERIC	2.00964
create-batch-K4-total[ms]	16	512	0	16	GENERIC	0.01646
create-batch-K4[ns]	16	512	0	16	CLMUL	2.58838
create-batch-K4-total[ms]	16	512	0	16	CLMUL	0.02120
create-batch-K8[ns]	16	512	0	16	GENERIC	2.14307
create-batch-K8-total[ms]	16	512	0	16	GENERIC	0.01756
create-batch-K8[ns]	16	512	0	16	CLMUL	2.01648
create-batch-K8-total[ms]	16	512	0	16	CLMUL	0.01652
create-batch-K1[ns]	16	512	0	64	GENERIC	4.71500
create-batch-K1-total[ms]	16	512	0	64	GENERIC	0.15450
create-batch-K1[ns]	16	512	0	64	CLMUL	9.13159
create-batch-K1-total[ms]	16	512	0	64	CLMUL	0.29922
create-batch-K2[ns]	16	512	0	64	GENERIC	2.82288
create-batch-K2-total[ms]	16	512	0	64	GENERIC	0.09250
create-batch-K2[ns]	16	512	0	64	CLMUL	4.78903
create-batch-K2-total[ms]	16	512	0	64	CLMUL	0.15693
create-batch-K4[ns]	16	512	0	64	GENERIC	2.01361
create-batch-K4-total[ms]	16	512	0	64	GENERIC	0.06598
create-batch-K4[ns]	16	512	0	64	CLMUL	2.58496
create-batch-K4-total[ms]	16	512	0	64	CLMUL	0.08470
create-batch-K8[ns]	16	512	0	64	GENERIC	2.14020
create-batch-K8-total[ms]	16	512	0	64	GENERIC	0.07013
create-batch-K8[ns]	16	512	0	64	CLMUL	2.01416
create-batch-K8-total[ms]	16	512	0	64	CLMUL	0.06600
create-batch-K1[ns]	16	512	0	128	GENERIC	4.71556
create-batch-K1-total[ms]	16	512	0	128	GENERIC	0.30904
create-batch-K1[ns]	16	512	0	128	CLMUL	9.13074
create-batch-K1-total[ms]	16	512	0	128	CLMUL	0.59839
create-batch-K2[ns]	16	512	0	128	GENERIC	2.82487
create-batch-K2-total[ms]	16	512	0	128	GENERIC	0.18513
create-batch-K2[ns]	16	512	0	128	CLMUL	4.78874
create-batch-K2-total[ms]	16	512	0	128	CLMUL	0.31383
create-batch-K4[ns]	16	512	0	128	GENERIC	2.01077
create-batch-K4-total[ms]	16	512	0	128	GENERIC	0.13178
create-batch-K4[ns]	16	512	0	128	CLMUL	2.58412
create-batch-K4-total[ms]	16	512	0	128	CLMUL	0.16935
create-batch-K8[ns]	16	512	0	128	GENERIC	2.14133
create-batch-K8-total[ms]	16	512	0	128	GENERIC	0.14033
create-batch-K8[ns]	16	512	0	128	CLMUL	2.01361
create-batch-K8-total[ms]	16	512	0	128	CLMUL	0.13196
create-batch-K1[ns]	16	512	0	512	GENERIC	4.71719
create-batch-K1-total[ms]	16	512	0	512	GENERIC	1.23658
create-batch-K1[ns]	16	512	0	512	CLMUL	9.12997
create-batch-K1-total[ms]	16	512	0	512	CLMUL	2.39337
create-batch-K2[ns]	16	512	0	512	GENERIC	2.82529
create-batch-K2-total[ms]	16	512	0	512	GENERIC	0.74063
create-batch-K2[ns]	16	512	0	512	CLMUL	4.78847
create-batch-K2-total[ms]	16	512	0	512	CLMUL	1.25527
create-batch-K4[ns]	16	512	0	512	GENERIC	2.00909
create-batch-K4-total[ms]	16	512	0	512	GENERIC	0.52667
create-batch-K4[ns]	16	512	0	512	CLMUL	2.58363
create-batch-K4-total[ms]	16	512	0	512	CLMUL	0.67728
create-batch-K8[ns]	16	512	0	512	GENERIC	2.13151
create-batch-K8-total[ms]	16	512	0	512	GENERIC	0.55876
create-batch-K8[ns]	16	512	0	512	CLMUL	2.01368
create-batch-K8-total[ms]	16	512	0	512	CLMUL	0.52787
create-batch-K1[ns]	16	512	0	1024	GENERIC	4.71867
create-batch-K1-total[ms]	16	512	0	1024	GENERIC	2.47394
create-batch-K1[ns]	16	512	0	1024	CLMUL	9.13315
create-batch-K1-total[ms]	16	512	0	1024	CLMUL	4.78840
create-batch-K2[ns]	16	512	0	1024	GENERIC	2.82621
create-batch-K2-total[ms]	16	512	0	1024	GENERIC	1.48175
create-batch-K2[ns]	16	512	0	1024	CLMUL	4.78829
create-batch-K2-total[ms]	16	512	0	1024	CLMUL	2.51044
create-batch-K4[ns]	16	512	0	1024	GENERIC	2.00993
create-batch-K4-total[ms]	16	512	0	1024	GENERIC	1.05378
create-batch-K4[ns]	16	512	0	1024	CLMUL	2.58356
create-batch-K4-total[ms]	16	512	0	1024	CLMUL	1.35453
create-batch-K8[ns]	16	512	0	1024	GENERIC	2.14235
create-batch-K8-total[ms]	16	512	0	1024	GENERIC	1.12321
create-batch-K8[ns]	16	512	0	1024	CLMUL	2.01368
create-batch-K8-total[ms]	16	512	0	1024	CLMUL	1.05575
create-batch-K1[ns]	16	512	0	2048	GENERIC	4.72056
create-batch-K1-total[ms]	16	512	0	2048	GENERIC	4.94986
create-batch-K1[ns]	16	512	0	2048	CLMUL	9.13315
create-batch-K1-total[ms]	16	512	0	2048	CLMUL	9.57680
create-batch-K2[ns]	16	512	0	2048	GENERIC	2.82660
create-batch-K2-total[ms]	16	512	0	2048	GENERIC	2.96391
create-batch-K2[ns]	16	512	0	2048	CLMUL	4.78967
create-batch-K2-total[ms]	16	512	0	2048	CLMUL	5.02233
create-batch-K4[ns]	16	512	0	2048	GENERIC	2.01066
create-batch-K4-total[ms]	16	512	0	2048	GENERIC	2.10833
create-batch-K4[ns]	16	512	0	2048	CLMUL	2.58352
create-batch-K4-total[ms]	16	512	0	2048	CLMUL	2.70902
create-batch-K8[ns]	16	512	0	2048	GENERIC	2.14502
create-batch-K8-total[ms]	16	512	0	2048	GENERIC	2.24922
create-batch-K8[ns]	16	512	0	2048	CLMUL	2.01373
create-batch-K8-total[ms]	16	512	0	2048	CLMUL	2.11155
create-batch-K1[ns]	16	512	0	4096	GENERIC	4.72050
create-batch-K1-total[ms]	16	512	0	4096	GENERIC	9.89960
create-batch-K1[ns]	16	512	0	4096	CLMUL	9.13323
create-batch-K1-total[ms]	16	512	0	4096	CLMUL	19.15377
create-batch-K2[ns]	16	512	0	4096	GENERIC	2.82673
create-batch-K2-total[ms]	16	512	0	4096	GENERIC	5.92807
create-batch-K2[ns]	16	512	0	4096	CLMUL	4.78978
create-batch-K2-total[ms]	16	512	0	4096	CLMUL	10.04490
create-batch-K4[ns]	16	512	0	4096	GENERIC	2.01164
create-batch-K4-total[ms]	16	512	0	4096	GENERIC	4.21871
create-batch-K4[ns]	16	512	0	4096	CLMUL	2.58429
create-batch-K4-total[ms]	16	512	0	4096	CLMUL	5.41965
create-batch-K8[ns]	16	512	0	4096	GENERIC	2.14575
create-batch-K8-total[ms]	16	512	0	4096	GENERIC	4.49997
create-batch-K8[ns]	16	512	0	4096	CLMUL	2.01439
create-batch-K8-total[ms]	16	512	0	4096	CLMUL	4.22449
create-batch-K1[ns]	16	512	0	8192	GENERIC	4.72137
create-batch-K1-total[ms]	16	512	0	8192	GENERIC	19.80285
create-batch-K1[ns]	16	512	0	8192	CLMUL	9.13392
create-batch-K1-total[ms]	16	512	0	8192	CLMUL	38.31043
create-batch-K2[ns]	16	512	0	8192	GENERIC	2.82804
create-batch-K2-total[ms]	16	512	0	8192	GENERIC	11.86167
create-batch-K2[ns]	16	512	0	8192	CLMUL	4.79054
create-batch-K2-total[ms]	16	512	0	8192	CLMUL	20.09300
create-batch-K4[ns]	16	512	0	8192	GENERIC	2.01236
create-batch-K4-total[ms]	16	512	0	8192	GENERIC	8.44046
create-batch-K4[ns]	16	512	0	8192	CLMUL	2.58450
create-batch-K4-total[ms]	16	512	0	8192	CLMUL	10.84016
create-batch-K8[ns]	16	512	0	8192	GENERIC	2.14676
create-batch-K8-total[ms]	16	512	0	8192	GENERIC	9.00417
create-batch-K8[ns]	16	512	0	8192	CLMUL	2.01495
create-batch-K8-total[ms]	16	512	0	8192	CLMUL	8.45130
create-batch-K1[ns]	16	1024	0	16	GENERIC	4.68506
create-batch-K1-total[ms]	16	1024	0	16	GENERIC	0.07676
create-batch-K1[ns]	16	1024	0	16	CLMUL	9.15082
create-batch-K1-total[ms]	16	1024	0	16	CLMUL	0.14993
create-batch-K2[ns]	16	1024	0	16	GENERIC	2.78839
create-batch-K2-total[ms]	16	1024	0	16	GENERIC	0.04569
create-batch-K2[ns]	16	1024	0	16	CLMUL	4.79242
create-batch-K2-total[ms]	16	1024	0	16	CLMUL	0.07852
create-batch-K4[ns]	16	1024	0	16	GENERIC	1.97461
create-batch-K4-total[ms]	16	1024	0	16	GENERIC	0.03235
create-batch-K4[ns]	16	1024	0	16	CLMUL	2.58270
create-batch-K4-total[ms]	16	1024	0	16	CLMUL	0.04231
create-batch-K8[ns]	16	1024	0	16	GENERIC	2.10010
create-batch-K8-total[ms]	16	1024	0	16	GENERIC	0.03441
create-batch-K8[ns]	16	1024	0	16	CLMUL	2.01300
create-batch-K8-total[ms]	16	1024	0	16	CLMUL	0.03298
create-batch-K1[ns]	16	1024	0	64	GENERIC	4.68166
create-batch-K1-total[ms]	16	1024	0	64	GENERIC	0.30682
create-batch-K1[ns]	16	1024	0	64	CLMUL	9.14912
create-batch-K1-total[ms]	16	1024	0	64	CLMUL	0.59960
create-batch-K2[ns]	16	1024	0	64	GENERIC	2.78729
create-batch-K2-total[ms]	16	1024	0	64	GENERIC	0.18267
create-batch-K2[ns]	16	1024	0	64	CLMUL	4.79044
create-batch-K2-total[ms]	16	1024	0	64	CLMUL	0.31395
create-batch-K4[ns]	16	1024	0	64	GENERIC	1.97517
create-batch-K4-total[ms]	16	1024	0	64	GENERIC	0.12945
create-batch-K4[ns]	16	1024	0	64	CLMUL	2.58130
create-batch-K4-total[ms]	16	1024	0	64	CLMUL	0.16917
create-batch-K8[ns]	16	1024	0	64	GENERIC	2.10573
create-batch-K8-total[ms]	16	1024	0	64	GENERIC	0.13800
create-batch-K8[ns]	16	1024	0	64	CLMUL	2.01077
create-batch-K8-total[ms]	16	1024	0	64	CLMUL	0.13178
create-batch-K1[ns]	16	1024	0	128	GENERIC	4.68208
create-batch-K1-total[ms]	16	1024	0	128	GENERIC	0.61369
create-batch-K1[ns]	16	1024	0	128	CLMUL	9.14869
create-batch-K1-total[ms]	16	1024	0	128	CLMUL	1.19914
create-batch-K2[ns]	16	1024	0	128	GENERIC	2.78997
create-batch-K2-total[ms]	16	1024	0	128	GENERIC	0.36569
create-batch-K2[ns]	16	1024	0	128	CLMUL	4.79016
create-batch-K2-total[ms]	16	1024	0	128	CLMUL	0.62786
create-batch-K4[ns]	16	1024	0	128	GENERIC	1.97320
create-batch-K4-total[ms]	16	1024	0	128	GENERIC	0.25863
create-batch-K4[ns]	16	1024	0	128	CLMUL	2.58115
create-batch-K4-total[ms]	16	1024	0	128	CLMUL	0.33832
create-batch-K8[ns]	16	1024	0	128	GENERIC	2.10898
create-batch-K8-total[ms]	16	1024	0	128	GENERIC	0.27643
create-batch-K8[ns]	16	1024	0	128	CLMUL	2.01035
create-batch-K8-total[ms]	16	1024	0	128	CLMUL	0.26350
create-batch-K1[ns]	16	1024	0	512	GENERIC	4.68395
create-batch-K1-total[ms]	16	1024	0	512	GENERIC	2.45574
create-batch-K1[ns]	16	1024	0	512	CLMUL	9.15148
create-batch-K1-total[ms]	16	1024	0	512	CLMUL	4.79801
create-batch-K2[ns]	16	1024	0	512	GENERIC	2.78969
create-batch-K2-total[ms]	16	1024	0	512	GENERIC	1.46260
create-batch-K2[ns]	16	1024	0	512	CLMUL	4.78995
create-batch-K2-total[ms]	16	1024	0	512	CLMUL	2.51131
create-batch-K4[ns]	16	1024	0	512	GENERIC	1.97330
create-batch-K4-total[ms]	16	1024	0	512	GENERIC	1.03458
create-batch-K4[ns]	16	1024	0	512	CLMUL	2.58087
create-batch-K4-total[ms]	16	1024	0	512	CLMUL	1.35312
create-batch-K8[ns]	16	1024	0	512	GENERIC	2.10043
create-batch-K8-total[ms]	16	1024	0	512	GENERIC	1.10123
create-batch-K8[ns]	16	1024	0	512	CLMUL	2.01039
create-batch-K8-total[ms]	16	1024	0	512	CLMUL	1.05403
create-batch-K1[ns]	16	1024	0	1024	GENERIC	4.68464
create-batch-K1-total[ms]	16	1024	0	1024	GENERIC	4.91220
create-batch-K1[ns]	16	1024	0	1024	CLMUL	9.15148
create-batch-K1-total[ms]	16	1024	0	1024	CLMUL	9.59602
create-batch-K2[ns]	16	1024	0	1024	GENERIC	2.79058
create-batch-K2-total[ms]	16	1024	0	1024	GENERIC	2.92613
create-batch-K2[ns]	16	1024	0	1024	CLMUL	4.79145
create-batch-K2-total[ms]	16	1024	0	1024	CLMUL	5.02420
create-batch-K4[ns]	16	1024	0	1024	GENERIC	1.97500
create-batch-K4-total[ms]	16	1024	0	1024	GENERIC	2.07094
create-batch-K4[ns]	16	1024	0	1024	CLMUL	2.58085
create-batch-K4-total[ms]	16	1024	0	1024	CLMUL	2.70622
create-batch-K8[ns]	16	1024	0	1024	GENERIC	2.11090
create-batch-K8-total[ms]	16	1024	0	1024	GENERIC	2.21344
create-batch-K8[ns]	16	1024	0	1024	CLMUL	2.01038
create-batch-K8-total[ms]	16	1024	0	1024	CLMUL	2.10803
create-batch-K1[ns]	16	1024	0	2048	GENERIC	4.68538
create-batch-K1-total[ms]	16	1024	0	2048	GENERIC	9.82595
create-batch-K1[ns]	16	1024	0	2048	CLMUL	9.15146
create-batch-K1-total[ms]	16	1024	0	2048	CLMUL	19.19199
create-batch-K2[ns]	16	1024	0	2048	GENERIC	2.79097
create-batch-K2-total[ms]	16	1024	0	2048	GENERIC	5.85309
create-batch-K2[ns]	16	1024	0	2048	CLMUL	4.79167
create-batch-K2-total[ms]	16	1024	0	2048	CLMUL	10.04886
create-batch-K4[ns]	16	1024	0	2048	GENERIC	1.97588
create-batch-K4-total[ms]	16	1024	0	2048	GENERIC	4.14371
create-batch-K4[ns]	16	1024	0	2048	CLMUL	2.58161
create-batch-K4-total[ms]	16	1024	0	2048	CLMUL	5.41404
create-batch-K8[ns]	16	1024	0	2048	GENERIC	2.11198
create-batch-K8-total[ms]	16	1024	0	2048	GENERIC	4.42914
create-batch-K8[ns]	16	1024	0	2048	CLMUL	2.01128
create-batch-K8-total[ms]	16	1024	0	2048	CLMUL	4.21795
create-batch-K1[ns]	16	1024	0	4096	GENERIC	4.68585
create-batch-K1-total[ms]	16	1024	0	4096	GENERIC	19.65387
create-batch-K1[ns]	16	1024	0	4096	CLMUL	9.15219
create-batch-K1-total[ms]	16	1024	0	4096	CLMUL	38.38708
create-batch-K2[ns]	16	1024	0	4096	GENERIC	2.79108
create-batch-K2-total[ms]	16	1024	0	4096	GENERIC	11.70665
create-batch-K2[ns]	16	1024	0	4096	CLMUL	4.79193
create-batch-K2-total[ms]	16	1024	0	4096	CLMUL	20.09881
create-batch-K4[ns]	16	1024	0	4096	GENERIC	1.97707
create-batch-K4-total[ms]	16	1024	0	4096	GENERIC	8.29244
create-batch-K4[ns]	16	1024	0	4096	CLMUL	2.58194
create-batch-K4-total[ms]	16	1024	0	4096	CLMUL	10.82942
create-batch-K8[ns]	16	1024	0	4096	GENERIC	2.10733
create-batch-K8-total[ms]	16	1024	0	4096	GENERIC	8.83878
create-batch-K8[ns]	16	1024	0	4096	CLMUL	2.01124
create-batch-K8-total[ms]	16	1024	0	4096	CLMUL	8.43576
create-batch-K1[ns]	16	1024	0	8192	GENERIC	4.68577
create-batch-K1-total[ms]	16	1024	0	8192	GENERIC	39.30709
create-batch-K1[ns]	16	1024	0	8192	CLMUL	9.15241
create-batch-K1-total[ms]	16	1024	0	8192	CLMUL	76.77598
create-batch-K2[ns]	16	1024	0	8192	GENERIC	2.79154
create-batch-K2-total[ms]	16	1024	0	8192	GENERIC	23.41711
create-batch-K2[ns]	16	1024	0	8192	CLMUL	4.79228
create-batch-K2-total[ms]	16	1024	0	8192	CLMUL	40.20058
create-batch-K4[ns]	16	1024	0	8192	GENERIC	1.97756
create-batch-K4-total[ms]	16	1024	0	8192	GENERIC	16.58898
create-batch-K4[ns]	16	1024	0	8192	CLMUL	2.58190
create-batch-K4-total[ms]	16	1024	0	8192	CLMUL	21.65853
create-batch-K8[ns]	16	1024	0	8192	GENERIC	2.11276
create-batch-K8-total[ms]	16	1024	0	8192	GENERIC	17.72310
create-batch-K8[ns]	16	1024	0	8192	CLMUL	2.01138
create-batch-K8-total[ms]	16	1024	0	8192	CLMUL	16.87268
create-batch-K1[ns]	16	2048	0	16	GENERIC	4.66412
create-batch-K1-total[ms]	16	2048	0	16	GENERIC	0.15283
create-batch-K1[ns]	16	2048	0	16	CLMUL	9.15927
create-batch-K1-total[ms]	16	2048	0	16	CLMUL	0.30013
create-batch-K2[ns]	16	2048	0	16	GENERIC	2.76978
create-batch-K2-total[ms]	16	2048	0	16	GENERIC	0.09076
create-batch-K2[ns]	16	2048	0	16	CLMUL	4.79184
create-batch-K2-total[ms]	16	2048	0	16	CLMUL	0.15702
create-batch-K4[ns]	16	2048	0	16	GENERIC	1.95880
create-batch-K4-total[ms]	16	2048	0	16	GENERIC	0.06419
create-batch-K4[ns]	16	2048	0	16	CLMUL	2.58044
create-batch-K4-total[ms]	16	2048	0	16	CLMUL	0.08456
create-batch-K8[ns]	16	2048	0	16	GENERIC	2.07916
create-batch-K8-total[ms]	16	2048	0	16	GENERIC	0.06813
create-batch-K8[ns]	16	2048	0	16	CLMUL	2.00797
create-batch-K8-total[ms]	16	2048	0	16	CLMUL	0.06580
create-batch-K1[ns]	16	2048	0	64	GENERIC	4.66272
create-batch-K1-total[ms]	16	2048	0	64	GENERIC	0.61115
create-batch-K1[ns]	16	2048	0	64	CLMUL	9.15788
create-batch-K1-total[ms]	16	2048	0	64	CLMUL	1.20034
create-batch-K2[ns]	16	2048	0	64	GENERIC	2.76864
create-batch-K2-total[ms]	16	2048	0	64	GENERIC	0.36289
create-batch-K2[ns]	16	2048	0	64	CLMUL	4.79101
create-batch-K2-total[ms]	16	2048	0	64	CLMUL	0.62797
create-batch-K4[ns]	16	2048	0	64	GENERIC	1.95950
create-batch-K4-total[ms]	16	2048	0	64	GENERIC	0.25684
create-batch-K4[ns]	16	2048	0	64	CLMUL	2.57974
create-batch-K4-total[ms]	16	2048	0	64	CLMUL	0.33813
create-batch-K8[ns]	16	2048	0	64	GENERIC	2.08807
create-batch-K8-total[ms]	16	2048	0	64	GENERIC	0.27369
create-batch-K8[ns]	16	2048	0	64	CLMUL	2.00768
create-batch-K8-total[ms]	16	2048	0	64	CLMUL	0.26315
create-batch-K1[ns]	16	2048	0	128	GENERIC	4.66336
create-batch-K1-total[ms]	16	2048	0	128	GENERIC	1.22247
create-batch-K1[ns]	16	2048	0	128	CLMUL	9.15767
create-batch-K1-total[ms]	16	2048	0	128	CLMUL	2.40063
create-batch-K2[ns]	16	2048	0	128	GENERIC	2.76998
create-batch-K2-total[ms]	16	2048	0	128	GENERIC	0.72613
create-batch-K2[ns]	16	2048	0	128	CLMUL	4.79101
create-batch-K2-total[ms]	16	2048	0	128	CLMUL	1.25593
create-batch-K4[ns]	16	2048	0	128	GENERIC	1.95695
create-batch-K4-total[ms]	16	2048	0	128	GENERIC	0.51300
create-batch-K4[ns]	16	2048	0	128	CLMUL	2.57960
create-batch-K4-total[ms]	16	2048	0	128	CLMUL	0.67623
create-batch-K8[ns]	16	2048	0	128	GENERIC	2.09379
create-batch-K8-total[ms]	16	2048	0	128	GENERIC	0.54887
create-batch-K8[ns]	16	2048	0	128	CLMUL	2.00796
create-batch-K8-total[ms]	16	2048	0	128	CLMUL	0.52637
create-batch-K1[ns]	16	2048	0	512	GENERIC	4.66576
create-batch-K1-total[ms]	16	2048	0	512	GENERIC	4.89240
create-batch-K1[ns]	16	2048	0	512	CLMUL	9.16068
create-batch-K1-total[ms]	16	2048	0	512	CLMUL	9.60567
create-batch-K2[ns]	16	2048	0	512	GENERIC	2.77078
create-batch-K2-total[ms]	16	2048	0	512	GENERIC	2.90537
create-batch-K2[ns]	16	2048	0	512	CLMUL	4.79297
create-batch-K2-total[ms]	16	2048	0	512	CLMUL	5.02579
create-batch-K4[ns]	16	2048	0	512	GENERIC	1.95713
create-batch-K4-total[ms]	16	2048	0	512	GENERIC	2.05220
create-batch-K4[ns]	16	2048	0	512	CLMUL	2.57951
create-batch-K4-total[ms]	16	2048	0	512	CLMUL	2.70481
create-batch-K8[ns]	16	2048	0	512	GENERIC	2.09486
create-batch-K8-total[ms]	16	2048	0	512	GENERIC	2.19662
create-batch-K8[ns]	16	2048	0	512	CLMUL	2.00778
create-batch-K8-total[ms]	16	2048	0	512	CLMUL	2.10531
create-batch-K1[ns]	16	2048	0	1024	GENERIC	4.66496
create-batch-K1-total[ms]	16	2048	0	1024	GENERIC	9.78312
create-batch-K1[ns]	16	2048	0	1024	CLMUL	9.16119
create-batch-K1-total[ms]	16	2048	0	1024	CLMUL	19.21240
create-batch-K2[ns]	16	2048	0	1024	GENERIC	2.77153
create-batch-K2-total[ms]	16	2048	0	1024	GENERIC	5.81232
create-batch-K2[ns]	16	2048	0	1024	CLMUL	4.79255
create-batch-K2-total[ms]	16	2048	0	1024	CLMUL	10.05071
create-batch-K4[ns]	16	2048	0	1024	GENERIC	1.95746
create-batch-K4-total[ms]	16	2048	0	1024	GENERIC	4.10508
create-batch-K4[ns]	16	2048	0	1024	CLMUL	2.58028
create-batch-K4-total[ms]	16	2048	0	1024	CLMUL	5.41124
create-batch-K8[ns]	16	2048	0	1024	GENERIC	2.09501
create-batch-K8-total[ms]	16	2048	0	1024	GENERIC	4.39355
create-batch-K8[ns]	16	2048	0	1024	CLMUL	2.00878
create-batch-K8-total[ms]	16	2048	0	1024	CLMUL	4.21271
create-batch-K1[ns]	16	2048	0	2048	GENERIC	4.66567
create-batch-K1-total[ms]	16	2048	0	2048	GENERIC	19.56926
create-batch-K1[ns]	16	2048	0	2048	CLMUL	9.16207
create-batch-K1-total[ms]	16	2048	0	2048	CLMUL	38.42851
create-batch-K2[ns]	16	2048	0	2048	GENERIC	2.77222
create-batch-K2-total[ms]	16	2048	0	2048	GENERIC	11.62754
create-batch-K2[ns]	16	2048	0	2048	CLMUL	4.79329
create-batch-K2-total[ms]	16	2048	0	2048	CLMUL	20.10452
create-batch-K4[ns]	16	2048	0	2048	GENERIC	1.95776
create-batch-K4-total[ms]	16	2048	0	2048	GENERIC	8.21144
create-batch-K4[ns]	16	2048	0	2048	CLMUL	2.58034
create-batch-K4-total[ms]	16	2048	0	2048	CLMUL	10.82274
create-batch-K8[ns]	16	2048	0	2048	GENERIC	2.09526
create-batch-K8-total[ms]	16	2048	0	2048	GENERIC	8.78817
create-batch-K8[ns]	16	2048	0	2048	CLMUL	2.00880
create-batch-K8-total[ms]	16	2048	0	2048	CLMUL	8.42554
create-batch-K1[ns]	16	2048	0	4096	GENERIC	4.66608
create-batch-K1-total[ms]	16	2048	0	4096	GENERIC	39.14189
create-batch-K1[ns]	16	2048	0	4096	CLMUL	9.16131
create-batch-K1-total[ms]	16	2048	0	4096	CLMUL	76.85061
create-batch-K2[ns]	16	2048	0	4096	GENERIC	2.77230
create-batch-K2-total[ms]	16	2048	0	4096	GENERIC	23.25574
create-batch-K2[ns]	16	2048	0	4096	CLMUL	4.79290
create-batch-K2-total[ms]	16	2048	0	4096	CLMUL	40.20573
create-batch-K4[ns]	16	2048	0	4096	GENERIC	1.95886
create-batch-K4-total[ms]	16	2048	0	4096	GENERIC	16.43207
create-batch-K4[ns]	16	2048	0	4096	CLMUL	2.58051
create-batch-K4-total[ms]	16	2048	0	4096	CLMUL	21.64686
create-batch-K8[ns]	16	2048	0	4096	GENERIC	2.09505
create-batch-K8-total[ms]	16	2048	0	4096	GENERIC	17.57454
create-batch-K8[ns]	16	2048	0	4096	CLMUL	2.00900
create-batch-K8-total[ms]	16	2048	0	4096	CLMUL	16.85272
create-batch-K1[ns]	16	2048	0	8192	GENERIC	4.66653
create-batch-K1-total[ms]	16	2048	0	8192	GENERIC	78.29144
create-batch-K1[ns]	16	2048	0	8192	CLMUL	9.16217
create-batch-K1-total[ms]	16	2048	0	8192	CLMUL	153.71564
create-batch-K2[ns]	16	2048	0	8192	GENERIC	2.77232
create-batch-K2-total[ms]	16	2048	0	8192	GENERIC	46.51188
create-batch-K2[ns]	16	2048	0	8192	CLMUL	4.79330
create-batch-K2-total[ms]	16	2048	0	8192	CLMUL	80.41816
create-batch-K4[ns]	16	2048	0	8192	GENERIC	1.95986
create-batch-K4-total[ms]	16	2048	0	8192	GENERIC	32.88107
create-batch-K4[ns]	16	2048	0	8192	CLMUL	2.58061
create-batch-K4-total[ms]	16	2048	0	8192	CLMUL	43.29549
create-batch-K8[ns]	16	2048	0	8192	GENERIC	2.08696
create-batch-K8-total[ms]	16	2048	0	8192	GENERIC	35.01342
create-batch-K8[ns]	16	2048	0	8192	CLMUL	2.00903
create-batch-K8-total[ms]	16	2048	0	8192	CLMUL	33.70593
create-batch-K1[ns]	16	3072	0	16	GENERIC	4.65641
create-batch-K1-total[ms]	16	3072	0	16	GENERIC	0.22887
create-batch-K1[ns]	16	3072	0	16	CLMUL	9.16213
create-batch-K1-total[ms]	16	3072	0	16	CLMUL	0.45034
create-batch-K2[ns]	16	3072	0	16	GENERIC	2.76394
create-batch-K2-total[ms]	16	3072	0	16	GENERIC	0.13585
create-batch-K2[ns]	16	3072	0	16	CLMUL	4.79205
create-batch-K2-total[ms]	16	3072	0	16	CLMUL	0.23554
create-batch-K4[ns]	16	3072	0	16	GENERIC	1.94710
create-batch-K4-total[ms]	16	3072	0	16	GENERIC	0.09570
create-batch-K4[ns]	16	3072	0	16	CLMUL	2.58006
create-batch-K4-total[ms]	16	3072	0	16	CLMUL	0.12682
create-batch-K8[ns]	16	3072	0	16	GENERIC	2.07369
create-batch-K8-total[ms]	16	3072	0	16	GENERIC	0.10193
create-batch-K8[ns]	16	3072	0	16	CLMUL	2.00741
create-batch-K8-total[ms]	16	3072	0	16	CLMUL	0.09867
create-batch-K1[ns]	16	3072	0	64	GENERIC	4.65519
create-batch-K1-total[ms]	16	3072	0	64	GENERIC	0.91525
create-batch-K1[ns]	16	3072	0	64	CLMUL	9.16089
create-batch-K1-total[ms]	16	3072	0	64	CLMUL	1.80110
create-batch-K2[ns]	16	3072	0	64	GENERIC	2.76384
create-batch-K2-total[ms]	16	3072	0	64	GENERIC	0.54339
create-batch-K2[ns]	16	3072	0	64	CLMUL	4.79129
create-batch-K2-total[ms]	16	3072	0	64	CLMUL	0.94201
create-batch-K4[ns]	16	3072	0	64	GENERIC	1.95125
create-batch-K4-total[ms]	16	3072	0	64	GENERIC	0.38363
create-batch-K4[ns]	16	3072	0	64	CLMUL	2.57932
create-batch-K4-total[ms]	16	3072	0	64	CLMUL	0.50711
create-batch-K8[ns]	16	3072	0	64	GENERIC	2.08171
create-batch-K8-total[ms]	16	3072	0	64	GENERIC	0.40928
create-batch-K8[ns]	16	3072	0	64	CLMUL	2.00711
create-batch-K8-total[ms]	16	3072	0	64	CLMUL	0.39461
create-batch-K1[ns]	16	3072	0	128	GENERIC	4.65641
create-batch-K1-total[ms]	16	3072	0	128	GENERIC	1.83098
create-batch-K1[ns]	16	3072	0	128	CLMUL	9.16348
create-batch-K1-total[ms]	16	3072	0	128	CLMUL	3.60323
create-batch-K2[ns]	16	3072	0	128	GENERIC	2.76459
create-batch-K2-total[ms]	16	3072	0	128	GENERIC	1.08708
create-batch-K2[ns]	16	3072	0	128	CLMUL	4.79124
create-batch-K2-total[ms]	16	3072	0	128	CLMUL	1.88399
create-batch-K4[ns]	16	3072	0	128	GENERIC	1.95069
create-batch-K4-total[ms]	16	3072	0	128	GENERIC	0.76704
create-batch-K4[ns]	16	3072	0	128	CLMUL	2.57913
create-batch-K4-total[ms]	16	3072	0	128	CLMUL	1.01415
create-batch-K8[ns]	16	3072	0	128	GENERIC	2.08839
create-batch-K8-total[ms]	16	3072	0	128	GENERIC	0.82119
create-batch-K8[ns]	16	3072	0	128	CLMUL	2.00692
create-batch-K8-total[ms]	16	3072	0	128	CLMUL	0.78915
create-batch-K1[ns]	16	3072	0	512	GENERIC	4.65984
create-batch-K1-total[ms]	16	3072	0	512	GENERIC	7.32929
create-batch-K1[ns]	16	3072	0	512	CLMUL	9.16471
create-batch-K1-total[ms]	16	3072	0	512	CLMUL	14.41484
create-batch-K2[ns]	16	3072	0	512	GENERIC	2.76584
create-batch-K2-total[ms]	16	3072	0	512	GENERIC	4.35029
create-batch-K2[ns]	16	3072	0	512	CLMUL	4.79375
create-batch-K2-total[ms]	16	3072	0	512	CLMUL	7.53992
create-batch-K4[ns]	16	3072	0	512	GENERIC	1.95150
create-batch-K4-total[ms]	16	3072	0	512	GENERIC	3.06945
create-batch-K4[ns]	16	3072	0	512	CLMUL	2.58028
create-batch-K4-total[ms]	16	3072	0	512	CLMUL	4.05843
create-batch-K8[ns]	16	3072	0	512	GENERIC	2.07734
create-batch-K8-total[ms]	16	3072	0	512	GENERIC	3.26737
create-batch-K8[ns]	16	3072	0	512	CLMUL	2.00698
create-batch-K8-total[ms]	16	3072	0	512	CLMUL	3.15671
create-batch-K1[ns]	16	3072	0	1024	GENERIC	4.65977
create-batch-K1-total[ms]	16	3072	0	1024	GENERIC	14.65837
create-batch-K1[ns]	16	3072	0	1024	CLMUL	9.16572
create-batch-K1-total[ms]	16	3072	0	1024	CLMUL	28.83288
create-batch-K2[ns]	16	3072	0	1024	GENERIC	2.76547
create-batch-K2-total[ms]	16	3072	0	1024	GENERIC	8.69941
create-batch-K2[ns]	16	3072	0	1024	CLMUL	4.79375
create-batch-K2-total[ms]	16	3072	0	1024	CLMUL	15.07982
create-batch-K4[ns]	16	3072	0	1024	GENERIC	1.95305
create-batch-K4-total[ms]	16	3072	0	1024	GENERIC	6.14376
create-batch-K4[ns]	16	3072	0	1024	CLMUL	2.58024
create-batch-K4-total[ms]	16	3072	0	1024	CLMUL	8.11672
create-batch-K8[ns]	16	3072	0	1024	GENERIC	2.08576
create-batch-K8-total[ms]	16	3072	0	1024	GENERIC	6.56125
create-batch-K8[ns]	16	3072	0	1024	CLMUL	2.00799
create-batch-K8-total[ms]	16	3072	0	1024	CLMUL	6.31658
create-batch-K1[ns]	16	3072	0	2048	GENERIC	4.65975
create-batch-K1-total[ms]	16	3072	0	2048	GENERIC	29.31660
create-batch-K1[ns]	16	3072	0	2048	CLMUL	9.16468
create-batch-K1-total[ms]	16	3072	0	2048	CLMUL	57.65920
create-batch-K2[ns]	16	3072	0	2048	GENERIC	2.76584
create-batch-K2-total[ms]	16	3072	0	2048	GENERIC	17.40113
create-batch-K2[ns]	16	3072	0	2048	CLMUL	4.79385
create-batch-K2-total[ms]	16	3072	0	2048	CLMUL	30.16031
create-batch-K4[ns]	16	3072	0	2048	GENERIC	1.95276
create-batch-K4-total[ms]	16	3072	0	2048	GENERIC	12.28571
create-batch-K4[ns]	16	3072	0	2048	CLMUL	2.58006
create-batch-K4-total[ms]	16	3072	0	2048	CLMUL	16.23231
create-batch-K8[ns]	16	3072	0	2048	GENERIC	2.09052
create-batch-K8-total[ms]	16	3072	0	2048	GENERIC	13.15240
create-batch-K8[ns]	16	3072	0	2048	CLMUL	2.00809
create-batch-K8-total[ms]	16	3072	0	2048	CLMUL	12.63379
create-batch-K1[ns]	16	3072	0	4096	GENERIC	4.65929
create-batch-K1-total[ms]	16	3072	0	4096	GENERIC	58.62741
create-batch-K1[ns]	16	3072	0	4096	CLMUL	9.16480
create-batch-K1-total[ms]	16	3072	0	4096	CLMUL	115.31993
create-batch-K2[ns]	16	3072	0	4096	GENERIC	2.76587
create-batch-K2-total[ms]	16	3072	0	4096	GENERIC	34.80269
create-batch-K2[ns]	16	3072	0	4096	CLMUL	4.79350
create-batch-K2-total[ms]	16	3072	0	4096	CLMUL	60.31621
create-batch-K4[ns]	16	3072	0	4096	GENERIC	1.95325
create-batch-K4-total[ms]	16	3072	0	4096	GENERIC	24.57753
create-batch-K4[ns]	16	3072	0	4096	CLMUL	2.58009
create-batch-K4-total[ms]	16	3072	0	4096	CLMUL	32.46507
create-batch-K8[ns]	16	3072	0	4096	GENERIC	2.09115
create-batch-K8-total[ms]	16	3072	0	4096	GENERIC	26.31275
create-batch-K8[ns]	16	3072	0	4096	CLMUL	2.00811
create-batch-K8-total[ms]	16	3072	0	4096	CLMUL	25.26783
create-batch-K1[ns]	16	3072	0	8192	GENERIC	4.65922
create-batch-K1-total[ms]	16	3072	0	8192	GENERIC	117.25307
create-batch-K1[ns]	16	3072	0	8192	CLMUL	9.16490
create-batch-K1-total[ms]	16	3072	0	8192	CLMUL	230.64227
create-batch-K2[ns]	16	3072	0	8192	GENERIC	2.76610
create-batch-K2-total[ms]	16	3072	0	8192	GENERIC	69.61113
create-batch-K2[ns]	16	3072	0	8192	CLMUL	4.79363
create-batch-K2-total[ms]	16	3072	0	8192	CLMUL	120.63558
create-batch-K4[ns]	16	3072	0	8192	GENERIC	1.95387
create-batch-K4-total[ms]	16	3072	0	8192	GENERIC	49.17081
create-batch-K4[ns]	16	3072	0	8192	CLMUL	2.58010
create-batch-K4-total[ms]	16	3072	0	8192	CLMUL	64.93038
create-batch-K8[ns]	16	3072	0	8192	GENERIC	2.07979
create-batch-K8-total[ms]	16	3072	0	8192	GENERIC	52.33963
create-batch-K8[ns]	16	3072	0	8192	CLMUL	2.00818
create-batch-K8-total[ms]	16	3072	0	8192	CLMUL	50.53741
create-batch-K1[ns]	16	4096	0	16	GENERIC	4.65367
create-batch-K1-total[ms]	16	4096	0	16	GENERIC	0.30498
create-batch-K1[ns]	16	4096	0	16	CLMUL	9.16296
create-batch-K1-total[ms]	16	4096	0	16	CLMUL	0.60050
create-batch-K2[ns]	16	4096	0	16	GENERIC	2.76073
create-batch-K2-total[ms]	16	4096	0	16	GENERIC	0.18093
create-batch-K2[ns]	16	4096	0	16	CLMUL	4.79187
create-batch-K2-total[ms]	16	4096	0	16	CLMUL	0.31404
create-batch-K4[ns]	16	4096	0	16	GENERIC	1.94495
create-batch-K4-total[ms]	16	4096	0	16	GENERIC	0.12746
create-batch-K4[ns]	16	4096	0	16	CLMUL	2.57932
create-batch-K4-total[ms]	16	4096	0	16	CLMUL	0.16904
create-batch-K8[ns]	16	4096	0	16	GENERIC	2.07437
create-batch-K8-total[ms]	16	4096	0	16	GENERIC	0.13595
create-batch-K8[ns]	16	4096	0	16	CLMUL	2.00655
create-batch-K8-total[ms]	16	4096	0	16	CLMUL	0.13150
create-batch-K1[ns]	16	4096	0	64	GENERIC	4.65410
create-batch-K1-total[ms]	16	4096	0	64	GENERIC	1.22004
create-batch-K1[ns]	16	4096	0	64	CLMUL	9.16233
create-batch-K1-total[ms]	16	4096	0	64	CLMUL	2.40185
create-batch-K2[ns]	16	4096	0	64	GENERIC	2.76073
create-batch-K2-total[ms]	16	4096	0	64	GENERIC	0.72371
create-batch-K2[ns]	16	4096	0	64	CLMUL	4.79143
create-batch-K2-total[ms]	16	4096	0	64	CLMUL	1.25604
create-batch-K4[ns]	16	4096	0	64	GENERIC	1.95109
create-batch-K4-total[ms]	16	4096	0	64	GENERIC	0.51147
create-batch-K4[ns]	16	4096	0	64	CLMUL	2.57896
create-batch-K4-total[ms]	16	4096	0	64	CLMUL	0.67606
create-batch-K8[ns]	16	4096	0	64	GENERIC	2.08312
create-batch-K8-total[ms]	16	4096	0	64	GENERIC	0.54608
create-batch-K8[ns]	16	4096	0	64	CLMUL	2.00647
create-batch-K8-total[ms]	16	4096	0	64	CLMUL	0.52598
create-batch-K1[ns]	16	4096	0	128	GENERIC	4.65428
create-batch-K1-total[ms]	16	4096	0	128	GENERIC	2.44018
create-batch-K1[ns]	16	4096	0	128	CLMUL	9.16529
create-batch-K1-total[ms]	16	4096	0	128	CLMUL	4.80525
create-batch-K2[ns]	16	4096	0	128	GENERIC	2.76130
create-batch-K2-total[ms]	16	4096	0	128	GENERIC	1.44771
create-batch-K2[ns]	16	4096	0	128	CLMUL	4.79136
create-batch-K2-total[ms]	16	4096	0	128	CLMUL	2.51205
create-batch-K4[ns]	16	4096	0	128	GENERIC	1.94720
create-batch-K4-total[ms]	16	4096	0	128	GENERIC	1.02089
create-batch-K4[ns]	16	4096	0	128	CLMUL	2.57889
create-batch-K4-total[ms]	16	4096	0	128	CLMUL	1.35208
create-batch-K8[ns]	16	4096	0	128	GENERIC	2.08482
create-batch-K8-total[ms]	16	4096	0	128	GENERIC	1.09304
create-batch-K8[ns]	16	4096	0	128	CLMUL	2.00647
create-batch-K8-total[ms]	16	4096	0	128	CLMUL	1.05197
create-batch-K1[ns]	16	4096	0	512	GENERIC	4.65508
create-batch-K1-total[ms]	16	4096	0	512	GENERIC	9.76242
create-batch-K1[ns]	16	4096	0	512	CLMUL	9.16575
create-batch-K1-total[ms]	16	4096	0	512	CLMUL	19.22196
create-batch-K2[ns]	16	4096	0	512	GENERIC	2.76205
create-batch-K2-total[ms]	16	4096	0	512	GENERIC	5.79245
create-batch-K2[ns]	16	4096	0	512	CLMUL	4.79281
create-batch-K2-total[ms]	16	4096	0	512	CLMUL	10.05125
create-batch-K4[ns]	16	4096	0	512	GENERIC	1.95034
create-batch-K4-total[ms]	16	4096	0	512	GENERIC	4.09016
create-batch-K4[ns]	16	4096	0	512	CLMUL	2.57960
create-batch-K4-total[ms]	16	4096	0	512	CLMUL	5.40981
create-batch-K8[ns]	16	4096	0	512	GENERIC	2.08654
create-batch-K8-total[ms]	16	4096	0	512	GENERIC	4.37579
create-batch-K8[ns]	16	4096	0	512	CLMUL	2.00737
create-batch-K8-total[ms]	16	4096	0	512	CLMUL	4.20977
create-batch-K1[ns]	16	4096	0	1024	GENERIC	4.65582
create-batch-K1-total[ms]	16	4096	0	1024	GENERIC	19.52793
create-batch-K1[ns]	16	4096	0	1024	CLMUL	9.16657
create-batch-K1-total[ms]	16	4096	0	1024	CLMUL	38.44739
create-batch-K2[ns]	16	4096	0	1024	GENERIC	2.76245
create-batch-K2-total[ms]	16	4096	0	1024	GENERIC	11.58656
create-batch-K2[ns]	16	4096	0	1024	CLMUL	4.79335
create-batch-K2-total[ms]	16	4096	0	1024	CLMUL	20.10476
create-batch-K4[ns]	16	4096	0	1024	GENERIC	1.94897
create-batch-K4-total[ms]	16	4096	0	1024	GENERIC	8.17457
create-batch-K4[ns]	16	4096	0	1024	CLMUL	2.57961
create-batch-K4-total[ms]	16	4096	0	1024	CLMUL	10.81966
create-batch-K8[ns]	16	4096	0	1024	GENERIC	2.08704
create-batch-K8-total[ms]	16	4096	0	1024	GENERIC	8.75369
create-batch-K8[ns]	16	4096	0	1024	CLMUL	2.00787
create-batch-K8-total[ms]	16	4096	0	1024	CLMUL	8.42161
create-batch-K1[ns]	16	4096	0	2048	GENERIC	4.65604
create-batch-K1-total[ms]	16	4096	0	2048	GENERIC	39.05773
create-batch-K1[ns]	16	4096	0	2048	CLMUL	9.16655
create-batch-K1-total[ms]	16	4096	0	2048	CLMUL	76.89463
create-batch-K2[ns]	16	4096	0	2048	GENERIC	2.76250
create-batch-K2-total[ms]	16	4096	0	2048	GENERIC	23.17354
create-batch-K2[ns]	16	4096	0	2048	CLMUL	4.79373
create-batch-K2-total[ms]	16	4096	0	2048	CLMUL	40.21272
create-batch-K4[ns]	16	4096	0	2048	GENERIC	1.95033
create-batch-K4-total[ms]	16	4096	0	2048	GENERIC	16.36052
create-batch-K4[ns]	16	4096	0	2048	CLMUL	2.57980
create-batch-K4-total[ms]	16	4096	0	2048	CLMUL	21.64094
create-batch-K8[ns]	16	4096	0	2048	GENERIC	2.08050
create-batch-K8-total[ms]	16	4096	0	2048	GENERIC	17.45251
create-batch-K8[ns]	16	4096	0	2048	CLMUL	2.00782
create-batch-K8-total[ms]	16	4096	0	2048	CLMUL	16.84278
create-batch-K1[ns]	16	4096	0	4096	GENERIC	4.65597
create-batch-K1-total[ms]	16	4096	0	4096	GENERIC	78.11414
create-batch-K1[ns]	16	4096	0	4096	CLMUL	9.16636
create-batch-K1-total[ms]	16	4096	0	4096	CLMUL	153.78600
create-batch-K2[ns]	16	4096	0	4096	GENERIC	2.76265
create-batch-K2-total[ms]	16	4096	0	4096	GENERIC	46.34955
create-batch-K2[ns]	16	4096	0	4096	CLMUL	4.79386
create-batch-K2-total[ms]	16	4096	0	4096	CLMUL	80.42765
create-batch-K4[ns]	16	4096	0	4096	GENERIC	1.95075
create-batch-K4-total[ms]	16	4096	0	4096	GENERIC	32.72811
create-batch-K4[ns]	16	4096	0	4096	CLMUL	2.57993
create-batch-K4-total[ms]	16	4096	0	4096	CLMUL	43.28403
create-batch-K8[ns]	16	4096	0	4096	GENERIC	2.08316
create-batch-K8-total[ms]	16	4096	0	4096	GENERIC	34.94970
create-batch-K8[ns]	16	4096	0	4096	CLMUL	2.00777
create-batch-K8-total[ms]	16	4096	0	4096	CLMUL	33.68478
create-batch-K1[ns]	16	4096	0	8192	GENERIC	4.65603
create-batch-K1-total[ms]	16	4096	0	8192	GENERIC	156.23059
create-batch-K1[ns]	16	4096	0	8192	CLMUL	9.16691
create-batch-K1-total[ms]	16	4096	0	8192	CLMUL	307.59056
create-batch-K2[ns]	16	4096	0	8192	GENERIC	2.76253
create-batch-K2-total[ms]	16	4096	0	8192	GENERIC	92.69507
create-batch-K2[ns]	16	4096	0	8192	CLMUL	4.79379
create-batch-K2-total[ms]	16	4096	0	8192	CLMUL	160.85281
create-batch-K4[ns]	16	4096	0	8192	GENERIC	1.95154
create-batch-K4-total[ms]	16	4096	0	8192	GENERIC	65.48285
create-batch-K4[ns]	16	4096	0	8192	CLMUL	2.57994
create-batch-K4-total[ms]	16	4096	0	8192	CLMUL	86.56840
create-batch-K8[ns]	16	4096	0	8192	GENERIC	2.07772
create-batch-K8-total[ms]	16	4096	0	8192	GENERIC	69.71681
create-batch-K8[ns]	16	4096	0	8192	CLMUL	2.00788
create-batch-K8-total[ms]	16	4096	0	8192	CLMUL	67.37326
create-batch-K1[ns]	16	5120	0	16	GENERIC	4.65046
create-batch-K1-total[ms]	16	5120	0	16	GENERIC	0.38097
create-batch-K1[ns]	16	5120	0	16	CLMUL	9.16370
create-batch-K1-total[ms]	16	5120	0	16	CLMUL	0.75069
create-batch-K2[ns]	16	5120	0	16	GENERIC	2.75791
create-batch-K2-total[ms]	16	5120	0	16	GENERIC	0.22593
create-batch-K2[ns]	16	5120	0	16	CLMUL	4.79175
create-batch-K2-total[ms]	16	5120	0	16	CLMUL	0.39254
create-batch-K4[ns]	16	5120	0	16	GENERIC	1.94749
create-batch-K4-total[ms]	16	5120	0	16	GENERIC	0.15954
create-batch-K4[ns]	16	5120	0	16	CLMUL	2.57909
create-batch-K4-total[ms]	16	5120	0	16	CLMUL	0.21128
create-batch-K8[ns]	16	5120	0	16	GENERIC	2.07407
create-batch-K8-total[ms]	16	5120	0	16	GENERIC	0.16991
create-batch-K8[ns]	16	5120	0	16	CLMUL	2.00626
create-batch-K8-total[ms]	16	5120	0	16	CLMUL	0.16435
create-batch-K1[ns]	16	5120	0	64	GENERIC	4.65068
create-batch-K1-total[ms]	16	5120	0	64	GENERIC	1.52394
create-batch-K1[ns]	16	5120	0	64	CLMUL	9.16331
create-batch-K1-total[ms]	16	5120	0	64	CLMUL	3.00263
create-batch-K2[ns]	16	5120	0	64	GENERIC	2.75858
create-batch-K2-total[ms]	16	5120	0	64	GENERIC	0.90393
create-batch-K2[ns]	16	5120	0	64	CLMUL	4.79146
create-batch-K2-total[ms]	16	5120	0	64	CLMUL	1.57007
create-batch-K4[ns]	16	5120	0	64	GENERIC	1.94636
create-batch-K4-total[ms]	16	5120	0	64	GENERIC	0.63778
create-batch-K4[ns]	16	5120	0	64	CLMUL	2.57881
create-batch-K4-total[ms]	16	5120	0	64	CLMUL	0.84502
create-batch-K8[ns]	16	5120	0	64	GENERIC	2.08261
create-batch-K8-total[ms]	16	5120	0	64	GENERIC	0.68243
create-batch-K8[ns]	16	5120	0	64	CLMUL	2.00626
create-batch-K8-total[ms]	16	5120	0	64	CLMUL	0.65741
create-batch-K1[ns]	16	5120	0	128	GENERIC	4.65159
create-batch-K1-total[ms]	16	5120	0	128	GENERIC	3.04847
create-batch-K1[ns]	16	5120	0	128	CLMUL	9.16559
create-batch-K1-total[ms]	16	5120	0	128	CLMUL	6.00676
create-batch-K2[ns]	16	5120	0	128	GENERIC	2.75920
create-batch-K2-total[ms]	16	5120	0	128	GENERIC	1.80827
create-batch-K2[ns]	16	5120	0	128	CLMUL	4.79316
create-batch-K2-total[ms]	16	5120	0	128	CLMUL	3.14124
create-batch-K4[ns]	16	5120	0	128	GENERIC	1.94472
create-batch-K4-total[ms]	16	5120	0	128	GENERIC	1.27449
create-batch-K4[ns]	16	5120	0	128	CLMUL	2.57872
create-batch-K4-total[ms]	16	5120	0	128	CLMUL	1.68999
create-batch-K8[ns]	16	5120	0	128	GENERIC	2.08222
create-batch-K8-total[ms]	16	5120	0	128	GENERIC	1.36460
create-batch-K8[ns]	16	5120	0	128	CLMUL	2.00626
create-batch-K8-total[ms]	16	5120	0	128	CLMUL	1.31482
create-batch-K1[ns]	16	5120	0	512	GENERIC	4.65342
create-batch-K1-total[ms]	16	5120	0	512	GENERIC	12.19866
create-batch-K1[ns]	16	5120	0	512	CLMUL	9.16747
create-batch-K1-total[ms]	16	5120	0	512	CLMUL	24.03198
create-batch-K2[ns]	16	5120	0	512	GENERIC	2.76028
create-batch-K2-total[ms]	16	5120	0	512	GENERIC	7.23592
create-batch-K2[ns]	16	5120	0	512	CLMUL	4.79360
create-batch-K2-total[ms]	16	5120	0	512	CLMUL	12.56614
create-batch-K4[ns]	16	5120	0	512	GENERIC	1.94713
create-batch-K4-total[ms]	16	5120	0	512	GENERIC	5.10429
create-batch-K4[ns]	16	5120	0	512	CLMUL	2.57932
create-batch-K4-total[ms]	16	5120	0	512	CLMUL	6.76153
create-batch-K8[ns]	16	5120	0	512	GENERIC	2.08474
create-batch-K8-total[ms]	16	5120	0	512	GENERIC	5.46502
create-batch-K8[ns]	16	5120	0	512	CLMUL	2.00733
create-batch-K8-total[ms]	16	5120	0	512	CLMUL	5.26209
create-batch-K1[ns]	16	5120	0	1024	GENERIC	4.65358
create-batch-K1-total[ms]	16	5120	0	1024	GENERIC	24.39815
create-batch-K1[ns]	16	5120	0	1024	CLMUL	9.16753
create-batch-K1-total[ms]	16	5120	0	1024	CLMUL	48.06427
create-batch-K2[ns]	16	5120	0	1024	GENERIC	2.76042
create-batch-K2-total[ms]	16	5120	0	1024	GENERIC	14.47254
create-batch-K2[ns]	16	5120	0	1024	CLMUL	4.79398
create-batch-K2-total[ms]	16	5120	0	1024	CLMUL	25.13426
create-batch-K4[ns]	16	5120	0	1024	GENERIC	1.94826
create-batch-K4-total[ms]	16	5120	0	1024	GENERIC	10.21448
create-batch-K4[ns]	16	5120	0	1024	CLMUL	2.57961
create-batch-K4-total[ms]	16	5120	0	1024	CLMUL	13.52459
create-batch-K8[ns]	16	5120	0	1024	GENERIC	2.08478
create-batch-K8-total[ms]	16	5120	0	1024	GENERIC	10.93026
create-batch-K8[ns]	16	5120	0	1024	CLMUL	2.00747
create-batch-K8-total[ms]	16	5120	0	1024	CLMUL	10.52494
create-batch-K1[ns]	16	5120	0	2048	GENERIC	4.65358
create-batch-K1-total[ms]	16	5120	0	2048	GENERIC	48.79628
create-batch-K1[ns]	16	5120	0	2048	CLMUL	9.16746
create-batch-K1-total[ms]	16	5120	0	2048	CLMUL	96.12780
create-batch-K2[ns]	16	5120	0	2048	GENERIC	2.76058
create-batch-K2-total[ms]	16	5120	0	2048	GENERIC	28.94681
create-batch-K2[ns]	16	5120	0	2048	CLMUL	4.79409
create-batch-K2-total[ms]	16	5120	0	2048	CLMUL	50.26971
create-batch-K4[ns]	16	5120	0	2048	GENERIC	1.94940
create-batch-K4-total[ms]	16	5120	0	2048	GENERIC	20.44090
create-batch-K4[ns]	16	5120	0	2048	CLMUL	2.57960
create-batch-K4-total[ms]	16	5120	0	2048	CLMUL	27.04909
create-batch-K8[ns]	16	5120	0	2048	GENERIC	2.07677
create-batch-K8-total[ms]	16	5120	0	2048	GENERIC	21.77652
create-batch-K8[ns]	16	5120	0	2048	CLMUL	2.00753
create-batch-K8-total[ms]	16	5120	0	2048	CLMUL	21.05051
create-batch-K1[ns]	16	5120	0	4096	GENERIC	4.65401
create-batch-K1-total[ms]	16	5120	0	4096	GENERIC	97.60163
create-batch-K1[ns]	16	5120	0	4096	CLMUL	9.16798
create-batch-K1-total[ms]	16	5120	0	4096	CLMUL	192.26658
create-batch-K2[ns]	16	5120	0	4096	GENERIC	2.76065
create-batch-K2-total[ms]	16	5120	0	4096	GENERIC	57.89508
create-batch-K2[ns]	16	5120	0	4096	CLMUL	4.79399
create-batch-K2-total[ms]	16	5120	0	4096	CLMUL	100.53717
create-batch-K4[ns]	16	5120	0	4096	GENERIC	1.94959
create-batch-K4-total[ms]	16	5120	0	4096	GENERIC	40.88591
create-batch-K4[ns]	16	5120	0	4096	CLMUL	2.57969
create-batch-K4-total[ms]	16	5120	0	4096	CLMUL	54.10000
create-batch-K8[ns]	16	5120	0	4096	GENERIC	2.08070
create-batch-K8-total[ms]	16	5120	0	4096	GENERIC	43.63545
create-batch-K8[ns]	16	5120	0	4096	CLMUL	2.00765
create-batch-K8-total[ms]	16	5120	0	4096	CLMUL	42.10353
create-batch-K1[ns]	16	5120	0	8192	GENERIC	4.65402
create-batch-K1-total[ms]	16	5120	0	8192	GENERIC	195.20372
create-batch-K1[ns]	16	5120	0	8192	CLMUL	9.16796
create-batch-K1-total[ms]	16	5120	0	8192	CLMUL	384.53220
create-batch-K2[ns]	16	5120	0	8192	GENERIC	2.76089
create-batch-K2-total[ms]	16	5120	0	8192	GENERIC	115.79997
create-batch-K2[ns]	16	5120	0	8192	CLMUL	4.79448
create-batch-K2-total[ms]	16	5120	0	8192	CLMUL	201.09508
create-batch-K4[ns]	16	5120	0	8192	GENERIC	1.94989
create-batch-K4-total[ms]	16	5120	0	8192	GENERIC	81.78435
create-batch-K4[ns]	16	5120	0	8192	CLMUL	2.57979
create-batch-K4-total[ms]	16	5120	0	8192	CLMUL	108.20405
create-batch-K8[ns]	16	5120	0	8192	GENERIC	2.07896
create-batch-K8-total[ms]	16	5120	0	8192	GENERIC	87.19796
create-batch-K8[ns]	16	5120	0	8192	CLMUL	2.00774
create-batch-K8-total[ms]	16	5120	0	8192	CLMUL	84.21068
create-batch-K1[ns]	16	6144	0	16	GENERIC	4.65189
create-batch-K1-total[ms]	16	6144	0	16	GENERIC	0.45730
create-batch-K1[ns]	16	6144	0	16	CLMUL	9.16419
create-batch-K1-total[ms]	16	6144	0	16	CLMUL	0.90088
create-batch-K2[ns]	16	6144	0	16	GENERIC	2.75828
create-batch-K2-total[ms]	16	6144	0	16	GENERIC	0.27115
create-batch-K2[ns]	16	6144	0	16	CLMUL	4.79186
create-batch-K2-total[ms]	16	6144	0	16	CLMUL	0.47106
create-batch-K4[ns]	16	6144	0	16	GENERIC	1.94674
create-batch-K4-total[ms]	16	6144	0	16	GENERIC	0.19137
create-batch-K4[ns]	16	6144	0	16	CLMUL	2.57913
create-batch-K4-total[ms]	16	6144	0	16	CLMUL	0.25354
create-batch-K8[ns]	16	6144	0	16	GENERIC	2.07012
create-batch-K8-total[ms]	16	6144	0	16	GENERIC	0.20350
create-batch-K8[ns]	16	6144	0	16	CLMUL	2.00627
create-batch-K8-total[ms]	16	6144	0	16	CLMUL	0.19722
create-batch-K1[ns]	16	6144	0	64	GENERIC	4.65071
create-batch-K1-total[ms]	16	6144	0	64	GENERIC	1.82873
create-batch-K1[ns]	16	6144	0	64	CLMUL	9.16791
create-batch-K1-total[ms]	16	6144	0	64	CLMUL	3.60497
create-batch-K2[ns]	16	6144	0	64	GENERIC	2.75757
create-batch-K2-total[ms]	16	6144	0	64	GENERIC	1.08432
create-batch-K2[ns]	16	6144	0	64	CLMUL	4.79153
create-batch-K2-total[ms]	16	6144	0	64	CLMUL	1.88411
create-batch-K4[ns]	16	6144	0	64	GENERIC	1.94608
create-batch-K4-total[ms]	16	6144	0	64	GENERIC	0.76523
create-batch-K4[ns]	16	6144	0	64	CLMUL	2.57871
create-batch-K4-total[ms]	16	6144	0	64	CLMUL	1.01399
create-batch-K8[ns]	16	6144	0	64	GENERIC	2.07017
create-batch-K8-total[ms]	16	6144	0	64	GENERIC	0.81402
create-batch-K8[ns]	16	6144	0	64	CLMUL	2.00602
create-batch-K8-total[ms]	16	6144	0	64	CLMUL	0.78880
create-batch-K1[ns]	16	6144	0	128	GENERIC	4.65151
create-batch-K1-total[ms]	16	6144	0	128	GENERIC	3.65810
create-batch-K1[ns]	16	6144	0	128	CLMUL	9.16582
create-batch-K1-total[ms]	16	6144	0	128	CLMUL	7.20829
create-batch-K2[ns]	16	6144	0	128	GENERIC	2.75852
create-batch-K2-total[ms]	16	6144	0	128	GENERIC	2.16939
create-batch-K2[ns]	16	6144	0	128	CLMUL	4.79325
create-batch-K2-total[ms]	16	6144	0	128	CLMUL	3.76956
create-batch-K4[ns]	16	6144	0	128	GENERIC	1.94718
create-batch-K4-total[ms]	16	6144	0	128	GENERIC	1.53133
create-batch-K4[ns]	16	6144	0	128	CLMUL	2.57866
create-batch-K4-total[ms]	16	6144	0	128	CLMUL	2.02794
create-batch-K8[ns]	16	6144	0	128	GENERIC	2.08018
create-batch-K8-total[ms]	16	6144	0	128	GENERIC	1.63592
create-batch-K8[ns]	16	6144	0	128	CLMUL	2.00612
create-batch-K8-total[ms]	16	6144	0	128	CLMUL	1.57768
create-batch-K1[ns]	16	6144	0	512	GENERIC	4.65255
create-batch-K1-total[ms]	16	6144	0	512	GENERIC	14.63566
create-batch-K1[ns]	16	6144	0	512	CLMUL	9.16779
create-batch-K1-total[ms]	16	6144	0	512	CLMUL	28.83939
create-batch-K2[ns]	16	6144	0	512	GENERIC	2.75909
create-batch-K2-total[ms]	16	6144	0	512	GENERIC	8.67936
create-batch-K2[ns]	16	6144	0	512	CLMUL	4.79391
create-batch-K2-total[ms]	16	6144	0	512	CLMUL	15.08035
create-batch-K4[ns]	16	6144	0	512	GENERIC	1.94577
create-batch-K4-total[ms]	16	6144	0	512	GENERIC	6.12088
create-batch-K4[ns]	16	6144	0	512	CLMUL	2.57962
create-batch-K4-total[ms]	16	6144	0	512	CLMUL	8.11480
create-batch-K8[ns]	16	6144	0	512	GENERIC	2.08235
create-batch-K8-total[ms]	16	6144	0	512	GENERIC	6.55049
create-batch-K8[ns]	16	6144	0	512	CLMUL	2.00700
create-batch-K8-total[ms]	16	6144	0	512	CLMUL	6.31347
create-batch-K1[ns]	16	6144	0	1024	GENERIC	4.65251
create-batch-K1-total[ms]	16	6144	0	1024	GENERIC	29.27107
create-batch-K1[ns]	16	6144	0	1024	CLMUL	9.16855
create-batch-K1-total[ms]	16	6144	0	1024	CLMUL	57.68351
create-batch-K2[ns]	16	6144	0	1024	GENERIC	2.75934
create-batch-K2-total[ms]	16	6144	0	1024	GENERIC	17.36029
create-batch-K2[ns]	16	6144	0	1024	CLMUL	4.79365
create-batch-K2-total[ms]	16	6144	0	1024	CLMUL	30.15906
create-batch-K4[ns]	16	6144	0	1024	GENERIC	1.94772
create-batch-K4-total[ms]	16	6144	0	1024	GENERIC	12.25398
create-batch-K4[ns]	16	6144	0	1024	CLMUL	2.57962
create-batch-K4-total[ms]	16	6144	0	1024	CLMUL	16.22954
create-batch-K8[ns]	16	6144	0	1024	GENERIC	2.08461
create-batch-K8-total[ms]	16	6144	0	1024	GENERIC	13.11522
create-batch-K8[ns]	16	6144	0	1024	CLMUL	2.00750
create-batch-K8-total[ms]	16	6144	0	1024	CLMUL	12.63013
create-batch-K1[ns]	16	6144	0	2048	GENERIC	4.65260
create-batch-K1-total[ms]	16	6144	0	2048	GENERIC	58.54324
create-batch-K1[ns]	16	6144	0	2048	CLMUL	9.16869
create-batch-K1-total[ms]	16	6144	0	2048	CLMUL	115.36884
create-batch-K2[ns]	16	6144	0	2048	GENERIC	2.75956
create-batch-K2-total[ms]	16	6144	0	2048	GENERIC	34.72330
create-batch-K2[ns]	16	6144	0	2048	CLMUL	4.79412
create-batch-K2-total[ms]	16	6144	0	2048	CLMUL	60.32394
create-batch-K4[ns]	16	6144	0	2048	GENERIC	1.94763
create-batch-K4-total[ms]	16	6144	0	2048	GENERIC	24.50689
create-batch-K4[ns]	16	6144	0	2048	CLMUL	2.57969
create-batch-K4-total[ms]	16	6144	0	2048	CLMUL	32.45997
create-batch-K8[ns]	16	6144	0	2048	GENERIC	2.07501
create-batch-K8-total[ms]	16	6144	0	2048	GENERIC	26.10968
create-batch-K8[ns]	16	6144	0	2048	CLMUL	2.00749
create-batch-K8-total[ms]	16	6144	0	2048	CLMUL	25.26003
create-batch-K1[ns]	16	6144	0	4096	GENERIC	4.65298
create-batch-K1-total[ms]	16	6144	0	4096	GENERIC	117.09597
create-batch-K1[ns]	16	6144	0	4096	CLMUL	9.16825
create-batch-K1-total[ms]	16	6144	0	4096	CLMUL	230.72658
create-batch-K2[ns]	16	6144	0	4096	GENERIC	2.75951
create-batch-K2-total[ms]	16	6144	0	4096	GENERIC	69.44545
create-batch-K2[ns]	16	6144	0	4096	CLMUL	4.79438
create-batch-K2-total[ms]	16	6144	0	4096	CLMUL	120.65453
create-batch-K4[ns]	16	6144	0	4096	GENERIC	1.94783
create-batch-K4-total[ms]	16	6144	0	4096	GENERIC	49.01886
create-batch-K4[ns]	16	6144	0	4096	CLMUL	2.57968
create-batch-K4-total[ms]	16	6144	0	4096	CLMUL	64.91979
create-batch-K8[ns]	16	6144	0	4096	GENERIC	2.07676
create-batch-K8-total[ms]	16	6144	0	4096	GENERIC	52.26331
create-batch-K8[ns]	16	6144	0	4096	CLMUL	2.00763
create-batch-K8-total[ms]	16	6144	0	4096	CLMUL	50.52354
create-batch-K1[ns]	16	6144	0	8192	GENERIC	4.65283
create-batch-K1-total[ms]	16	6144	0	8192	GENERIC	234.18462
create-batch-K1[ns]	16	6144	0	8192	CLMUL	9.16835
create-batch-K1-total[ms]	16	6144	0	8192	CLMUL	461.45837
create-batch-K2[ns]	16	6144	0	8192	GENERIC	2.75954
create-batch-K2-total[ms]	16	6144	0	8192	GENERIC	138.89195
create-batch-K2[ns]	16	6144	0	8192	CLMUL	4.79475
create-batch-K2-total[ms]	16	6144	0	8192	CLMUL	241.32748
create-batch-K4[ns]	16	6144	0	8192	GENERIC	1.94836
create-batch-K4-total[ms]	16	6144	0	8192	GENERIC	98.06427
create-batch-K4[ns]	16	6144	0	8192	CLMUL	2.57965
create-batch-K4-total[ms]	16	6144	0	8192	CLMUL	129.83802
create-batch-K8[ns]	16	6144	0	8192	GENERIC	2.08331
create-batch-K8-total[ms]	16	6144	0	8192	GENERIC	104.85656
create-batch-K8[ns]	16	6144	0	8192	CLMUL	2.00777
create-batch-K8-total[ms]	16	6144	0	8192	CLMUL	101.05415
create-batch-K1[ns]	16	7168	0	16	GENERIC	4.64920
create-batch-K1-total[ms]	16	7168	0	16	GENERIC	0.53321
create-batch-K1[ns]	16	7168	0	16	CLMUL	9.16454
create-batch-K1-total[ms]	16	7168	0	16	CLMUL	1.05106
create-batch-K2[ns]	16	7168	0	16	GENERIC	2.75693
create-batch-K2-total[ms]	16	7168	0	16	GENERIC	0.31619
create-batch-K2[ns]	16	7168	0	16	CLMUL	4.79194
create-batch-K2-total[ms]	16	7168	0	16	CLMUL	0.54958
create-batch-K4[ns]	16	7168	0	16	GENERIC	1.94135
create-batch-K4-total[ms]	16	7168	0	16	GENERIC	0.22265
create-batch-K4[ns]	16	7168	0	16	CLMUL	2.57883
create-batch-K4-total[ms]	16	7168	0	16	CLMUL	0.29576
create-batch-K8[ns]	16	7168	0	16	GENERIC	2.07649
create-batch-K8-total[ms]	16	7168	0	16	GENERIC	0.23815
create-batch-K8[ns]	16	7168	0	16	CLMUL	2.00626
create-batch-K8-total[ms]	16	7168	0	16	CLMUL	0.23009
create-batch-K1[ns]	16	7168	0	64	GENERIC	4.64968
create-batch-K1-total[ms]	16	7168	0	64	GENERIC	2.13305
create-batch-K1[ns]	16	7168	0	64	CLMUL	9.16773
create-batch-K1-total[ms]	16	7168	0	64	CLMUL	4.20571
create-batch-K2[ns]	16	7168	0	64	GENERIC	2.75665
create-batch-K2-total[ms]	16	7168	0	64	GENERIC	1.26462
create-batch-K2[ns]	16	7168	0	64	CLMUL	4.79166
create-batch-K2-total[ms]	16	7168	0	64	CLMUL	2.19818
create-batch-K4[ns]	16	7168	0	64	GENERIC	1.94398
create-batch-K4-total[ms]	16	7168	0	64	GENERIC	0.89180
create-batch-K4[ns]	16	7168	0	64	CLMUL	2.57863
create-batch-K4-total[ms]	16	7168	0	64	CLMUL	1.18295
create-batch-K8[ns]	16	7168	0	64	GENERIC	2.08332
create-batch-K8-total[ms]	16	7168	0	64	GENERIC	0.95573
create-batch-K8[ns]	16	7168	0	64	CLMUL	2.00598
create-batch-K8-total[ms]	16	7168	0	64	CLMUL	0.92025
create-batch-K1[ns]	16	7168	0	128	GENERIC	4.65205
create-batch-K1-total[ms]	16	7168	0	128	GENERIC	4.26827
create-batch-K1[ns]	16	7168	0	128	CLMUL	9.16761
create-batch-K1-total[ms]	16	7168	0	128	CLMUL	8.41132
create-batch-K2[ns]	16	7168	0	128	GENERIC	2.75609
create-batch-K2-total[ms]	16	7168	0	128	GENERIC	2.52872
create-batch-K2[ns]	16	7168	0	128	CLMUL	4.79329
create-batch-K2-total[ms]	16	7168	0	128	CLMUL	4.39787
create-batch-K4[ns]	16	7168	0	128	GENERIC	1.94369
create-batch-K4-total[ms]	16	7168	0	128	GENERIC	1.78335
create-batch-K4[ns]	16	7168	0	128	CLMUL	2.57857
create-batch-K4-total[ms]	16	7168	0	128	CLMUL	2.36585
create-batch-K8[ns]	16	7168	0	128	GENERIC	2.08338
create-batch-K8-total[ms]	16	7168	0	128	GENERIC	1.91151
create-batch-K8[ns]	16	7168	0	128	CLMUL	2.00598
create-batch-K8-total[ms]	16	7168	0	128	CLMUL	1.84049
create-batch-K1[ns]	16	7168	0	512	GENERIC	4.65146
create-batch-K1-total[ms]	16	7168	0	512	GENERIC	17.07094
create-batch-K1[ns]	16	7168	0	512	CLMUL	9.16821
create-batch-K1-total[ms]	16	7168	0	512	CLMUL	33.64746
create-batch-K2[ns]	16	7168	0	512	GENERIC	2.75813
create-batch-K2-total[ms]	16	7168	0	512	GENERIC	10.12239
create-batch-K2[ns]	16	7168	0	512	CLMUL	4.79342
create-batch-K2-total[ms]	16	7168	0	512	CLMUL	17.59192
create-batch-K4[ns]	16	7168	0	512	GENERIC	1.94569
create-batch-K4-total[ms]	16	7168	0	512	GENERIC	7.14072
create-batch-K4[ns]	16	7168	0	512	CLMUL	2.57942
create-batch-K4-total[ms]	16	7168	0	512	CLMUL	9.46651
create-batch-K8[ns]	16	7168	0	512	GENERIC	2.08314
create-batch-K8-total[ms]	16	7168	0	512	GENERIC	7.64515
create-batch-K8[ns]	16	7168	0	512	CLMUL	2.00701
create-batch-K8-total[ms]	16	7168	0	512	CLMUL	7.36576
create-batch-K1[ns]	16	7168	0	1024	GENERIC	4.65180
create-batch-K1-total[ms]	16	7168	0	1024	GENERIC	34.14436
create-batch-K1[ns]	16	7168	0	1024	CLMUL	9.16854
create-batch-K1-total[ms]	16	7168	0	1024	CLMUL	67.29737
create-batch-K2[ns]	16	7168	0	1024	GENERIC	2.75853
create-batch-K2-total[ms]	16	7168	0	1024	GENERIC	20.24772
create-batch-K2[ns]	16	7168	0	1024	CLMUL	4.79438
create-batch-K2-total[ms]	16	7168	0	1024	CLMUL	35.19088
create-batch-K4[ns]	16	7168	0	1024	GENERIC	1.94596
create-batch-K4-total[ms]	16	7168	0	1024	GENERIC	14.28338
create-batch-K4[ns]	16	7168	0	1024	CLMUL	2.57941
create-batch-K4-total[ms]	16	7168	0	1024	CLMUL	18.93297
create-batch-K8[ns]	16	7168	0	1024	GENERIC	2.08334
create-batch-K8-total[ms]	16	7168	0	1024	GENERIC	15.29181
create-batch-K8[ns]	16	7168	0	1024	CLMUL	2.00684
create-batch-K8-total[ms]	16	7168	0	1024	CLMUL	14.73023
create-batch-K1[ns]	16	7168	0	2048	GENERIC	4.65188
create-batch-K1-total[ms]	16	7168	0	2048	GENERIC	68.28982
create-batch-K1[ns]	16	7168	0	2048	CLMUL	9.16896
create-batch-K1-total[ms]	16	7168	0	2048	CLMUL	134.60095
create-batch-K2[ns]	16	7168	0	2048	GENERIC	2.75843
create-batch-K2-total[ms]	16	7168	0	2048	GENERIC	40.49388
create-batch-K2[ns]	16	7168	0	2048	CLMUL	4.79441
create-batch-K2-total[ms]	16	7168	0	2048	CLMUL	70.38219
create-batch-K4[ns]	16	7168	0	2048	GENERIC	1.94754
create-batch-K4-total[ms]	16	7168	0	2048	GENERIC	28.59004
create-batch-K4[ns]	16	7168	0	2048	CLMUL	2.57952
create-batch-K4-total[ms]	16	7168	0	2048	CLMUL	37.86755
create-batch-K8[ns]	16	7168	0	2048	GENERIC	2.08072
create-batch-K8-total[ms]	16	7168	0	2048	GENERIC	30.54515
create-batch-K8[ns]	16	7168	0	2048	CLMUL	2.00755
create-batch-K8-total[ms]	16	7168	0	2048	CLMUL	29.47097
create-batch-K1[ns]	16	7168	0	4096	GENERIC	4.65168
create-batch-K1-total[ms]	16	7168	0	4096	GENERIC	136.57389
create-batch-K1[ns]	16	7168	0	4096	CLMUL	9.16901
create-batch-K1-total[ms]	16	7168	0	4096	CLMUL	269.20328
create-batch-K2[ns]	16	7168	0	4096	GENERIC	2.75856
create-batch-K2-total[ms]	16	7168	0	4096	GENERIC	80.99160
create-batch-K2[ns]	16	7168	0	4096	CLMUL	4.79445
create-batch-K2-total[ms]	16	7168	0	4096	CLMUL	140.76567
create-batch-K4[ns]	16	7168	0	4096	GENERIC	1.94752
create-batch-K4-total[ms]	16	7168	0	4096	GENERIC	57.17932
create-batch-K4[ns]	16	7168	0	4096	CLMUL	2.57959
create-batch-K4-total[ms]	16	7168	0	4096	CLMUL	75.73697
create-batch-K8[ns]	16	7168	0	4096	GENERIC	2.08224
create-batch-K8-total[ms]	16	7168	0	4096	GENERIC	61.13478
create-batch-K8[ns]	16	7168	0	4096	CLMUL	2.00770
create-batch-K8-total[ms]	16	7168	0	4096	CLMUL	58.94619
create-batch-K1[ns]	16	7168	0	8192	GENERIC	4.65176
create-batch-K1-total[ms]	16	7168	0	8192	GENERIC	273.15278
create-batch-K1[ns]	16	7168	0	8192	CLMUL	9.16926
create-batch-K1-total[ms]	16	7168	0	8192	CLMUL	538.42109
create-batch-K2[ns]	16	7168	0	8192	GENERIC	2.75863
create-batch-K2-total[ms]	16	7168	0	8192	GENERIC	161.98733
create-batch-K2[ns]	16	7168	0	8192	CLMUL	4.79452
create-batch-K2-total[ms]	16	7168	0	8192	CLMUL	281.53547
create-batch-K4[ns]	16	7168	0	8192	GENERIC	1.94806
create-batch-K4-total[ms]	16	7168	0	8192	GENERIC	114.39047
create-batch-K4[ns]	16	7168	0	8192	CLMUL	2.57965
create-batch-K4-total[ms]	16	7168	0	8192	CLMUL	151.47774
create-batch-K8[ns]	16	7168	0	8192	GENERIC	2.07855
create-batch-K8-total[ms]	16	7168	0	8192	GENERIC	122.05291
create-batch-K8[ns]	16	7168	0	8192	CLMUL	2.00774
create-batch-K8-total[ms]	16	7168	0	8192	CLMUL	117.89481
create-batch-K1[ns]	16	8192	0	16	GENERIC	4.64959
create-batch-K1-total[ms]	16	8192	0	16	GENERIC	0.60943
create-batch-K1[ns]	16	8192	0	16	CLMUL	9.16481
create-batch-K1-total[ms]	16	8192	0	16	CLMUL	1.20125
create-batch-K2[ns]	16	8192	0	16	GENERIC	2.75635
create-batch-K2-total[ms]	16	8192	0	16	GENERIC	0.36128
create-batch-K2[ns]	16	8192	0	16	CLMUL	4.79200
create-batch-K2-total[ms]	16	8192	0	16	CLMUL	0.62810
create-batch-K4[ns]	16	8192	0	16	GENERIC	1.94183
create-batch-K4-total[ms]	16	8192	0	16	GENERIC	0.25452
create-batch-K4[ns]	16	8192	0	16	CLMUL	2.57890
create-batch-K4-total[ms]	16	8192	0	16	CLMUL	0.33802
create-batch-K8[ns]	16	8192	0	16	GENERIC	2.07097
create-batch-K8-total[ms]	16	8192	0	16	GENERIC	0.27145
create-batch-K8[ns]	16	8192	0	16	CLMUL	2.00612
create-batch-K8-total[ms]	16	8192	0	16	CLMUL	0.26295
create-batch-K1[ns]	16	8192	0	64	GENERIC	4.64874
create-batch-K1-total[ms]	16	8192	0	64	GENERIC	2.43728
create-batch-K1[ns]	16	8192	0	64	CLMUL	9.16760
create-batch-K1-total[ms]	16	8192	0	64	CLMUL	4.80646
create-batch-K2[ns]	16	8192	0	64	GENERIC	2.75702
create-batch-K2-total[ms]	16	8192	0	64	GENERIC	1.44547
create-batch-K2[ns]	16	8192	0	64	CLMUL	4.79165
create-batch-K2-total[ms]	16	8192	0	64	CLMUL	2.51220
create-batch-K4[ns]	16	8192	0	64	GENERIC	1.94844
create-batch-K4-total[ms]	16	8192	0	64	GENERIC	1.02154
create-batch-K4[ns]	16	8192	0	64	CLMUL	2.57858
create-batch-K4-total[ms]	16	8192	0	64	CLMUL	1.35192
create-batch-K8[ns]	16	8192	0	64	GENERIC	2.07952
create-batch-K8-total[ms]	16	8192	0	64	GENERIC	1.09027
create-batch-K8[ns]	16	8192	0	64	CLMUL	2.00591
create-batch-K8-total[ms]	16	8192	0	64	CLMUL	1.05167
create-batch-K1[ns]	16	8192	0	128	GENERIC	4.65045
create-batch-K1-total[ms]	16	8192	0	128	GENERIC	4.87635
create-batch-K1[ns]	16	8192	0	128	CLMUL	9.16938
create-batch-K1-total[ms]	16	8192	0	128	CLMUL	9.61479
create-batch-K2[ns]	16	8192	0	128	GENERIC	2.75676
create-batch-K2-total[ms]	16	8192	0	128	GENERIC	2.89067
create-batch-K2[ns]	16	8192	0	128	CLMUL	4.79308
create-batch-K2-total[ms]	16	8192	0	128	CLMUL	5.02591
create-batch-K4[ns]	16	8192	0	128	GENERIC	1.94387
create-batch-K4-total[ms]	16	8192	0	128	GENERIC	2.03829
create-batch-K4[ns]	16	8192	0	128	CLMUL	2.57853
create-batch-K4-total[ms]	16	8192	0	128	CLMUL	2.70378
create-batch-K8[ns]	16	8192	0	128	GENERIC	2.08222
create-batch-K8-total[ms]	16	8192	0	128	GENERIC	2.18337
create-batch-K8[ns]	16	8192	0	128	CLMUL	2.00587
create-batch-K8-total[ms]	16	8192	0	128	CLMUL	2.10331
create-batch-K1[ns]	16	8192	0	512	GENERIC	4.65111
create-batch-K1-total[ms]	16	8192	0	512	GENERIC	19.50816
create-batch-K1[ns]	16	8192	0	512	CLMUL	9.16877
create-batch-K1-total[ms]	16	8192	0	512	CLMUL	38.45660
create-batch-K2[ns]	16	8192	0	512	GENERIC	2.75754
create-batch-K2-total[ms]	16	8192	0	512	GENERIC	11.56595
create-batch-K2[ns]	16	8192	0	512	CLMUL	4.79425
create-batch-K2-total[ms]	16	8192	0	512	CLMUL	20.10856
create-batch-K4[ns]	16	8192	0	512	GENERIC	1.94585
create-batch-K4-total[ms]	16	8192	0	512	GENERIC	8.16147
create-batch-K4[ns]	16	8192	0	512	CLMUL	2.57928
create-batch-K4-total[ms]	16	8192	0	512	CLMUL	10.81828
create-batch-K8[ns]	16	8192	0	512	GENERIC	2.08227
create-batch-K8-total[ms]	16	8192	0	512	GENERIC	8.73366
create-batch-K8[ns]	16	8192	0	512	CLMUL	2.00753
create-batch-K8-total[ms]	16	8192	0	512	CLMUL	8.42017
create-batch-K1[ns]	16	8192	0	1024	GENERIC	4.65093
create-batch-K1-total[ms]	16	8192	0	1024	GENERIC	39.01486
create-batch-K1[ns]	16	8192	0	1024	CLMUL	9.16892
create-batch-K1-total[ms]	16	8192	0	1024	CLMUL	76.91451
create-batch-K2[ns]	16	8192	0	1024	GENERIC	2.75785
create-batch-K2-total[ms]	16	8192	0	1024	GENERIC	23.13450
create-batch-K2[ns]	16	8192	0	1024	CLMUL	4.79434
create-batch-K2-total[ms]	16	8192	0	1024	CLMUL	40.21787
create-batch-K4[ns]	16	8192	0	1024	GENERIC	1.94626
create-batch-K4-total[ms]	16	8192	0	1024	GENERIC	16.32638
create-batch-K4[ns]	16	8192	0	1024	CLMUL	2.57948
create-batch-K4-total[ms]	16	8192	0	1024	CLMUL	21.63827
create-batch-K8[ns]	16	8192	0	1024	GENERIC	2.08311
create-batch-K8-total[ms]	16	8192	0	1024	GENERIC	17.47441
create-batch-K8[ns]	16	8192	0	1024	CLMUL	2.00751
create-batch-K8-total[ms]	16	8192	0	1024	CLMUL	16.84020
create-batch-K1[ns]	16	8192	0	2048	GENERIC	4.65132
create-batch-K1-total[ms]	16	8192	0	2048	GENERIC	78.03622
create-batch-K1[ns]	16	8192	0	2048	CLMUL	9.16925
create-batch-K1-total[ms]	16	8192	0	2048	CLMUL	153.83447
create-batch-K2[ns]	16	8192	0	2048	GENERIC	2.75786
create-batch-K2-total[ms]	16	8192	0	2048	GENERIC	46.26914
create-batch-K2[ns]	16	8192	0	2048	CLMUL	4.79435
create-batch-K2-total[ms]	16	8192	0	2048	CLMUL	80.43578
create-batch-K4[ns]	16	8192	0	2048	GENERIC	1.94626
create-batch-K4-total[ms]	16	8192	0	2048	GENERIC	32.65291
create-batch-K4[ns]	16	8192	0	2048	CLMUL	2.57945
create-batch-K4-total[ms]	16	8192	0	2048	CLMUL	43.27597
create-batch-K8[ns]	16	8192	0	2048	GENERIC	2.08313
create-batch-K8-total[ms]	16	8192	0	2048	GENERIC	34.94913
create-batch-K8[ns]	16	8192	0	2048	CLMUL	2.00765
create-batch-K8-total[ms]	16	8192	0	2048	CLMUL	33.68277
create-batch-K1[ns]	16	8192	0	4096	GENERIC	4.65092
create-batch-K1-total[ms]	16	8192	0	4096	GENERIC	156.05908
create-batch-K1[ns]	16	8192	0	4096	CLMUL	9.16954
create-batch-K1-total[ms]	16	8192	0	4096	CLMUL	307.67859
create-batch-K2[ns]	16	8192	0	4096	GENERIC	2.75792
create-batch-K2-total[ms]	16	8192	0	4096	GENERIC	92.54037
create-batch-K2[ns]	16	8192	0	4096	CLMUL	4.79460
create-batch-K2-total[ms]	16	8192	0	4096	CLMUL	160.88005
create-batch-K4[ns]	16	8192	0	4096	GENERIC	1.94701
create-batch-K4-total[ms]	16	8192	0	4096	GENERIC	65.33071
create-batch-K4[ns]	16	8192	0	4096	CLMUL	2.57956
create-batch-K4-total[ms]	16	8192	0	4096	CLMUL	86.55561
create-batch-K8[ns]	16	8192	0	4096	GENERIC	2.08380
create-batch-K8-total[ms]	16	8192	0	4096	GENERIC	69.92058
create-batch-K8[ns]	16	8192	0	4096	CLMUL	2.00773
create-batch-K8-total[ms]	16	8192	0	4096	CLMUL	67.36826
create-batch-K1[ns]	16	8192	0	8192	GENERIC	4.65118
create-batch-K1-total[ms]	16	8192	0	8192	GENERIC	312.13560
create-batch-K1[ns]	16	8192	0	8192	CLMUL	9.16962
create-batch-K1-total[ms]	16	8192	0	8192	CLMUL	615.36255
create-batch-K2[ns]	16	8192	0	8192	GENERIC	2.75782
create-batch-K2-total[ms]	16	8192	0	8192	GENERIC	185.07437
create-batch-K2[ns]	16	8192	0	8192	CLMUL	4.79493
create-batch-K2-total[ms]	16	8192	0	8192	CLMUL	321.78262
create-batch-K4[ns]	16	8192	0	8192	GENERIC	1.94679
create-batch-K4-total[ms]	16	8192	0	8192	GENERIC	130.64702
create-batch-K4[ns]	16	8192	0	8192	CLMUL	2.57957
create-batch-K4-total[ms]	16	8192	0	8192	CLMUL	173.11186
create-batch-K8[ns]	16	8192	0	8192	GENERIC	2.07796
create-batch-K8-total[ms]	16	8192	0	8192	GENERIC	139.44955
create-batch-K8[ns]	16	8192	0	8192	CLMUL	2.00775
create-batch-K8-total[ms]	16	8192	0	8192	CLMUL	134.73783
create-batch-K1[ns]	29	128	0	16	GENERIC	5.47070
create-batch-K1-total[ms]	29	128	0	16	GENERIC	0.01120
create-batch-K1[ns]	29	128	0	16	CLMUL	9.44043
create-batch-K1-total[ms]	29	128	0	16	CLMUL	0.01933
create-batch-K1[ns]	29	128	0	16	CLMUL_TRI	9.46729
create-batch-K1-total[ms]	29	128	0	16	CLMUL_TRI	0.01939
create-batch-K2[ns]	29	128	0	16	GENERIC	3.81592
create-batch-K2-total[ms]	29	128	0	16	GENERIC	0.00782
create-batch-K2[ns]	29	128	0	16	CLMUL	4.91895
create-batch-K2-total[ms]	29	128	0	16	CLMUL	0.01007
create-batch-K2[ns]	29	128	0	16	CLMUL_TRI	4.85547
create-batch-K2-total[ms]	29	128	0	16	CLMUL_TRI	0.00994
create-batch-K4[ns]	29	128	0	16	GENERIC	3.96973
create-batch-K4-total[ms]	29	128	0	16	GENERIC	0.00813
create-batch-K4[ns]	29	128	0	16	CLMUL	2.79395
create-batch-K4-total[ms]	29	128	0	16	CLMUL	0.00572
create-batch-K4[ns]	29	128	0	16	CLMUL_TRI	3.31885
create-batch-K4-total[ms]	29	128	0	16	CLMUL_TRI	0.00680
create-batch-K8[ns]	29	128	0	16	GENERIC	4.18652
create-batch-K8-total[ms]	29	128	0	16	GENERIC	0.00857
create-batch-K8[ns]	29	128	0	16	CLMUL	1.97998
create-batch-K8-total[ms]	29	128	0	16	CLMUL	0.00406
create-batch-K8[ns]	29	128	0	16	CLMUL_TRI	2.54102
create-batch-K8-total[ms]	29	128	0	16	CLMUL_TRI	0.00520
create-batch-K1[ns]	29	128	0	64	GENERIC	5.51575
create-batch-K1-total[ms]	29	128	0	64	GENERIC	0.04519
create-batch-K1[ns]	29	128	0	64	CLMUL	9.42664
create-batch-K1-total[ms]	29	128	0	64	CLMUL	0.07722
create-batch-K1[ns]	29	128	0	64	CLMUL_TRI	9.44470
create-batch-K1-total[ms]	29	128	0	64	CLMUL_TRI	0.07737
create-batch-K2[ns]	29	128	0	64	GENERIC	3.80457
create-batch-K2-total[ms]	29	128	0	64	GENERIC	0.03117
create-batch-K2[ns]	29	128	0	64	CLMUL	4.91443
create-batch-K2-total[ms]	29	128	0	64	CLMUL	0.04026
create-batch-K2[ns]	29	128	0	64	CLMUL_TRI	4.83984
create-batch-K2-total[ms]	29	128	0	64	CLMUL_TRI	0.03965
create-batch-K4[ns]	29	128	0	64	GENERIC	3.95593
create-batch-K4-total[ms]	29	128	0	64	GENERIC	0.03241
create-batch-K4[ns]	29	128	0	64	CLMUL	2.78271
create-batch-K4-total[ms]	29	128	0	64	CLMUL	0.02280
create-batch-K4[ns]	29	128	0	64	CLMUL_TRI	3.30493
create-batch-K4-total[ms]	29	128	0	64	CLMUL_TRI	0.02707
create-batch-K8[ns]	29	128	0	64	GENERIC	4.17310
create-batch-K8-total[ms]	29	128	0	64	GENERIC	0.03419
create-batch-K8[ns]	29	128	0	64	CLMUL	1.96667
create-batch-K8-total[ms]	29	128	0	64	CLMUL	0.01611
create-batch-K8[ns]	29	128	0	64	CLMUL_TRI	2.52502
create-batch-K8-total[ms]	29	128	0	64	CLMUL_TRI	0.02068
create-batch-K1[ns]	29	128	0	128	GENERIC	5.44800
create-batch-K1-total[ms]	29	128	0	128	GENERIC	0.08926
create-batch-K1[ns]	29	128	0	128	CLMUL	9.42322
create-batch-K1-total[ms]	29	128	0	128	CLMUL	0.15439
create-batch-K1[ns]	29	128	0	128	CLMUL_TRI	9.44012
create-batch-K1-total[ms]	29	128	0	128	CLMUL_TRI	0.15467
create-batch-K2[ns]	29	128	0	128	GENERIC	3.79889
create-batch-K2-total[ms]	29	128	0	128	GENERIC	0.06224
create-batch-K2[ns]	29	128	0	128	CLMUL	4.90997
create-batch-K2-total[ms]	29	128	0	128	CLMUL	0.08045
create-batch-K2[ns]	29	128	0	128	CLMUL_TRI	4.83875
create-batch-K2-total[ms]	29	128	0	128	CLMUL_TRI	0.07928
create-batch-K4[ns]	29	128	0	128	GENERIC	3.95599
create-batch-K4-total[ms]	29	128	0	128	GENERIC	0.06481
create-batch-K4[ns]	29	128	0	128	CLMUL	2.77936
create-batch-K4-total[ms]	29	128	0	128	CLMUL	0.04554
create-batch-K4[ns]	29	128	0	128	CLMUL_TRI	3.30048
create-batch-K4-total[ms]	29	128	0	128	CLMUL_TRI	0.05407
create-batch-K8[ns]	29	128	0	128	GENERIC	4.16846
create-batch-K8-total[ms]	29	128	0	128	GENERIC	0.06830
create-batch-K8[ns]	29	128	0	128	CLMUL	1.96332
create-batch-K8-total[ms]	29	128	0	128	CLMUL	0.03217
create-batch-K8[ns]	29	128	0	128	CLMUL_TRI	2.52277
create-batch-K8-total[ms]	29	128	0	128	CLMUL_TRI	0.04133
create-batch-K1[ns]	29	128	0	512	GENERIC	5.51978
create-batch-K1-total[ms]	29	128	0	512	GENERIC	0.36174
create-batch-K1[ns]	29	128	0	512	CLMUL	9.42152
create-batch-K1-total[ms]	29	128	0	512	CLMUL	0.61745
create-batch-K1[ns]	29	128	0	512	CLMUL_TRI	9.43762
create-batch-K1-total[ms]	29	128	0	512	CLMUL_TRI	0.61850
create-batch-K2[ns]	29	128	0	512	GENERIC	3.79919
create-batch-K2-total[ms]	29	128	0	512	GENERIC	0.24898
create-batch-K2[ns]	29	128	0	512	CLMUL	4.90942
create-batch-K2-total[ms]	29	128	0	512	CLMUL	0.32174
create-batch-K2[ns]	29	128	0	512	CLMUL_TRI	4.83679
create-batch-K2-total[ms]	29	128	0	512	CLMUL_TRI	0.31698
create-batch-K4[ns]	29	128	0	512	GENERIC	3.95657
create-batch-K4-total[ms]	29	128	0	512	GENERIC	0.25930
create-batch-K4[ns]	29	128	0	512	CLMUL	2.77570
create-batch-K4-total[ms]	29	128	0	512	CLMUL	0.18191
create-batch-K4[ns]	29	128	0	512	CLMUL_TRI	3.29735
create-batch-K4-total[ms]	29	128	0	512	CLMUL_TRI	0.21610
create-batch-K8[ns]	29	128	0	512	GENERIC	4.17049
create-batch-K8-total[ms]	29	128	0	512	GENERIC	0.27332
create-batch-K8[ns]	29	128	0	512	CLMUL	1.96190
create-batch-K8-total[ms]	29	128	0	512	CLMUL	0.12857
create-batch-K8[ns]	29	128	0	512	CLMUL_TRI	2.52026
create-batch-K8-total[ms]	29	128	0	512	CLMUL_TRI	0.16517
create-batch-K1[ns]	29	128	0	1024	GENERIC	5.51836
create-batch-K1-total[ms]	29	128	0	1024	GENERIC	0.72330
create-batch-K1[ns]	29	128	0	1024	CLMUL	9.39199
create-batch-K1-total[ms]	29	128	0	1024	CLMUL	1.23103
create-batch-K1[ns]	29	128	0	1024	CLMUL_TRI	9.43707
create-batch-K1-total[ms]	29	128	0	1024	CLMUL_TRI	1.23693
create-batch-K2[ns]	29	128	0	1024	GENERIC	3.79763
create-batch-K2-total[ms]	29	128	0	1024	GENERIC	0.49776
create-batch-K2[ns]	29	128	0	1024	CLMUL	4.90984
create-batch-K2-total[ms]	29	128	0	1024	CLMUL	0.64354
create-batch-K2[ns]	29	128	0	1024	CLMUL_TRI	4.83651
create-batch-K2-total[ms]	29	128	0	1024	CLMUL_TRI	0.63393
create-batch-K4[ns]	29	128	0	1024	GENERIC	3.95234
create-batch-K4-total[ms]	29	128	0	1024	GENERIC	0.51804
create-batch-K4[ns]	29	128	0	1024	CLMUL	2.77599
create-batch-K4-total[ms]	29	128	0	1024	CLMUL	0.36385
create-batch-K4[ns]	29	128	0	1024	CLMUL_TRI	3.29804
create-batch-K4-total[ms]	29	128	0	1024	CLMUL_TRI	0.43228
create-batch-K8[ns]	29	128	0	1024	GENERIC	4.17006
create-batch-K8-total[ms]	29	128	0	1024	GENERIC	0.54658
create-batch-K8[ns]	29	128	0	1024	CLMUL	1.96147
create-batch-K8-total[ms]	29	128	0	1024	CLMUL	0.25709
create-batch-K8[ns]	29	128	0	1024	CLMUL_TRI	2.51997
create-batch-K8-total[ms]	29	128	0	1024	CLMUL_TRI	0.33030
create-batch-K1[ns]	29	128	0	2048	GENERIC	5.47173
create-batch-K1-total[ms]	29	128	0	2048	GENERIC	1.43438
create-batch-K1[ns]	29	128	0	2048	CLMUL	9.40874
create-batch-K1-total[ms]	29	128	0	2048	CLMUL	2.46644
create-batch-K1[ns]	29	128	0	2048	CLMUL_TRI	9.43707
create-batch-K1-total[ms]	29	128	0	2048	CLMUL_TRI	2.47387
create-batch-K2[ns]	29	128	0	2048	GENERIC	3.80003
create-batch-K2-total[ms]	29	128	0	2048	GENERIC	0.99616
create-batch-K2[ns]	29	128	0	2048	CLMUL	4.90828
create-batch-K2-total[ms]	29	128	0	2048	CLMUL	1.28668
create-batch-K2[ns]	29	128	0	2048	CLMUL_TRI	4.83636
create-batch-K2-total[ms]	29	128	0	2048	CLMUL_TRI	1.26782
create-batch-K4[ns]	29	128	0	2048	GENERIC	3.95163
create-batch-K4-total[ms]	29	128	0	2048	GENERIC	1.03590
create-batch-K4[ns]	29	128	0	2048	CLMUL	2.77535
create-batch-K4-total[ms]	29	128	0	2048	CLMUL	0.72754
create-batch-K4[ns]	29	128	0	2048	CLMUL_TRI	3.29550
create-batch-K4-total[ms]	29	128	0	2048	CLMUL_TRI	0.86390
create-batch-K8[ns]	29	128	0	2048	GENERIC	4.17098
create-batch-K8-total[ms]	29	128	0	2048	GENERIC	1.09340
create-batch-K8[ns]	29	128	0	2048	CLMUL	1.96126
create-batch-K8-total[ms]	29	128	0	2048	CLMUL	0.51413
create-batch-K8[ns]	29	128	0	2048	CLMUL_TRI	2.51984
create-batch-K8-total[ms]	29	128	0	2048	CLMUL_TRI	0.66056
create-batch-K1[ns]	29	128	0	4096	GENERIC	5.47911
create-batch-K1-total[ms]	29	128	0	4096	GENERIC	2.87263
create-batch-K1[ns]	29	128	0	4096	CLMUL	9.38634
create-batch-K1-total[ms]	29	128	0	4096	CLMUL	4.92115
create-batch-K1[ns]	29	128	0	4096	CLMUL_TRI	9.44024
create-batch-K1-total[ms]	29	128	0	4096	CLMUL_TRI	4.94941
create-batch-K2[ns]	29	128	0	4096	GENERIC	3.79940
create-batch-K2-total[ms]	29	128	0	4096	GENERIC	1.99198
create-batch-K2[ns]	29	128	0	4096	CLMUL	4.91005
create-batch-K2-total[ms]	29	128	0	4096	CLMUL	2.57428
create-batch-K2[ns]	29	128	0	4096	CLMUL_TRI	4.83654
create-batch-K2-total[ms]	29	128	0	4096	CLMUL_TRI	2.53574
create-batch-K4[ns]	29	128	0	4096	GENERIC	3.95301
create-batch-K4-total[ms]	29	128	0	4096	GENERIC	2.07252
create-batch-K4[ns]	29	128	0	4096	CLMUL	2.77550
create-batch-K4-total[ms]	29	128	0	4096	CLMUL	1.45516
create-batch-K4[ns]	29	128	0	4096	CLMUL_TRI	3.29532
create-batch-K4-total[ms]	29	128	0	4096	CLMUL_TRI	1.72770
create-batch-K8[ns]	29	128	0	4096	GENERIC	4.17105
create-batch-K8-total[ms]	29	128	0	4096	GENERIC	2.18683
create-batch-K8[ns]	29	128	0	4096	CLMUL	1.96112
create-batch-K8-total[ms]	29	128	0	4096	CLMUL	1.02819
create-batch-K8[ns]	29	128	0	4096	CLMUL_TRI	2.51977
create-batch-K8-total[ms]	29	128	0	4096	CLMUL_TRI	1.32108
create-batch-K1[ns]	29	128	0	8192	GENERIC	5.52210
create-batch-K1-total[ms]	29	128	0	8192	GENERIC	5.79034
create-batch-K1[ns]	29	128	0	8192	CLMUL	9.37782
create-batch-K1-total[ms]	29	128	0	8192	CLMUL	9.83335
create-batch-K1[ns]	29	128	0	8192	CLMUL_TRI	9.44153
create-batch-K1-total[ms]	29	128	0	8192	CLMUL_TRI	9.90017
create-batch-K2[ns]	29	128	0	8192	GENERIC	3.80332
create-batch-K2-total[ms]	29	128	0	8192	GENERIC	3.98807
create-batch-K2[ns]	29	128	0	8192	CLMUL	4.90957
create-batch-K2-total[ms]	29	128	0	8192	CLMUL	5.14806
create-batch-K2[ns]	29	128	0	8192	CLMUL_TRI	4.83947
create-batch-K2-total[ms]	29	128	0	8192	CLMUL_TRI	5.07456
create-batch-K4[ns]	29	128	0	8192	GENERIC	3.95585
create-batch-K4-total[ms]	29	128	0	8192	GENERIC	4.14801
create-batch-K4[ns]	29	128	0	8192	CLMUL	2.77587
create-batch-K4-total[ms]	29	128	0	8192	CLMUL	2.91071
create-batch-K4[ns]	29	128	0	8192	CLMUL_TRI	3.29744
create-batch-K4-total[ms]	29	128	0	8192	CLMUL_TRI	3.45762
create-batch-K8[ns]	29	128	0	8192	GENERIC	4.17312
create-batch-K8-total[ms]	29	128	0	8192	GENERIC	4.37583
create-batch-K8[ns]	29	128	0	8192	CLMUL	1.96146
create-batch-K8-total[ms]	29	128	0	8192	CLMUL	2.05674
create-batch-K8[ns]	29	128	0	8192	CLMUL_TRI	2.52040
create-batch-K8-total[ms]	29	128	0	8192	CLMUL_TRI	2.64283
create-batch-K1[ns]	29	256	0	16	GENERIC	5.33032
create-batch-K1-total[ms]	29	256	0	16	GENERIC	0.02183
create-batch-K1[ns]	29	256	0	16	CLMUL	9.50781
create-batch-K1-total[ms]	29	256	0	16	CLMUL	0.03894
create-batch-K1[ns]	29	256	0	16	CLMUL_TRI	9.52148
create-batch-K1-total[ms]	29	256	0	16	CLMUL_TRI	0.03900
create-batch-K2[ns]	29	256	0	16	GENERIC	3.60327
create-batch-K2-total[ms]	29	256	0	16	GENERIC	0.01476
create-batch-K2[ns]	29	256	0	16	CLMUL	4.91895
create-batch-K2-total[ms]	29	256	0	16	CLMUL	0.02015
create-batch-K2[ns]	29	256	0	16	CLMUL_TRI	4.85107
create-batch-K2-total[ms]	29	256	0	16	CLMUL_TRI	0.01987
create-batch-K4[ns]	29	256	0	16	GENERIC	3.75269
create-batch-K4-total[ms]	29	256	0	16	GENERIC	0.01537
create-batch-K4[ns]	29	256	0	16	CLMUL	2.78027
create-batch-K4-total[ms]	29	256	0	16	CLMUL	0.01139
create-batch-K4[ns]	29	256	0	16	CLMUL_TRI	3.30054
create-batch-K4-total[ms]	29	256	0	16	CLMUL_TRI	0.01352
create-batch-K8[ns]	29	256	0	16	GENERIC	3.96509
create-batch-K8-total[ms]	29	256	0	16	GENERIC	0.01624
create-batch-K8[ns]	29	256	0	16	CLMUL	1.95752
create-batch-K8-total[ms]	29	256	0	16	CLMUL	0.00802
create-batch-K8[ns]	29	256	0	16	CLMUL_TRI	2.52271
create-batch-K8-total[ms]	29	256	0	16	CLMUL_TRI	0.01033
create-batch-K1[ns]	29	256	0	64	GENERIC	5.32593
create-batch-K1-total[ms]	29	256	0	64	GENERIC	0.08726
create-batch-K1[ns]	29	256	0	64	CLMUL	9.48309
create-batch-K1-total[ms]	29	256	0	64	CLMUL	0.15537
create-batch-K1[ns]	29	256	0	64	CLMUL_TRI	9.51251
create-batch-K1-total[ms]	29	256	0	64	CLMUL_TRI	0.15585
create-batch-K2[ns]	29	256	0	64	GENERIC	3.59998
create-batch-K2-total[ms]	29	256	0	64	GENERIC	0.05898
create-batch-K2[ns]	29	256	0	64	CLMUL	4.92017
create-batch-K2-total[ms]	29	256	0	64	CLMUL	0.08061
create-batch-K2[ns]	29	256	0	64	CLMUL_TRI	4.84216
create-batch-K2-total[ms]	29	256	0	64	CLMUL_TRI	0.07933
create-batch-K4[ns]	29	256	0	64	GENERIC	3.73901
create-batch-K4-total[ms]	29	256	0	64	GENERIC	0.06126
create-batch-K4[ns]	29	256	0	64	CLMUL	2.77142
create-batch-K4-total[ms]	29	256	0	64	CLMUL	0.04541
create-batch-K4[ns]	29	256	0	64	CLMUL_TRI	3.29248
create-batch-K4-total[ms]	29	256	0	64	CLMUL_TRI	0.05394
create-batch-K8[ns]	29	256	0	64	GENERIC	3.95490
create-batch-K8-total[ms]	29	256	0	64	GENERIC	0.06480
create-batch-K8[ns]	29	256	0	64	CLMUL	1.95422
create-batch-K8-total[ms]	29	256	0	64	CLMUL	0.03202
create-batch-K8[ns]	29	256	0	64	CLMUL_TRI	2.51263
create-batch-K8-total[ms]	29	256	0	64	CLMUL_TRI	0.04117
create-batch-K1[ns]	29	256	0	128	GENERIC	5.26263
create-batch-K1-total[ms]	29	256	0	128	GENERIC	0.17245
create-batch-K1[ns]	29	256	0	128	CLMUL	9.49216
create-batch-K1-total[ms]	29	256	0	128	CLMUL	0.31104
create-batch-K1[ns]	29	256	0	128	CLMUL_TRI	9.51080
create-batch-K1-total[ms]	29	256	0	128	CLMUL_TRI	0.31165
create-batch-K2[ns]	29	256	0	128	GENERIC	3.58810
create-batch-K2-total[ms]	29	256	0	128	GENERIC	0.11757
create-batch-K2[ns]	29	256	0	128	CLMUL	4.91733
create-batch-K2-total[ms]	29	256	0	128	CLMUL	0.16113
create-batch-K2[ns]	29	256	0	128	CLMUL_TRI	4.83932
create-batch-K2-total[ms]	29	256	0	128	CLMUL_TRI	0.15857
create-batch-K4[ns]	29	256	0	128	GENERIC	3.73901
create-batch-K4-total[ms]	29	256	0	128	GENERIC	0.12252
create-batch-K4[ns]	29	256	0	128	CLMUL	2.76920
create-batch-K4-total[ms]	29	256	0	128	CLMUL	0.09074
create-batch-K4[ns]	29	256	0	128	CLMUL_TRI	3.29083
create-batch-K4-total[ms]	29	256	0	128	CLMUL_TRI	0.10783
create-batch-K8[ns]	29	256	0	128	GENERIC	3.95486
create-batch-K8-total[ms]	29	256	0	128	GENERIC	0.12959
create-batch-K8[ns]	29	256	0	128	CLMUL	1.95203
create-batch-K8-total[ms]	29	256	0	128	CLMUL	0.06396
create-batch-K8[ns]	29	256	0	128	CLMUL_TRI	2.51096
create-batch-K8-total[ms]	29	256	0	128	CLMUL_TRI	0.08228
create-batch-K1[ns]	29	256	0	512	GENERIC	5.32819
create-batch-K1-total[ms]	29	256	0	512	GENERIC	0.69838
create-batch-K1[ns]	29	256	0	512	CLMUL	9.49075
create-batch-K1-total[ms]	29	256	0	512	CLMUL	1.24397
create-batch-K1[ns]	29	256	0	512	CLMUL_TRI	9.50926
create-batch-K1-total[ms]	29	256	0	512	CLMUL_TRI	1.24640
create-batch-K2[ns]	29	256	0	512	GENERIC	3.58556
create-batch-K2-total[ms]	29	256	0	512	GENERIC	0.46997
create-batch-K2[ns]	29	256	0	512	CLMUL	4.91450
create-batch-K2-total[ms]	29	256	0	512	CLMUL	0.64415
create-batch-K2[ns]	29	256	0	512	CLMUL_TRI	4.84018
create-batch-K2-total[ms]	29	256	0	512	CLMUL_TRI	0.63441
create-batch-K4[ns]	29	256	0	512	GENERIC	3.74493
create-batch-K4-total[ms]	29	256	0	512	GENERIC	0.49085
create-batch-K4[ns]	29	256	0	512	CLMUL	2.76822
create-batch-K4-total[ms]	29	256	0	512	CLMUL	0.36284
create-batch-K4[ns]	29	256	0	512	CLMUL_TRI	3.28900
create-batch-K4-total[ms]	29	256	0	512	CLMUL_TRI	0.43110
create-batch-K8[ns]	29	256	0	512	GENERIC	3.95573
create-batch-K8-total[ms]	29	256	0	512	GENERIC	0.51848
create-batch-K8[ns]	29	256	0	512	CLMUL	1.95102
create-batch-K8-total[ms]	29	256	0	512	CLMUL	0.25572
create-batch-K8[ns]	29	256	0	512	CLMUL_TRI	2.51009
create-batch-K8-total[ms]	29	256	0	512	CLMUL_TRI	0.32900
create-batch-K1[ns]	29	256	0	1024	GENERIC	5.32592
create-batch-K1-total[ms]	29	256	0	1024	GENERIC	1.39616
create-batch-K1[ns]	29	256	0	1024	CLMUL	9.48758
create-batch-K1-total[ms]	29	256	0	1024	CLMUL	2.48711
create-batch-K1[ns]	29	256	0	1024	CLMUL_TRI	9.50927
create-batch-K1-total[ms]	29	256	0	1024	CLMUL_TRI	2.49280
create-batch-K2[ns]	29	256	0	1024	GENERIC	3.58556
create-batch-K2-total[ms]	29	256	0	1024	GENERIC	0.93993
create-batch-K2[ns]	29	256	0	1024	CLMUL	4.91542
create-batch-K2-total[ms]	29	256	0	1024	CLMUL	1.28855
create-batch-K2[ns]	29	256	0	1024	CLMUL_TRI	4.84011
create-batch-K2-total[ms]	29	256	0	1024	CLMUL_TRI	1.26881
create-batch-K4[ns]	29	256	0	1024	GENERIC	3.73829
create-batch-K4-total[ms]	29	256	0	1024	GENERIC	0.97997
create-batch-K4[ns]	29	256	0	1024	CLMUL	2.76815
create-batch-K4-total[ms]	29	256	0	1024	CLMUL	0.72565
create-batch-K4[ns]	29	256	0	1024	CLMUL_TRI	3.28963
create-batch-K4-total[ms]	29	256	0	1024	CLMUL_TRI	0.86236
create-batch-K8[ns]	29	256	0	1024	GENERIC	3.95736
create-batch-K8-total[ms]	29	256	0	1024	GENERIC	1.03740
create-batch-K8[ns]	29	256	0	1024	CLMUL	1.95074
create-batch-K8-total[ms]	29	256	0	1024	CLMUL	0.51137
create-batch-K8[ns]	29	256	0	1024	CLMUL_TRI	2.50994
create-batch-K8-total[ms]	29	256	0	1024	CLMUL_TRI	0.65797
create-batch-K1[ns]	29	256	0	2048	GENERIC	5.25977
create-batch-K1-total[ms]	29	256	0	2048	GENERIC	2.75763
create-batch-K1[ns]	29	256	0	2048	CLMUL	9.49750
create-batch-K1-total[ms]	29	256	0	2048	CLMUL	4.97943
create-batch-K1[ns]	29	256	0	2048	CLMUL_TRI	9.51237
create-batch-K1-total[ms]	29	256	0	2048	CLMUL_TRI	4.98722
create-batch-K2[ns]	29	256	0	2048	GENERIC	3.58648
create-batch-K2-total[ms]	29	256	0	2048	GENERIC	1.88035
create-batch-K2[ns]	29	256	0	2048	CLMUL	4.91429
create-batch-K2-total[ms]	29	256	0	2048	CLMUL	2.57650
create-batch-K2[ns]	29	256	0	2048	CLMUL_TRI	4.84018
create-batch-K2-total[ms]	29	256	0	2048	CLMUL_TRI	2.53765
create-batch-K4[ns]	29	256	0	2048	GENERIC	3.73985
create-batch-K4-total[ms]	29	256	0	2048	GENERIC	1.96076
create-batch-K4[ns]	29	256	0	2048	CLMUL	2.76801
create-batch-K4-total[ms]	29	256	0	2048	CLMUL	1.45123
create-batch-K4[ns]	29	256	0	2048	CLMUL_TRI	3.28843
create-batch-K4-total[ms]	29	256	0	2048	CLMUL_TRI	1.72409
create-batch-K8[ns]	29	256	0	2048	GENERIC	3.95810
create-batch-K8-total[ms]	29	256	0	2048	GENERIC	2.07518
create-batch-K8[ns]	29	256	0	2048	CLMUL	1.95067
create-batch-K8-total[ms]	29	256	0	2048	CLMUL	1.02271
create-batch-K8[ns]	29	256	0	2048	CLMUL_TRI	2.50984
create-batch-K8-total[ms]	29	256	0	2048	CLMUL_TRI	1.31588
create-batch-K1[ns]	29	256	0	4096	GENERIC	5.32880
create-batch-K1-total[ms]	29	256	0	4096	GENERIC	5.58765
create-batch-K1[ns]	29	256	0	4096	CLMUL	9.49839
create-batch-K1-total[ms]	29	256	0	4096	CLMUL	9.95978
create-batch-K1[ns]	29	256	0	4096	CLMUL_TRI	9.51246
create-batch-K1-total[ms]	29	256	0	4096	CLMUL_TRI	9.97454
create-batch-K2[ns]	29	256	0	4096	GENERIC	3.58653
create-batch-K2-total[ms]	29	256	0	4096	GENERIC	3.76075
create-batch-K2[ns]	29	256	0	4096	CLMUL	4.91847
create-batch-K2-total[ms]	29	256	0	4096	CLMUL	5.15739
create-batch-K2[ns]	29	256	0	4096	CLMUL_TRI	4.84188
create-batch-K2-total[ms]	29	256	0	4096	CLMUL_TRI	5.07708
create-batch-K4[ns]	29	256	0	4096	GENERIC	3.74198
create-batch-K4-total[ms]	29	256	0	4096	GENERIC	3.92375
create-batch-K4[ns]	29	256	0	4096	CLMUL	2.76797
create-batch-K4-total[ms]	29	256	0	4096	CLMUL	2.90243
create-batch-K4[ns]	29	256	0	4096	CLMUL_TRI	3.28957
create-batch-K4-total[ms]	29	256	0	4096	CLMUL_TRI	3.44936
create-batch-K8[ns]	29	256	0	4096	GENERIC	3.95861
create-batch-K8-total[ms]	29	256	0	4096	GENERIC	4.15090
create-batch-K8[ns]	29	256	0	4096	CLMUL	1.95068
create-batch-K8-total[ms]	29	256	0	4096	CLMUL	2.04544
create-batch-K8[ns]	29	256	0	4096	CLMUL_TRI	2.50991
create-batch-K8-total[ms]	29	256	0	4096	CLMUL_TRI	2.63183
create-batch-K1[ns]	29	256	0	8192	GENERIC	5.32778
create-batch-K1-total[ms]	29	256	0	8192	GENERIC	11.17316
create-batch-K1[ns]	29	256	0	8192	CLMUL	9.49357
create-batch-K1-total[ms]	29	256	0	8192	CLMUL	19.90947
create-batch-K1[ns]	29	256	0	8192	CLMUL_TRI	9.51429
create-batch-K1-total[ms]	29	256	0	8192	CLMUL_TRI	19.95291
create-batch-K2[ns]	29	256	0	8192	GENERIC	3.59139
create-batch-K2-total[ms]	29	256	0	8192	GENERIC	7.53169
create-batch-K2[ns]	29	256	0	8192	CLMUL	4.91487
create-batch-K2-total[ms]	29	256	0	8192	CLMUL	10.30723
create-batch-K2[ns]	29	256	0	8192	CLMUL_TRI	4.84256
create-batch-K2-total[ms]	29	256	0	8192	CLMUL_TRI	10.15558
create-batch-K4[ns]	29	256	0	8192	GENERIC	3.74346
create-batch-K4-total[ms]	29	256	0	8192	GENERIC	7.85062
create-batch-K4[ns]	29	256	0	8192	CLMUL	2.76893
create-batch-K4-total[ms]	29	256	0	8192	CLMUL	5.80686
create-batch-K4[ns]	29	256	0	8192	CLMUL_TRI	3.29043
create-batch-K4-total[ms]	29	256	0	8192	CLMUL_TRI	6.90053
create-batch-K8[ns]	29	256	0	8192	GENERIC	3.95828
create-batch-K8-total[ms]	29	256	0	8192	GENERIC	8.30112
create-batch-K8[ns]	29	256	0	8192	CLMUL	1.95195
create-batch-K8-total[ms]	29	256	0	8192	CLMUL	4.09353
create-batch-K8[ns]	29	256	0	8192	CLMUL_TRI	2.51101
create-batch-K8-total[ms]	29	256	0	8192	CLMUL_TRI	5.26597
create-batch-K1[ns]	29	512	0	16	GENERIC	5.17212
create-batch-K1-total[ms]	29	512	0	16	GENERIC	0.04237
create-batch-K1[ns]	29	512	0	16	CLMUL	9.55542
create-batch-K1-total[ms]	29	512	0	16	CLMUL	0.07828
create-batch-K1[ns]	29	512	0	16	CLMUL_TRI	9.56445
create-batch-K1-total[ms]	29	512	0	16	CLMUL_TRI	0.07835
create-batch-K2[ns]	29	512	0	16	GENERIC	3.49023
create-batch-K2-total[ms]	29	512	0	16	GENERIC	0.02859
create-batch-K2[ns]	29	512	0	16	CLMUL	4.90100
create-batch-K2-total[ms]	29	512	0	16	CLMUL	0.04015
create-batch-K2[ns]	29	512	0	16	CLMUL_TRI	4.84448
create-batch-K2-total[ms]	29	512	0	16	CLMUL_TRI	0.03969
create-batch-K4[ns]	29	512	0	16	GENERIC	3.65308
create-batch-K4-total[ms]	29	512	0	16	GENERIC	0.02993
create-batch-K4[ns]	29	512	0	16	CLMUL	2.77136
create-batch-K4-total[ms]	29	512	0	16	CLMUL	0.02270
create-batch-K4[ns]	29	512	0	16	CLMUL_TRI	3.29358
create-batch-K4-total[ms]	29	512	0	16	CLMUL_TRI	0.02698
create-batch-K8[ns]	29	512	0	16	GENERIC	3.85193
create-batch-K8-total[ms]	29	512	0	16	GENERIC	0.03155
create-batch-K8[ns]	29	512	0	16	CLMUL	1.95312
create-batch-K8-total[ms]	29	512	0	16	CLMUL	0.01600
create-batch-K8[ns]	29	512	0	16	CLMUL_TRI	2.51147
create-batch-K8-total[ms]	29	512	0	16	CLMUL_TRI	0.02057
create-batch-K1[ns]	29	512	0	64	GENERIC	5.16486
create-batch-K1-total[ms]	29	512	0	64	GENERIC	0.16924
create-batch-K1[ns]	29	512	0	64	CLMUL	9.55264
create-batch-K1-total[ms]	29	512	0	64	CLMUL	0.31302
create-batch-K1[ns]	29	512	0	64	CLMUL_TRI	9.55942
create-batch-K1-total[ms]	29	512	0	64	CLMUL_TRI	0.31324
create-batch-K2[ns]	29	512	0	64	GENERIC	3.49710
create-batch-K2-total[ms]	29	512	0	64	GENERIC	0.11459
create-batch-K2[ns]	29	512	0	64	CLMUL	4.89697
create-batch-K2-total[ms]	29	512	0	64	CLMUL	0.16046
create-batch-K2[ns]	29	512	0	64	CLMUL_TRI	4.84723
create-batch-K2-total[ms]	29	512	0	64	CLMUL_TRI	0.15883
create-batch-K4[ns]	29	512	0	64	GENERIC	3.64233
create-batch-K4-total[ms]	29	512	0	64	GENERIC	0.11935
create-batch-K4[ns]	29	512	0	64	CLMUL	2.76807
create-batch-K4-total[ms]	29	512	0	64	CLMUL	0.09070
create-batch-K4[ns]	29	512	0	64	CLMUL_TRI	3.28912
create-batch-K4-total[ms]	29	512	0	64	CLMUL_TRI	0.10778
create-batch-K8[ns]	29	512	0	64	GENERIC	3.85031
create-batch-K8-total[ms]	29	512	0	64	GENERIC	0.12617
create-batch-K8[ns]	29	512	0	64	CLMUL	1.94861
create-batch-K8-total[ms]	29	512	0	64	CLMUL	0.06385
create-batch-K8[ns]	29	512	0	64	CLMUL_TRI	2.50754
create-batch-K8-total[ms]	29	512	0	64	CLMUL_TRI	0.08217
create-batch-K1[ns]	29	512	0	128	GENERIC	5.23296
create-batch-K1-total[ms]	29	512	0	128	GENERIC	0.34295
create-batch-K1[ns]	29	512	0	128	CLMUL	9.55208
create-batch-K1-total[ms]	29	512	0	128	CLMUL	0.62601
create-batch-K1[ns]	29	512	0	128	CLMUL_TRI	9.56168
create-batch-K1-total[ms]	29	512	0	128	CLMUL_TRI	0.62663
create-batch-K2[ns]	29	512	0	128	GENERIC	3.49908
create-batch-K2-total[ms]	29	512	0	128	GENERIC	0.22932
create-batch-K2[ns]	29	512	0	128	CLMUL	4.89584
create-batch-K2-total[ms]	29	512	0	128	CLMUL	0.32085
create-batch-K2[ns]	29	512	0	128	CLMUL_TRI	4.84555
create-batch-K2-total[ms]	29	512	0	128	CLMUL_TRI	0.31756
create-batch-K4[ns]	29	512	0	128	GENERIC	3.63304
create-batch-K4-total[ms]	29	512	0	128	GENERIC	0.23810
create-batch-K4[ns]	29	512	0	128	CLMUL	2.76694
create-batch-K4-total[ms]	29	512	0	128	CLMUL	0.18133
create-batch-K4[ns]	29	512	0	128	CLMUL_TRI	3.28857
create-batch-K4-total[ms]	29	512	0	128	CLMUL_TRI	0.21552
create-batch-K8[ns]	29	512	0	128	GENERIC	3.85202
create-batch-K8-total[ms]	29	512	0	128	GENERIC	0.25245
create-batch-K8[ns]	29	512	0	128	CLMUL	1.94748
create-batch-K8-total[ms]	29	512	0	128	CLMUL	0.12763
create-batch-K8[ns]	29	512	0	128	CLMUL_TRI	2.50670
create-batch-K8-total[ms]	29	512	0	128	CLMUL_TRI	0.16428
create-batch-K1[ns]	29	512	0	512	GENERIC	5.16570
create-batch-K1-total[ms]	29	512	0	512	GENERIC	1.35416
create-batch-K1[ns]	29	512	0	512	CLMUL	9.55137
create-batch-K1-total[ms]	29	512	0	512	CLMUL	2.50383
create-batch-K1[ns]	29	512	0	512	CLMUL_TRI	9.55780
create-batch-K1-total[ms]	29	512	0	512	CLMUL_TRI	2.50552
create-batch-K2[ns]	29	512	0	512	GENERIC	3.48857
create-batch-K2-total[ms]	29	512	0	512	GENERIC	0.91451
create-batch-K2[ns]	29	512	0	512	CLMUL	4.89528
create-batch-K2-total[ms]	29	512	0	512	CLMUL	1.28327
create-batch-K2[ns]	29	512	0	512	CLMUL_TRI	4.84597
create-batch-K2-total[ms]	29	512	0	512	CLMUL_TRI	1.27034
create-batch-K4[ns]	29	512	0	512	GENERIC	3.64469
create-batch-K4-total[ms]	29	512	0	512	GENERIC	0.95543
create-batch-K4[ns]	29	512	0	512	CLMUL	2.76638
create-batch-K4-total[ms]	29	512	0	512	CLMUL	0.72519
create-batch-K4[ns]	29	512	0	512	CLMUL_TRI	3.28787
create-batch-K4-total[ms]	29	512	0	512	CLMUL_TRI	0.86189
create-batch-K8[ns]	29	512	0	512	GENERIC	3.85005
create-batch-K8-total[ms]	29	512	0	512	GENERIC	1.00927
create-batch-K8[ns]	29	512	0	512	CLMUL	1.94671
create-batch-K8-total[ms]	29	512	0	512	CLMUL	0.51032
create-batch-K8[ns]	29	512	0	512	CLMUL_TRI	2.50620
create-batch-K8-total[ms]	29	512	0	512	CLMUL_TRI	0.65699
create-batch-K1[ns]	29	512	0	1024	GENERIC	5.16574
create-batch-K1-total[ms]	29	512	0	1024	GENERIC	2.70833
create-batch-K1[ns]	29	512	0	1024	CLMUL	9.55433
create-batch-K1-total[ms]	29	512	0	1024	CLMUL	5.00922
create-batch-K1[ns]	29	512	0	1024	CLMUL_TRI	9.56108
create-batch-K1-total[ms]	29	512	0	1024	CLMUL_TRI	5.01276
create-batch-K2[ns]	29	512	0	1024	GENERIC	3.48846
create-batch-K2-total[ms]	29	512	0	1024	GENERIC	1.82896
create-batch-K2[ns]	29	512	0	1024	CLMUL	4.89521
create-batch-K2-total[ms]	29	512	0	1024	CLMUL	2.56650
create-batch-K2[ns]	29	512	0	1024	CLMUL_TRI	4.84594
create-batch-K2-total[ms]	29	512	0	1024	CLMUL_TRI	2.54067
create-batch-K4[ns]	29	512	0	1024	GENERIC	3.63981
create-batch-K4-total[ms]	29	512	0	1024	GENERIC	1.90831
create-batch-K4[ns]	29	512	0	1024	CLMUL	2.76631
create-batch-K4-total[ms]	29	512	0	1024	CLMUL	1.45034
create-batch-K4[ns]	29	512	0	1024	CLMUL_TRI	3.28780
create-batch-K4-total[ms]	29	512	0	1024	CLMUL_TRI	1.72375
create-batch-K8[ns]	29	512	0	1024	GENERIC	3.84991
create-batch-K8-total[ms]	29	512	0	1024	GENERIC	2.01846
create-batch-K8[ns]	29	512	0	1024	CLMUL	1.94667
create-batch-K8-total[ms]	29	512	0	1024	CLMUL	1.02062
create-batch-K8[ns]	29	512	0	1024	CLMUL_TRI	2.50613
create-batch-K8-total[ms]	29	512	0	1024	CLMUL_TRI	1.31394
create-batch-K1[ns]	29	512	0	2048	GENERIC	5.23564
create-batch-K1-total[ms]	29	512	0	2048	GENERIC	5.48997
create-batch-K1[ns]	29	512	0	2048	CLMUL	9.55428
create-batch-K1-total[ms]	29	512	0	2048	CLMUL	10.01839
create-batch-K1[ns]	29	512	0	2048	CLMUL_TRI	9.56403
create-batch-K1-total[ms]	29	512	0	2048	CLMUL_TRI	10.02861
create-batch-K2[ns]	29	512	0	2048	GENERIC	3.48858
create-batch-K2-total[ms]	29	512	0	2048	GENERIC	3.65805
create-batch-K2[ns]	29	512	0	2048	CLMUL	4.89675
create-batch-K2-total[ms]	29	512	0	2048	CLMUL	5.13461
create-batch-K2[ns]	29	512	0	2048	CLMUL_TRI	4.84719
create-batch-K2-total[ms]	29	512	0	2048	CLMUL_TRI	5.08265
create-batch-K4[ns]	29	512	0	2048	GENERIC	3.64084
create-batch-K4-total[ms]	29	512	0	2048	GENERIC	3.81770
create-batch-K4[ns]	29	512	0	2048	CLMUL	2.76630
create-batch-K4-total[ms]	29	512	0	2048	CLMUL	2.90067
create-batch-K4[ns]	29	512	0	2048	CLMUL_TRI	3.28780
create-batch-K4-total[ms]	29	512	0	2048	CLMUL_TRI	3.44751
create-batch-K8[ns]	29	512	0	2048	GENERIC	3.85095
create-batch-K8-total[ms]	29	512	0	2048	GENERIC	4.03801
create-batch-K8[ns]	29	512	0	2048	CLMUL	1.94662
create-batch-K8-total[ms]	29	512	0	2048	CLMUL	2.04118
create-batch-K8[ns]	29	512	0	2048	CLMUL_TRI	2.50613
create-batch-K8-total[ms]	29	512	0	2048	CLMUL_TRI	2.62787
create-batch-K1[ns]	29	512	0	4096	GENERIC	5.16713
create-batch-K1-total[ms]	29	512	0	4096	GENERIC	10.83627
create-batch-K1[ns]	29	512	0	4096	CLMUL	9.55502
create-batch-K1-total[ms]	29	512	0	4096	CLMUL	20.03832
create-batch-K1[ns]	29	512	0	4096	CLMUL_TRI	9.56514
create-batch-K1-total[ms]	29	512	0	4096	CLMUL_TRI	20.05956
create-batch-K2[ns]	29	512	0	4096	GENERIC	3.49073
create-batch-K2-total[ms]	29	512	0	4096	GENERIC	7.32059
create-batch-K2[ns]	29	512	0	4096	CLMUL	4.89689
create-batch-K2-total[ms]	29	512	0	4096	CLMUL	10.26952
create-batch-K2[ns]	29	512	0	4096	CLMUL_TRI	4.84758
create-batch-K2-total[ms]	29	512	0	4096	CLMUL_TRI	10.16611
create-batch-K4[ns]	29	512	0	4096	GENERIC	3.64131
create-batch-K4-total[ms]	29	512	0	4096	GENERIC	7.63639
create-batch-K4[ns]	29	512	0	4096	CLMUL	2.76705
create-batch-K4-total[ms]	29	512	0	4096	CLMUL	5.80291
create-batch-K4[ns]	29	512	0	4096	CLMUL_TRI	3.28861
create-batch-K4-total[ms]	29	512	0	4096	CLMUL_TRI	6.89672
create-batch-K8[ns]	29	512	0	4096	GENERIC	3.85216
create-batch-K8-total[ms]	29	512	0	4096	GENERIC	8.07856
create-batch-K8[ns]	29	512	0	4096	CLMUL	1.94749
create-batch-K8-total[ms]	29	512	0	4096	CLMUL	4.08418
create-batch-K8[ns]	29	512	0	4096	CLMUL_TRI	2.50693
create-batch-K8-total[ms]	29	512	0	4096	CLMUL_TRI	5.25741
create-batch-K1[ns]	29	512	0	8192	GENERIC	5.16657
create-batch-K1-total[ms]	29	512	0	8192	GENERIC	21.67018
create-batch-K1[ns]	29	512	0	8192	CLMUL	9.55541
create-batch-K1-total[ms]	29	512	0	8192	CLMUL	40.07829
create-batch-K1[ns]	29	512	0	8192	CLMUL_TRI	9.56139
create-batch-K1-total[ms]	29	512	0	8192	CLMUL_TRI	40.10340
create-batch-K2[ns]	29	512	0	8192	GENERIC	3.49013
create-batch-K2-total[ms]	29	512	0	8192	GENERIC	14.63865
create-batch-K2[ns]	29	512	0	8192	CLMUL	4.89772
create-batch-K2-total[ms]	29	512	0	8192	CLMUL	20.54251
create-batch-K2[ns]	29	512	0	8192	CLMUL_TRI	4.84839
create-batch-K2-total[ms]	29	512	0	8192	CLMUL_TRI	20.33564
create-batch-K4[ns]	29	512	0	8192	GENERIC	3.64188
create-batch-K4-total[ms]	29	512	0	8192	GENERIC	15.27517
create-batch-K4[ns]	29	512	0	8192	CLMUL	2.76720
create-batch-K4-total[ms]	29	512	0	8192	CLMUL	11.60650
create-batch-K4[ns]	29	512	0	8192	CLMUL_TRI	3.28893
create-batch-K4-total[ms]	29	512	0	8192	CLMUL_TRI	13.79479
create-batch-K8[ns]	29	512	0	8192	GENERIC	3.85200
create-batch-K8-total[ms]	29	512	0	8192	GENERIC	16.15648
create-batch-K8[ns]	29	512	0	8192	CLMUL	1.94765
create-batch-K8-total[ms]	29	512	0	8192	CLMUL	8.16904
create-batch-K8[ns]	29	512	0	8192	CLMUL_TRI	2.50716
create-batch-K8-total[ms]	29	512	0	8192	CLMUL_TRI	10.51578
create-batch-K1[ns]	29	1024	0	16	GENERIC	5.11682
create-batch-K1-total[ms]	29	1024	0	16	GENERIC	0.08383
create-batch-K1[ns]	29	1024	0	16	CLMUL	9.57019
create-batch-K1-total[ms]	29	1024	0	16	CLMUL	0.15680
create-batch-K1[ns]	29	1024	0	16	CLMUL_TRI	9.57465
create-batch-K1-total[ms]	29	1024	0	16	CLMUL_TRI	0.15687
create-batch-K2[ns]	29	1024	0	16	GENERIC	3.42816
create-batch-K2-total[ms]	29	1024	0	16	GENERIC	0.05617
create-batch-K2[ns]	29	1024	0	16	CLMUL	4.89868
create-batch-K2-total[ms]	29	1024	0	16	CLMUL	0.08026
create-batch-K2[ns]	29	1024	0	16	CLMUL_TRI	4.84332
create-batch-K2-total[ms]	29	1024	0	16	CLMUL_TRI	0.07935
create-batch-K4[ns]	29	1024	0	16	GENERIC	3.57965
create-batch-K4-total[ms]	29	1024	0	16	GENERIC	0.05865
create-batch-K4[ns]	29	1024	0	16	CLMUL	2.76581
create-batch-K4-total[ms]	29	1024	0	16	CLMUL	0.04532
create-batch-K4[ns]	29	1024	0	16	CLMUL_TRI	3.28796
create-batch-K4-total[ms]	29	1024	0	16	CLMUL_TRI	0.05387
create-batch-K8[ns]	29	1024	0	16	GENERIC	3.79443
create-batch-K8-total[ms]	29	1024	0	16	GENERIC	0.06217
create-batch-K8[ns]	29	1024	0	16	CLMUL	1.94635
create-batch-K8-total[ms]	29	1024	0	16	CLMUL	0.03189
create-batch-K8[ns]	29	1024	0	16	CLMUL_TRI	2.50580
create-batch-K8-total[ms]	29	1024	0	16	CLMUL_TRI	0.04106
create-batch-K1[ns]	29	1024	0	64	GENERIC	5.11145
create-batch-K1-total[ms]	29	1024	0	64	GENERIC	0.33498
create-batch-K1[ns]	29	1024	0	64	CLMUL	9.56789
create-batch-K1-total[ms]	29	1024	0	64	CLMUL	0.62704
create-batch-K1[ns]	29	1024	0	64	CLMUL_TRI	9.57298
create-batch-K1-total[ms]	29	1024	0	64	CLMUL_TRI	0.62738
create-batch-K2[ns]	29	1024	0	64	GENERIC	3.44569
create-batch-K2-total[ms]	29	1024	0	64	GENERIC	0.22582
create-batch-K2[ns]	29	1024	0	64	CLMUL	4.89189
create-batch-K2-total[ms]	29	1024	0	64	CLMUL	0.32060
create-batch-K2[ns]	29	1024	0	64	CLMUL_TRI	4.84386
create-batch-K2-total[ms]	29	1024	0	64	CLMUL_TRI	0.31745
create-batch-K4[ns]	29	1024	0	64	GENERIC	3.58556
create-batch-K4-total[ms]	29	1024	0	64	GENERIC	0.23498
create-batch-K4[ns]	29	1024	0	64	CLMUL	2.76413
create-batch-K4-total[ms]	29	1024	0	64	CLMUL	0.18115
create-batch-K4[ns]	29	1024	0	64	CLMUL_TRI	3.28519
create-batch-K4-total[ms]	29	1024	0	64	CLMUL_TRI	0.21530
create-batch-K8[ns]	29	1024	0	64	GENERIC	3.79466
create-batch-K8-total[ms]	29	1024	0	64	GENERIC	0.24869
create-batch-K8[ns]	29	1024	0	64	CLMUL	1.94409
create-batch-K8-total[ms]	29	1024	0	64	CLMUL	0.12741
create-batch-K8[ns]	29	1024	0	64	CLMUL_TRI	2.50386
create-batch-K8-total[ms]	29	1024	0	64	CLMUL_TRI	0.16409
create-batch-K1[ns]	29	1024	0	128	GENERIC	5.18139
create-batch-K1-total[ms]	29	1024	0	128	GENERIC	0.67913
create-batch-K1[ns]	29	1024	0	128	CLMUL	9.56762
create-batch-K1-total[ms]	29	1024	0	128	CLMUL	1.25405
create-batch-K1[ns]	29	1024	0	128	CLMUL_TRI	9.57270
create-batch-K1-total[ms]	29	1024	0	128	CLMUL_TRI	1.25471
create-batch-K2[ns]	29	1024	0	128	GENERIC	3.43213
create-batch-K2-total[ms]	29	1024	0	128	GENERIC	0.44986
create-batch-K2[ns]	29	1024	0	128	CLMUL	4.89599
create-batch-K2-total[ms]	29	1024	0	128	CLMUL	0.64173
create-batch-K2[ns]	29	1024	0	128	CLMUL_TRI	4.84499
create-batch-K2-total[ms]	29	1024	0	128	CLMUL_TRI	0.63504
create-batch-K4[ns]	29	1024	0	128	GENERIC	3.58711
create-batch-K4-total[ms]	29	1024	0	128	GENERIC	0.47017
create-batch-K4[ns]	29	1024	0	128	CLMUL	2.76369
create-batch-K4-total[ms]	29	1024	0	128	CLMUL	0.36224
create-batch-K4[ns]	29	1024	0	128	CLMUL_TRI	3.28490
create-batch-K4-total[ms]	29	1024	0	128	CLMUL_TRI	0.43056
create-batch-K8[ns]	29	1024	0	128	GENERIC	3.79622
create-batch-K8-total[ms]	29	1024	0	128	GENERIC	0.49758
create-batch-K8[ns]	29	1024	0	128	CLMUL	1.94367
create-batch-K8-total[ms]	29	1024	0	128	CLMUL	0.25476
create-batch-K8[ns]	29	1024	0	128	CLMUL_TRI	2.50345
create-batch-K8-total[ms]	29	1024	0	128	CLMUL_TRI	0.32813
create-batch-K1[ns]	29	1024	0	512	GENERIC	5.11159
create-batch-K1-total[ms]	29	1024	0	512	GENERIC	2.67995
create-batch-K1[ns]	29	1024	0	512	CLMUL	9.57044
create-batch-K1-total[ms]	29	1024	0	512	CLMUL	5.01767
create-batch-K1[ns]	29	1024	0	512	CLMUL_TRI	9.57532
create-batch-K1-total[ms]	29	1024	0	512	CLMUL_TRI	5.02022
create-batch-K2[ns]	29	1024	0	512	GENERIC	3.43156
create-batch-K2-total[ms]	29	1024	0	512	GENERIC	1.79912
create-batch-K2[ns]	29	1024	0	512	CLMUL	4.89557
create-batch-K2-total[ms]	29	1024	0	512	CLMUL	2.56669
create-batch-K2[ns]	29	1024	0	512	CLMUL_TRI	4.84513
create-batch-K2-total[ms]	29	1024	0	512	CLMUL_TRI	2.54024
create-batch-K4[ns]	29	1024	0	512	GENERIC	3.58644
create-batch-K4-total[ms]	29	1024	0	512	GENERIC	1.88033
create-batch-K4[ns]	29	1024	0	512	CLMUL	2.76338
create-batch-K4-total[ms]	29	1024	0	512	CLMUL	1.44881
create-batch-K4[ns]	29	1024	0	512	CLMUL_TRI	3.28458
create-batch-K4-total[ms]	29	1024	0	512	CLMUL_TRI	1.72207
create-batch-K8[ns]	29	1024	0	512	GENERIC	3.79551
create-batch-K8-total[ms]	29	1024	0	512	GENERIC	1.98994
create-batch-K8[ns]	29	1024	0	512	CLMUL	1.94346
create-batch-K8-total[ms]	29	1024	0	512	CLMUL	1.01893
create-batch-K8[ns]	29	1024	0	512	CLMUL_TRI	2.50313
create-batch-K8-total[ms]	29	1024	0	512	CLMUL_TRI	1.31236
create-batch-K1[ns]	29	1024	0	1024	GENERIC	5.11352
create-batch-K1-total[ms]	29	1024	0	1024	GENERIC	5.36191
create-batch-K1[ns]	29	1024	0	1024	CLMUL	9.57037
create-batch-K1-total[ms]	29	1024	0	1024	CLMUL	10.03526
create-batch-K1[ns]	29	1024	0	1024	CLMUL_TRI	9.57396
create-batch-K1-total[ms]	29	1024	0	1024	CLMUL_TRI	10.03902
create-batch-K2[ns]	29	1024	0	1024	GENERIC	3.43384
create-batch-K2-total[ms]	29	1024	0	1024	GENERIC	3.60064
create-batch-K2[ns]	29	1024	0	1024	CLMUL	4.89715
create-batch-K2-total[ms]	29	1024	0	1024	CLMUL	5.13504
create-batch-K2[ns]	29	1024	0	1024	CLMUL_TRI	4.84631
create-batch-K2-total[ms]	29	1024	0	1024	CLMUL_TRI	5.08172
create-batch-K4[ns]	29	1024	0	1024	GENERIC	3.58521
create-batch-K4-total[ms]	29	1024	0	1024	GENERIC	3.75936
create-batch-K4[ns]	29	1024	0	1024	CLMUL	2.76333
create-batch-K4-total[ms]	29	1024	0	1024	CLMUL	2.89756
create-batch-K4[ns]	29	1024	0	1024	CLMUL_TRI	3.28458
create-batch-K4-total[ms]	29	1024	0	1024	CLMUL_TRI	3.44414
create-batch-K8[ns]	29	1024	0	1024	GENERIC	3.79846
create-batch-K8-total[ms]	29	1024	0	1024	GENERIC	3.98297
create-batch-K8[ns]	29	1024	0	1024	CLMUL	1.94339
create-batch-K8-total[ms]	29	1024	0	1024	CLMUL	2.03779
create-batch-K8[ns]	29	1024	0	1024	CLMUL_TRI	2.50308
create-batch-K8-total[ms]	29	1024	0	1024	CLMUL_TRI	2.62467
create-batch-K1[ns]	29	1024	0	2048	GENERIC	5.11425
create-batch-K1-total[ms]	29	1024	0	2048	GENERIC	10.72536
create-batch-K1[ns]	29	1024	0	2048	CLMUL	9.57122
create-batch-K1-total[ms]	29	1024	0	2048	CLMUL	20.07230
create-batch-K1[ns]	29	1024	0	2048	CLMUL_TRI	9.57622
create-batch-K1-total[ms]	29	1024	0	2048	CLMUL_TRI	20.08278
create-batch-K2[ns]	29	1024	0	2048	GENERIC	3.43332
create-batch-K2-total[ms]	29	1024	0	2048	GENERIC	7.20020
create-batch-K2[ns]	29	1024	0	2048	CLMUL	4.89720
create-batch-K2-total[ms]	29	1024	0	2048	CLMUL	10.27017
create-batch-K2[ns]	29	1024	0	2048	CLMUL_TRI	4.84640
create-batch-K2-total[ms]	29	1024	0	2048	CLMUL_TRI	10.16363
create-batch-K4[ns]	29	1024	0	2048	GENERIC	3.58673
create-batch-K4-total[ms]	29	1024	0	2048	GENERIC	7.52193
create-batch-K4[ns]	29	1024	0	2048	CLMUL	2.76410
create-batch-K4-total[ms]	29	1024	0	2048	CLMUL	5.79675
create-batch-K4[ns]	29	1024	0	2048	CLMUL_TRI	3.28529
create-batch-K4-total[ms]	29	1024	0	2048	CLMUL_TRI	6.88976
create-batch-K8[ns]	29	1024	0	2048	GENERIC	3.79582
create-batch-K8-total[ms]	29	1024	0	2048	GENERIC	7.96041
create-batch-K8[ns]	29	1024	0	2048	CLMUL	1.94419
create-batch-K8-total[ms]	29	1024	0	2048	CLMUL	4.07725
create-batch-K8[ns]	29	1024	0	2048	CLMUL_TRI	2.50386
create-batch-K8-total[ms]	29	1024	0	2048	CLMUL_TRI	5.25097
create-batch-K1[ns]	29	1024	0	4096	GENERIC	5.11399
create-batch-K1-total[ms]	29	1024	0	4096	GENERIC	21.44963
create-batch-K1[ns]	29	1024	0	4096	CLMUL	9.57115
create-batch-K1-total[ms]	29	1024	0	4096	CLMUL	40.14430
create-batch-K1[ns]	29	1024	0	4096	CLMUL_TRI	9.57637
create-batch-K1-total[ms]	29	1024	0	4096	CLMUL_TRI	40.16619
create-batch-K2[ns]	29	1024	0	4096	GENERIC	3.43401
create-batch-K2-total[ms]	29	1024	0	4096	GENERIC	14.40329
create-batch-K2[ns]	29	1024	0	4096	CLMUL	4.89763
create-batch-K2-total[ms]	29	1024	0	4096	CLMUL	20.54214
create-batch-K2[ns]	29	1024	0	4096	CLMUL_TRI	4.84686
create-batch-K2-total[ms]	29	1024	0	4096	CLMUL_TRI	20.32921
create-batch-K4[ns]	29	1024	0	4096	GENERIC	3.58705
create-batch-K4-total[ms]	29	1024	0	4096	GENERIC	15.04517
create-batch-K4[ns]	29	1024	0	4096	CLMUL	2.76410
create-batch-K4-total[ms]	29	1024	0	4096	CLMUL	11.59348
create-batch-K4[ns]	29	1024	0	4096	CLMUL_TRI	3.28568
create-batch-K4-total[ms]	29	1024	0	4096	CLMUL_TRI	13.78116
create-batch-K8[ns]	29	1024	0	4096	GENERIC	3.79742
create-batch-K8-total[ms]	29	1024	0	4096	GENERIC	15.92753
create-batch-K8[ns]	29	1024	0	4096	CLMUL	1.94423
create-batch-K8-total[ms]	29	1024	0	4096	CLMUL	8.15469
create-batch-K8[ns]	29	1024	0	4096	CLMUL_TRI	2.50391
create-batch-K8-total[ms]	29	1024	0	4096	CLMUL_TRI	10.50215
create-batch-K1[ns]	29	1024	0	8192	GENERIC	5.11496
create-batch-K1-total[ms]	29	1024	0	8192	GENERIC	42.90736
create-batch-K1[ns]	29	1024	0	8192	CLMUL	9.57110
create-batch-K1-total[ms]	29	1024	0	8192	CLMUL	80.28824
create-batch-K1[ns]	29	1024	0	8192	CLMUL_TRI	9.57498
create-batch-K1-total[ms]	29	1024	0	8192	CLMUL_TRI	80.32078
create-batch-K2[ns]	29	1024	0	8192	GENERIC	3.43511
create-batch-K2-total[ms]	29	1024	0	8192	GENERIC	28.81583
create-batch-K2[ns]	29	1024	0	8192	CLMUL	4.89791
create-batch-K2-total[ms]	29	1024	0	8192	CLMUL	41.08663
create-batch-K2[ns]	29	1024	0	8192	CLMUL_TRI	4.84703
create-batch-K2-total[ms]	29	1024	0	8192	CLMUL_TRI	40.65983
create-batch-K4[ns]	29	1024	0	8192	GENERIC	3.58789
create-batch-K4-total[ms]	29	1024	0	8192	GENERIC	30.09743
create-batch-K4[ns]	29	1024	0	8192	CLMUL	2.76452
create-batch-K4-total[ms]	29	1024	0	8192	CLMUL	23.19045
create-batch-K4[ns]	29	1024	0	8192	CLMUL_TRI	3.28594
create-batch-K4-total[ms]	29	1024	0	8192	CLMUL_TRI	27.56447
create-batch-K8[ns]	29	1024	0	8192	GENERIC	3.79806
create-batch-K8-total[ms]	29	1024	0	8192	GENERIC	31.86046
create-batch-K8[ns]	29	1024	0	8192	CLMUL	1.94432
create-batch-K8-total[ms]	29	1024	0	8192	CLMUL	16.31016
create-batch-K8[ns]	29	1024	0	8192	CLMUL_TRI	2.50418
create-batch-K8-total[ms]	29	1024	0	8192	CLMUL_TRI	21.00661
create-batch-K1[ns]	29	2048	0	16	GENERIC	5.08801
create-batch-K1-total[ms]	29	2048	0	16	GENERIC	0.16672
create-batch-K1[ns]	29	2048	0	16	CLMUL	9.57635
create-batch-K1-total[ms]	29	2048	0	16	CLMUL	0.31380
create-batch-K1[ns]	29	2048	0	16	CLMUL_TRI	9.57919
create-batch-K1-total[ms]	29	2048	0	16	CLMUL_TRI	0.31389
create-batch-K2[ns]	29	2048	0	16	GENERIC	3.40668
create-batch-K2-total[ms]	29	2048	0	16	GENERIC	0.11163
create-batch-K2[ns]	29	2048	0	16	CLMUL	4.89697
create-batch-K2-total[ms]	29	2048	0	16	CLMUL	0.16046
create-batch-K2[ns]	29	2048	0	16	CLMUL_TRI	4.83932
create-batch-K2-total[ms]	29	2048	0	16	CLMUL_TRI	0.15857
create-batch-K4[ns]	29	2048	0	16	GENERIC	3.56378
create-batch-K4-total[ms]	29	2048	0	16	GENERIC	0.11678
create-batch-K4[ns]	29	2048	0	16	CLMUL	2.76297
create-batch-K4-total[ms]	29	2048	0	16	CLMUL	0.09054
create-batch-K4[ns]	29	2048	0	16	CLMUL_TRI	3.28461
create-batch-K4-total[ms]	29	2048	0	16	CLMUL_TRI	0.10763
create-batch-K8[ns]	29	2048	0	16	GENERIC	3.77066
create-batch-K8-total[ms]	29	2048	0	16	GENERIC	0.12356
create-batch-K8[ns]	29	2048	0	16	CLMUL	1.94351
create-batch-K8-total[ms]	29	2048	0	16	CLMUL	0.06368
create-batch-K8[ns]	29	2048	0	16	CLMUL_TRI	2.50302
create-batch-K8-total[ms]	29	2048	0	16	CLMUL_TRI	0.08202
create-batch-K1[ns]	29	2048	0	64	GENERIC	5.15623
create-batch-K1-total[ms]	29	2048	0	64	GENERIC	0.67584
create-batch-K1[ns]	29	2048	0	64	CLMUL	9.57581
create-batch-K1-total[ms]	29	2048	0	64	CLMUL	1.25512
create-batch-K1[ns]	29	2048	0	64	CLMUL_TRI	9.57807
create-batch-K1-total[ms]	29	2048	0	64	CLMUL_TRI	1.25542
create-batch-K2[ns]	29	2048	0	64	GENERIC	3.40514
create-batch-K2-total[ms]	29	2048	0	64	GENERIC	0.44632
create-batch-K2[ns]	29	2048	0	64	CLMUL	4.89359
create-batch-K2-total[ms]	29	2048	0	64	CLMUL	0.64141
create-batch-K2[ns]	29	2048	0	64	CLMUL_TRI	4.84301
create-batch-K2-total[ms]	29	2048	0	64	CLMUL_TRI	0.63478
create-batch-K4[ns]	29	2048	0	64	GENERIC	3.56069
create-batch-K4-total[ms]	29	2048	0	64	GENERIC	0.46671
create-batch-K4[ns]	29	2048	0	64	CLMUL	2.76228
create-batch-K4-total[ms]	29	2048	0	64	CLMUL	0.36206
create-batch-K4[ns]	29	2048	0	64	CLMUL_TRI	3.28335
create-batch-K4-total[ms]	29	2048	0	64	CLMUL_TRI	0.43035
create-batch-K8[ns]	29	2048	0	64	GENERIC	3.76711
create-batch-K8-total[ms]	29	2048	0	64	GENERIC	0.49376
create-batch-K8[ns]	29	2048	0	64	CLMUL	1.94212
create-batch-K8-total[ms]	29	2048	0	64	CLMUL	0.25456
create-batch-K8[ns]	29	2048	0	64	CLMUL_TRI	2.50190
create-batch-K8-total[ms]	29	2048	0	64	CLMUL_TRI	0.32793
create-batch-K1[ns]	29	2048	0	128	GENERIC	5.08291
create-batch-K1-total[ms]	29	2048	0	128	GENERIC	1.33245
create-batch-K1[ns]	29	2048	0	128	CLMUL	9.57560
create-batch-K1-total[ms]	29	2048	0	128	CLMUL	2.51018
create-batch-K1[ns]	29	2048	0	128	CLMUL_TRI	9.57807
create-batch-K1-total[ms]	29	2048	0	128	CLMUL_TRI	2.51083
create-batch-K2[ns]	29	2048	0	128	GENERIC	3.40464
create-batch-K2-total[ms]	29	2048	0	128	GENERIC	0.89251
create-batch-K2[ns]	29	2048	0	128	CLMUL	4.89536
create-batch-K2-total[ms]	29	2048	0	128	CLMUL	1.28329
create-batch-K2[ns]	29	2048	0	128	CLMUL_TRI	4.84449
create-batch-K2-total[ms]	29	2048	0	128	CLMUL_TRI	1.26995
create-batch-K4[ns]	29	2048	0	128	GENERIC	3.55787
create-batch-K4-total[ms]	29	2048	0	128	GENERIC	0.93267
create-batch-K4[ns]	29	2048	0	128	CLMUL	2.76214
create-batch-K4-total[ms]	29	2048	0	128	CLMUL	0.72408
create-batch-K4[ns]	29	2048	0	128	CLMUL_TRI	3.28307
create-batch-K4-total[ms]	29	2048	0	128	CLMUL_TRI	0.86064
create-batch-K8[ns]	29	2048	0	128	GENERIC	3.76803
create-batch-K8-total[ms]	29	2048	0	128	GENERIC	0.98777
create-batch-K8[ns]	29	2048	0	128	CLMUL	1.94198
create-batch-K8-total[ms]	29	2048	0	128	CLMUL	0.50908
create-batch-K8[ns]	29	2048	0	128	CLMUL_TRI	2.50168
create-batch-K8-total[ms]	29	2048	0	128	CLMUL_TRI	0.65580
create-batch-K1[ns]	29	2048	0	512	GENERIC	5.15838
create-batch-K1-total[ms]	29	2048	0	512	GENERIC	5.40895
create-batch-K1[ns]	29	2048	0	512	CLMUL	9.57841
create-batch-K1-total[ms]	29	2048	0	512	CLMUL	10.04369
create-batch-K1[ns]	29	2048	0	512	CLMUL_TRI	9.58010
create-batch-K1-total[ms]	29	2048	0	512	CLMUL_TRI	10.04547
create-batch-K2[ns]	29	2048	0	512	GENERIC	3.41708
create-batch-K2-total[ms]	29	2048	0	512	GENERIC	3.58306
create-batch-K2[ns]	29	2048	0	512	CLMUL	4.89735
create-batch-K2-total[ms]	29	2048	0	512	CLMUL	5.13524
create-batch-K2[ns]	29	2048	0	512	CLMUL_TRI	4.84596
create-batch-K2-total[ms]	29	2048	0	512	CLMUL_TRI	5.08135
create-batch-K4[ns]	29	2048	0	512	GENERIC	3.55850
create-batch-K4-total[ms]	29	2048	0	512	GENERIC	3.73136
create-batch-K4[ns]	29	2048	0	512	CLMUL	2.76193
create-batch-K4-total[ms]	29	2048	0	512	CLMUL	2.89610
create-batch-K4[ns]	29	2048	0	512	CLMUL_TRI	3.28298
create-batch-K4-total[ms]	29	2048	0	512	CLMUL_TRI	3.44245
create-batch-K8[ns]	29	2048	0	512	GENERIC	3.76929
create-batch-K8-total[ms]	29	2048	0	512	GENERIC	3.95238
create-batch-K8[ns]	29	2048	0	512	CLMUL	1.94178
create-batch-K8-total[ms]	29	2048	0	512	CLMUL	2.03611
create-batch-K8[ns]	29	2048	0	512	CLMUL_TRI	2.50161
create-batch-K8-total[ms]	29	2048	0	512	CLMUL_TRI	2.62313
create-batch-K1[ns]	29	2048	0	1024	GENERIC	5.08644
create-batch-K1-total[ms]	29	2048	0	1024	GENERIC	10.66704
create-batch-K1[ns]	29	2048	0	1024	CLMUL	9.57916
create-batch-K1-total[ms]	29	2048	0	1024	CLMUL	20.08895
create-batch-K1[ns]	29	2048	0	1024	CLMUL_TRI	9.58122
create-batch-K1-total[ms]	29	2048	0	1024	CLMUL_TRI	20.09328
create-batch-K2[ns]	29	2048	0	1024	GENERIC	3.40554
create-batch-K2-total[ms]	29	2048	0	1024	GENERIC	7.14194
create-batch-K2[ns]	29	2048	0	1024	CLMUL	4.89747
create-batch-K2-total[ms]	29	2048	0	1024	CLMUL	10.27074
create-batch-K2[ns]	29	2048	0	1024	CLMUL_TRI	4.84574
create-batch-K2-total[ms]	29	2048	0	1024	CLMUL_TRI	10.16224
create-batch-K4[ns]	29	2048	0	1024	GENERIC	3.56440
create-batch-K4-total[ms]	29	2048	0	1024	GENERIC	7.47510
create-batch-K4[ns]	29	2048	0	1024	CLMUL	2.76269
create-batch-K4-total[ms]	29	2048	0	1024	CLMUL	5.79378
create-batch-K4[ns]	29	2048	0	1024	CLMUL_TRI	3.28372
create-batch-K4-total[ms]	29	2048	0	1024	CLMUL_TRI	6.88646
create-batch-K8[ns]	29	2048	0	1024	GENERIC	3.76957
create-batch-K8-total[ms]	29	2048	0	1024	GENERIC	7.90536
create-batch-K8[ns]	29	2048	0	1024	CLMUL	1.94255
create-batch-K8-total[ms]	29	2048	0	1024	CLMUL	4.07383
create-batch-K8[ns]	29	2048	0	1024	CLMUL_TRI	2.50235
create-batch-K8-total[ms]	29	2048	0	1024	CLMUL_TRI	5.24780
create-batch-K1[ns]	29	2048	0	2048	GENERIC	5.08794
create-batch-K1-total[ms]	29	2048	0	2048	GENERIC	21.34035
create-batch-K1[ns]	29	2048	0	2048	CLMUL	9.57928
create-batch-K1-total[ms]	29	2048	0	2048	CLMUL	40.17840
create-batch-K1[ns]	29	2048	0	2048	CLMUL_TRI	9.58095
create-batch-K1-total[ms]	29	2048	0	2048	CLMUL_TRI	40.18542
create-batch-K2[ns]	29	2048	0	2048	GENERIC	3.40595
create-batch-K2-total[ms]	29	2048	0	2048	GENERIC	14.28559
create-batch-K2[ns]	29	2048	0	2048	CLMUL	4.89789
create-batch-K2-total[ms]	29	2048	0	2048	CLMUL	20.54325
create-batch-K2[ns]	29	2048	0	2048	CLMUL_TRI	4.84604
create-batch-K2-total[ms]	29	2048	0	2048	CLMUL_TRI	20.32577
create-batch-K4[ns]	29	2048	0	2048	GENERIC	3.56131
create-batch-K4-total[ms]	29	2048	0	2048	GENERIC	14.93723
create-batch-K4[ns]	29	2048	0	2048	CLMUL	2.76273
create-batch-K4-total[ms]	29	2048	0	2048	CLMUL	11.58774
create-batch-K4[ns]	29	2048	0	2048	CLMUL_TRI	3.28404
create-batch-K4-total[ms]	29	2048	0	2048	CLMUL_TRI	13.77427
create-batch-K8[ns]	29	2048	0	2048	GENERIC	3.76968
create-batch-K8-total[ms]	29	2048	0	2048	GENERIC	15.81119
create-batch-K8[ns]	29	2048	0	2048	CLMUL	1.94259
create-batch-K8-total[ms]	29	2048	0	2048	CLMUL	8.14780
create-batch-K8[ns]	29	2048	0	2048	CLMUL_TRI	2.50235
create-batch-K8-total[ms]	29	2048	0	2048	CLMUL_TRI	10.49564
create-batch-K1[ns]	29	2048	0	4096	GENERIC	5.08852
create-batch-K1-total[ms]	29	2048	0	4096	GENERIC	42.68559
create-batch-K1[ns]	29	2048	0	4096	CLMUL	9.57921
create-batch-K1-total[ms]	29	2048	0	4096	CLMUL	80.35623
create-batch-K1[ns]	29	2048	0	4096	CLMUL_TRI	9.58182
create-batch-K1-total[ms]	29	2048	0	4096	CLMUL_TRI	80.37810
create-batch-K2[ns]	29	2048	0	4096	GENERIC	3.40635
create-batch-K2-total[ms]	29	2048	0	4096	GENERIC	28.57452
create-batch-K2[ns]	29	2048	0	4096	CLMUL	4.89788
create-batch-K2-total[ms]	29	2048	0	4096	CLMUL	41.08643
create-batch-K2[ns]	29	2048	0	4096	CLMUL_TRI	4.84638
create-batch-K2-total[ms]	29	2048	0	4096	CLMUL_TRI	40.65439
create-batch-K4[ns]	29	2048	0	4096	GENERIC	3.56021
create-batch-K4-total[ms]	29	2048	0	4096	GENERIC	29.86521
create-batch-K4[ns]	29	2048	0	4096	CLMUL	2.76295
create-batch-K4-total[ms]	29	2048	0	4096	CLMUL	23.17734
create-batch-K4[ns]	29	2048	0	4096	CLMUL_TRI	3.28423
create-batch-K4-total[ms]	29	2048	0	4096	CLMUL_TRI	27.55014
create-batch-K8[ns]	29	2048	0	4096	GENERIC	3.77037
create-batch-K8-total[ms]	29	2048	0	4096	GENERIC	31.62813
create-batch-K8[ns]	29	2048	0	4096	CLMUL	1.94261
create-batch-K8-total[ms]	29	2048	0	4096	CLMUL	16.29577
create-batch-K8[ns]	29	2048	0	4096	CLMUL_TRI	2.50275
create-batch-K8-total[ms]	29	2048	0	4096	CLMUL_TRI	20.99455
create-batch-K1[ns]	29	2048	0	8192	GENERIC	5.08885
create-batch-K1-total[ms]	29	2048	0	8192	GENERIC	85.37679
create-batch-K1[ns]	29	2048	0	8192	CLMUL	9.57947
create-batch-K1-total[ms]	29	2048	0	8192	CLMUL	160.71677
create-batch-K1[ns]	29	2048	0	8192	CLMUL_TRI	9.58128
create-batch-K1-total[ms]	29	2048	0	8192	CLMUL_TRI	160.74716
create-batch-K2[ns]	29	2048	0	8192	GENERIC	3.40687
create-batch-K2-total[ms]	29	2048	0	8192	GENERIC	57.15774
create-batch-K2[ns]	29	2048	0	8192	CLMUL	4.89804
create-batch-K2-total[ms]	29	2048	0	8192	CLMUL	82.17541
create-batch-K2[ns]	29	2048	0	8192	CLMUL_TRI	4.84633
create-batch-K2-total[ms]	29	2048	0	8192	CLMUL_TRI	81.30800
create-batch-K4[ns]	29	2048	0	8192	GENERIC	3.55447
create-batch-K4-total[ms]	29	2048	0	8192	GENERIC	59.63403
create-batch-K4[ns]	29	2048	0	8192	CLMUL	2.76301
create-batch-K4-total[ms]	29	2048	0	8192	CLMUL	46.35564
create-batch-K4[ns]	29	2048	0	8192	CLMUL_TRI	3.28421
create-batch-K4-total[ms]	29	2048	0	8192	CLMUL_TRI	55.09983
create-batch-K8[ns]	29	2048	0	8192	GENERIC	3.77043
create-batch-K8-total[ms]	29	2048	0	8192	GENERIC	63.25727
create-batch-K8[ns]	29	2048	0	8192	CLMUL	1.94260
create-batch-K8-total[ms]	29	2048	0	8192	CLMUL	32.59135
create-batch-K8[ns]	29	2048	0	8192	CLMUL_TRI	2.50261
create-batch-K8-total[ms]	29	2048	0	8192	CLMUL_TRI	41.98681
create-batch-K1[ns]	29	3072	0	16	GENERIC	5.08366
create-batch-K1-total[ms]	29	3072	0	16	GENERIC	0.24987
create-batch-K1[ns]	29	3072	0	16	CLMUL	9.57882
create-batch-K1-total[ms]	29	3072	0	16	CLMUL	0.47082
create-batch-K1[ns]	29	3072	0	16	CLMUL_TRI	9.58032
create-batch-K1-total[ms]	29	3072	0	16	CLMUL_TRI	0.47089
create-batch-K2[ns]	29	3072	0	16	GENERIC	3.40027
create-batch-K2-total[ms]	29	3072	0	16	GENERIC	0.16713
create-batch-K2[ns]	29	3072	0	16	CLMUL	4.88812
create-batch-K2-total[ms]	29	3072	0	16	CLMUL	0.24026
create-batch-K2[ns]	29	3072	0	16	CLMUL_TRI	4.83197
create-batch-K2-total[ms]	29	3072	0	16	CLMUL_TRI	0.23750
create-batch-K4[ns]	29	3072	0	16	GENERIC	3.55098
create-batch-K4-total[ms]	29	3072	0	16	GENERIC	0.17454
create-batch-K4[ns]	29	3072	0	16	CLMUL	2.76243
create-batch-K4-total[ms]	29	3072	0	16	CLMUL	0.13578
create-batch-K4[ns]	29	3072	0	16	CLMUL_TRI	3.28349
create-batch-K4-total[ms]	29	3072	0	16	CLMUL_TRI	0.16139
create-batch-K8[ns]	29	3072	0	16	GENERIC	3.76424
create-batch-K8-total[ms]	29	3072	0	16	GENERIC	0.18502
create-batch-K8[ns]	29	3072	0	16	CLMUL	1.94220
create-batch-K8-total[ms]	29	3072	0	16	CLMUL	0.09546
create-batch-K8[ns]	29	3072	0	16	CLMUL_TRI	2.50208
create-batch-K8-total[ms]	29	3072	0	16	CLMUL_TRI	0.12298
create-batch-K1[ns]	29	3072	0	64	GENERIC	5.07707
create-batch-K1-total[ms]	29	3072	0	64	GENERIC	0.99819
create-batch-K1[ns]	29	3072	0	64	CLMUL	9.57826
create-batch-K1-total[ms]	29	3072	0	64	CLMUL	1.88316
create-batch-K1[ns]	29	3072	0	64	CLMUL_TRI	9.57996
create-batch-K1-total[ms]	29	3072	0	64	CLMUL_TRI	1.88350
create-batch-K2[ns]	29	3072	0	64	GENERIC	3.39548
create-batch-K2-total[ms]	29	3072	0	64	GENERIC	0.66758
create-batch-K2[ns]	29	3072	0	64	CLMUL	4.89491
create-batch-K2-total[ms]	29	3072	0	64	CLMUL	0.96238
create-batch-K2[ns]	29	3072	0	64	CLMUL_TRI	4.84433
create-batch-K2-total[ms]	29	3072	0	64	CLMUL_TRI	0.95243
create-batch-K4[ns]	29	3072	0	64	GENERIC	3.54826
create-batch-K4-total[ms]	29	3072	0	64	GENERIC	0.69762
create-batch-K4[ns]	29	3072	0	64	CLMUL	2.76167
create-batch-K4-total[ms]	29	3072	0	64	CLMUL	0.54297
create-batch-K4[ns]	29	3072	0	64	CLMUL_TRI	3.28264
create-batch-K4-total[ms]	29	3072	0	64	CLMUL_TRI	0.64539
create-batch-K8[ns]	29	3072	0	64	GENERIC	3.75793
create-batch-K8-total[ms]	29	3072	0	64	GENERIC	0.73884
create-batch-K8[ns]	29	3072	0	64	CLMUL	1.94146
create-batch-K8-total[ms]	29	3072	0	64	CLMUL	0.38171
create-batch-K8[ns]	29	3072	0	64	CLMUL_TRI	2.50124
create-batch-K8-total[ms]	29	3072	0	64	CLMUL_TRI	0.49176
create-batch-K1[ns]	29	3072	0	128	GENERIC	5.14569
create-batch-K1-total[ms]	29	3072	0	128	GENERIC	2.02337
create-batch-K1[ns]	29	3072	0	128	CLMUL	9.57836
create-batch-K1-total[ms]	29	3072	0	128	CLMUL	3.76636
create-batch-K1[ns]	29	3072	0	128	CLMUL_TRI	9.57953
create-batch-K1-total[ms]	29	3072	0	128	CLMUL_TRI	3.76683
create-batch-K2[ns]	29	3072	0	128	GENERIC	3.39685
create-batch-K2-total[ms]	29	3072	0	128	GENERIC	1.33570
create-batch-K2[ns]	29	3072	0	128	CLMUL	4.89589
create-batch-K2-total[ms]	29	3072	0	128	CLMUL	1.92514
create-batch-K2[ns]	29	3072	0	128	CLMUL_TRI	4.84306
create-batch-K2-total[ms]	29	3072	0	128	CLMUL_TRI	1.90437
create-batch-K4[ns]	29	3072	0	128	GENERIC	3.54840
create-batch-K4-total[ms]	29	3072	0	128	GENERIC	1.39529
create-batch-K4[ns]	29	3072	0	128	CLMUL	2.76153
create-batch-K4-total[ms]	29	3072	0	128	CLMUL	1.08588
create-batch-K4[ns]	29	3072	0	128	CLMUL_TRI	3.28250
create-batch-K4-total[ms]	29	3072	0	128	CLMUL_TRI	1.29073
create-batch-K8[ns]	29	3072	0	128	GENERIC	3.75963
create-batch-K8-total[ms]	29	3072	0	128	GENERIC	1.47835
create-batch-K8[ns]	29	3072	0	128	CLMUL	1.94132
create-batch-K8-total[ms]	29	3072	0	128	CLMUL	0.76336
create-batch-K8[ns]	29	3072	0	128	CLMUL_TRI	2.50114
create-batch-K8-total[ms]	29	3072	0	128	CLMUL_TRI	0.98349
create-batch-K1[ns]	29	3072	0	512	GENERIC	5.14684
create-batch-K1-total[ms]	29	3072	0	512	GENERIC	8.09529
create-batch-K1[ns]	29	3072	0	512	CLMUL	9.58116
create-batch-K1-total[ms]	29	3072	0	512	CLMUL	15.06986
create-batch-K1[ns]	29	3072	0	512	CLMUL_TRI	9.58248
create-batch-K1-total[ms]	29	3072	0	512	CLMUL_TRI	15.07193
create-batch-K2[ns]	29	3072	0	512	GENERIC	3.39705
create-batch-K2-total[ms]	29	3072	0	512	GENERIC	5.34310
create-batch-K2[ns]	29	3072	0	512	CLMUL	4.89693
create-batch-K2-total[ms]	29	3072	0	512	CLMUL	7.70221
create-batch-K2[ns]	29	3072	0	512	CLMUL_TRI	4.84555
create-batch-K2-total[ms]	29	3072	0	512	CLMUL_TRI	7.62139
create-batch-K4[ns]	29	3072	0	512	GENERIC	3.55051
create-batch-K4-total[ms]	29	3072	0	512	GENERIC	5.58447
create-batch-K4[ns]	29	3072	0	512	CLMUL	2.76245
create-batch-K4-total[ms]	29	3072	0	512	CLMUL	4.34496
create-batch-K4[ns]	29	3072	0	512	CLMUL_TRI	3.28341
create-batch-K4-total[ms]	29	3072	0	512	CLMUL_TRI	5.16435
create-batch-K8[ns]	29	3072	0	512	GENERIC	3.76023
create-batch-K8-total[ms]	29	3072	0	512	GENERIC	5.91432
create-batch-K8[ns]	29	3072	0	512	CLMUL	1.94124
create-batch-K8-total[ms]	29	3072	0	512	CLMUL	3.05330
create-batch-K8[ns]	29	3072	0	512	CLMUL_TRI	2.50111
create-batch-K8-total[ms]	29	3072	0	512	CLMUL_TRI	3.93390
create-batch-K1[ns]	29	3072	0	1024	GENERIC	5.07846
create-batch-K1-total[ms]	29	3072	0	1024	GENERIC	15.97544
create-batch-K1[ns]	29	3072	0	1024	CLMUL	9.58167
create-batch-K1-total[ms]	29	3072	0	1024	CLMUL	30.14133
create-batch-K1[ns]	29	3072	0	1024	CLMUL_TRI	9.58342
create-batch-K1-total[ms]	29	3072	0	1024	CLMUL_TRI	30.14683
create-batch-K2[ns]	29	3072	0	1024	GENERIC	3.40755
create-batch-K2-total[ms]	29	3072	0	1024	GENERIC	10.71923
create-batch-K2[ns]	29	3072	0	1024	CLMUL	4.89764
create-batch-K2-total[ms]	29	3072	0	1024	CLMUL	15.40666
create-batch-K2[ns]	29	3072	0	1024	CLMUL_TRI	4.84560
create-batch-K2-total[ms]	29	3072	0	1024	CLMUL_TRI	15.24293
create-batch-K4[ns]	29	3072	0	1024	GENERIC	3.55105
create-batch-K4-total[ms]	29	3072	0	1024	GENERIC	11.17064
create-batch-K4[ns]	29	3072	0	1024	CLMUL	2.76244
create-batch-K4-total[ms]	29	3072	0	1024	CLMUL	8.68988
create-batch-K4[ns]	29	3072	0	1024	CLMUL_TRI	3.28341
create-batch-K4-total[ms]	29	3072	0	1024	CLMUL_TRI	10.32871
create-batch-K8[ns]	29	3072	0	1024	GENERIC	3.76111
create-batch-K8-total[ms]	29	3072	0	1024	GENERIC	11.83142
create-batch-K8[ns]	29	3072	0	1024	CLMUL	1.94175
create-batch-K8-total[ms]	29	3072	0	1024	CLMUL	6.10821
create-batch-K8[ns]	29	3072	0	1024	CLMUL_TRI	2.50209
create-batch-K8-total[ms]	29	3072	0	1024	CLMUL_TRI	7.87089
create-batch-K1[ns]	29	3072	0	2048	GENERIC	5.07858
create-batch-K1-total[ms]	29	3072	0	2048	GENERIC	31.95164
create-batch-K1[ns]	29	3072	0	2048	CLMUL	9.58185
create-batch-K1-total[ms]	29	3072	0	2048	CLMUL	60.28376
create-batch-K1[ns]	29	3072	0	2048	CLMUL_TRI	9.58357
create-batch-K1-total[ms]	29	3072	0	2048	CLMUL_TRI	60.29463
create-batch-K2[ns]	29	3072	0	2048	GENERIC	3.39739
create-batch-K2-total[ms]	29	3072	0	2048	GENERIC	21.37450
create-batch-K2[ns]	29	3072	0	2048	CLMUL	4.89779
create-batch-K2-total[ms]	29	3072	0	2048	CLMUL	30.81420
create-batch-K2[ns]	29	3072	0	2048	CLMUL_TRI	4.84591
create-batch-K2-total[ms]	29	3072	0	2048	CLMUL_TRI	30.48783
create-batch-K4[ns]	29	3072	0	2048	GENERIC	3.55290
create-batch-K4-total[ms]	29	3072	0	2048	GENERIC	22.35291
create-batch-K4[ns]	29	3072	0	2048	CLMUL	2.76246
create-batch-K4-total[ms]	29	3072	0	2048	CLMUL	17.37988
create-batch-K4[ns]	29	3072	0	2048	CLMUL_TRI	3.28361
create-batch-K4-total[ms]	29	3072	0	2048	CLMUL_TRI	20.65872
create-batch-K8[ns]	29	3072	0	2048	GENERIC	3.76140
create-batch-K8-total[ms]	29	3072	0	2048	GENERIC	23.66470
create-batch-K8[ns]	29	3072	0	2048	CLMUL	1.94201
create-batch-K8-total[ms]	29	3072	0	2048	CLMUL	12.21808
create-batch-K8[ns]	29	3072	0	2048	CLMUL_TRI	2.50209
create-batch-K8-total[ms]	29	3072	0	2048	CLMUL_TRI	15.74181
create-batch-K1[ns]	29	3072	0	4096	GENERIC	5.08000
create-batch-K1-total[ms]	29	3072	0	4096	GENERIC	63.92122
create-batch-K1[ns]	29	3072	0	4096	CLMUL	9.58212
create-batch-K1-total[ms]	29	3072	0	4096	CLMUL	120.57094
create-batch-K1[ns]	29	3072	0	4096	CLMUL_TRI	9.58375
create-batch-K1-total[ms]	29	3072	0	4096	CLMUL_TRI	120.59145
create-batch-K2[ns]	29	3072	0	4096	GENERIC	3.39725
create-batch-K2-total[ms]	29	3072	0	4096	GENERIC	42.74731
create-batch-K2[ns]	29	3072	0	4096	CLMUL	4.89811
create-batch-K2-total[ms]	29	3072	0	4096	CLMUL	61.63250
create-batch-K2[ns]	29	3072	0	4096	CLMUL_TRI	4.84621
create-batch-K2-total[ms]	29	3072	0	4096	CLMUL_TRI	60.97946
create-batch-K4[ns]	29	3072	0	4096	GENERIC	3.54460
create-batch-K4-total[ms]	29	3072	0	4096	GENERIC	44.60142
create-batch-K4[ns]	29	3072	0	4096	CLMUL	2.76246
create-batch-K4-total[ms]	29	3072	0	4096	CLMUL	34.75984
create-batch-K4[ns]	29	3072	0	4096	CLMUL_TRI	3.28366
create-batch-K4-total[ms]	29	3072	0	4096	CLMUL_TRI	41.31795
create-batch-K8[ns]	29	3072	0	4096	GENERIC	3.76116
create-batch-K8-total[ms]	29	3072	0	4096	GENERIC	47.32639
create-batch-K8[ns]	29	3072	0	4096	CLMUL	1.94203
create-batch-K8-total[ms]	29	3072	0	4096	CLMUL	24.43641
create-batch-K8[ns]	29	3072	0	4096	CLMUL_TRI	2.50198
create-batch-K8-total[ms]	29	3072	0	4096	CLMUL_TRI	31.48223
create-batch-K1[ns]	29	3072	0	8192	GENERIC	5.08012
create-batch-K1-total[ms]	29	3072	0	8192	GENERIC	127.84535
create-batch-K1[ns]	29	3072	0	8192	CLMUL	9.58199
create-batch-K1-total[ms]	29	3072	0	8192	CLMUL	241.13858
create-batch-K1[ns]	29	3072	0	8192	CLMUL_TRI	9.58393
create-batch-K1-total[ms]	29	3072	0	8192	CLMUL_TRI	241.18751
create-batch-K2[ns]	29	3072	0	8192	GENERIC	3.39757
create-batch-K2-total[ms]	29	3072	0	8192	GENERIC	85.50269
create-batch-K2[ns]	29	3072	0	8192	CLMUL	4.89820
create-batch-K2-total[ms]	29	3072	0	8192	CLMUL	123.26719
create-batch-K2[ns]	29	3072	0	8192	CLMUL_TRI	4.84618
create-batch-K2-total[ms]	29	3072	0	8192	CLMUL_TRI	121.95821
create-batch-K4[ns]	29	3072	0	8192	GENERIC	3.54902
create-batch-K4-total[ms]	29	3072	0	8192	GENERIC	89.31396
create-batch-K4[ns]	29	3072	0	8192	CLMUL	2.76256
create-batch-K4-total[ms]	29	3072	0	8192	CLMUL	69.52206
create-batch-K4[ns]	29	3072	0	8192	CLMUL_TRI	3.28367
create-batch-K4-total[ms]	29	3072	0	8192	CLMUL_TRI	82.63635
create-batch-K8[ns]	29	3072	0	8192	GENERIC	3.76145
create-batch-K8-total[ms]	29	3072	0	8192	GENERIC	94.65989
create-batch-K8[ns]	29	3072	0	8192	CLMUL	1.94205
create-batch-K8-total[ms]	29	3072	0	8192	CLMUL	48.87327
create-batch-K8[ns]	29	3072	0	8192	CLMUL_TRI	2.50208
create-batch-K8-total[ms]	29	3072	0	8192	CLMUL_TRI	62.96696
create-batch-K1[ns]	29	4096	0	16	GENERIC	5.13971
create-batch-K1-total[ms]	29	4096	0	16	GENERIC	0.33684
create-batch-K1[ns]	29	4096	0	16	CLMUL	9.58005
create-batch-K1-total[ms]	29	4096	0	16	CLMUL	0.62784
create-batch-K1[ns]	29	4096	0	16	CLMUL_TRI	9.58145
create-batch-K1-total[ms]	29	4096	0	16	CLMUL_TRI	0.62793
create-batch-K2[ns]	29	4096	0	16	GENERIC	3.39340
create-batch-K2-total[ms]	29	4096	0	16	GENERIC	0.22239
create-batch-K2[ns]	29	4096	0	16	CLMUL	4.89668
create-batch-K2-total[ms]	29	4096	0	16	CLMUL	0.32091
create-batch-K2[ns]	29	4096	0	16	CLMUL_TRI	4.82661
create-batch-K2-total[ms]	29	4096	0	16	CLMUL_TRI	0.31632
create-batch-K4[ns]	29	4096	0	16	GENERIC	3.54657
create-batch-K4-total[ms]	29	4096	0	16	GENERIC	0.23243
create-batch-K4[ns]	29	4096	0	16	CLMUL	2.76242
create-batch-K4-total[ms]	29	4096	0	16	CLMUL	0.18104
create-batch-K4[ns]	29	4096	0	16	CLMUL_TRI	3.28291
create-batch-K4-total[ms]	29	4096	0	16	CLMUL_TRI	0.21515
create-batch-K8[ns]	29	4096	0	16	GENERIC	3.75735
create-batch-K8-total[ms]	29	4096	0	16	GENERIC	0.24624
create-batch-K8[ns]	29	4096	0	16	CLMUL	1.94156
create-batch-K8-total[ms]	29	4096	0	16	CLMUL	0.12724
create-batch-K8[ns]	29	4096	0	16	CLMUL_TRI	2.50162
create-batch-K8-total[ms]	29	4096	0	16	CLMUL_TRI	0.16395
create-batch-K1[ns]	29	4096	0	64	GENERIC	5.14112
create-batch-K1-total[ms]	29	4096	0	64	GENERIC	1.34771
create-batch-K1[ns]	29	4096	0	64	CLMUL	9.57956
create-batch-K1-total[ms]	29	4096	0	64	CLMUL	2.51122
create-batch-K1[ns]	29	4096	0	64	CLMUL_TRI	9.58097
create-batch-K1-total[ms]	29	4096	0	64	CLMUL_TRI	2.51159
create-batch-K2[ns]	29	4096	0	64	GENERIC	3.40260
create-batch-K2-total[ms]	29	4096	0	64	GENERIC	0.89197
create-batch-K2[ns]	29	4096	0	64	CLMUL	4.89599
create-batch-K2-total[ms]	29	4096	0	64	CLMUL	1.28345
create-batch-K2[ns]	29	4096	0	64	CLMUL_TRI	4.84110
create-batch-K2-total[ms]	29	4096	0	64	CLMUL_TRI	1.26906
create-batch-K4[ns]	29	4096	0	64	GENERIC	3.54713
create-batch-K4-total[ms]	29	4096	0	64	GENERIC	0.92986
create-batch-K4[ns]	29	4096	0	64	CLMUL	2.76137
create-batch-K4-total[ms]	29	4096	0	64	CLMUL	0.72388
create-batch-K4[ns]	29	4096	0	64	CLMUL_TRI	3.28229
create-batch-K4-total[ms]	29	4096	0	64	CLMUL_TRI	0.86043
create-batch-K8[ns]	29	4096	0	64	GENERIC	3.75546
create-batch-K8-total[ms]	29	4096	0	64	GENERIC	0.98447
create-batch-K8[ns]	29	4096	0	64	CLMUL	1.94113
create-batch-K8-total[ms]	29	4096	0	64	CLMUL	0.50886
create-batch-K8[ns]	29	4096	0	64	CLMUL_TRI	2.50098
create-batch-K8-total[ms]	29	4096	0	64	CLMUL_TRI	0.65562
create-batch-K1[ns]	29	4096	0	128	GENERIC	5.14003
create-batch-K1-total[ms]	29	4096	0	128	GENERIC	2.69485
create-batch-K1[ns]	29	4096	0	128	CLMUL	9.58295
create-batch-K1-total[ms]	29	4096	0	128	CLMUL	5.02423
create-batch-K1[ns]	29	4096	0	128	CLMUL_TRI	9.58394
create-batch-K1-total[ms]	29	4096	0	128	CLMUL_TRI	5.02474
create-batch-K2[ns]	29	4096	0	128	GENERIC	3.38956
create-batch-K2-total[ms]	29	4096	0	128	GENERIC	1.77711
create-batch-K2[ns]	29	4096	0	128	CLMUL	4.89592
create-batch-K2-total[ms]	29	4096	0	128	CLMUL	2.56687
create-batch-K2[ns]	29	4096	0	128	CLMUL_TRI	4.84417
create-batch-K2-total[ms]	29	4096	0	128	CLMUL_TRI	2.53974
create-batch-K4[ns]	29	4096	0	128	GENERIC	3.54208
create-batch-K4-total[ms]	29	4096	0	128	GENERIC	1.85707
create-batch-K4[ns]	29	4096	0	128	CLMUL	2.76126
create-batch-K4-total[ms]	29	4096	0	128	CLMUL	1.44770
create-batch-K4[ns]	29	4096	0	128	CLMUL_TRI	3.28218
create-batch-K4-total[ms]	29	4096	0	128	CLMUL_TRI	1.72081
create-batch-K8[ns]	29	4096	0	128	GENERIC	3.75327
create-batch-K8-total[ms]	29	4096	0	128	GENERIC	1.96779
create-batch-K8[ns]	29	4096	0	128	CLMUL	1.94106
create-batch-K8-total[ms]	29	4096	0	128	CLMUL	1.01767
create-batch-K8[ns]	29	4096	0	128	CLMUL_TRI	2.50091
create-batch-K8-total[ms]	29	4096	0	128	CLMUL_TRI	1.31120
create-batch-K1[ns]	29	4096	0	512	GENERIC	5.07383
create-batch-K1-total[ms]	29	4096	0	512	GENERIC	10.64060
create-batch-K1[ns]	29	4096	0	512	CLMUL	9.58329
create-batch-K1-total[ms]	29	4096	0	512	CLMUL	20.09762
create-batch-K1[ns]	29	4096	0	512	CLMUL_TRI	9.58451
create-batch-K1-total[ms]	29	4096	0	512	CLMUL_TRI	20.10018
create-batch-K2[ns]	29	4096	0	512	GENERIC	3.39188
create-batch-K2-total[ms]	29	4096	0	512	GENERIC	7.11328
create-batch-K2[ns]	29	4096	0	512	CLMUL	4.89742
create-batch-K2-total[ms]	29	4096	0	512	CLMUL	10.27064
create-batch-K2[ns]	29	4096	0	512	CLMUL_TRI	4.84505
create-batch-K2-total[ms]	29	4096	0	512	CLMUL_TRI	10.16080
create-batch-K4[ns]	29	4096	0	512	GENERIC	3.54274
create-batch-K4-total[ms]	29	4096	0	512	GENERIC	7.42967
create-batch-K4[ns]	29	4096	0	512	CLMUL	2.76199
create-batch-K4-total[ms]	29	4096	0	512	CLMUL	5.79230
create-batch-K4[ns]	29	4096	0	512	CLMUL_TRI	3.28291
create-batch-K4-total[ms]	29	4096	0	512	CLMUL_TRI	6.88476
create-batch-K8[ns]	29	4096	0	512	GENERIC	3.75547
create-batch-K8-total[ms]	29	4096	0	512	GENERIC	7.87578
create-batch-K8[ns]	29	4096	0	512	CLMUL	1.94176
create-batch-K8-total[ms]	29	4096	0	512	CLMUL	4.07216
create-batch-K8[ns]	29	4096	0	512	CLMUL_TRI	2.50160
create-batch-K8-total[ms]	29	4096	0	512	CLMUL_TRI	5.24625
create-batch-K1[ns]	29	4096	0	1024	GENERIC	5.07613
create-batch-K1-total[ms]	29	4096	0	1024	GENERIC	21.29085
create-batch-K1[ns]	29	4096	0	1024	CLMUL	9.58323
create-batch-K1-total[ms]	29	4096	0	1024	CLMUL	40.19498
create-batch-K1[ns]	29	4096	0	1024	CLMUL_TRI	9.58420
create-batch-K1-total[ms]	29	4096	0	1024	CLMUL_TRI	40.19906
create-batch-K2[ns]	29	4096	0	1024	GENERIC	3.39204
create-batch-K2-total[ms]	29	4096	0	1024	GENERIC	14.22724
create-batch-K2[ns]	29	4096	0	1024	CLMUL	4.89770
create-batch-K2-total[ms]	29	4096	0	1024	CLMUL	20.54246
create-batch-K2[ns]	29	4096	0	1024	CLMUL_TRI	4.84605
create-batch-K2-total[ms]	29	4096	0	1024	CLMUL_TRI	20.32581
create-batch-K4[ns]	29	4096	0	1024	GENERIC	3.54649
create-batch-K4-total[ms]	29	4096	0	1024	GENERIC	14.87504
create-batch-K4[ns]	29	4096	0	1024	CLMUL	2.76196
create-batch-K4-total[ms]	29	4096	0	1024	CLMUL	11.58448
create-batch-K4[ns]	29	4096	0	1024	CLMUL_TRI	3.28325
create-batch-K4-total[ms]	29	4096	0	1024	CLMUL_TRI	13.77094
create-batch-K8[ns]	29	4096	0	1024	GENERIC	3.75661
create-batch-K8-total[ms]	29	4096	0	1024	GENERIC	15.75635
create-batch-K8[ns]	29	4096	0	1024	CLMUL	1.94176
create-batch-K8-total[ms]	29	4096	0	1024	CLMUL	8.14434
create-batch-K8[ns]	29	4096	0	1024	CLMUL_TRI	2.50168
create-batch-K8-total[ms]	29	4096	0	1024	CLMUL_TRI	10.49279
create-batch-K1[ns]	29	4096	0	2048	GENERIC	5.07471
create-batch-K1-total[ms]	29	4096	0	2048	GENERIC	42.56978
create-batch-K1[ns]	29	4096	0	2048	CLMUL	9.58329
create-batch-K1-total[ms]	29	4096	0	2048	CLMUL	80.39043
create-batch-K1[ns]	29	4096	0	2048	CLMUL_TRI	9.58471
create-batch-K1-total[ms]	29	4096	0	2048	CLMUL_TRI	80.40239
create-batch-K2[ns]	29	4096	0	2048	GENERIC	3.39230
create-batch-K2-total[ms]	29	4096	0	2048	GENERIC	28.45671
create-batch-K2[ns]	29	4096	0	2048	CLMUL	4.89811
create-batch-K2-total[ms]	29	4096	0	2048	CLMUL	41.08832
create-batch-K2[ns]	29	4096	0	2048	CLMUL_TRI	4.84588
create-batch-K2-total[ms]	29	4096	0	2048	CLMUL_TRI	40.65019
create-batch-K4[ns]	29	4096	0	2048	GENERIC	3.54101
create-batch-K4-total[ms]	29	4096	0	2048	GENERIC	29.70410
create-batch-K4[ns]	29	4096	0	2048	CLMUL	2.76224
create-batch-K4-total[ms]	29	4096	0	2048	CLMUL	23.17135
create-batch-K4[ns]	29	4096	0	2048	CLMUL_TRI	3.28340
create-batch-K4-total[ms]	29	4096	0	2048	CLMUL_TRI	27.54312
create-batch-K8[ns]	29	4096	0	2048	GENERIC	3.75570
create-batch-K8-total[ms]	29	4096	0	2048	GENERIC	31.50510
create-batch-K8[ns]	29	4096	0	2048	CLMUL	1.94176
create-batch-K8-total[ms]	29	4096	0	2048	CLMUL	16.28868
create-batch-K8[ns]	29	4096	0	2048	CLMUL_TRI	2.50180
create-batch-K8-total[ms]	29	4096	0	2048	CLMUL_TRI	20.98663
create-batch-K1[ns]	29	4096	0	4096	GENERIC	5.07628
create-batch-K1-total[ms]	29	4096	0	4096	GENERIC	85.16586
create-batch-K1[ns]	29	4096	0	4096	CLMUL	9.58340
create-batch-K1-total[ms]	29	4096	0	4096	CLMUL	160.78285
create-batch-K1[ns]	29	4096	0	4096	CLMUL_TRI	9.58515
create-batch-K1-total[ms]	29	4096	0	4096	CLMUL_TRI	160.81205
create-batch-K2[ns]	29	4096	0	4096	GENERIC	3.39265
create-batch-K2-total[ms]	29	4096	0	4096	GENERIC	56.91930
create-batch-K2[ns]	29	4096	0	4096	CLMUL	4.89820
create-batch-K2-total[ms]	29	4096	0	4096	CLMUL	82.17824
create-batch-K2[ns]	29	4096	0	4096	CLMUL_TRI	4.84610
create-batch-K2-total[ms]	29	4096	0	4096	CLMUL_TRI	81.30414
create-batch-K4[ns]	29	4096	0	4096	GENERIC	3.54175
create-batch-K4-total[ms]	29	4096	0	4096	GENERIC	59.42064
create-batch-K4[ns]	29	4096	0	4096	CLMUL	2.76231
create-batch-K4-total[ms]	29	4096	0	4096	CLMUL	46.34389
create-batch-K4[ns]	29	4096	0	4096	CLMUL_TRI	3.28337
create-batch-K4-total[ms]	29	4096	0	4096	CLMUL_TRI	55.08588
create-batch-K8[ns]	29	4096	0	4096	GENERIC	3.75689
create-batch-K8-total[ms]	29	4096	0	4096	GENERIC	63.03019
create-batch-K8[ns]	29	4096	0	4096	CLMUL	1.94173
create-batch-K8-total[ms]	29	4096	0	4096	CLMUL	32.57689
create-batch-K8[ns]	29	4096	0	4096	CLMUL_TRI	2.50183
create-batch-K8-total[ms]	29	4096	0	4096	CLMUL_TRI	41.97372
create-batch-K1[ns]	29	4096	0	8192	GENERIC	5.07564
create-batch-K1-total[ms]	29	4096	0	8192	GENERIC	170.31007
create-batch-K1[ns]	29	4096	0	8192	CLMUL	9.58368
create-batch-K1-total[ms]	29	4096	0	8192	CLMUL	321.57498
create-batch-K1[ns]	29	4096	0	8192	CLMUL_TRI	9.58501
create-batch-K1-total[ms]	29	4096	0	8192	CLMUL_TRI	321.61971
create-batch-K2[ns]	29	4096	0	8192	GENERIC	3.39289
create-batch-K2-total[ms]	29	4096	0	8192	GENERIC	113.84665
create-batch-K2[ns]	29	4096	0	8192	CLMUL	4.89822
create-batch-K2-total[ms]	29	4096	0	8192	CLMUL	164.35698
create-batch-K2[ns]	29	4096	0	8192	CLMUL_TRI	4.84579
create-batch-K2-total[ms]	29	4096	0	8192	CLMUL_TRI	162.59782
create-batch-K4[ns]	29	4096	0	8192	GENERIC	3.54718
create-batch-K4-total[ms]	29	4096	0	8192	GENERIC	119.02347
create-batch-K4[ns]	29	4096	0	8192	CLMUL	2.76237
create-batch-K4-total[ms]	29	4096	0	8192	CLMUL	92.68985
create-batch-K4[ns]	29	4096	0	8192	CLMUL_TRI	3.28342
create-batch-K4-total[ms]	29	4096	0	8192	CLMUL_TRI	110.17333
create-batch-K8[ns]	29	4096	0	8192	GENERIC	3.75698
create-batch-K8-total[ms]	29	4096	0	8192	GENERIC	126.06345
create-batch-K8[ns]	29	4096	0	8192	CLMUL	1.94176
create-batch-K8-total[ms]	29	4096	0	8192	CLMUL	65.15460
create-batch-K8[ns]	29	4096	0	8192	CLMUL_TRI	2.50196
create-batch-K8-total[ms]	29	4096	0	8192	CLMUL_TRI	83.95169
create-batch-K1[ns]	29	5120	0	16	GENERIC	5.07928
create-batch-K1-total[ms]	29	5120	0	16	GENERIC	0.41609
create-batch-K1[ns]	29	5120	0	16	CLMUL	9.58079
create-batch-K1-total[ms]	29	5120	0	16	CLMUL	0.78486
create-batch-K1[ns]	29	5120	0	16	CLMUL_TRI	9.58192
create-batch-K1-total[ms]	29	5120	0	16	CLMUL_TRI	0.78495
create-batch-K2[ns]	29	5120	0	16	GENERIC	3.40059
create-batch-K2-total[ms]	29	5120	0	16	GENERIC	0.27858
create-batch-K2[ns]	29	5120	0	16	CLMUL	4.87335
create-batch-K2-total[ms]	29	5120	0	16	CLMUL	0.39922
create-batch-K2[ns]	29	5120	0	16	CLMUL_TRI	4.83810
create-batch-K2-total[ms]	29	5120	0	16	CLMUL_TRI	0.39634
create-batch-K4[ns]	29	5120	0	16	GENERIC	3.54526
create-batch-K4-total[ms]	29	5120	0	16	GENERIC	0.29043
create-batch-K4[ns]	29	5120	0	16	CLMUL	2.76174
create-batch-K4-total[ms]	29	5120	0	16	CLMUL	0.22624
create-batch-K4[ns]	29	5120	0	16	CLMUL_TRI	3.28258
create-batch-K4-total[ms]	29	5120	0	16	CLMUL_TRI	0.26891
create-batch-K8[ns]	29	5120	0	16	GENERIC	3.75549
create-batch-K8-total[ms]	29	5120	0	16	GENERIC	0.30765
create-batch-K8[ns]	29	5120	0	16	CLMUL	1.94138
create-batch-K8-total[ms]	29	5120	0	16	CLMUL	0.15904
create-batch-K8[ns]	29	5120	0	16	CLMUL_TRI	2.50133
create-batch-K8-total[ms]	29	5120	0	16	CLMUL_TRI	0.20491
create-batch-K1[ns]	29	5120	0	64	GENERIC	5.07172
create-batch-K1-total[ms]	29	5120	0	64	GENERIC	1.66190
create-batch-K1[ns]	29	5120	0	64	CLMUL	9.58039
create-batch-K1-total[ms]	29	5120	0	64	CLMUL	3.13930
create-batch-K1[ns]	29	5120	0	64	CLMUL_TRI	9.58107
create-batch-K1-total[ms]	29	5120	0	64	CLMUL_TRI	3.13953
create-batch-K2[ns]	29	5120	0	64	GENERIC	3.38855
create-batch-K2-total[ms]	29	5120	0	64	GENERIC	1.11036
create-batch-K2[ns]	29	5120	0	64	CLMUL	4.89597
create-batch-K2-total[ms]	29	5120	0	64	CLMUL	1.60431
create-batch-K2[ns]	29	5120	0	64	CLMUL_TRI	4.84267
create-batch-K2-total[ms]	29	5120	0	64	CLMUL_TRI	1.58685
create-batch-K4[ns]	29	5120	0	64	GENERIC	3.53871
create-batch-K4-total[ms]	29	5120	0	64	GENERIC	1.15956
create-batch-K4[ns]	29	5120	0	64	CLMUL	2.76118
create-batch-K4-total[ms]	29	5120	0	64	CLMUL	0.90478
create-batch-K4[ns]	29	5120	0	64	CLMUL_TRI	3.28208
create-batch-K4-total[ms]	29	5120	0	64	CLMUL_TRI	1.07547
create-batch-K8[ns]	29	5120	0	64	GENERIC	3.75160
create-batch-K8-total[ms]	29	5120	0	64	GENERIC	1.22933
create-batch-K8[ns]	29	5120	0	64	CLMUL	1.94088
create-batch-K8-total[ms]	29	5120	0	64	CLMUL	0.63599
create-batch-K8[ns]	29	5120	0	64	CLMUL_TRI	2.50082
create-batch-K8-total[ms]	29	5120	0	64	CLMUL_TRI	0.81947
create-batch-K1[ns]	29	5120	0	128	GENERIC	5.07232
create-batch-K1-total[ms]	29	5120	0	128	GENERIC	3.32419
create-batch-K1[ns]	29	5120	0	128	CLMUL	9.58274
create-batch-K1-total[ms]	29	5120	0	128	CLMUL	6.28014
create-batch-K1[ns]	29	5120	0	128	CLMUL_TRI	9.58395
create-batch-K1-total[ms]	29	5120	0	128	CLMUL_TRI	6.28094
create-batch-K2[ns]	29	5120	0	128	GENERIC	3.38943
create-batch-K2-total[ms]	29	5120	0	128	GENERIC	2.22130
create-batch-K2[ns]	29	5120	0	128	CLMUL	4.89512
create-batch-K2-total[ms]	29	5120	0	128	CLMUL	3.20806
create-batch-K2[ns]	29	5120	0	128	CLMUL_TRI	4.84417
create-batch-K2-total[ms]	29	5120	0	128	CLMUL_TRI	3.17467
create-batch-K4[ns]	29	5120	0	128	GENERIC	3.54202
create-batch-K4-total[ms]	29	5120	0	128	GENERIC	2.32130
create-batch-K4[ns]	29	5120	0	128	CLMUL	2.76113
create-batch-K4-total[ms]	29	5120	0	128	CLMUL	1.80953
create-batch-K4[ns]	29	5120	0	128	CLMUL_TRI	3.28202
create-batch-K4-total[ms]	29	5120	0	128	CLMUL_TRI	2.15091
create-batch-K8[ns]	29	5120	0	128	GENERIC	3.75369
create-batch-K8-total[ms]	29	5120	0	128	GENERIC	2.46002
create-batch-K8[ns]	29	5120	0	128	CLMUL	1.94090
create-batch-K8-total[ms]	29	5120	0	128	CLMUL	1.27199
create-batch-K8[ns]	29	5120	0	128	CLMUL_TRI	2.50071
create-batch-K8-total[ms]	29	5120	0	128	CLMUL_TRI	1.63887
create-batch-K1[ns]	29	5120	0	512	GENERIC	5.07068
create-batch-K1-total[ms]	29	5120	0	512	GENERIC	13.29249
create-batch-K1[ns]	29	5120	0	512	CLMUL	9.58401
create-batch-K1-total[ms]	29	5120	0	512	CLMUL	25.12390
create-batch-K1[ns]	29	5120	0	512	CLMUL_TRI	9.58491
create-batch-K1-total[ms]	29	5120	0	512	CLMUL_TRI	25.12626
create-batch-K2[ns]	29	5120	0	512	GENERIC	3.38998
create-batch-K2-total[ms]	29	5120	0	512	GENERIC	8.88663
create-batch-K2[ns]	29	5120	0	512	CLMUL	4.89788
create-batch-K2-total[ms]	29	5120	0	512	CLMUL	12.83949
create-batch-K2[ns]	29	5120	0	512	CLMUL_TRI	4.84528
create-batch-K2-total[ms]	29	5120	0	512	CLMUL_TRI	12.70162
create-batch-K4[ns]	29	5120	0	512	GENERIC	3.53751
create-batch-K4-total[ms]	29	5120	0	512	GENERIC	9.27337
create-batch-K4[ns]	29	5120	0	512	CLMUL	2.76217
create-batch-K4-total[ms]	29	5120	0	512	CLMUL	7.24085
create-batch-K4[ns]	29	5120	0	512	CLMUL_TRI	3.28316
create-batch-K4-total[ms]	29	5120	0	512	CLMUL_TRI	8.60661
create-batch-K8[ns]	29	5120	0	512	GENERIC	3.75254
create-batch-K8-total[ms]	29	5120	0	512	GENERIC	9.83706
create-batch-K8[ns]	29	5120	0	512	CLMUL	1.94144
create-batch-K8-total[ms]	29	5120	0	512	CLMUL	5.08936
create-batch-K8[ns]	29	5120	0	512	CLMUL_TRI	2.50136
create-batch-K8-total[ms]	29	5120	0	512	CLMUL_TRI	6.55716
create-batch-K1[ns]	29	5120	0	1024	GENERIC	5.07271
create-batch-K1-total[ms]	29	5120	0	1024	GENERIC	26.59558
create-batch-K1[ns]	29	5120	0	1024	CLMUL	9.58396
create-batch-K1-total[ms]	29	5120	0	1024	CLMUL	50.24757
create-batch-K1[ns]	29	5120	0	1024	CLMUL_TRI	9.58451
create-batch-K1-total[ms]	29	5120	0	1024	CLMUL_TRI	50.25044
create-batch-K2[ns]	29	5120	0	1024	GENERIC	3.38959
create-batch-K2-total[ms]	29	5120	0	1024	GENERIC	17.77124
create-batch-K2[ns]	29	5120	0	1024	CLMUL	4.89747
create-batch-K2-total[ms]	29	5120	0	1024	CLMUL	25.67685
create-batch-K2[ns]	29	5120	0	1024	CLMUL_TRI	4.84589
create-batch-K2-total[ms]	29	5120	0	1024	CLMUL_TRI	25.40644
create-batch-K4[ns]	29	5120	0	1024	GENERIC	3.54465
create-batch-K4-total[ms]	29	5120	0	1024	GENERIC	18.58417
create-batch-K4[ns]	29	5120	0	1024	CLMUL	2.76196
create-batch-K4-total[ms]	29	5120	0	1024	CLMUL	14.48064
create-batch-K4[ns]	29	5120	0	1024	CLMUL_TRI	3.28314
create-batch-K4-total[ms]	29	5120	0	1024	CLMUL_TRI	17.21310
create-batch-K8[ns]	29	5120	0	1024	GENERIC	3.75485
create-batch-K8-total[ms]	29	5120	0	1024	GENERIC	19.68623
create-batch-K8[ns]	29	5120	0	1024	CLMUL	1.94145
create-batch-K8-total[ms]	29	5120	0	1024	CLMUL	10.17877
create-batch-K8[ns]	29	5120	0	1024	CLMUL_TRI	2.50159
create-batch-K8-total[ms]	29	5120	0	1024	CLMUL_TRI	13.11551
create-batch-K1[ns]	29	5120	0	2048	GENERIC	5.07216
create-batch-K1-total[ms]	29	5120	0	2048	GENERIC	53.18548
create-batch-K1[ns]	29	5120	0	2048	CLMUL	9.58416
create-batch-K1-total[ms]	29	5120	0	2048	CLMUL	100.49720
create-batch-K1[ns]	29	5120	0	2048	CLMUL_TRI	9.58520
create-batch-K1-total[ms]	29	5120	0	2048	CLMUL_TRI	100.50812
create-batch-K2[ns]	29	5120	0	2048	GENERIC	3.38962
create-batch-K2-total[ms]	29	5120	0	2048	GENERIC	35.54273
create-batch-K2[ns]	29	5120	0	2048	CLMUL	4.89790
create-batch-K2-total[ms]	29	5120	0	2048	CLMUL	51.35817
create-batch-K2[ns]	29	5120	0	2048	CLMUL_TRI	4.84567
create-batch-K2-total[ms]	29	5120	0	2048	CLMUL_TRI	50.81058
create-batch-K4[ns]	29	5120	0	2048	GENERIC	3.54437
create-batch-K4-total[ms]	29	5120	0	2048	GENERIC	37.16539
create-batch-K4[ns]	29	5120	0	2048	CLMUL	2.76210
create-batch-K4-total[ms]	29	5120	0	2048	CLMUL	28.96275
create-batch-K4[ns]	29	5120	0	2048	CLMUL_TRI	3.28317
create-batch-K4-total[ms]	29	5120	0	2048	CLMUL_TRI	34.42656
create-batch-K8[ns]	29	5120	0	2048	GENERIC	3.75395
create-batch-K8-total[ms]	29	5120	0	2048	GENERIC	39.36304
create-batch-K8[ns]	29	5120	0	2048	CLMUL	1.94157
create-batch-K8-total[ms]	29	5120	0	2048	CLMUL	20.35889
create-batch-K8[ns]	29	5120	0	2048	CLMUL_TRI	2.50162
create-batch-K8-total[ms]	29	5120	0	2048	CLMUL_TRI	26.23142
create-batch-K1[ns]	29	5120	0	4096	GENERIC	5.07258
create-batch-K1-total[ms]	29	5120	0	4096	GENERIC	106.37969
create-batch-K1[ns]	29	5120	0	4096	CLMUL	9.58414
create-batch-K1-total[ms]	29	5120	0	4096	CLMUL	200.99403
create-batch-K1[ns]	29	5120	0	4096	CLMUL_TRI	9.58505
create-batch-K1-total[ms]	29	5120	0	4096	CLMUL_TRI	201.01299
create-batch-K2[ns]	29	5120	0	4096	GENERIC	3.39023
create-batch-K2-total[ms]	29	5120	0	4096	GENERIC	71.09819
create-batch-K2[ns]	29	5120	0	4096	CLMUL	4.89812
create-batch-K2-total[ms]	29	5120	0	4096	CLMUL	102.72102
create-batch-K2[ns]	29	5120	0	4096	CLMUL_TRI	4.84589
create-batch-K2-total[ms]	29	5120	0	4096	CLMUL_TRI	101.62567
create-batch-K4[ns]	29	5120	0	4096	GENERIC	3.54440
create-batch-K4-total[ms]	29	5120	0	4096	GENERIC	74.33153
create-batch-K4[ns]	29	5120	0	4096	CLMUL	2.76216
create-batch-K4-total[ms]	29	5120	0	4096	CLMUL	57.92676
create-batch-K4[ns]	29	5120	0	4096	CLMUL_TRI	3.28331
create-batch-K4-total[ms]	29	5120	0	4096	CLMUL_TRI	68.85610
create-batch-K8[ns]	29	5120	0	4096	GENERIC	3.75423
create-batch-K8-total[ms]	29	5120	0	4096	GENERIC	78.73201
create-batch-K8[ns]	29	5120	0	4096	CLMUL	1.94159
create-batch-K8-total[ms]	29	5120	0	4096	CLMUL	40.71814
create-batch-K8[ns]	29	5120	0	4096	CLMUL_TRI	2.50170
create-batch-K8-total[ms]	29	5120	0	4096	CLMUL_TRI	52.46441
create-batch-K1[ns]	29	5120	0	8192	GENERIC	5.07322
create-batch-K1-total[ms]	29	5120	0	8192	GENERIC	212.78636
create-batch-K1[ns]	29	5120	0	8192	CLMUL	9.58456
create-batch-K1-total[ms]	29	5120	0	8192	CLMUL	402.00539
create-batch-K1[ns]	29	5120	0	8192	CLMUL_TRI	9.58596
create-batch-K1-total[ms]	29	5120	0	8192	CLMUL_TRI	402.06420
create-batch-K2[ns]	29	5120	0	8192	GENERIC	3.39107
create-batch-K2-total[ms]	29	5120	0	8192	GENERIC	142.23166
create-batch-K2[ns]	29	5120	0	8192	CLMUL	4.89813
create-batch-K2-total[ms]	29	5120	0	8192	CLMUL	205.44227
create-batch-K2[ns]	29	5120	0	8192	CLMUL_TRI	4.84617
create-batch-K2-total[ms]	29	5120	0	8192	CLMUL_TRI	203.26329
create-batch-K4[ns]	29	5120	0	8192	GENERIC	3.53947
create-batch-K4-total[ms]	29	5120	0	8192	GENERIC	148.45603
create-batch-K4[ns]	29	5120	0	8192	CLMUL	2.76224
create-batch-K4-total[ms]	29	5120	0	8192	CLMUL	115.85671
create-batch-K4[ns]	29	5120	0	8192	CLMUL_TRI	3.28341
create-batch-K4-total[ms]	29	5120	0	8192	CLMUL_TRI	137.71618
create-batch-K8[ns]	29	5120	0	8192	GENERIC	3.75441
create-batch-K8-total[ms]	29	5120	0	8192	GENERIC	157.47140
create-batch-K8[ns]	29	5120	0	8192	CLMUL	1.94161
create-batch-K8-total[ms]	29	5120	0	8192	CLMUL	81.43711
create-batch-K8[ns]	29	5120	0	8192	CLMUL_TRI	2.50176
create-batch-K8-total[ms]	29	5120	0	8192	CLMUL_TRI	104.93127
create-batch-K1[ns]	29	6144	0	16	GENERIC	5.07255
create-batch-K1-total[ms]	29	6144	0	16	GENERIC	0.49865
create-batch-K1[ns]	29	6144	0	16	CLMUL	9.58109
create-batch-K1-total[ms]	29	6144	0	16	CLMUL	0.94186
create-batch-K1[ns]	29	6144	0	16	CLMUL_TRI	9.58203
create-batch-K1-total[ms]	29	6144	0	16	CLMUL_TRI	0.94195
create-batch-K2[ns]	29	6144	0	16	GENERIC	3.39162
create-batch-K2-total[ms]	29	6144	0	16	GENERIC	0.33341
create-batch-K2[ns]	29	6144	0	16	CLMUL	4.88719
create-batch-K2-total[ms]	29	6144	0	16	CLMUL	0.48043
create-batch-K2[ns]	29	6144	0	16	CLMUL_TRI	4.83821
create-batch-K2-total[ms]	29	6144	0	16	CLMUL_TRI	0.47561
create-batch-K4[ns]	29	6144	0	16	GENERIC	3.54987
create-batch-K4-total[ms]	29	6144	0	16	GENERIC	0.34897
create-batch-K4[ns]	29	6144	0	16	CLMUL	2.76148
create-batch-K4-total[ms]	29	6144	0	16	CLMUL	0.27146
create-batch-K4[ns]	29	6144	0	16	CLMUL_TRI	3.28236
create-batch-K4-total[ms]	29	6144	0	16	CLMUL_TRI	0.32267
create-batch-K8[ns]	29	6144	0	16	GENERIC	3.75445
create-batch-K8-total[ms]	29	6144	0	16	GENERIC	0.36908
create-batch-K8[ns]	29	6144	0	16	CLMUL	1.94127
create-batch-K8-total[ms]	29	6144	0	16	CLMUL	0.19084
create-batch-K8[ns]	29	6144	0	16	CLMUL_TRI	2.50096
create-batch-K8-total[ms]	29	6144	0	16	CLMUL_TRI	0.24585
create-batch-K1[ns]	29	6144	0	64	GENERIC	5.06954
create-batch-K1-total[ms]	29	6144	0	64	GENERIC	1.99342
create-batch-K1[ns]	29	6144	0	64	CLMUL	9.58495
create-batch-K1-total[ms]	29	6144	0	64	CLMUL	3.76896
create-batch-K1[ns]	29	6144	0	64	CLMUL_TRI	9.58274
create-batch-K1-total[ms]	29	6144	0	64	CLMUL_TRI	3.76809
create-batch-K2[ns]	29	6144	0	64	GENERIC	3.38625
create-batch-K2-total[ms]	29	6144	0	64	GENERIC	1.33153
create-batch-K2[ns]	29	6144	0	64	CLMUL	4.89599
create-batch-K2-total[ms]	29	6144	0	64	CLMUL	1.92518
create-batch-K2[ns]	29	6144	0	64	CLMUL_TRI	4.84414
create-batch-K2-total[ms]	29	6144	0	64	CLMUL_TRI	1.90479
create-batch-K4[ns]	29	6144	0	64	GENERIC	3.54242
create-batch-K4-total[ms]	29	6144	0	64	GENERIC	1.39294
create-batch-K4[ns]	29	6144	0	64	CLMUL	2.76106
create-batch-K4-total[ms]	29	6144	0	64	CLMUL	1.08569
create-batch-K4[ns]	29	6144	0	64	CLMUL_TRI	3.28198
create-batch-K4-total[ms]	29	6144	0	64	CLMUL_TRI	1.29053
create-batch-K8[ns]	29	6144	0	64	GENERIC	3.74964
create-batch-K8-total[ms]	29	6144	0	64	GENERIC	1.47442
create-batch-K8[ns]	29	6144	0	64	CLMUL	1.94080
create-batch-K8-total[ms]	29	6144	0	64	CLMUL	0.76315
create-batch-K8[ns]	29	6144	0	64	CLMUL_TRI	2.50062
create-batch-K8-total[ms]	29	6144	0	64	CLMUL_TRI	0.98328
create-batch-K1[ns]	29	6144	0	128	GENERIC	5.06911
create-batch-K1-total[ms]	29	6144	0	128	GENERIC	3.98651
create-batch-K1[ns]	29	6144	0	128	CLMUL	9.58312
create-batch-K1-total[ms]	29	6144	0	128	CLMUL	7.53647
create-batch-K1[ns]	29	6144	0	128	CLMUL_TRI	9.58356
create-batch-K1-total[ms]	29	6144	0	128	CLMUL_TRI	7.53682
create-batch-K2[ns]	29	6144	0	128	GENERIC	3.38760
create-batch-K2-total[ms]	29	6144	0	128	GENERIC	2.66411
create-batch-K2[ns]	29	6144	0	128	CLMUL	4.89562
create-batch-K2-total[ms]	29	6144	0	128	CLMUL	3.85007
create-batch-K2[ns]	29	6144	0	128	CLMUL_TRI	4.84282
create-batch-K2-total[ms]	29	6144	0	128	CLMUL_TRI	3.80855
create-batch-K4[ns]	29	6144	0	128	GENERIC	3.54449
create-batch-K4-total[ms]	29	6144	0	128	GENERIC	2.78750
create-batch-K4[ns]	29	6144	0	128	CLMUL	2.76102
create-batch-K4-total[ms]	29	6144	0	128	CLMUL	2.17135
create-batch-K4[ns]	29	6144	0	128	CLMUL_TRI	3.28189
create-batch-K4-total[ms]	29	6144	0	128	CLMUL_TRI	2.58098
create-batch-K8[ns]	29	6144	0	128	GENERIC	3.75061
create-batch-K8-total[ms]	29	6144	0	128	GENERIC	2.94960
create-batch-K8[ns]	29	6144	0	128	CLMUL	1.94075
create-batch-K8-total[ms]	29	6144	0	128	CLMUL	1.52627
create-batch-K8[ns]	29	6144	0	128	CLMUL_TRI	2.50062
create-batch-K8-total[ms]	29	6144	0	128	CLMUL_TRI	1.96657
create-batch-K1[ns]	29	6144	0	512	GENERIC	5.07396
create-batch-K1-total[ms]	29	6144	0	512	GENERIC	15.96130
create-batch-K1[ns]	29	6144	0	512	CLMUL	9.58427
create-batch-K1-total[ms]	29	6144	0	512	CLMUL	30.14951
create-batch-K1[ns]	29	6144	0	512	CLMUL_TRI	9.58499
create-batch-K1-total[ms]	29	6144	0	512	CLMUL_TRI	30.15178
create-batch-K2[ns]	29	6144	0	512	GENERIC	3.38725
create-batch-K2-total[ms]	29	6144	0	512	GENERIC	10.65536
create-batch-K2[ns]	29	6144	0	512	CLMUL	4.89802
create-batch-K2-total[ms]	29	6144	0	512	CLMUL	15.40783
create-batch-K2[ns]	29	6144	0	512	CLMUL_TRI	4.84445
create-batch-K2-total[ms]	29	6144	0	512	CLMUL_TRI	15.23931
create-batch-K4[ns]	29	6144	0	512	GENERIC	3.54059
create-batch-K4-total[ms]	29	6144	0	512	GENERIC	11.13774
create-batch-K4[ns]	29	6144	0	512	CLMUL	2.76190
create-batch-K4-total[ms]	29	6144	0	512	CLMUL	8.68818
create-batch-K4[ns]	29	6144	0	512	CLMUL_TRI	3.28286
create-batch-K4-total[ms]	29	6144	0	512	CLMUL_TRI	10.32697
create-batch-K8[ns]	29	6144	0	512	GENERIC	3.75176
create-batch-K8-total[ms]	29	6144	0	512	GENERIC	11.80202
create-batch-K8[ns]	29	6144	0	512	CLMUL	1.94123
create-batch-K8-total[ms]	29	6144	0	512	CLMUL	6.10657
create-batch-K8[ns]	29	6144	0	512	CLMUL_TRI	2.50116
create-batch-K8-total[ms]	29	6144	0	512	CLMUL_TRI	7.86797
create-batch-K1[ns]	29	6144	0	1024	GENERIC	5.07084
create-batch-K1-total[ms]	29	6144	0	1024	GENERIC	31.90298
create-batch-K1[ns]	29	6144	0	1024	CLMUL	9.58465
create-batch-K1-total[ms]	29	6144	0	1024	CLMUL	60.30140
create-batch-K1[ns]	29	6144	0	1024	CLMUL_TRI	9.58541
create-batch-K1-total[ms]	29	6144	0	1024	CLMUL_TRI	60.30618
create-batch-K2[ns]	29	6144	0	1024	GENERIC	3.38887
create-batch-K2-total[ms]	29	6144	0	1024	GENERIC	21.32095
create-batch-K2[ns]	29	6144	0	1024	CLMUL	4.89727
create-batch-K2-total[ms]	29	6144	0	1024	CLMUL	30.81097
create-batch-K2[ns]	29	6144	0	1024	CLMUL_TRI	4.84523
create-batch-K2-total[ms]	29	6144	0	1024	CLMUL_TRI	30.48355
create-batch-K4[ns]	29	6144	0	1024	GENERIC	3.54275
create-batch-K4-total[ms]	29	6144	0	1024	GENERIC	22.28903
create-batch-K4[ns]	29	6144	0	1024	CLMUL	2.76202
create-batch-K4-total[ms]	29	6144	0	1024	CLMUL	17.37711
create-batch-K4[ns]	29	6144	0	1024	CLMUL_TRI	3.28312
create-batch-K4-total[ms]	29	6144	0	1024	CLMUL_TRI	20.65563
create-batch-K8[ns]	29	6144	0	1024	GENERIC	3.75111
create-batch-K8-total[ms]	29	6144	0	1024	GENERIC	23.59993
create-batch-K8[ns]	29	6144	0	1024	CLMUL	1.94155
create-batch-K8-total[ms]	29	6144	0	1024	CLMUL	12.21517
create-batch-K8[ns]	29	6144	0	1024	CLMUL_TRI	2.50138
create-batch-K8-total[ms]	29	6144	0	1024	CLMUL_TRI	15.73732
create-batch-K1[ns]	29	6144	0	2048	GENERIC	5.07114
create-batch-K1-total[ms]	29	6144	0	2048	GENERIC	63.80971
create-batch-K1[ns]	29	6144	0	2048	CLMUL	9.58468
create-batch-K1-total[ms]	29	6144	0	2048	CLMUL	120.60321
create-batch-K1[ns]	29	6144	0	2048	CLMUL_TRI	9.58555
create-batch-K1-total[ms]	29	6144	0	2048	CLMUL_TRI	120.61416
create-batch-K2[ns]	29	6144	0	2048	GENERIC	3.38844
create-batch-K2-total[ms]	29	6144	0	2048	GENERIC	42.63650
create-batch-K2[ns]	29	6144	0	2048	CLMUL	4.89756
create-batch-K2-total[ms]	29	6144	0	2048	CLMUL	61.62556
create-batch-K2[ns]	29	6144	0	2048	CLMUL_TRI	4.84590
create-batch-K2-total[ms]	29	6144	0	2048	CLMUL_TRI	60.97550
create-batch-K4[ns]	29	6144	0	2048	GENERIC	3.53766
create-batch-K4-total[ms]	29	6144	0	2048	GENERIC	44.51411
create-batch-K4[ns]	29	6144	0	2048	CLMUL	2.76198
create-batch-K4-total[ms]	29	6144	0	2048	CLMUL	34.75375
create-batch-K4[ns]	29	6144	0	2048	CLMUL_TRI	3.28317
create-batch-K4-total[ms]	29	6144	0	2048	CLMUL_TRI	41.31180
create-batch-K8[ns]	29	6144	0	2048	GENERIC	3.75218
create-batch-K8-total[ms]	29	6144	0	2048	GENERIC	47.21337
create-batch-K8[ns]	29	6144	0	2048	CLMUL	1.94149
create-batch-K8-total[ms]	29	6144	0	2048	CLMUL	24.42965
create-batch-K8[ns]	29	6144	0	2048	CLMUL_TRI	2.50160
create-batch-K8-total[ms]	29	6144	0	2048	CLMUL_TRI	31.47739
create-batch-K1[ns]	29	6144	0	4096	GENERIC	5.07163
create-batch-K1-total[ms]	29	6144	0	4096	GENERIC	127.63168
create-batch-K1[ns]	29	6144	0	4096	CLMUL	9.58487
create-batch-K1-total[ms]	29	6144	0	4096	CLMUL	241.21116
create-batch-K1[ns]	29	6144	0	4096	CLMUL_TRI	9.58534
create-batch-K1-total[ms]	29	6144	0	4096	CLMUL_TRI	241.22309
create-batch-K2[ns]	29	6144	0	4096	GENERIC	3.38853
create-batch-K2-total[ms]	29	6144	0	4096	GENERIC	85.27513
create-batch-K2[ns]	29	6144	0	4096	CLMUL	4.89772
create-batch-K2-total[ms]	29	6144	0	4096	CLMUL	123.25504
create-batch-K2[ns]	29	6144	0	4096	CLMUL_TRI	4.84626
create-batch-K2-total[ms]	29	6144	0	4096	CLMUL_TRI	121.96016
create-batch-K4[ns]	29	6144	0	4096	GENERIC	3.53731
create-batch-K4-total[ms]	29	6144	0	4096	GENERIC	89.01940
create-batch-K4[ns]	29	6144	0	4096	CLMUL	2.76209
create-batch-K4-total[ms]	29	6144	0	4096	CLMUL	69.51020
create-batch-K4[ns]	29	6144	0	4096	CLMUL_TRI	3.28313
create-batch-K4-total[ms]	29	6144	0	4096	CLMUL_TRI	82.62259
create-batch-K8[ns]	29	6144	0	4096	GENERIC	3.75267
create-batch-K8-total[ms]	29	6144	0	4096	GENERIC	94.43904
create-batch-K8[ns]	29	6144	0	4096	CLMUL	1.94151
create-batch-K8-total[ms]	29	6144	0	4096	CLMUL	48.85963
create-batch-K8[ns]	29	6144	0	4096	CLMUL_TRI	2.50158
create-batch-K8-total[ms]	29	6144	0	4096	CLMUL_TRI	62.95426
create-batch-K1[ns]	29	6144	0	8192	GENERIC	5.07192
create-batch-K1-total[ms]	29	6144	0	8192	GENERIC	255.27818
create-batch-K1[ns]	29	6144	0	8192	CLMUL	9.58535
create-batch-K1-total[ms]	29	6144	0	8192	CLMUL	482.44647
create-batch-K1[ns]	29	6144	0	8192	CLMUL_TRI	9.58616
create-batch-K1-total[ms]	29	6144	0	8192	CLMUL_TRI	482.48707
create-batch-K2[ns]	29	6144	0	8192	GENERIC	3.38810
create-batch-K2-total[ms]	29	6144	0	8192	GENERIC	170.52876
create-batch-K2[ns]	29	6144	0	8192	CLMUL	4.89818
create-batch-K2-total[ms]	29	6144	0	8192	CLMUL	246.53330
create-batch-K2[ns]	29	6144	0	8192	CLMUL_TRI	4.84580
create-batch-K2-total[ms]	29	6144	0	8192	CLMUL_TRI	243.89698
create-batch-K4[ns]	29	6144	0	8192	GENERIC	3.54305
create-batch-K4-total[ms]	29	6144	0	8192	GENERIC	178.32773
create-batch-K4[ns]	29	6144	0	8192	CLMUL	2.76212
create-batch-K4-total[ms]	29	6144	0	8192	CLMUL	139.02189
create-batch-K4[ns]	29	6144	0	8192	CLMUL_TRI	3.28322
create-batch-K4-total[ms]	29	6144	0	8192	CLMUL_TRI	165.24990
create-batch-K8[ns]	29	6144	0	8192	GENERIC	3.75252
create-batch-K8-total[ms]	29	6144	0	8192	GENERIC	188.87044
create-batch-K8[ns]	29	6144	0	8192	CLMUL	1.94150
create-batch-K8-total[ms]	29	6144	0	8192	CLMUL	97.71902
create-batch-K8[ns]	29	6144	0	8192	CLMUL_TRI	2.50165
create-batch-K8-total[ms]	29	6144	0	8192	CLMUL_TRI	125.91230
create-batch-K1[ns]	29	7168	0	16	GENERIC	5.07080
create-batch-K1-total[ms]	29	7168	0	16	GENERIC	0.58156
create-batch-K1[ns]	29	7168	0	16	CLMUL	9.58163
create-batch-K1-total[ms]	29	7168	0	16	CLMUL	1.09890
create-batch-K1[ns]	29	7168	0	16	CLMUL_TRI	9.58228
create-batch-K1-total[ms]	29	7168	0	16	CLMUL_TRI	1.09897
create-batch-K2[ns]	29	7168	0	16	GENERIC	3.38667
create-batch-K2-total[ms]	29	7168	0	16	GENERIC	0.38841
create-batch-K2[ns]	29	7168	0	16	CLMUL	4.89190
create-batch-K2-total[ms]	29	7168	0	16	CLMUL	0.56104
create-batch-K2[ns]	29	7168	0	16	CLMUL_TRI	4.82521
create-batch-K2-total[ms]	29	7168	0	16	CLMUL_TRI	0.55339
create-batch-K4[ns]	29	7168	0	16	GENERIC	3.54491
create-batch-K4-total[ms]	29	7168	0	16	GENERIC	0.40656
create-batch-K4[ns]	29	7168	0	16	CLMUL	2.73175
create-batch-K4-total[ms]	29	7168	0	16	CLMUL	0.31330
create-batch-K4[ns]	29	7168	0	16	CLMUL_TRI	3.28237
create-batch-K4-total[ms]	29	7168	0	16	CLMUL_TRI	0.37645
create-batch-K8[ns]	29	7168	0	16	GENERIC	3.75095
create-batch-K8-total[ms]	29	7168	0	16	GENERIC	0.43019
create-batch-K8[ns]	29	7168	0	16	CLMUL	1.94103
create-batch-K8-total[ms]	29	7168	0	16	CLMUL	0.22261
create-batch-K8[ns]	29	7168	0	16	CLMUL_TRI	2.50101
create-batch-K8-total[ms]	29	7168	0	16	CLMUL_TRI	0.28684
create-batch-K1[ns]	29	7168	0	64	GENERIC	5.06972
create-batch-K1-total[ms]	29	7168	0	64	GENERIC	2.32574
create-batch-K1[ns]	29	7168	0	64	CLMUL	9.58482
create-batch-K1-total[ms]	29	7168	0	64	CLMUL	4.39706
create-batch-K1[ns]	29	7168	0	64	CLMUL_TRI	9.58555
create-batch-K1-total[ms]	29	7168	0	64	CLMUL_TRI	4.39739
create-batch-K2[ns]	29	7168	0	64	GENERIC	3.39430
create-batch-K2-total[ms]	29	7168	0	64	GENERIC	1.55714
create-batch-K2[ns]	29	7168	0	64	CLMUL	4.89093
create-batch-K2-total[ms]	29	7168	0	64	CLMUL	2.24372
create-batch-K2[ns]	29	7168	0	64	CLMUL_TRI	4.84087
create-batch-K2-total[ms]	29	7168	0	64	CLMUL_TRI	2.22076
create-batch-K4[ns]	29	7168	0	64	GENERIC	3.53918
create-batch-K4-total[ms]	29	7168	0	64	GENERIC	1.62361
create-batch-K4[ns]	29	7168	0	64	CLMUL	2.76098
create-batch-K4-total[ms]	29	7168	0	64	CLMUL	1.26660
create-batch-K4[ns]	29	7168	0	64	CLMUL_TRI	3.28188
create-batch-K4-total[ms]	29	7168	0	64	CLMUL_TRI	1.50557
create-batch-K8[ns]	29	7168	0	64	GENERIC	3.74828
create-batch-K8-total[ms]	29	7168	0	64	GENERIC	1.71953
create-batch-K8[ns]	29	7168	0	64	CLMUL	1.94071
create-batch-K8-total[ms]	29	7168	0	64	CLMUL	0.89030
create-batch-K8[ns]	29	7168	0	64	CLMUL_TRI	2.50057
create-batch-K8-total[ms]	29	7168	0	64	CLMUL_TRI	1.14714
create-batch-K1[ns]	29	7168	0	128	GENERIC	5.07038
create-batch-K1-total[ms]	29	7168	0	128	GENERIC	4.65210
create-batch-K1[ns]	29	7168	0	128	CLMUL	9.58480
create-batch-K1-total[ms]	29	7168	0	128	CLMUL	8.79409
create-batch-K1[ns]	29	7168	0	128	CLMUL_TRI	9.58530
create-batch-K1-total[ms]	29	7168	0	128	CLMUL_TRI	8.79456
create-batch-K2[ns]	29	7168	0	128	GENERIC	3.38740
create-batch-K2-total[ms]	29	7168	0	128	GENERIC	3.10795
create-batch-K2[ns]	29	7168	0	128	CLMUL	4.89777
create-batch-K2-total[ms]	29	7168	0	128	CLMUL	4.49372
create-batch-K2[ns]	29	7168	0	128	CLMUL_TRI	4.84428
create-batch-K2-total[ms]	29	7168	0	128	CLMUL_TRI	4.44465
create-batch-K4[ns]	29	7168	0	128	GENERIC	3.53940
create-batch-K4-total[ms]	29	7168	0	128	GENERIC	3.24742
create-batch-K4[ns]	29	7168	0	128	CLMUL	2.76094
create-batch-K4-total[ms]	29	7168	0	128	CLMUL	2.53317
create-batch-K4[ns]	29	7168	0	128	CLMUL_TRI	3.28184
create-batch-K4-total[ms]	29	7168	0	128	CLMUL_TRI	3.01110
create-batch-K8[ns]	29	7168	0	128	GENERIC	3.75028
create-batch-K8-total[ms]	29	7168	0	128	GENERIC	3.44090
create-batch-K8[ns]	29	7168	0	128	CLMUL	1.94065
create-batch-K8-total[ms]	29	7168	0	128	CLMUL	1.78055
create-batch-K8[ns]	29	7168	0	128	CLMUL_TRI	2.50053
create-batch-K8-total[ms]	29	7168	0	128	CLMUL_TRI	2.29424
create-batch-K1[ns]	29	7168	0	512	GENERIC	5.06974
create-batch-K1-total[ms]	29	7168	0	512	GENERIC	18.60605
create-batch-K1[ns]	29	7168	0	512	CLMUL	9.58477
create-batch-K1-total[ms]	29	7168	0	512	CLMUL	35.17626
create-batch-K1[ns]	29	7168	0	512	CLMUL_TRI	9.58581
create-batch-K1-total[ms]	29	7168	0	512	CLMUL_TRI	35.18009
create-batch-K2[ns]	29	7168	0	512	GENERIC	3.38678
create-batch-K2-total[ms]	29	7168	0	512	GENERIC	12.42955
create-batch-K2[ns]	29	7168	0	512	CLMUL	4.89700
create-batch-K2-total[ms]	29	7168	0	512	CLMUL	17.97208
create-batch-K2[ns]	29	7168	0	512	CLMUL_TRI	4.84493
create-batch-K2-total[ms]	29	7168	0	512	CLMUL_TRI	17.78096
create-batch-K4[ns]	29	7168	0	512	GENERIC	3.54137
create-batch-K4-total[ms]	29	7168	0	512	GENERIC	12.99687
create-batch-K4[ns]	29	7168	0	512	CLMUL	2.76181
create-batch-K4-total[ms]	29	7168	0	512	CLMUL	10.13590
create-batch-K4[ns]	29	7168	0	512	CLMUL_TRI	3.28308
create-batch-K4-total[ms]	29	7168	0	512	CLMUL_TRI	12.04895
create-batch-K8[ns]	29	7168	0	512	GENERIC	3.75059
create-batch-K8-total[ms]	29	7168	0	512	GENERIC	13.76473
create-batch-K8[ns]	29	7168	0	512	CLMUL	1.94111
create-batch-K8-total[ms]	29	7168	0	512	CLMUL	7.12389
create-batch-K8[ns]	29	7168	0	512	CLMUL_TRI	2.50137
create-batch-K8-total[ms]	29	7168	0	512	CLMUL_TRI	9.18006
create-batch-K1[ns]	29	7168	0	1024	GENERIC	5.07045
create-batch-K1-total[ms]	29	7168	0	1024	GENERIC	37.21730
create-batch-K1[ns]	29	7168	0	1024	CLMUL	9.58492
create-batch-K1-total[ms]	29	7168	0	1024	CLMUL	70.35359
create-batch-K1[ns]	29	7168	0	1024	CLMUL_TRI	9.58586
create-batch-K1-total[ms]	29	7168	0	1024	CLMUL_TRI	70.36054
create-batch-K2[ns]	29	7168	0	1024	GENERIC	3.38657
create-batch-K2-total[ms]	29	7168	0	1024	GENERIC	24.85752
create-batch-K2[ns]	29	7168	0	1024	CLMUL	4.89718
create-batch-K2-total[ms]	29	7168	0	1024	CLMUL	35.94547
create-batch-K2[ns]	29	7168	0	1024	CLMUL_TRI	4.84453
create-batch-K2-total[ms]	29	7168	0	1024	CLMUL_TRI	35.55900
create-batch-K4[ns]	29	7168	0	1024	GENERIC	3.53976
create-batch-K4-total[ms]	29	7168	0	1024	GENERIC	25.98196
create-batch-K4[ns]	29	7168	0	1024	CLMUL	2.76202
create-batch-K4-total[ms]	29	7168	0	1024	CLMUL	20.27330
create-batch-K4[ns]	29	7168	0	1024	CLMUL_TRI	3.28311
create-batch-K4-total[ms]	29	7168	0	1024	CLMUL_TRI	24.09811
create-batch-K8[ns]	29	7168	0	1024	GENERIC	3.75056
create-batch-K8-total[ms]	29	7168	0	1024	GENERIC	27.52919
create-batch-K8[ns]	29	7168	0	1024	CLMUL	1.94132
create-batch-K8-total[ms]	29	7168	0	1024	CLMUL	14.24936
create-batch-K8[ns]	29	7168	0	1024	CLMUL_TRI	2.50138
create-batch-K8-total[ms]	29	7168	0	1024	CLMUL_TRI	18.36017
create-batch-K1[ns]	29	7168	0	2048	GENERIC	5.06994
create-batch-K1-total[ms]	29	7168	0	2048	GENERIC	74.42707
create-batch-K1[ns]	29	7168	0	2048	CLMUL	9.58508
create-batch-K1-total[ms]	29	7168	0	2048	CLMUL	140.70965
create-batch-K1[ns]	29	7168	0	2048	CLMUL_TRI	9.58592
create-batch-K1-total[ms]	29	7168	0	2048	CLMUL_TRI	140.72193
create-batch-K2[ns]	29	7168	0	2048	GENERIC	3.38680
create-batch-K2-total[ms]	29	7168	0	2048	GENERIC	49.71844
create-batch-K2[ns]	29	7168	0	2048	CLMUL	4.89818
create-batch-K2-total[ms]	29	7168	0	2048	CLMUL	71.90559
create-batch-K2[ns]	29	7168	0	2048	CLMUL_TRI	4.84575
create-batch-K2-total[ms]	29	7168	0	2048	CLMUL_TRI	71.13586
create-batch-K4[ns]	29	7168	0	2048	GENERIC	3.54208
create-batch-K4-total[ms]	29	7168	0	2048	GENERIC	51.99803
create-batch-K4[ns]	29	7168	0	2048	CLMUL	2.76200
create-batch-K4-total[ms]	29	7168	0	2048	CLMUL	40.54636
create-batch-K4[ns]	29	7168	0	2048	CLMUL_TRI	3.28309
create-batch-K4-total[ms]	29	7168	0	2048	CLMUL_TRI	48.19598
create-batch-K8[ns]	29	7168	0	2048	GENERIC	3.75067
create-batch-K8-total[ms]	29	7168	0	2048	GENERIC	55.06004
create-batch-K8[ns]	29	7168	0	2048	CLMUL	1.94140
create-batch-K8-total[ms]	29	7168	0	2048	CLMUL	28.49993
create-batch-K8[ns]	29	7168	0	2048	CLMUL_TRI	2.50155
create-batch-K8-total[ms]	29	7168	0	2048	CLMUL_TRI	36.72285
create-batch-K1[ns]	29	7168	0	4096	GENERIC	5.06973
create-batch-K1-total[ms]	29	7168	0	4096	GENERIC	148.84778
create-batch-K1[ns]	29	7168	0	4096	CLMUL	9.58544
create-batch-K1-total[ms]	29	7168	0	4096	CLMUL	281.42964
create-batch-K1[ns]	29	7168	0	4096	CLMUL_TRI	9.58586
create-batch-K1-total[ms]	29	7168	0	4096	CLMUL_TRI	281.44218
create-batch-K2[ns]	29	7168	0	4096	GENERIC	3.38694
create-batch-K2-total[ms]	29	7168	0	4096	GENERIC	99.44095
create-batch-K2[ns]	29	7168	0	4096	CLMUL	4.89779
create-batch-K2-total[ms]	29	7168	0	4096	CLMUL	143.79974
create-batch-K2[ns]	29	7168	0	4096	CLMUL_TRI	4.84597
create-batch-K2-total[ms]	29	7168	0	4096	CLMUL_TRI	142.27817
create-batch-K4[ns]	29	7168	0	4096	GENERIC	3.54155
create-batch-K4-total[ms]	29	7168	0	4096	GENERIC	103.98044
create-batch-K4[ns]	29	7168	0	4096	CLMUL	2.76199
create-batch-K4-total[ms]	29	7168	0	4096	CLMUL	81.09252
create-batch-K4[ns]	29	7168	0	4096	CLMUL_TRI	3.28309
create-batch-K4-total[ms]	29	7168	0	4096	CLMUL_TRI	96.39185
create-batch-K8[ns]	29	7168	0	4096	GENERIC	3.75140
create-batch-K8-total[ms]	29	7168	0	4096	GENERIC	110.14157
create-batch-K8[ns]	29	7168	0	4096	CLMUL	1.94140
create-batch-K8-total[ms]	29	7168	0	4096	CLMUL	56.99978
create-batch-K8[ns]	29	7168	0	4096	CLMUL_TRI	2.50149
create-batch-K8-total[ms]	29	7168	0	4096	CLMUL_TRI	73.44411
create-batch-K1[ns]	29	7168	0	8192	GENERIC	5.07010
create-batch-K1-total[ms]	29	7168	0	8192	GENERIC	297.71736
create-batch-K1[ns]	29	7168	0	8192	CLMUL	9.58572
create-batch-K1-total[ms]	29	7168	0	8192	CLMUL	562.87617
create-batch-K1[ns]	29	7168	0	8192	CLMUL_TRI	9.58648
create-batch-K1-total[ms]	29	7168	0	8192	CLMUL_TRI	562.92084
create-batch-K2[ns]	29	7168	0	8192	GENERIC	3.38678
create-batch-K2-total[ms]	29	7168	0	8192	GENERIC	198.87272
create-batch-K2[ns]	29	7168	0	8192	CLMUL	4.89810
create-batch-K2-total[ms]	29	7168	0	8192	CLMUL	287.61764
create-batch-K2[ns]	29	7168	0	8192	CLMUL_TRI	4.84588
create-batch-K2-total[ms]	29	7168	0	8192	CLMUL_TRI	284.55157
create-batch-K4[ns]	29	7168	0	8192	GENERIC	3.54188
create-batch-K4-total[ms]	29	7168	0	8192	GENERIC	207.98010
create-batch-K4[ns]	29	7168	0	8192	CLMUL	2.76206
create-batch-K4-total[ms]	29	7168	0	8192	CLMUL	162.18878
create-batch-K4[ns]	29	7168	0	8192	CLMUL_TRI	3.28317
create-batch-K4-total[ms]	29	7168	0	8192	CLMUL_TRI	192.78862
create-batch-K8[ns]	29	7168	0	8192	GENERIC	3.75138
create-batch-K8-total[ms]	29	7168	0	8192	GENERIC	220.28212
create-batch-K8[ns]	29	7168	0	8192	CLMUL	1.94144
create-batch-K8-total[ms]	29	7168	0	8192	CLMUL	114.00181
create-batch-K8[ns]	29	7168	0	8192	CLMUL_TRI	2.50155
create-batch-K8-total[ms]	29	7168	0	8192	CLMUL_TRI	146.89186
create-batch-K1[ns]	29	8192	0	16	GENERIC	5.07091
create-batch-K1-total[ms]	29	8192	0	16	GENERIC	0.66465
create-batch-K1[ns]	29	8192	0	16	CLMUL	9.58175
create-batch-K1-total[ms]	29	8192	0	16	CLMUL	1.25590
create-batch-K1[ns]	29	8192	0	16	CLMUL_TRI	9.58247
create-batch-K1-total[ms]	29	8192	0	16	CLMUL_TRI	1.25599
create-batch-K2[ns]	29	8192	0	16	GENERIC	3.38395
create-batch-K2-total[ms]	29	8192	0	16	GENERIC	0.44354
create-batch-K2[ns]	29	8192	0	16	CLMUL	4.89147
create-batch-K2-total[ms]	29	8192	0	16	CLMUL	0.64114
create-batch-K2[ns]	29	8192	0	16	CLMUL_TRI	4.83807
create-batch-K2-total[ms]	29	8192	0	16	CLMUL_TRI	0.63414
create-batch-K4[ns]	29	8192	0	16	GENERIC	3.54163
create-batch-K4-total[ms]	29	8192	0	16	GENERIC	0.46421
create-batch-K4[ns]	29	8192	0	16	CLMUL	2.76116
create-batch-K4-total[ms]	29	8192	0	16	CLMUL	0.36191
create-batch-K4[ns]	29	8192	0	16	CLMUL_TRI	3.28208
create-batch-K4-total[ms]	29	8192	0	16	CLMUL_TRI	0.43019
create-batch-K8[ns]	29	8192	0	16	GENERIC	3.75356
create-batch-K8-total[ms]	29	8192	0	16	GENERIC	0.49199
create-batch-K8[ns]	29	8192	0	16	CLMUL	1.94085
create-batch-K8-total[ms]	29	8192	0	16	CLMUL	0.25439
create-batch-K8[ns]	29	8192	0	16	CLMUL_TRI	2.50077
create-batch-K8-total[ms]	29	8192	0	16	CLMUL_TRI	0.32778
create-batch-K1[ns]	29	8192	0	64	GENERIC	5.06596
create-batch-K1-total[ms]	29	8192	0	64	GENERIC	2.65602
create-batch-K1[ns]	29	8192	0	64	CLMUL	9.58472
create-batch-K1-total[ms]	29	8192	0	64	CLMUL	5.02515
create-batch-K1[ns]	29	8192	0	64	CLMUL_TRI	9.58539
create-batch-K1-total[ms]	29	8192	0	64	CLMUL_TRI	5.02551
create-batch-K2[ns]	29	8192	0	64	GENERIC	3.38208
create-batch-K2-total[ms]	29	8192	0	64	GENERIC	1.77318
create-batch-K2[ns]	29	8192	0	64	CLMUL	4.88890
create-batch-K2-total[ms]	29	8192	0	64	CLMUL	2.56319
create-batch-K2[ns]	29	8192	0	64	CLMUL_TRI	4.84086
create-batch-K2-total[ms]	29	8192	0	64	CLMUL_TRI	2.53800
create-batch-K4[ns]	29	8192	0	64	GENERIC	3.53830
create-batch-K4-total[ms]	29	8192	0	64	GENERIC	1.85509
create-batch-K4[ns]	29	8192	0	64	CLMUL	2.76091
create-batch-K4-total[ms]	29	8192	0	64	CLMUL	1.44751
create-batch-K4[ns]	29	8192	0	64	CLMUL_TRI	3.28180
create-batch-K4-total[ms]	29	8192	0	64	CLMUL_TRI	1.72061
create-batch-K8[ns]	29	8192	0	64	GENERIC	3.74864
create-batch-K8-total[ms]	29	8192	0	64	GENERIC	1.96537
create-batch-K8[ns]	29	8192	0	64	CLMUL	1.94064
create-batch-K8-total[ms]	29	8192	0	64	CLMUL	1.01745
create-batch-K8[ns]	29	8192	0	64	CLMUL_TRI	2.50052
create-batch-K8-total[ms]	29	8192	0	64	CLMUL_TRI	1.31099
create-batch-K1[ns]	29	8192	0	128	GENERIC	5.06965
create-batch-K1-total[ms]	29	8192	0	128	GENERIC	5.31592
create-batch-K1[ns]	29	8192	0	128	CLMUL	9.58460
create-batch-K1-total[ms]	29	8192	0	128	CLMUL	10.05018
create-batch-K1[ns]	29	8192	0	128	CLMUL_TRI	9.58553
create-batch-K1-total[ms]	29	8192	0	128	CLMUL_TRI	10.05116
create-batch-K2[ns]	29	8192	0	128	GENERIC	3.38508
create-batch-K2-total[ms]	29	8192	0	128	GENERIC	3.54951
create-batch-K2[ns]	29	8192	0	128	CLMUL	4.89575
create-batch-K2-total[ms]	29	8192	0	128	CLMUL	5.13356
create-batch-K2[ns]	29	8192	0	128	CLMUL_TRI	4.84162
create-batch-K2-total[ms]	29	8192	0	128	CLMUL_TRI	5.07680
create-batch-K4[ns]	29	8192	0	128	GENERIC	3.54192
create-batch-K4-total[ms]	29	8192	0	128	GENERIC	3.71398
create-batch-K4[ns]	29	8192	0	128	CLMUL	2.76088
create-batch-K4-total[ms]	29	8192	0	128	CLMUL	2.89499
create-batch-K4[ns]	29	8192	0	128	CLMUL_TRI	3.28178
create-batch-K4-total[ms]	29	8192	0	128	CLMUL_TRI	3.44120
create-batch-K8[ns]	29	8192	0	128	GENERIC	3.74889
create-batch-K8-total[ms]	29	8192	0	128	GENERIC	3.93100
create-batch-K8[ns]	29	8192	0	128	CLMUL	1.94060
create-batch-K8-total[ms]	29	8192	0	128	CLMUL	2.03487
create-batch-K8[ns]	29	8192	0	128	CLMUL_TRI	2.50048
create-batch-K8-total[ms]	29	8192	0	128	CLMUL_TRI	2.62195
create-batch-K1[ns]	29	8192	0	512	GENERIC	5.06970
create-batch-K1-total[ms]	29	8192	0	512	GENERIC	21.26385
create-batch-K1[ns]	29	8192	0	512	CLMUL	9.58538
create-batch-K1-total[ms]	29	8192	0	512	CLMUL	40.20399
create-batch-K1[ns]	29	8192	0	512	CLMUL_TRI	9.58572
create-batch-K1-total[ms]	29	8192	0	512	CLMUL_TRI	40.20542
create-batch-K2[ns]	29	8192	0	512	GENERIC	3.38480
create-batch-K2-total[ms]	29	8192	0	512	GENERIC	14.19690
create-batch-K2[ns]	29	8192	0	512	CLMUL	4.89769
create-batch-K2-total[ms]	29	8192	0	512	CLMUL	20.54238
create-batch-K2[ns]	29	8192	0	512	CLMUL_TRI	4.84469
create-batch-K2-total[ms]	29	8192	0	512	CLMUL_TRI	20.32012
create-batch-K4[ns]	29	8192	0	512	GENERIC	3.54064
create-batch-K4-total[ms]	29	8192	0	512	GENERIC	14.85054
create-batch-K4[ns]	29	8192	0	512	CLMUL	2.76163
create-batch-K4-total[ms]	29	8192	0	512	CLMUL	11.58310
create-batch-K4[ns]	29	8192	0	512	CLMUL_TRI	3.28286
create-batch-K4-total[ms]	29	8192	0	512	CLMUL_TRI	13.76932
create-batch-K8[ns]	29	8192	0	512	GENERIC	3.75078
create-batch-K8-total[ms]	29	8192	0	512	GENERIC	15.73193
create-batch-K8[ns]	29	8192	0	512	CLMUL	1.94134
create-batch-K8-total[ms]	29	8192	0	512	CLMUL	8.14255
create-batch-K8[ns]	29	8192	0	512	CLMUL_TRI	2.50123
create-batch-K8-total[ms]	29	8192	0	512	CLMUL_TRI	10.49092
create-batch-K1[ns]	29	8192	0	1024	GENERIC	5.06901
create-batch-K1-total[ms]	29	8192	0	1024	GENERIC	42.52196
create-batch-K1[ns]	29	8192	0	1024	CLMUL	9.58549
create-batch-K1-total[ms]	29	8192	0	1024	CLMUL	80.40891
create-batch-K1[ns]	29	8192	0	1024	CLMUL_TRI	9.58586
create-batch-K1-total[ms]	29	8192	0	1024	CLMUL_TRI	80.41199
create-batch-K2[ns]	29	8192	0	1024	GENERIC	3.38560
create-batch-K2-total[ms]	29	8192	0	1024	GENERIC	28.40045
create-batch-K2[ns]	29	8192	0	1024	CLMUL	4.89757
create-batch-K2-total[ms]	29	8192	0	1024	CLMUL	41.08384
create-batch-K2[ns]	29	8192	0	1024	CLMUL_TRI	4.84535
create-batch-K2-total[ms]	29	8192	0	1024	CLMUL_TRI	40.64574
create-batch-K4[ns]	29	8192	0	1024	GENERIC	3.54085
create-batch-K4-total[ms]	29	8192	0	1024	GENERIC	29.70283
create-batch-K4[ns]	29	8192	0	1024	CLMUL	2.76184
create-batch-K4-total[ms]	29	8192	0	1024	CLMUL	23.16796
create-batch-K4[ns]	29	8192	0	1024	CLMUL_TRI	3.28290
create-batch-K4-total[ms]	29	8192	0	1024	CLMUL_TRI	27.53892
create-batch-K8[ns]	29	8192	0	1024	GENERIC	3.75037
create-batch-K8-total[ms]	29	8192	0	1024	GENERIC	31.46040
create-batch-K8[ns]	29	8192	0	1024	CLMUL	1.94135
create-batch-K8-total[ms]	29	8192	0	1024	CLMUL	16.28525
create-batch-K8[ns]	29	8192	0	1024	CLMUL_TRI	2.50144
create-batch-K8-total[ms]	29	8192	0	1024	CLMUL_TRI	20.98357
create-batch-K1[ns]	29	8192	0	2048	GENERIC	5.06861
create-batch-K1-total[ms]	29	8192	0	2048	GENERIC	85.03723
create-batch-K1[ns]	29	8192	0	2048	CLMUL	9.58552
create-batch-K1-total[ms]	29	8192	0	2048	CLMUL	160.81841
create-batch-K1[ns]	29	8192	0	2048	CLMUL_TRI	9.58615
create-batch-K1-total[ms]	29	8192	0	2048	CLMUL_TRI	160.82894
create-batch-K2[ns]	29	8192	0	2048	GENERIC	3.38574
create-batch-K2-total[ms]	29	8192	0	2048	GENERIC	56.80321
create-batch-K2[ns]	29	8192	0	2048	CLMUL	4.89788
create-batch-K2-total[ms]	29	8192	0	2048	CLMUL	82.17275
create-batch-K2[ns]	29	8192	0	2048	CLMUL_TRI	4.84558
create-batch-K2-total[ms]	29	8192	0	2048	CLMUL_TRI	81.29543
create-batch-K4[ns]	29	8192	0	2048	GENERIC	3.54118
create-batch-K4-total[ms]	29	8192	0	2048	GENERIC	59.41114
create-batch-K4[ns]	29	8192	0	2048	CLMUL	2.76191
create-batch-K4-total[ms]	29	8192	0	2048	CLMUL	46.33716
create-batch-K4[ns]	29	8192	0	2048	CLMUL_TRI	3.28309
create-batch-K4-total[ms]	29	8192	0	2048	CLMUL_TRI	55.08107
create-batch-K8[ns]	29	8192	0	2048	GENERIC	3.75077
create-batch-K8-total[ms]	29	8192	0	2048	GENERIC	62.92753
create-batch-K8[ns]	29	8192	0	2048	CLMUL	1.94133
create-batch-K8-total[ms]	29	8192	0	2048	CLMUL	32.57011
create-batch-K8[ns]	29	8192	0	2048	CLMUL_TRI	2.50143
create-batch-K8-total[ms]	29	8192	0	2048	CLMUL_TRI	41.96707
create-batch-K1[ns]	29	8192	0	4096	GENERIC	5.06983
create-batch-K1-total[ms]	29	8192	0	4096	GENERIC	170.11525
create-batch-K1[ns]	29	8192	0	4096	CLMUL	9.58585
create-batch-K1-total[ms]	29	8192	0	4096	CLMUL	321.64764
create-batch-K1[ns]	29	8192	0	4096	CLMUL_TRI	9.58609
create-batch-K1-total[ms]	29	8192	0	4096	CLMUL_TRI	321.65592
create-batch-K2[ns]	29	8192	0	4096	GENERIC	3.38559
create-batch-K2-total[ms]	29	8192	0	4096	GENERIC	113.60139
create-batch-K2[ns]	29	8192	0	4096	CLMUL	4.89813
create-batch-K2-total[ms]	29	8192	0	4096	CLMUL	164.35393
create-batch-K2[ns]	29	8192	0	4096	CLMUL_TRI	4.84594
create-batch-K2-total[ms]	29	8192	0	4096	CLMUL_TRI	162.60280
create-batch-K4[ns]	29	8192	0	4096	GENERIC	3.54040
create-batch-K4-total[ms]	29	8192	0	4096	GENERIC	118.79603
create-batch-K4[ns]	29	8192	0	4096	CLMUL	2.76197
create-batch-K4-total[ms]	29	8192	0	4096	CLMUL	92.67623
create-batch-K4[ns]	29	8192	0	4096	CLMUL_TRI	3.28303
create-batch-K4-total[ms]	29	8192	0	4096	CLMUL_TRI	110.16007
create-batch-K8[ns]	29	8192	0	4096	GENERIC	3.75074
create-batch-K8-total[ms]	29	8192	0	4096	GENERIC	125.85408
create-batch-K8[ns]	29	8192	0	4096	CLMUL	1.94137
create-batch-K8-total[ms]	29	8192	0	4096	CLMUL	65.14159
create-batch-K8[ns]	29	8192	0	4096	CLMUL_TRI	2.50147
create-batch-K8-total[ms]	29	8192	0	4096	CLMUL_TRI	83.93525
create-batch-K1[ns]	29	8192	0	8192	GENERIC	5.06935
create-batch-K1-total[ms]	29	8192	0	8192	GENERIC	340.19804
create-batch-K1[ns]	29	8192	0	8192	CLMUL	9.58616
create-batch-K1-total[ms]	29	8192	0	8192	CLMUL	643.31601
create-batch-K1[ns]	29	8192	0	8192	CLMUL_TRI	9.58642
create-batch-K1-total[ms]	29	8192	0	8192	CLMUL_TRI	643.33377
create-batch-K2[ns]	29	8192	0	8192	GENERIC	3.38788
create-batch-K2-total[ms]	29	8192	0	8192	GENERIC	227.35707
create-batch-K2[ns]	29	8192	0	8192	CLMUL	4.89824
create-batch-K2-total[ms]	29	8192	0	8192	CLMUL	328.71508
create-batch-K2[ns]	29	8192	0	8192	CLMUL_TRI	4.84566
create-batch-K2-total[ms]	29	8192	0	8192	CLMUL_TRI	325.18693
create-batch-K4[ns]	29	8192	0	8192	GENERIC	3.53680
create-batch-K4-total[ms]	29	8192	0	8192	GENERIC	237.35077
create-batch-K4[ns]	29	8192	0	8192	CLMUL	2.76201
create-batch-K4-total[ms]	29	8192	0	8192	CLMUL	185.35556
create-batch-K4[ns]	29	8192	0	8192	CLMUL_TRI	3.28311
create-batch-K4-total[ms]	29	8192	0	8192	CLMUL_TRI	220.32568
create-batch-K8[ns]	29	8192	0	8192	GENERIC	3.75069
create-batch-K8-total[ms]	29	8192	0	8192	GENERIC	251.70479
create-batch-K8[ns]	29	8192	0	8192	CLMUL	1.94138
create-batch-K8-total[ms]	29	8192	0	8192	CLMUL	130.28368
create-batch-K8[ns]	29	8192	0	8192	CLMUL_TRI	2.50148
create-batch-K8-total[ms]	29	8192	0	8192	CLMUL_TRI	167.87174
create-batch-K1[ns]	32	128	0	16	GENERIC	5.45264
create-batch-K1-total[ms]	32	128	0	16	GENERIC	0.01117
create-batch-K1[ns]	32	128	0	16	CLMUL	9.01514
create-batch-K1-total[ms]	32	128	0	16	CLMUL	0.01846
create-batch-K2[ns]	32	128	0	16	GENERIC	3.77051
create-batch-K2-total[ms]	32	128	0	16	GENERIC	0.00772
create-batch-K2[ns]	32	128	0	16	CLMUL	4.79199
create-batch-K2-total[ms]	32	128	0	16	CLMUL	0.00981
create-batch-K4[ns]	32	128	0	16	GENERIC	3.93311
create-batch-K4-total[ms]	32	128	0	16	GENERIC	0.00805
create-batch-K4[ns]	32	128	0	16	CLMUL	2.56787
create-batch-K4-total[ms]	32	128	0	16	CLMUL	0.00526
create-batch-K8[ns]	32	128	0	16	GENERIC	4.13232
create-batch-K8-total[ms]	32	128	0	16	GENERIC	0.00846
create-batch-K8[ns]	32	128	0	16	CLMUL	2.03418
create-batch-K8-total[ms]	32	128	0	16	CLMUL	0.00417
create-batch-K1[ns]	32	128	0	64	GENERIC	5.40955
create-batch-K1-total[ms]	32	128	0	64	GENERIC	0.04432
create-batch-K1[ns]	32	128	0	64	CLMUL	8.99707
create-batch-K1-total[ms]	32	128	0	64	CLMUL	0.07370
create-batch-K2[ns]	32	128	0	64	GENERIC	3.75024
create-batch-K2-total[ms]	32	128	0	64	GENERIC	0.03072
create-batch-K2[ns]	32	128	0	64	CLMUL	4.77881
create-batch-K2-total[ms]	32	128	0	64	CLMUL	0.03915
create-batch-K4[ns]	32	128	0	64	GENERIC	3.92212
create-batch-K4-total[ms]	32	128	0	64	GENERIC	0.03213
create-batch-K4[ns]	32	128	0	64	CLMUL	2.54773
create-batch-K4-total[ms]	32	128	0	64	CLMUL	0.02087
create-batch-K8[ns]	32	128	0	64	GENERIC	4.13696
create-batch-K8-total[ms]	32	128	0	64	GENERIC	0.03389
create-batch-K8[ns]	32	128	0	64	CLMUL	2.02100
create-batch-K8-total[ms]	32	128	0	64	CLMUL	0.01656
create-batch-K1[ns]	32	128	0	128	GENERIC	5.40503
create-batch-K1-total[ms]	32	128	0	128	GENERIC	0.08856
create-batch-K1[ns]	32	128	0	128	CLMUL	8.99255
create-batch-K1-total[ms]	32	128	0	128	CLMUL	0.14733
create-batch-K2[ns]	32	128	0	128	GENERIC	3.74915
create-batch-K2-total[ms]	32	128	0	128	GENERIC	0.06143
create-batch-K2[ns]	32	128	0	128	CLMUL	4.77435
create-batch-K2-total[ms]	32	128	0	128	CLMUL	0.07822
create-batch-K4[ns]	32	128	0	128	GENERIC	3.91644
create-batch-K4-total[ms]	32	128	0	128	GENERIC	0.06417
create-batch-K4[ns]	32	128	0	128	CLMUL	2.54657
create-batch-K4-total[ms]	32	128	0	128	CLMUL	0.04172
create-batch-K8[ns]	32	128	0	128	GENERIC	4.13574
create-batch-K8-total[ms]	32	128	0	128	GENERIC	0.06776
create-batch-K8[ns]	32	128	0	128	CLMUL	2.01758
create-batch-K8-total[ms]	32	128	0	128	CLMUL	0.03306
create-batch-K1[ns]	32	128	0	512	GENERIC	5.40421
create-batch-K1-total[ms]	32	128	0	512	GENERIC	0.35417
create-batch-K1[ns]	32	128	0	512	CLMUL	8.98976
create-batch-K1-total[ms]	32	128	0	512	CLMUL	0.58915
create-batch-K2[ns]	32	128	0	512	GENERIC	3.74861
create-batch-K2-total[ms]	32	128	0	512	GENERIC	0.24567
create-batch-K2[ns]	32	128	0	512	CLMUL	4.77293
create-batch-K2-total[ms]	32	128	0	512	CLMUL	0.31280
create-batch-K4[ns]	32	128	0	512	GENERIC	3.91928
create-batch-K4-total[ms]	32	128	0	512	GENERIC	0.25685
create-batch-K4[ns]	32	128	0	512	CLMUL	2.54428
create-batch-K4-total[ms]	32	128	0	512	CLMUL	0.16674
create-batch-K8[ns]	32	128	0	512	GENERIC	4.12302
create-batch-K8-total[ms]	32	128	0	512	GENERIC	0.27021
create-batch-K8[ns]	32	128	0	512	CLMUL	2.01530
create-batch-K8-total[ms]	32	128	0	512	CLMUL	0.13207
create-batch-K1[ns]	32	128	0	1024	GENERIC	5.40618
create-batch-K1-total[ms]	32	128	0	1024	GENERIC	0.70860
create-batch-K1[ns]	32	128	0	1024	CLMUL	8.98934
create-batch-K1-total[ms]	32	128	0	1024	CLMUL	1.17825
create-batch-K2[ns]	32	128	0	1024	GENERIC	3.74988
create-batch-K2-total[ms]	32	128	0	1024	GENERIC	0.49150
create-batch-K2[ns]	32	128	0	1024	CLMUL	4.77138
create-batch-K2-total[ms]	32	128	0	1024	CLMUL	0.62539
create-batch-K4[ns]	32	128	0	1024	GENERIC	3.91815
create-batch-K4-total[ms]	32	128	0	1024	GENERIC	0.51356
create-batch-K4[ns]	32	128	0	1024	CLMUL	2.54329
create-batch-K4-total[ms]	32	128	0	1024	CLMUL	0.33335
create-batch-K8[ns]	32	128	0	1024	GENERIC	4.12811
create-batch-K8-total[ms]	32	128	0	1024	GENERIC	0.54108
create-batch-K8[ns]	32	128	0	1024	CLMUL	2.01460
create-batch-K8-total[ms]	32	128	0	1024	CLMUL	0.26406
create-batch-K1[ns]	32	128	0	2048	GENERIC	5.40491
create-batch-K1-total[ms]	32	128	0	2048	GENERIC	1.41687
create-batch-K1[ns]	32	128	0	2048	CLMUL	8.98935
create-batch-K1-total[ms]	32	128	0	2048	CLMUL	2.35650
create-batch-K2[ns]	32	128	0	2048	GENERIC	3.74946
create-batch-K2-total[ms]	32	128	0	2048	GENERIC	0.98290
create-batch-K2[ns]	32	128	0	2048	CLMUL	4.77152
create-batch-K2-total[ms]	32	128	0	2048	CLMUL	1.25083
create-batch-K4[ns]	32	128	0	2048	GENERIC	3.91851
create-batch-K4-total[ms]	32	128	0	2048	GENERIC	1.02721
create-batch-K4[ns]	32	128	0	2048	CLMUL	2.54301
create-batch-K4-total[ms]	32	128	0	2048	CLMUL	0.66663
create-batch-K8[ns]	32	128	0	2048	GENERIC	4.12662
create-batch-K8-total[ms]	32	128	0	2048	GENERIC	1.08177
create-batch-K8[ns]	32	128	0	2048	CLMUL	2.01446
create-batch-K8-total[ms]	32	128	0	2048	CLMUL	0.52808
create-batch-K1[ns]	32	128	0	4096	GENERIC	5.41346
create-batch-K1-total[ms]	32	128	0	4096	GENERIC	2.83821
create-batch-K1[ns]	32	128	0	4096	CLMUL	8.99266
create-batch-K1-total[ms]	32	128	0	4096	CLMUL	4.71475
create-batch-K2[ns]	32	128	0	4096	GENERIC	3.74758
create-batch-K2-total[ms]	32	128	0	4096	GENERIC	1.96481
create-batch-K2[ns]	32	128	0	4096	CLMUL	4.77269
create-batch-K2-total[ms]	32	128	0	4096	CLMUL	2.50226
create-batch-K4[ns]	32	128	0	4096	GENERIC	3.91815
create-batch-K4-total[ms]	32	128	0	4096	GENERIC	2.05424
create-batch-K4[ns]	32	128	0	4096	CLMUL	2.54333
create-batch-K4-total[ms]	32	128	0	4096	CLMUL	1.33344
create-batch-K8[ns]	32	128	0	4096	GENERIC	4.12408
create-batch-K8-total[ms]	32	128	0	4096	GENERIC	2.16220
create-batch-K8[ns]	32	128	0	4096	CLMUL	2.01446
create-batch-K8-total[ms]	32	128	0	4096	CLMUL	1.05616
create-batch-K1[ns]	32	128	0	8192	GENERIC	5.49560
create-batch-K1-total[ms]	32	128	0	8192	GENERIC	5.76255
create-batch-K1[ns]	32	128	0	8192	CLMUL	8.99358
create-batch-K1-total[ms]	32	128	0	8192	CLMUL	9.43045
create-batch-K2[ns]	32	128	0	8192	GENERIC	3.75287
create-batch-K2-total[ms]	32	128	0	8192	GENERIC	3.93517
create-batch-K2[ns]	32	128	0	8192	CLMUL	4.77553
create-batch-K2-total[ms]	32	128	0	8192	CLMUL	5.00751
create-batch-K4[ns]	32	128	0	8192	GENERIC	3.92377
create-batch-K4-total[ms]	32	128	0	8192	GENERIC	4.11437
create-batch-K4[ns]	32	128	0	8192	CLMUL	2.54340
create-batch-K4-total[ms]	32	128	0	8192	CLMUL	2.66695
create-batch-K8[ns]	32	128	0	8192	GENERIC	4.12750
create-batch-K8-total[ms]	32	128	0	8192	GENERIC	4.32800
create-batch-K8[ns]	32	128	0	8192	CLMUL	2.01517
create-batch-K8-total[ms]	32	128	0	8192	CLMUL	2.11306
create-batch-K1[ns]	32	256	0	16	GENERIC	5.35303
create-batch-K1-total[ms]	32	256	0	16	GENERIC	0.02193
create-batch-K1[ns]	32	256	0	16	CLMUL	9.09204
create-batch-K1-total[ms]	32	256	0	16	CLMUL	0.03724
create-batch-K2[ns]	32	256	0	16	GENERIC	3.56738
create-batch-K2-total[ms]	32	256	0	16	GENERIC	0.01461
create-batch-K2[ns]	32	256	0	16	CLMUL	4.77417
create-batch-K2-total[ms]	32	256	0	16	CLMUL	0.01956
create-batch-K4[ns]	32	256	0	16	GENERIC	3.74365
create-batch-K4-total[ms]	32	256	0	16	GENERIC	0.01533
create-batch-K4[ns]	32	256	0	16	CLMUL	2.54541
create-batch-K4-total[ms]	32	256	0	16	CLMUL	0.01043
create-batch-K8[ns]	32	256	0	16	GENERIC	3.94702
create-batch-K8-total[ms]	32	256	0	16	GENERIC	0.01617
create-batch-K8[ns]	32	256	0	16	CLMUL	2.01636
create-batch-K8-total[ms]	32	256	0	16	CLMUL	0.00826
create-batch-K1[ns]	32	256	0	64	GENERIC	5.23773
create-batch-K1-total[ms]	32	256	0	64	GENERIC	0.08582
create-batch-K1[ns]	32	256	0	64	CLMUL	9.08185
create-batch-K1-total[ms]	32	256	0	64	CLMUL	0.14880
create-batch-K2[ns]	32	256	0	64	GENERIC	3.56042
create-batch-K2-total[ms]	32	256	0	64	GENERIC	0.05833
create-batch-K2[ns]	32	256	0	64	CLMUL	4.78448
create-batch-K2-total[ms]	32	256	0	64	CLMUL	0.07839
create-batch-K4[ns]	32	256	0	64	GENERIC	3.73224
create-batch-K4-total[ms]	32	256	0	64	GENERIC	0.06115
create-batch-K4[ns]	32	256	0	64	CLMUL	2.53754
create-batch-K4-total[ms]	32	256	0	64	CLMUL	0.04158
create-batch-K8[ns]	32	256	0	64	GENERIC	3.95154
create-batch-K8-total[ms]	32	256	0	64	GENERIC	0.06474
create-batch-K8[ns]	32	256	0	64	CLMUL	2.00623
create-batch-K8-total[ms]	32	256	0	64	CLMUL	0.03287
create-batch-K1[ns]	32	256	0	128	GENERIC	5.23495
create-batch-K1-total[ms]	32	256	0	128	GENERIC	0.17154
create-batch-K1[ns]	32	256	0	128	CLMUL	9.07962
create-batch-K1-total[ms]	32	256	0	128	CLMUL	0.29752
create-batch-K2[ns]	32	256	0	128	GENERIC	3.54910
create-batch-K2-total[ms]	32	256	0	128	GENERIC	0.11630
create-batch-K2[ns]	32	256	0	128	CLMUL	4.78339
create-batch-K2-total[ms]	32	256	0	128	CLMUL	0.15674
create-batch-K4[ns]	32	256	0	128	GENERIC	3.73447
create-batch-K4-total[ms]	32	256	0	128	GENERIC	0.12237
create-batch-K4[ns]	32	256	0	128	CLMUL	2.53638
create-batch-K4-total[ms]	32	256	0	128	CLMUL	0.08311
create-batch-K8[ns]	32	256	0	128	GENERIC	3.95264
create-batch-K8-total[ms]	32	256	0	128	GENERIC	0.12952
create-batch-K8[ns]	32	256	0	128	CLMUL	2.00513
create-batch-K8-total[ms]	32	256	0	128	CLMUL	0.06570
create-batch-K1[ns]	32	256	0	512	GENERIC	5.27379
create-batch-K1-total[ms]	32	256	0	512	GENERIC	0.69125
create-batch-K1[ns]	32	256	0	512	CLMUL	9.07821
create-batch-K1-total[ms]	32	256	0	512	CLMUL	1.18990
create-batch-K2[ns]	32	256	0	512	GENERIC	3.56197
create-batch-K2-total[ms]	32	256	0	512	GENERIC	0.46687
create-batch-K2[ns]	32	256	0	512	CLMUL	4.78169
create-batch-K2-total[ms]	32	256	0	512	CLMUL	0.62675
create-batch-K4[ns]	32	256	0	512	GENERIC	3.73420
create-batch-K4-total[ms]	32	256	0	512	GENERIC	0.48945
create-batch-K4[ns]	32	256	0	512	CLMUL	2.53510
create-batch-K4-total[ms]	32	256	0	512	CLMUL	0.33228
create-batch-K8[ns]	32	256	0	512	GENERIC	3.95291
create-batch-K8-total[ms]	32	256	0	512	GENERIC	0.51812
create-batch-K8[ns]	32	256	0	512	CLMUL	2.00359
create-batch-K8-total[ms]	32	256	0	512	CLMUL	0.26261
create-batch-K1[ns]	32	256	0	1024	GENERIC	5.23749
create-batch-K1-total[ms]	32	256	0	1024	GENERIC	1.37298
create-batch-K1[ns]	32	256	0	1024	CLMUL	9.07814
create-batch-K1-total[ms]	32	256	0	1024	CLMUL	2.37978
create-batch-K2[ns]	32	256	0	1024	GENERIC	3.56091
create-batch-K2-total[ms]	32	256	0	1024	GENERIC	0.93347
create-batch-K2[ns]	32	256	0	1024	CLMUL	4.78219
create-batch-K2-total[ms]	32	256	0	1024	CLMUL	1.25362
create-batch-K4[ns]	32	256	0	1024	GENERIC	3.73123
create-batch-K4-total[ms]	32	256	0	1024	GENERIC	0.97812
create-batch-K4[ns]	32	256	0	1024	CLMUL	2.53482
create-batch-K4-total[ms]	32	256	0	1024	CLMUL	0.66449
create-batch-K8[ns]	32	256	0	1024	GENERIC	3.95235
create-batch-K8-total[ms]	32	256	0	1024	GENERIC	1.03608
create-batch-K8[ns]	32	256	0	1024	CLMUL	2.00344
create-batch-K8-total[ms]	32	256	0	1024	CLMUL	0.52519
create-batch-K1[ns]	32	256	0	2048	GENERIC	5.23957
create-batch-K1-total[ms]	32	256	0	2048	GENERIC	2.74704
create-batch-K1[ns]	32	256	0	2048	CLMUL	9.08132
create-batch-K1-total[ms]	32	256	0	2048	CLMUL	4.76123
create-batch-K2[ns]	32	256	0	2048	GENERIC	3.56169
create-batch-K2-total[ms]	32	256	0	2048	GENERIC	1.86735
create-batch-K2[ns]	32	256	0	2048	CLMUL	4.78155
create-batch-K2-total[ms]	32	256	0	2048	CLMUL	2.50691
create-batch-K4[ns]	32	256	0	2048	GENERIC	3.73211
create-batch-K4-total[ms]	32	256	0	2048	GENERIC	1.95670
create-batch-K4[ns]	32	256	0	2048	CLMUL	2.53489
create-batch-K4-total[ms]	32	256	0	2048	CLMUL	1.32901
create-batch-K8[ns]	32	256	0	2048	GENERIC	3.95171
create-batch-K8-total[ms]	32	256	0	2048	GENERIC	2.07183
create-batch-K8[ns]	32	256	0	2048	CLMUL	2.00330
create-batch-K8-total[ms]	32	256	0	2048	CLMUL	1.05031
create-batch-K1[ns]	32	256	0	4096	GENERIC	5.26915
create-batch-K1-total[ms]	32	256	0	4096	GENERIC	5.52510
create-batch-K1[ns]	32	256	0	4096	CLMUL	9.08134
create-batch-K1-total[ms]	32	256	0	4096	CLMUL	9.52247
create-batch-K2[ns]	32	256	0	4096	GENERIC	3.56301
create-batch-K2-total[ms]	32	256	0	4096	GENERIC	3.73609
create-batch-K2[ns]	32	256	0	4096	CLMUL	4.78392
create-batch-K2-total[ms]	32	256	0	4096	CLMUL	5.01630
create-batch-K4[ns]	32	256	0	4096	GENERIC	3.73628
create-batch-K4-total[ms]	32	256	0	4096	GENERIC	3.91778
create-batch-K4[ns]	32	256	0	4096	CLMUL	2.53508
create-batch-K4-total[ms]	32	256	0	4096	CLMUL	2.65823
create-batch-K8[ns]	32	256	0	4096	GENERIC	3.94321
create-batch-K8-total[ms]	32	256	0	4096	GENERIC	4.13476
create-batch-K8[ns]	32	256	0	4096	CLMUL	2.00339
create-batch-K8-total[ms]	32	256	0	4096	CLMUL	2.10070
create-batch-K1[ns]	32	256	0	8192	GENERIC	5.24163
create-batch-K1-total[ms]	32	256	0	8192	GENERIC	10.99250
create-batch-K1[ns]	32	256	0	8192	CLMUL	9.08181
create-batch-K1-total[ms]	32	256	0	8192	CLMUL	19.04595
create-batch-K2[ns]	32	256	0	8192	GENERIC	3.56344
create-batch-K2-total[ms]	32	256	0	8192	GENERIC	7.47309
create-batch-K2[ns]	32	256	0	8192	CLMUL	4.78456
create-batch-K2-total[ms]	32	256	0	8192	CLMUL	10.03394
create-batch-K4[ns]	32	256	0	8192	GENERIC	3.73373
create-batch-K4-total[ms]	32	256	0	8192	GENERIC	7.83020
create-batch-K4[ns]	32	256	0	8192	CLMUL	2.53561
create-batch-K4-total[ms]	32	256	0	8192	CLMUL	5.31757
create-batch-K8[ns]	32	256	0	8192	GENERIC	3.94270
create-batch-K8-total[ms]	32	256	0	8192	GENERIC	8.26844
create-batch-K8[ns]	32	256	0	8192	CLMUL	2.00452
create-batch-K8-total[ms]	32	256	0	8192	CLMUL	4.20378
create-batch-K1[ns]	32	512	0	16	GENERIC	5.16089
create-batch-K1-total[ms]	32	512	0	16	GENERIC	0.04228
create-batch-K1[ns]	32	512	0	16	CLMUL	9.13953
create-batch-K1-total[ms]	32	512	0	16	CLMUL	0.07487
create-batch-K2[ns]	32	512	0	16	GENERIC	3.49255
create-batch-K2-total[ms]	32	512	0	16	GENERIC	0.02861
create-batch-K2[ns]	32	512	0	16	CLMUL	4.79688
create-batch-K2-total[ms]	32	512	0	16	CLMUL	0.03930
create-batch-K4[ns]	32	512	0	16	GENERIC	3.64856
create-batch-K4-total[ms]	32	512	0	16	GENERIC	0.02989
create-batch-K4[ns]	32	512	0	16	CLMUL	2.53857
create-batch-K4-total[ms]	32	512	0	16	CLMUL	0.02080
create-batch-K8[ns]	32	512	0	16	GENERIC	3.85889
create-batch-K8-total[ms]	32	512	0	16	GENERIC	0.03161
create-batch-K8[ns]	32	512	0	16	CLMUL	2.00513
create-batch-K8-total[ms]	32	512	0	16	CLMUL	0.01643
create-batch-K1[ns]	32	512	0	64	GENERIC	5.19141
create-batch-K1-total[ms]	32	512	0	64	GENERIC	0.17011
create-batch-K1[ns]	32	512	0	64	CLMUL	9.13388
create-batch-K1-total[ms]	32	512	0	64	CLMUL	0.29930
create-batch-K2[ns]	32	512	0	64	GENERIC	3.48865
create-batch-K2-total[ms]	32	512	0	64	GENERIC	0.11432
create-batch-K2[ns]	32	512	0	64	CLMUL	4.79300
create-batch-K2-total[ms]	32	512	0	64	CLMUL	0.15706
create-batch-K4[ns]	32	512	0	64	GENERIC	3.64407
create-batch-K4-total[ms]	32	512	0	64	GENERIC	0.11941
create-batch-K4[ns]	32	512	0	64	CLMUL	2.53467
create-batch-K4-total[ms]	32	512	0	64	CLMUL	0.08306
create-batch-K8[ns]	32	512	0	64	GENERIC	3.85544
create-batch-K8-total[ms]	32	512	0	64	GENERIC	0.12633
create-batch-K8[ns]	32	512	0	64	CLMUL	2.00003
create-batch-K8-total[ms]	32	512	0	64	CLMUL	0.06554
create-batch-K1[ns]	32	512	0	128	GENERIC	5.19765
create-batch-K1-total[ms]	32	512	0	128	GENERIC	0.34063
create-batch-K1[ns]	32	512	0	128	CLMUL	9.13332
create-batch-K1-total[ms]	32	512	0	128	CLMUL	0.59856
create-batch-K2[ns]	32	512	0	128	GENERIC	3.49005
create-batch-K2-total[ms]	32	512	0	128	GENERIC	0.22872
create-batch-K2[ns]	32	512	0	128	CLMUL	4.79243
create-batch-K2-total[ms]	32	512	0	128	CLMUL	0.31408
create-batch-K4[ns]	32	512	0	128	GENERIC	3.64207
create-batch-K4-total[ms]	32	512	0	128	GENERIC	0.23869
create-batch-K4[ns]	32	512	0	128	CLMUL	2.53383
create-batch-K4-total[ms]	32	512	0	128	CLMUL	0.16606
create-batch-K8[ns]	32	512	0	128	GENERIC	3.84270
create-batch-K8-total[ms]	32	512	0	128	GENERIC	0.25184
create-batch-K8[ns]	32	512	0	128	CLMUL	1.99948
create-batch-K8-total[ms]	32	512	0	128	CLMUL	0.13104
create-batch-K1[ns]	32	512	0	512	GENERIC	5.19411
create-batch-K1-total[ms]	32	512	0	512	GENERIC	1.36161
create-batch-K1[ns]	32	512	0	512	CLMUL	9.13282
create-batch-K1-total[ms]	32	512	0	512	CLMUL	2.39411
create-batch-K2[ns]	32	512	0	512	GENERIC	3.48949
create-batch-K2-total[ms]	32	512	0	512	GENERIC	0.91475
create-batch-K2[ns]	32	512	0	512	CLMUL	4.79187
create-batch-K2-total[ms]	32	512	0	512	CLMUL	1.25616
create-batch-K4[ns]	32	512	0	512	GENERIC	3.64497
create-batch-K4-total[ms]	32	512	0	512	GENERIC	0.95551
create-batch-K4[ns]	32	512	0	512	CLMUL	2.53341
create-batch-K4-total[ms]	32	512	0	512	CLMUL	0.66412
create-batch-K8[ns]	32	512	0	512	GENERIC	3.85698
create-batch-K8-total[ms]	32	512	0	512	GENERIC	1.01108
create-batch-K8[ns]	32	512	0	512	CLMUL	1.99892
create-batch-K8-total[ms]	32	512	0	512	CLMUL	0.52400
create-batch-K1[ns]	32	512	0	1024	GENERIC	5.19535
create-batch-K1-total[ms]	32	512	0	1024	GENERIC	2.72386
create-batch-K1[ns]	32	512	0	1024	CLMUL	9.13582
create-batch-K1-total[ms]	32	512	0	1024	CLMUL	4.78980
create-batch-K2[ns]	32	512	0	1024	GENERIC	3.49041
create-batch-K2-total[ms]	32	512	0	1024	GENERIC	1.82998
create-batch-K2[ns]	32	512	0	1024	CLMUL	4.79183
create-batch-K2-total[ms]	32	512	0	1024	CLMUL	2.51230
create-batch-K4[ns]	32	512	0	1024	GENERIC	3.64024
create-batch-K4-total[ms]	32	512	0	1024	GENERIC	1.90854
create-batch-K4[ns]	32	512	0	1024	CLMUL	2.53330
create-batch-K4-total[ms]	32	512	0	1024	CLMUL	1.32818
create-batch-K8[ns]	32	512	0	1024	GENERIC	3.84758
create-batch-K8-total[ms]	32	512	0	1024	GENERIC	2.01724
create-batch-K8[ns]	32	512	0	1024	CLMUL	1.99888
create-batch-K8-total[ms]	32	512	0	1024	CLMUL	1.04799
create-batch-K1[ns]	32	512	0	2048	GENERIC	5.19563
create-batch-K1-total[ms]	32	512	0	2048	GENERIC	5.44801
create-batch-K1[ns]	32	512	0	2048	CLMUL	9.13572
create-batch-K1-total[ms]	32	512	0	2048	CLMUL	9.57949
create-batch-K2[ns]	32	512	0	2048	GENERIC	3.48970
create-batch-K2-total[ms]	32	512	0	2048	GENERIC	3.65922
create-batch-K2[ns]	32	512	0	2048	CLMUL	4.79333
create-batch-K2-total[ms]	32	512	0	2048	CLMUL	5.02617
create-batch-K4[ns]	32	512	0	2048	GENERIC	3.64476
create-batch-K4-total[ms]	32	512	0	2048	GENERIC	3.82181
create-batch-K4[ns]	32	512	0	2048	CLMUL	2.53328
create-batch-K4-total[ms]	32	512	0	2048	CLMUL	2.65634
create-batch-K8[ns]	32	512	0	2048	GENERIC	3.84384
create-batch-K8-total[ms]	32	512	0	2048	GENERIC	4.03055
create-batch-K8[ns]	32	512	0	2048	CLMUL	1.99878
create-batch-K8-total[ms]	32	512	0	2048	CLMUL	2.09587
create-batch-K1[ns]	32	512	0	4096	GENERIC	5.19923
create-batch-K1-total[ms]	32	512	0	4096	GENERIC	10.90358
create-batch-K1[ns]	32	512	0	4096	CLMUL	9.13587
create-batch-K1-total[ms]	32	512	0	4096	CLMUL	19.15930
create-batch-K2[ns]	32	512	0	4096	GENERIC	3.49010
create-batch-K2-total[ms]	32	512	0	4096	GENERIC	7.31927
create-batch-K2[ns]	32	512	0	4096	CLMUL	4.79341
create-batch-K2-total[ms]	32	512	0	4096	CLMUL	10.05251
create-batch-K4[ns]	32	512	0	4096	GENERIC	3.64917
create-batch-K4-total[ms]	32	512	0	4096	GENERIC	7.65286
create-batch-K4[ns]	32	512	0	4096	CLMUL	2.53402
create-batch-K4-total[ms]	32	512	0	4096	CLMUL	5.31423
create-batch-K8[ns]	32	512	0	4096	GENERIC	3.86234
create-batch-K8-total[ms]	32	512	0	4096	GENERIC	8.09992
create-batch-K8[ns]	32	512	0	4096	CLMUL	1.99960
create-batch-K8-total[ms]	32	512	0	4096	CLMUL	4.19346
create-batch-K1[ns]	32	512	0	8192	GENERIC	5.20034
create-batch-K1-total[ms]	32	512	0	8192	GENERIC	21.81182
create-batch-K1[ns]	32	512	0	8192	CLMUL	9.13681
create-batch-K1-total[ms]	32	512	0	8192	CLMUL	38.32256
create-batch-K2[ns]	32	512	0	8192	GENERIC	3.48927
create-batch-K2-total[ms]	32	512	0	8192	GENERIC	14.63505
create-batch-K2[ns]	32	512	0	8192	CLMUL	4.79413
create-batch-K2-total[ms]	32	512	0	8192	CLMUL	20.10805
create-batch-K4[ns]	32	512	0	8192	GENERIC	3.64662
create-batch-K4-total[ms]	32	512	0	8192	GENERIC	15.29504
create-batch-K4[ns]	32	512	0	8192	CLMUL	2.53405
create-batch-K4-total[ms]	32	512	0	8192	CLMUL	10.62857
create-batch-K8[ns]	32	512	0	8192	GENERIC	3.85062
create-batch-K8-total[ms]	32	512	0	8192	GENERIC	16.15066
create-batch-K8[ns]	32	512	0	8192	CLMUL	1.99961
create-batch-K8-total[ms]	32	512	0	8192	CLMUL	8.38698
create-batch-K1[ns]	32	1024	0	16	GENERIC	5.13940
create-batch-K1-total[ms]	32	1024	0	16	GENERIC	0.08420
create-batch-K1[ns]	32	1024	0	16	CLMUL	9.15308
create-batch-K1-total[ms]	32	1024	0	16	CLMUL	0.14996
create-batch-K2[ns]	32	1024	0	16	GENERIC	3.44061
create-batch-K2-total[ms]	32	1024	0	16	GENERIC	0.05637
create-batch-K2[ns]	32	1024	0	16	CLMUL	4.79358
create-batch-K2-total[ms]	32	1024	0	16	CLMUL	0.07854
create-batch-K4[ns]	32	1024	0	16	GENERIC	3.59772
create-batch-K4-total[ms]	32	1024	0	16	GENERIC	0.05894
create-batch-K4[ns]	32	1024	0	16	CLMUL	2.53186
create-batch-K4-total[ms]	32	1024	0	16	CLMUL	0.04148
create-batch-K8[ns]	32	1024	0	16	GENERIC	3.80682
create-batch-K8-total[ms]	32	1024	0	16	GENERIC	0.06237
create-batch-K8[ns]	32	1024	0	16	CLMUL	1.99835
create-batch-K8-total[ms]	32	1024	0	16	CLMUL	0.03274
create-batch-K1[ns]	32	1024	0	64	GENERIC	5.14198
create-batch-K1-total[ms]	32	1024	0	64	GENERIC	0.33698
create-batch-K1[ns]	32	1024	0	64	CLMUL	9.15027
create-batch-K1-total[ms]	32	1024	0	64	CLMUL	0.59967
create-batch-K2[ns]	32	1024	0	64	GENERIC	3.43750
create-batch-K2-total[ms]	32	1024	0	64	GENERIC	0.22528
create-batch-K2[ns]	32	1024	0	64	CLMUL	4.79242
create-batch-K2-total[ms]	32	1024	0	64	CLMUL	0.31408
create-batch-K4[ns]	32	1024	0	64	GENERIC	3.59828
create-batch-K4-total[ms]	32	1024	0	64	GENERIC	0.23582
create-batch-K4[ns]	32	1024	0	64	CLMUL	2.53044
create-batch-K4-total[ms]	32	1024	0	64	CLMUL	0.16584
create-batch-K8[ns]	32	1024	0	64	GENERIC	3.79156
create-batch-K8-total[ms]	32	1024	0	64	GENERIC	0.24848
create-batch-K8[ns]	32	1024	0	64	CLMUL	1.99609
create-batch-K8-total[ms]	32	1024	0	64	CLMUL	0.13082
create-batch-K1[ns]	32	1024	0	128	GENERIC	5.14593
create-batch-K1-total[ms]	32	1024	0	128	GENERIC	0.67449
create-batch-K1[ns]	32	1024	0	128	CLMUL	9.15012
create-batch-K1-total[ms]	32	1024	0	128	CLMUL	1.19932
create-batch-K2[ns]	32	1024	0	128	GENERIC	3.44003
create-batch-K2-total[ms]	32	1024	0	128	GENERIC	0.45089
create-batch-K2[ns]	32	1024	0	128	CLMUL	4.79201
create-batch-K2-total[ms]	32	1024	0	128	CLMUL	0.62810
create-batch-K4[ns]	32	1024	0	128	GENERIC	3.59630
create-batch-K4-total[ms]	32	1024	0	128	GENERIC	0.47137
create-batch-K4[ns]	32	1024	0	128	CLMUL	2.53001
create-batch-K4-total[ms]	32	1024	0	128	CLMUL	0.33161
create-batch-K8[ns]	32	1024	0	128	GENERIC	3.79453
create-batch-K8-total[ms]	32	1024	0	128	GENERIC	0.49736
create-batch-K8[ns]	32	1024	0	128	CLMUL	1.99581
create-batch-K8-total[ms]	32	1024	0	128	CLMUL	0.26159
create-batch-K1[ns]	32	1024	0	512	GENERIC	5.15003
create-batch-K1-total[ms]	32	1024	0	512	GENERIC	2.70010
create-batch-K1[ns]	32	1024	0	512	CLMUL	9.15285
create-batch-K1-total[ms]	32	1024	0	512	CLMUL	4.79873
create-batch-K2[ns]	32	1024	0	512	GENERIC	3.44149
create-batch-K2-total[ms]	32	1024	0	512	GENERIC	1.80433
create-batch-K2[ns]	32	1024	0	512	CLMUL	4.79180
create-batch-K2-total[ms]	32	1024	0	512	CLMUL	2.51228
create-batch-K4[ns]	32	1024	0	512	GENERIC	3.59199
create-batch-K4-total[ms]	32	1024	0	512	GENERIC	1.88324
create-batch-K4[ns]	32	1024	0	512	CLMUL	2.52973
create-batch-K4-total[ms]	32	1024	0	512	CLMUL	1.32631
create-batch-K8[ns]	32	1024	0	512	GENERIC	3.81039
create-batch-K8-total[ms]	32	1024	0	512	GENERIC	1.99774
create-batch-K8[ns]	32	1024	0	512	CLMUL	1.99556
create-batch-K8-total[ms]	32	1024	0	512	CLMUL	1.04625
create-batch-K1[ns]	32	1024	0	1024	GENERIC	5.15148
create-batch-K1-total[ms]	32	1024	0	1024	GENERIC	5.40171
create-batch-K1[ns]	32	1024	0	1024	CLMUL	9.15299
create-batch-K1-total[ms]	32	1024	0	1024	CLMUL	9.59760
create-batch-K2[ns]	32	1024	0	1024	GENERIC	3.44258
create-batch-K2-total[ms]	32	1024	0	1024	GENERIC	3.60981
create-batch-K2[ns]	32	1024	0	1024	CLMUL	4.79335
create-batch-K2-total[ms]	32	1024	0	1024	CLMUL	5.02619
create-batch-K4[ns]	32	1024	0	1024	GENERIC	3.59749
create-batch-K4-total[ms]	32	1024	0	1024	GENERIC	3.77224
create-batch-K4[ns]	32	1024	0	1024	CLMUL	2.52970
create-batch-K4-total[ms]	32	1024	0	1024	CLMUL	2.65258
create-batch-K8[ns]	32	1024	0	1024	GENERIC	3.79571
create-batch-K8-total[ms]	32	1024	0	1024	GENERIC	3.98009
create-batch-K8[ns]	32	1024	0	1024	CLMUL	1.99555
create-batch-K8-total[ms]	32	1024	0	1024	CLMUL	2.09248
create-batch-K1[ns]	32	1024	0	2048	GENERIC	5.15347
create-batch-K1-total[ms]	32	1024	0	2048	GENERIC	10.80761
create-batch-K1[ns]	32	1024	0	2048	CLMUL	9.15285
create-batch-K1-total[ms]	32	1024	0	2048	CLMUL	19.19491
create-batch-K2[ns]	32	1024	0	2048	GENERIC	3.44239
create-batch-K2-total[ms]	32	1024	0	2048	GENERIC	7.21921
create-batch-K2[ns]	32	1024	0	2048	CLMUL	4.79332
create-batch-K2-total[ms]	32	1024	0	2048	CLMUL	10.05231
create-batch-K4[ns]	32	1024	0	2048	GENERIC	3.59598
create-batch-K4-total[ms]	32	1024	0	2048	GENERIC	7.54132
create-batch-K4[ns]	32	1024	0	2048	CLMUL	2.53045
create-batch-K4-total[ms]	32	1024	0	2048	CLMUL	5.30673
create-batch-K8[ns]	32	1024	0	2048	GENERIC	3.81101
create-batch-K8-total[ms]	32	1024	0	2048	GENERIC	7.99227
create-batch-K8[ns]	32	1024	0	2048	CLMUL	1.99628
create-batch-K8-total[ms]	32	1024	0	2048	CLMUL	4.18650
create-batch-K1[ns]	32	1024	0	4096	GENERIC	5.12323
create-batch-K1-total[ms]	32	1024	0	4096	GENERIC	21.48839
create-batch-K1[ns]	32	1024	0	4096	CLMUL	9.15337
create-batch-K1-total[ms]	32	1024	0	4096	CLMUL	38.39202
create-batch-K2[ns]	32	1024	0	4096	GENERIC	3.44064
create-batch-K2-total[ms]	32	1024	0	4096	GENERIC	14.43109
create-batch-K2[ns]	32	1024	0	4096	CLMUL	4.79375
create-batch-K2-total[ms]	32	1024	0	4096	CLMUL	20.10646
create-batch-K4[ns]	32	1024	0	4096	GENERIC	3.59455
create-batch-K4-total[ms]	32	1024	0	4096	GENERIC	15.07663
create-batch-K4[ns]	32	1024	0	4096	CLMUL	2.53056
create-batch-K4-total[ms]	32	1024	0	4096	CLMUL	10.61394
create-batch-K8[ns]	32	1024	0	4096	GENERIC	3.81254
create-batch-K8-total[ms]	32	1024	0	4096	GENERIC	15.99094
create-batch-K8[ns]	32	1024	0	4096	CLMUL	1.99630
create-batch-K8-total[ms]	32	1024	0	4096	CLMUL	8.37307
create-batch-K1[ns]	32	1024	0	8192	GENERIC	5.12588
create-batch-K1-total[ms]	32	1024	0	8192	GENERIC	42.99897
create-batch-K1[ns]	32	1024	0	8192	CLMUL	9.15367
create-batch-K1-total[ms]	32	1024	0	8192	CLMUL	76.78651
create-batch-K2[ns]	32	1024	0	8192	GENERIC	3.41299
create-batch-K2-total[ms]	32	1024	0	8192	GENERIC	28.63021
create-batch-K2[ns]	32	1024	0	8192	CLMUL	4.79392
create-batch-K2-total[ms]	32	1024	0	8192	CLMUL	40.21428
create-batch-K4[ns]	32	1024	0	8192	GENERIC	3.59313
create-batch-K4-total[ms]	32	1024	0	8192	GENERIC	30.14134
create-batch-K4[ns]	32	1024	0	8192	CLMUL	2.53065
create-batch-K4-total[ms]	32	1024	0	8192	CLMUL	21.22865
create-batch-K8[ns]	32	1024	0	8192	GENERIC	3.80362
create-batch-K8-total[ms]	32	1024	0	8192	GENERIC	31.90710
create-batch-K8[ns]	32	1024	0	8192	CLMUL	1.99631
create-batch-K8-total[ms]	32	1024	0	8192	CLMUL	16.74626
create-batch-K1[ns]	32	2048	0	16	GENERIC	5.11005
create-batch-K1-total[ms]	32	2048	0	16	GENERIC	0.16745
create-batch-K1[ns]	32	2048	0	16	CLMUL	9.15988
create-batch-K1-total[ms]	32	2048	0	16	CLMUL	0.30015
create-batch-K2[ns]	32	2048	0	16	GENERIC	3.41177
create-batch-K2-total[ms]	32	2048	0	16	GENERIC	0.11180
create-batch-K2[ns]	32	2048	0	16	CLMUL	4.79300
create-batch-K2-total[ms]	32	2048	0	16	CLMUL	0.15706
create-batch-K4[ns]	32	2048	0	16	GENERIC	3.57849
create-batch-K4-total[ms]	32	2048	0	16	GENERIC	0.11726
create-batch-K4[ns]	32	2048	0	16	CLMUL	2.52957
create-batch-K4-total[ms]	32	2048	0	16	CLMUL	0.08289
create-batch-K8[ns]	32	2048	0	16	GENERIC	3.78027
create-batch-K8-total[ms]	32	2048	0	16	GENERIC	0.12387
create-batch-K8[ns]	32	2048	0	16	CLMUL	1.99496
create-batch-K8-total[ms]	32	2048	0	16	CLMUL	0.06537
create-batch-K1[ns]	32	2048	0	64	GENERIC	5.12672
create-batch-K1-total[ms]	32	2048	0	64	GENERIC	0.67197
create-batch-K1[ns]	32	2048	0	64	CLMUL	9.15846
create-batch-K1-total[ms]	32	2048	0	64	CLMUL	1.20042
create-batch-K2[ns]	32	2048	0	64	GENERIC	3.38677
create-batch-K2-total[ms]	32	2048	0	64	GENERIC	0.44391
create-batch-K2[ns]	32	2048	0	64	CLMUL	4.79201
create-batch-K2-total[ms]	32	2048	0	64	CLMUL	0.62810
create-batch-K4[ns]	32	2048	0	64	GENERIC	3.57822
create-batch-K4-total[ms]	32	2048	0	64	GENERIC	0.46900
create-batch-K4[ns]	32	2048	0	64	CLMUL	2.52818
create-batch-K4-total[ms]	32	2048	0	64	CLMUL	0.33137
create-batch-K8[ns]	32	2048	0	64	GENERIC	3.77108
create-batch-K8-total[ms]	32	2048	0	64	GENERIC	0.49428
create-batch-K8[ns]	32	2048	0	64	CLMUL	1.99426
create-batch-K8-total[ms]	32	2048	0	64	CLMUL	0.26139
create-batch-K1[ns]	32	2048	0	128	GENERIC	5.11831
create-batch-K1-total[ms]	32	2048	0	128	GENERIC	1.34173
create-batch-K1[ns]	32	2048	0	128	CLMUL	9.15839
create-batch-K1-total[ms]	32	2048	0	128	CLMUL	2.40082
create-batch-K2[ns]	32	2048	0	128	GENERIC	3.41397
create-batch-K2-total[ms]	32	2048	0	128	GENERIC	0.89495
create-batch-K2[ns]	32	2048	0	128	CLMUL	4.79187
create-batch-K2-total[ms]	32	2048	0	128	CLMUL	1.25616
create-batch-K4[ns]	32	2048	0	128	GENERIC	3.57009
create-batch-K4-total[ms]	32	2048	0	128	GENERIC	0.93588
create-batch-K4[ns]	32	2048	0	128	CLMUL	2.52803
create-batch-K4-total[ms]	32	2048	0	128	CLMUL	0.66271
create-batch-K8[ns]	32	2048	0	128	GENERIC	3.76676
create-batch-K8-total[ms]	32	2048	0	128	GENERIC	0.98743
create-batch-K8[ns]	32	2048	0	128	CLMUL	1.99405
create-batch-K8-total[ms]	32	2048	0	128	CLMUL	0.52273
create-batch-K1[ns]	32	2048	0	512	GENERIC	5.12772
create-batch-K1-total[ms]	32	2048	0	512	GENERIC	5.37681
create-batch-K1[ns]	32	2048	0	512	CLMUL	9.16134
create-batch-K1-total[ms]	32	2048	0	512	CLMUL	9.60636
create-batch-K2[ns]	32	2048	0	512	GENERIC	3.41609
create-batch-K2-total[ms]	32	2048	0	512	GENERIC	3.58203
create-batch-K2[ns]	32	2048	0	512	CLMUL	4.79330
create-batch-K2-total[ms]	32	2048	0	512	CLMUL	5.02614
create-batch-K4[ns]	32	2048	0	512	GENERIC	3.57246
create-batch-K4-total[ms]	32	2048	0	512	GENERIC	3.74600
create-batch-K4[ns]	32	2048	0	512	CLMUL	2.52790
create-batch-K4-total[ms]	32	2048	0	512	CLMUL	2.65069
create-batch-K8[ns]	32	2048	0	512	GENERIC	3.78488
create-batch-K8-total[ms]	32	2048	0	512	GENERIC	3.96874
create-batch-K8[ns]	32	2048	0	512	CLMUL	1.99392
create-batch-K8-total[ms]	32	2048	0	512	CLMUL	2.09078
create-batch-K1[ns]	32	2048	0	1024	GENERIC	5.12869
create-batch-K1-total[ms]	32	2048	0	1024	GENERIC	10.75565
create-batch-K1[ns]	32	2048	0	1024	CLMUL	9.16180
create-batch-K1-total[ms]	32	2048	0	1024	CLMUL	19.21369
create-batch-K2[ns]	32	2048	0	1024	GENERIC	3.41623
create-batch-K2-total[ms]	32	2048	0	1024	GENERIC	7.16436
create-batch-K2[ns]	32	2048	0	1024	CLMUL	4.79335
create-batch-K2-total[ms]	32	2048	0	1024	CLMUL	10.05239
create-batch-K4[ns]	32	2048	0	1024	GENERIC	3.56901
create-batch-K4-total[ms]	32	2048	0	1024	GENERIC	7.48475
create-batch-K4[ns]	32	2048	0	1024	CLMUL	2.52866
create-batch-K4-total[ms]	32	2048	0	1024	CLMUL	5.30299
create-batch-K8[ns]	32	2048	0	1024	GENERIC	3.78695
create-batch-K8-total[ms]	32	2048	0	1024	GENERIC	7.94181
create-batch-K8[ns]	32	2048	0	1024	CLMUL	1.99466
create-batch-K8-total[ms]	32	2048	0	1024	CLMUL	4.18311
create-batch-K1[ns]	32	2048	0	2048	GENERIC	5.13031
create-batch-K1-total[ms]	32	2048	0	2048	GENERIC	21.51810
create-batch-K1[ns]	32	2048	0	2048	CLMUL	9.16166
create-batch-K1-total[ms]	32	2048	0	2048	CLMUL	38.42678
create-batch-K2[ns]	32	2048	0	2048	GENERIC	3.41588
create-batch-K2-total[ms]	32	2048	0	2048	GENERIC	14.32722
create-batch-K2[ns]	32	2048	0	2048	CLMUL	4.79369
create-batch-K2-total[ms]	32	2048	0	2048	CLMUL	20.10618
create-batch-K4[ns]	32	2048	0	2048	GENERIC	3.56807
create-batch-K4-total[ms]	32	2048	0	2048	GENERIC	14.96558
create-batch-K4[ns]	32	2048	0	2048	CLMUL	2.52865
create-batch-K4-total[ms]	32	2048	0	2048	CLMUL	10.60595
create-batch-K8[ns]	32	2048	0	2048	GENERIC	3.77264
create-batch-K8-total[ms]	32	2048	0	2048	GENERIC	15.82358
create-batch-K8[ns]	32	2048	0	2048	CLMUL	1.99465
create-batch-K8-total[ms]	32	2048	0	2048	CLMUL	8.36617
create-batch-K1[ns]	32	2048	0	4096	GENERIC	5.13089
create-batch-K1-total[ms]	32	2048	0	4096	GENERIC	43.04099
create-batch-K1[ns]	32	2048	0	4096	CLMUL	9.16206
create-batch-K1-total[ms]	32	2048	0	4096	CLMUL	76.85694
create-batch-K2[ns]	32	2048	0	4096	GENERIC	3.38836
create-batch-K2-total[ms]	32	2048	0	4096	GENERIC	28.42360
create-batch-K2[ns]	32	2048	0	4096	CLMUL	4.79372
create-batch-K2-total[ms]	32	2048	0	4096	CLMUL	40.21267
create-batch-K4[ns]	32	2048	0	4096	GENERIC	3.57012
create-batch-K4-total[ms]	32	2048	0	4096	GENERIC	29.94830
create-batch-K4[ns]	32	2048	0	4096	CLMUL	2.52887
create-batch-K4-total[ms]	32	2048	0	4096	CLMUL	21.21373
create-batch-K8[ns]	32	2048	0	4096	GENERIC	3.77650
create-batch-K8-total[ms]	32	2048	0	4096	GENERIC	31.67961
create-batch-K8[ns]	32	2048	0	4096	CLMUL	1.99466
create-batch-K8-total[ms]	32	2048	0	4096	CLMUL	16.73243
create-batch-K1[ns]	32	2048	0	8192	GENERIC	5.10347
create-batch-K1-total[ms]	32	2048	0	8192	GENERIC	85.62203
create-batch-K1[ns]	32	2048	0	8192	CLMUL	9.16226
create-batch-K1-total[ms]	32	2048	0	8192	CLMUL	153.71717
create-batch-K2[ns]	32	2048	0	8192	GENERIC	3.41502
create-batch-K2-total[ms]	32	2048	0	8192	GENERIC	57.29460
create-batch-K2[ns]	32	2048	0	8192	CLMUL	4.79382
create-batch-K2-total[ms]	32	2048	0	8192	CLMUL	80.42703
create-batch-K4[ns]	32	2048	0	8192	GENERIC	3.56983
create-batch-K4-total[ms]	32	2048	0	8192	GENERIC	59.89179
create-batch-K4[ns]	32	2048	0	8192	CLMUL	2.52888
create-batch-K4-total[ms]	32	2048	0	8192	CLMUL	42.42756
create-batch-K8[ns]	32	2048	0	8192	GENERIC	3.77982
create-batch-K8-total[ms]	32	2048	0	8192	GENERIC	63.41493
create-batch-K8[ns]	32	2048	0	8192	CLMUL	1.99468
create-batch-K8-total[ms]	32	2048	0	8192	CLMUL	33.46522
create-batch-K1[ns]	32	3072	0	16	GENERIC	5.08781
create-batch-K1-total[ms]	32	3072	0	16	GENERIC	0.25008
create-batch-K1[ns]	32	3072	0	16	CLMUL	9.16176
create-batch-K1-total[ms]	32	3072	0	16	CLMUL	0.45032
create-batch-K2[ns]	32	3072	0	16	GENERIC	3.40405
create-batch-K2-total[ms]	32	3072	0	16	GENERIC	0.16732
create-batch-K2[ns]	32	3072	0	16	CLMUL	4.79281
create-batch-K2-total[ms]	32	3072	0	16	CLMUL	0.23558
create-batch-K4[ns]	32	3072	0	16	GENERIC	3.56380
create-batch-K4-total[ms]	32	3072	0	16	GENERIC	0.17517
create-batch-K4[ns]	32	3072	0	16	CLMUL	2.52846
create-batch-K4-total[ms]	32	3072	0	16	CLMUL	0.12428
create-batch-K8[ns]	32	3072	0	16	GENERIC	3.76575
create-batch-K8-total[ms]	32	3072	0	16	GENERIC	0.18509
create-batch-K8[ns]	32	3072	0	16	CLMUL	1.99420
create-batch-K8-total[ms]	32	3072	0	16	CLMUL	0.09802
create-batch-K1[ns]	32	3072	0	64	GENERIC	5.08574
create-batch-K1-total[ms]	32	3072	0	64	GENERIC	0.99990
create-batch-K1[ns]	32	3072	0	64	CLMUL	9.16138
create-batch-K1-total[ms]	32	3072	0	64	CLMUL	1.80120
create-batch-K2[ns]	32	3072	0	64	GENERIC	3.40660
create-batch-K2-total[ms]	32	3072	0	64	GENERIC	0.66977
create-batch-K2[ns]	32	3072	0	64	CLMUL	4.79196
create-batch-K2-total[ms]	32	3072	0	64	CLMUL	0.94214
create-batch-K4[ns]	32	3072	0	64	GENERIC	3.55787
create-batch-K4-total[ms]	32	3072	0	64	GENERIC	0.69951
create-batch-K4[ns]	32	3072	0	64	CLMUL	2.52752
create-batch-K4-total[ms]	32	3072	0	64	CLMUL	0.49693
create-batch-K8[ns]	32	3072	0	64	GENERIC	3.76311
create-batch-K8-total[ms]	32	3072	0	64	GENERIC	0.73986
create-batch-K8[ns]	32	3072	0	64	CLMUL	1.99355
create-batch-K8-total[ms]	32	3072	0	64	CLMUL	0.39195
create-batch-K1[ns]	32	3072	0	128	GENERIC	5.11998
create-batch-K1-total[ms]	32	3072	0	128	GENERIC	2.01326
create-batch-K1[ns]	32	3072	0	128	CLMUL	9.16129
create-batch-K1-total[ms]	32	3072	0	128	CLMUL	3.60237
create-batch-K2[ns]	32	3072	0	128	GENERIC	3.40514
create-batch-K2-total[ms]	32	3072	0	128	GENERIC	1.33896
create-batch-K2[ns]	32	3072	0	128	CLMUL	4.79187
create-batch-K2-total[ms]	32	3072	0	128	CLMUL	1.88424
create-batch-K4[ns]	32	3072	0	128	GENERIC	3.56385
create-batch-K4-total[ms]	32	3072	0	128	GENERIC	1.40136
create-batch-K4[ns]	32	3072	0	128	CLMUL	2.52742
create-batch-K4-total[ms]	32	3072	0	128	CLMUL	0.99382
create-batch-K8[ns]	32	3072	0	128	GENERIC	3.76575
create-batch-K8-total[ms]	32	3072	0	128	GENERIC	1.48075
create-batch-K8[ns]	32	3072	0	128	CLMUL	1.99341
create-batch-K8-total[ms]	32	3072	0	128	CLMUL	0.78384
create-batch-K1[ns]	32	3072	0	512	GENERIC	5.12354
create-batch-K1-total[ms]	32	3072	0	512	GENERIC	8.05863
create-batch-K1[ns]	32	3072	0	512	CLMUL	9.16446
create-batch-K1-total[ms]	32	3072	0	512	CLMUL	14.41444
create-batch-K2[ns]	32	3072	0	512	GENERIC	3.40837
create-batch-K2-total[ms]	32	3072	0	512	GENERIC	5.36090
create-batch-K2[ns]	32	3072	0	512	CLMUL	4.79350
create-batch-K2-total[ms]	32	3072	0	512	CLMUL	7.53953
create-batch-K4[ns]	32	3072	0	512	GENERIC	3.56454
create-batch-K4-total[ms]	32	3072	0	512	GENERIC	5.60653
create-batch-K4[ns]	32	3072	0	512	CLMUL	2.52831
create-batch-K4-total[ms]	32	3072	0	512	CLMUL	3.97668
create-batch-K8[ns]	32	3072	0	512	GENERIC	3.77038
create-batch-K8-total[ms]	32	3072	0	512	GENERIC	5.93029
create-batch-K8[ns]	32	3072	0	512	CLMUL	1.99333
create-batch-K8-total[ms]	32	3072	0	512	CLMUL	3.13523
create-batch-K1[ns]	32	3072	0	1024	GENERIC	5.12380
create-batch-K1-total[ms]	32	3072	0	1024	GENERIC	16.11809
create-batch-K1[ns]	32	3072	0	1024	CLMUL	9.16478
create-batch-K1-total[ms]	32	3072	0	1024	CLMUL	28.82990
create-batch-K2[ns]	32	3072	0	1024	GENERIC	3.37946
create-batch-K2-total[ms]	32	3072	0	1024	GENERIC	10.63085
create-batch-K2[ns]	32	3072	0	1024	CLMUL	4.79330
create-batch-K2-total[ms]	32	3072	0	1024	CLMUL	15.07843
create-batch-K4[ns]	32	3072	0	1024	GENERIC	3.56030
create-batch-K4-total[ms]	32	3072	0	1024	GENERIC	11.19973
create-batch-K4[ns]	32	3072	0	1024	CLMUL	2.52830
create-batch-K4-total[ms]	32	3072	0	1024	CLMUL	7.95333
create-batch-K8[ns]	32	3072	0	1024	GENERIC	3.76391
create-batch-K8-total[ms]	32	3072	0	1024	GENERIC	11.84023
create-batch-K8[ns]	32	3072	0	1024	CLMUL	1.99386
create-batch-K8-total[ms]	32	3072	0	1024	CLMUL	6.27215
create-batch-K1[ns]	32	3072	0	2048	GENERIC	5.12189
create-batch-K1-total[ms]	32	3072	0	2048	GENERIC	32.22414
create-batch-K1[ns]	32	3072	0	2048	CLMUL	9.16477
create-batch-K1-total[ms]	32	3072	0	2048	CLMUL	57.65973
create-batch-K2[ns]	32	3072	0	2048	GENERIC	3.37983
create-batch-K2-total[ms]	32	3072	0	2048	GENERIC	21.26404
create-batch-K2[ns]	32	3072	0	2048	CLMUL	4.79362
create-batch-K2-total[ms]	32	3072	0	2048	CLMUL	30.15888
create-batch-K4[ns]	32	3072	0	2048	GENERIC	3.56572
create-batch-K4-total[ms]	32	3072	0	2048	GENERIC	22.43355
create-batch-K4[ns]	32	3072	0	2048	CLMUL	2.52805
create-batch-K4-total[ms]	32	3072	0	2048	CLMUL	15.90509
create-batch-K8[ns]	32	3072	0	2048	GENERIC	3.76535
create-batch-K8-total[ms]	32	3072	0	2048	GENERIC	23.68952
create-batch-K8[ns]	32	3072	0	2048	CLMUL	1.99410
create-batch-K8-total[ms]	32	3072	0	2048	CLMUL	12.54580
create-batch-K1[ns]	32	3072	0	4096	GENERIC	5.12292
create-batch-K1-total[ms]	32	3072	0	4096	GENERIC	64.46124
create-batch-K1[ns]	32	3072	0	4096	CLMUL	9.16512
create-batch-K1-total[ms]	32	3072	0	4096	CLMUL	115.32391
create-batch-K2[ns]	32	3072	0	4096	GENERIC	3.40747
create-batch-K2-total[ms]	32	3072	0	4096	GENERIC	42.87588
create-batch-K2[ns]	32	3072	0	4096	CLMUL	4.79372
create-batch-K2-total[ms]	32	3072	0	4096	CLMUL	60.31894
create-batch-K4[ns]	32	3072	0	4096	GENERIC	3.56187
create-batch-K4-total[ms]	32	3072	0	4096	GENERIC	44.81875
create-batch-K4[ns]	32	3072	0	4096	CLMUL	2.52830
create-batch-K4-total[ms]	32	3072	0	4096	CLMUL	31.81341
create-batch-K8[ns]	32	3072	0	4096	GENERIC	3.76530
create-batch-K8-total[ms]	32	3072	0	4096	GENERIC	47.37838
create-batch-K8[ns]	32	3072	0	4096	CLMUL	1.99413
create-batch-K8-total[ms]	32	3072	0	4096	CLMUL	25.09200
create-batch-K1[ns]	32	3072	0	8192	GENERIC	5.12407
create-batch-K1-total[ms]	32	3072	0	8192	GENERIC	128.95140
create-batch-K1[ns]	32	3072	0	8192	CLMUL	9.16513
create-batch-K1-total[ms]	32	3072	0	8192	CLMUL	230.64811
create-batch-K2[ns]	32	3072	0	8192	GENERIC	3.40669
create-batch-K2-total[ms]	32	3072	0	8192	GENERIC	85.73226
create-batch-K2[ns]	32	3072	0	8192	CLMUL	4.79387
create-batch-K2-total[ms]	32	3072	0	8192	CLMUL	120.64178
create-batch-K4[ns]	32	3072	0	8192	GENERIC	3.56206
create-batch-K4-total[ms]	32	3072	0	8192	GENERIC	89.64221
create-batch-K4[ns]	32	3072	0	8192	CLMUL	2.52833
create-batch-K4-total[ms]	32	3072	0	8192	CLMUL	63.62751
create-batch-K8[ns]	32	3072	0	8192	GENERIC	3.77531
create-batch-K8-total[ms]	32	3072	0	8192	GENERIC	95.00888
create-batch-K8[ns]	32	3072	0	8192	CLMUL	1.99419
create-batch-K8-total[ms]	32	3072	0	8192	CLMUL	50.18534
create-batch-K1[ns]	32	4096	0	16	GENERIC	5.12050
create-batch-K1-total[ms]	32	4096	0	16	GENERIC	0.33558
create-batch-K1[ns]	32	4096	0	16	CLMUL	9.16327
create-batch-K1-total[ms]	32	4096	0	16	CLMUL	0.60052
create-batch-K2[ns]	32	4096	0	16	GENERIC	3.39877
create-batch-K2-total[ms]	32	4096	0	16	GENERIC	0.22274
create-batch-K2[ns]	32	4096	0	16	CLMUL	4.79242
create-batch-K2-total[ms]	32	4096	0	16	CLMUL	0.31408
create-batch-K4[ns]	32	4096	0	16	GENERIC	3.55675
create-batch-K4-total[ms]	32	4096	0	16	GENERIC	0.23309
create-batch-K4[ns]	32	4096	0	16	CLMUL	2.52760
create-batch-K4-total[ms]	32	4096	0	16	CLMUL	0.16565
create-batch-K8[ns]	32	4096	0	16	GENERIC	3.77037
create-batch-K8-total[ms]	32	4096	0	16	GENERIC	0.24710
create-batch-K8[ns]	32	4096	0	16	CLMUL	1.99382
create-batch-K8-total[ms]	32	4096	0	16	CLMUL	0.13067
create-batch-K1[ns]	32	4096	0	64	GENERIC	5.10927
create-batch-K1-total[ms]	32	4096	0	64	GENERIC	1.33936
create-batch-K1[ns]	32	4096	0	64	CLMUL	9.16270
create-batch-K1-total[ms]	32	4096	0	64	CLMUL	2.40195
create-batch-K2[ns]	32	4096	0	64	GENERIC	3.40210
create-batch-K2-total[ms]	32	4096	0	64	GENERIC	0.89184
create-batch-K2[ns]	32	4096	0	64	CLMUL	4.79187
create-batch-K2-total[ms]	32	4096	0	64	CLMUL	1.25616
create-batch-K4[ns]	32	4096	0	64	GENERIC	3.56126
create-batch-K4-total[ms]	32	4096	0	64	GENERIC	0.93356
create-batch-K4[ns]	32	4096	0	64	CLMUL	2.52719
create-batch-K4-total[ms]	32	4096	0	64	CLMUL	0.66249
create-batch-K8[ns]	32	4096	0	64	GENERIC	3.77199
create-batch-K8-total[ms]	32	4096	0	64	GENERIC	0.98880
create-batch-K8[ns]	32	4096	0	64	CLMUL	1.99319
create-batch-K8-total[ms]	32	4096	0	64	CLMUL	0.52250
create-batch-K1[ns]	32	4096	0	128	GENERIC	5.11502
create-batch-K1-total[ms]	32	4096	0	128	GENERIC	2.68175
create-batch-K1[ns]	32	4096	0	128	CLMUL	9.16570
create-batch-K1-total[ms]	32	4096	0	128	CLMUL	4.80547
create-batch-K2[ns]	32	4096	0	128	GENERIC	3.40030
create-batch-K2-total[ms]	32	4096	0	128	GENERIC	1.78274
create-batch-K2[ns]	32	4096	0	128	CLMUL	4.79183
create-batch-K2-total[ms]	32	4096	0	128	CLMUL	2.51230
create-batch-K4[ns]	32	4096	0	128	GENERIC	3.55575
create-batch-K4-total[ms]	32	4096	0	128	GENERIC	1.86424
create-batch-K4[ns]	32	4096	0	128	CLMUL	2.52708
create-batch-K4-total[ms]	32	4096	0	128	CLMUL	1.32492
create-batch-K8[ns]	32	4096	0	128	GENERIC	3.77104
create-batch-K8-total[ms]	32	4096	0	128	GENERIC	1.97711
create-batch-K8[ns]	32	4096	0	128	CLMUL	1.99313
create-batch-K8-total[ms]	32	4096	0	128	CLMUL	1.04497
create-batch-K1[ns]	32	4096	0	512	GENERIC	5.11535
create-batch-K1-total[ms]	32	4096	0	512	GENERIC	10.72767
create-batch-K1[ns]	32	4096	0	512	CLMUL	9.16615
create-batch-K1-total[ms]	32	4096	0	512	CLMUL	19.22282
create-batch-K2[ns]	32	4096	0	512	GENERIC	3.40236
create-batch-K2-total[ms]	32	4096	0	512	GENERIC	7.13527
create-batch-K2[ns]	32	4096	0	512	CLMUL	4.79330
create-batch-K2-total[ms]	32	4096	0	512	CLMUL	10.05227
create-batch-K4[ns]	32	4096	0	512	GENERIC	3.55891
create-batch-K4-total[ms]	32	4096	0	512	GENERIC	7.46359
create-batch-K4[ns]	32	4096	0	512	CLMUL	2.52777
create-batch-K4-total[ms]	32	4096	0	512	CLMUL	5.30112
create-batch-K8[ns]	32	4096	0	512	GENERIC	3.77450
create-batch-K8-total[ms]	32	4096	0	512	GENERIC	7.91570
create-batch-K8[ns]	32	4096	0	512	CLMUL	1.99383
create-batch-K8-total[ms]	32	4096	0	512	CLMUL	4.18137
create-batch-K1[ns]	32	4096	0	1024	GENERIC	5.09329
create-batch-K1-total[ms]	32	4096	0	1024	GENERIC	21.36282
create-batch-K1[ns]	32	4096	0	1024	CLMUL	9.16600
create-batch-K1-total[ms]	32	4096	0	1024	CLMUL	38.44499
create-batch-K2[ns]	32	4096	0	1024	GENERIC	3.40349
create-batch-K2-total[ms]	32	4096	0	1024	GENERIC	14.27526
create-batch-K2[ns]	32	4096	0	1024	CLMUL	4.79371
create-batch-K2-total[ms]	32	4096	0	1024	CLMUL	20.10629
create-batch-K4[ns]	32	4096	0	1024	GENERIC	3.56005
create-batch-K4-total[ms]	32	4096	0	1024	GENERIC	14.93195
create-batch-K4[ns]	32	4096	0	1024	CLMUL	2.52795
create-batch-K4-total[ms]	32	4096	0	1024	CLMUL	10.60300
create-batch-K8[ns]	32	4096	0	1024	GENERIC	3.76359
create-batch-K8-total[ms]	32	4096	0	1024	GENERIC	15.78566
create-batch-K8[ns]	32	4096	0	1024	CLMUL	1.99383
create-batch-K8-total[ms]	32	4096	0	1024	CLMUL	8.36274
create-batch-K1[ns]	32	4096	0	2048	GENERIC	5.08945
create-batch-K1-total[ms]	32	4096	0	2048	GENERIC	42.69342
create-batch-K1[ns]	32	4096	0	2048	CLMUL	9.16628
create-batch-K1-total[ms]	32	4096	0	2048	CLMUL	76.89231
create-batch-K2[ns]	32	4096	0	2048	GENERIC	3.40328
create-batch-K2-total[ms]	32	4096	0	2048	GENERIC	28.54879
create-batch-K2[ns]	32	4096	0	2048	CLMUL	4.79373
create-batch-K2-total[ms]	32	4096	0	2048	CLMUL	40.21275
create-batch-K4[ns]	32	4096	0	2048	GENERIC	3.55827
create-batch-K4-total[ms]	32	4096	0	2048	GENERIC	29.84895
create-batch-K4[ns]	32	4096	0	2048	CLMUL	2.52794
create-batch-K4-total[ms]	32	4096	0	2048	CLMUL	21.20593
create-batch-K8[ns]	32	4096	0	2048	GENERIC	3.77325
create-batch-K8-total[ms]	32	4096	0	2048	GENERIC	31.65230
create-batch-K8[ns]	32	4096	0	2048	CLMUL	1.99383
create-batch-K8-total[ms]	32	4096	0	2048	CLMUL	16.72548
create-batch-K1[ns]	32	4096	0	4096	GENERIC	5.12021
create-batch-K1-total[ms]	32	4096	0	4096	GENERIC	85.90290
create-batch-K1[ns]	32	4096	0	4096	CLMUL	9.16644
create-batch-K1-total[ms]	32	4096	0	4096	CLMUL	153.78728
create-batch-K2[ns]	32	4096	0	4096	GENERIC	3.37577
create-batch-K2-total[ms]	32	4096	0	4096	GENERIC	56.63602
create-batch-K2[ns]	32	4096	0	4096	CLMUL	4.79377
create-batch-K2-total[ms]	32	4096	0	4096	CLMUL	80.42609
create-batch-K4[ns]	32	4096	0	4096	GENERIC	3.55668
create-batch-K4-total[ms]	32	4096	0	4096	GENERIC	59.67122
create-batch-K4[ns]	32	4096	0	4096	CLMUL	2.52799
create-batch-K4-total[ms]	32	4096	0	4096	CLMUL	42.41268
create-batch-K8[ns]	32	4096	0	4096	GENERIC	3.76177
create-batch-K8-total[ms]	32	4096	0	4096	GENERIC	63.11199
create-batch-K8[ns]	32	4096	0	4096	CLMUL	1.99384
create-batch-K8-total[ms]	32	4096	0	4096	CLMUL	33.45104
create-batch-K1[ns]	32	4096	0	8192	GENERIC	5.12048
create-batch-K1-total[ms]	32	4096	0	8192	GENERIC	171.81483
create-batch-K1[ns]	32	4096	0	8192	CLMUL	9.16664
create-batch-K1-total[ms]	32	4096	0	8192	CLMUL	307.58136
create-batch-K2[ns]	32	4096	0	8192	GENERIC	3.40261
create-batch-K2-total[ms]	32	4096	0	8192	GENERIC	114.17258
create-batch-K2[ns]	32	4096	0	8192	CLMUL	4.79382
create-batch-K2-total[ms]	32	4096	0	8192	CLMUL	160.85379
create-batch-K4[ns]	32	4096	0	8192	GENERIC	3.55733
create-batch-K4-total[ms]	32	4096	0	8192	GENERIC	119.36412
create-batch-K4[ns]	32	4096	0	8192	CLMUL	2.52801
create-batch-K4-total[ms]	32	4096	0	8192	CLMUL	84.82598
create-batch-K8[ns]	32	4096	0	8192	GENERIC	3.76648
create-batch-K8-total[ms]	32	4096	0	8192	GENERIC	126.38200
create-batch-K8[ns]	32	4096	0	8192	CLMUL	1.99385
create-batch-K8-total[ms]	32	4096	0	8192	CLMUL	66.90262
create-batch-K1[ns]	32	5120	0	16	GENERIC	5.10598
create-batch-K1-total[ms]	32	5120	0	16	GENERIC	0.41828
create-batch-K1[ns]	32	5120	0	16	CLMUL	9.16394
create-batch-K1-total[ms]	32	5120	0	16	CLMUL	0.75071
create-batch-K2[ns]	32	5120	0	16	GENERIC	3.39471
create-batch-K2-total[ms]	32	5120	0	16	GENERIC	0.27810
create-batch-K2[ns]	32	5120	0	16	CLMUL	4.78136
create-batch-K2-total[ms]	32	5120	0	16	CLMUL	0.39169
create-batch-K4[ns]	32	5120	0	16	GENERIC	3.55793
create-batch-K4-total[ms]	32	5120	0	16	GENERIC	0.29147
create-batch-K4[ns]	32	5120	0	16	CLMUL	2.52733
create-batch-K4-total[ms]	32	5120	0	16	CLMUL	0.20704
create-batch-K8[ns]	32	5120	0	16	GENERIC	3.76816
create-batch-K8-total[ms]	32	5120	0	16	GENERIC	0.30869
create-batch-K8[ns]	32	5120	0	16	CLMUL	1.99337
create-batch-K8-total[ms]	32	5120	0	16	CLMUL	0.16330
create-batch-K1[ns]	32	5120	0	64	GENERIC	5.11897
create-batch-K1-total[ms]	32	5120	0	64	GENERIC	1.67738
create-batch-K1[ns]	32	5120	0	64	CLMUL	9.16355
create-batch-K1-total[ms]	32	5120	0	64	CLMUL	3.00271
create-batch-K2[ns]	32	5120	0	64	GENERIC	3.39726
create-batch-K2-total[ms]	32	5120	0	64	GENERIC	1.11321
create-batch-K2[ns]	32	5120	0	64	CLMUL	4.77927
create-batch-K2-total[ms]	32	5120	0	64	CLMUL	1.56607
create-batch-K4[ns]	32	5120	0	64	GENERIC	3.56527
create-batch-K4-total[ms]	32	5120	0	64	GENERIC	1.16827
create-batch-K4[ns]	32	5120	0	64	CLMUL	2.52693
create-batch-K4-total[ms]	32	5120	0	64	CLMUL	0.82803
create-batch-K8[ns]	32	5120	0	64	GENERIC	3.76053
create-batch-K8-total[ms]	32	5120	0	64	GENERIC	1.23225
create-batch-K8[ns]	32	5120	0	64	CLMUL	1.99304
create-batch-K8-total[ms]	32	5120	0	64	CLMUL	0.65308
create-batch-K1[ns]	32	5120	0	128	GENERIC	5.11166
create-batch-K1-total[ms]	32	5120	0	128	GENERIC	3.34997
create-batch-K1[ns]	32	5120	0	128	CLMUL	9.16595
create-batch-K1-total[ms]	32	5120	0	128	CLMUL	6.00700
create-batch-K2[ns]	32	5120	0	128	GENERIC	3.39870
create-batch-K2-total[ms]	32	5120	0	128	GENERIC	2.22737
create-batch-K2[ns]	32	5120	0	128	CLMUL	4.79136
create-batch-K2-total[ms]	32	5120	0	128	CLMUL	3.14006
create-batch-K4[ns]	32	5120	0	128	GENERIC	3.55654
create-batch-K4-total[ms]	32	5120	0	128	GENERIC	2.33082
create-batch-K4[ns]	32	5120	0	128	CLMUL	2.52685
create-batch-K4-total[ms]	32	5120	0	128	CLMUL	1.65600
create-batch-K8[ns]	32	5120	0	128	GENERIC	3.77164
create-batch-K8-total[ms]	32	5120	0	128	GENERIC	2.47178
create-batch-K8[ns]	32	5120	0	128	CLMUL	1.99296
create-batch-K8-total[ms]	32	5120	0	128	CLMUL	1.30610
create-batch-K1[ns]	32	5120	0	512	GENERIC	5.11534
create-batch-K1-total[ms]	32	5120	0	512	GENERIC	13.40957
create-batch-K1[ns]	32	5120	0	512	CLMUL	9.16722
create-batch-K1-total[ms]	32	5120	0	512	CLMUL	24.03133
create-batch-K2[ns]	32	5120	0	512	GENERIC	3.40018
create-batch-K2-total[ms]	32	5120	0	512	GENERIC	8.91336
create-batch-K2[ns]	32	5120	0	512	CLMUL	4.79366
create-batch-K2-total[ms]	32	5120	0	512	CLMUL	12.56630
create-batch-K4[ns]	32	5120	0	512	GENERIC	3.55537
create-batch-K4-total[ms]	32	5120	0	512	GENERIC	9.32020
create-batch-K4[ns]	32	5120	0	512	CLMUL	2.52743
create-batch-K4-total[ms]	32	5120	0	512	CLMUL	6.62550
create-batch-K8[ns]	32	5120	0	512	GENERIC	3.76275
create-batch-K8-total[ms]	32	5120	0	512	GENERIC	9.86383
create-batch-K8[ns]	32	5120	0	512	CLMUL	1.99354
create-batch-K8-total[ms]	32	5120	0	512	CLMUL	5.22594
create-batch-K1[ns]	32	5120	0	1024	GENERIC	5.11626
create-batch-K1-total[ms]	32	5120	0	1024	GENERIC	26.82393
create-batch-K1[ns]	32	5120	0	1024	CLMUL	9.16713
create-batch-K1-total[ms]	32	5120	0	1024	CLMUL	48.06217
create-batch-K2[ns]	32	5120	0	1024	GENERIC	3.37301
create-batch-K2-total[ms]	32	5120	0	1024	GENERIC	17.68427
create-batch-K2[ns]	32	5120	0	1024	CLMUL	4.79361
create-batch-K2-total[ms]	32	5120	0	1024	CLMUL	25.13230
create-batch-K4[ns]	32	5120	0	1024	GENERIC	3.55929
create-batch-K4-total[ms]	32	5120	0	1024	GENERIC	18.66091
create-batch-K4[ns]	32	5120	0	1024	CLMUL	2.52772
create-batch-K4-total[ms]	32	5120	0	1024	CLMUL	13.25253
create-batch-K8[ns]	32	5120	0	1024	GENERIC	3.77347
create-batch-K8-total[ms]	32	5120	0	1024	GENERIC	19.78384
create-batch-K8[ns]	32	5120	0	1024	CLMUL	1.99352
create-batch-K8-total[ms]	32	5120	0	1024	CLMUL	10.45180
create-batch-K1[ns]	32	5120	0	2048	GENERIC	5.11624
create-batch-K1-total[ms]	32	5120	0	2048	GENERIC	53.64770
create-batch-K1[ns]	32	5120	0	2048	CLMUL	9.16723
create-batch-K1-total[ms]	32	5120	0	2048	CLMUL	96.12542
create-batch-K2[ns]	32	5120	0	2048	GENERIC	3.37353
create-batch-K2-total[ms]	32	5120	0	2048	GENERIC	35.37400
create-batch-K2[ns]	32	5120	0	2048	CLMUL	4.79372
create-batch-K2-total[ms]	32	5120	0	2048	CLMUL	50.26584
create-batch-K4[ns]	32	5120	0	2048	GENERIC	3.55618
create-batch-K4-total[ms]	32	5120	0	2048	GENERIC	37.28920
create-batch-K4[ns]	32	5120	0	2048	CLMUL	2.52774
create-batch-K4-total[ms]	32	5120	0	2048	CLMUL	26.50527
create-batch-K8[ns]	32	5120	0	2048	GENERIC	3.76206
create-batch-K8-total[ms]	32	5120	0	2048	GENERIC	39.44806
create-batch-K8[ns]	32	5120	0	2048	CLMUL	1.99367
create-batch-K8-total[ms]	32	5120	0	2048	CLMUL	20.90517
create-batch-K1[ns]	32	5120	0	4096	GENERIC	5.09263
create-batch-K1-total[ms]	32	5120	0	4096	GENERIC	106.80022
create-batch-K1[ns]	32	5120	0	4096	CLMUL	9.16717
create-batch-K1-total[ms]	32	5120	0	4096	CLMUL	192.24956
create-batch-K2[ns]	32	5120	0	4096	GENERIC	3.37365
create-batch-K2-total[ms]	32	5120	0	4096	GENERIC	70.75049
create-batch-K2[ns]	32	5120	0	4096	CLMUL	4.79389
create-batch-K2-total[ms]	32	5120	0	4096	CLMUL	100.53511
create-batch-K4[ns]	32	5120	0	4096	GENERIC	3.55665
create-batch-K4-total[ms]	32	5120	0	4096	GENERIC	74.58841
create-batch-K4[ns]	32	5120	0	4096	CLMUL	2.52783
create-batch-K4-total[ms]	32	5120	0	4096	CLMUL	53.01246
create-batch-K8[ns]	32	5120	0	4096	GENERIC	3.76353
create-batch-K8-total[ms]	32	5120	0	4096	GENERIC	78.92703
create-batch-K8[ns]	32	5120	0	4096	CLMUL	1.99368
create-batch-K8-total[ms]	32	5120	0	4096	CLMUL	41.81058
create-batch-K1[ns]	32	5120	0	8192	GENERIC	5.09070
create-batch-K1-total[ms]	32	5120	0	8192	GENERIC	213.51927
create-batch-K1[ns]	32	5120	0	8192	CLMUL	9.16757
create-batch-K1-total[ms]	32	5120	0	8192	CLMUL	384.51576
create-batch-K2[ns]	32	5120	0	8192	GENERIC	3.39966
create-batch-K2-total[ms]	32	5120	0	8192	GENERIC	142.59223
create-batch-K2[ns]	32	5120	0	8192	CLMUL	4.79398
create-batch-K2-total[ms]	32	5120	0	8192	CLMUL	201.07409
create-batch-K4[ns]	32	5120	0	8192	GENERIC	3.55822
create-batch-K4-total[ms]	32	5120	0	8192	GENERIC	149.24266
create-batch-K4[ns]	32	5120	0	8192	CLMUL	2.52786
create-batch-K4-total[ms]	32	5120	0	8192	CLMUL	106.02596
create-batch-K8[ns]	32	5120	0	8192	GENERIC	3.77024
create-batch-K8-total[ms]	32	5120	0	8192	GENERIC	158.13517
create-batch-K8[ns]	32	5120	0	8192	CLMUL	1.99374
create-batch-K8-total[ms]	32	5120	0	8192	CLMUL	83.62350
create-batch-K1[ns]	32	6144	0	16	GENERIC	5.10439
create-batch-K1-total[ms]	32	6144	0	16	GENERIC	0.50178
create-batch-K1[ns]	32	6144	0	16	CLMUL	9.16440
create-batch-K1-total[ms]	32	6144	0	16	CLMUL	0.90090
create-batch-K2[ns]	32	6144	0	16	GENERIC	3.39257
create-batch-K2-total[ms]	32	6144	0	16	GENERIC	0.33350
create-batch-K2[ns]	32	6144	0	16	CLMUL	4.79225
create-batch-K2-total[ms]	32	6144	0	16	CLMUL	0.47110
create-batch-K4[ns]	32	6144	0	16	GENERIC	3.55269
create-batch-K4-total[ms]	32	6144	0	16	GENERIC	0.34924
create-batch-K4[ns]	32	6144	0	16	CLMUL	2.52732
create-batch-K4-total[ms]	32	6144	0	16	CLMUL	0.24845
create-batch-K8[ns]	32	6144	0	16	GENERIC	3.76048
create-batch-K8-total[ms]	32	6144	0	16	GENERIC	0.36967
create-batch-K8[ns]	32	6144	0	16	CLMUL	1.99327
create-batch-K8-total[ms]	32	6144	0	16	CLMUL	0.19595
create-batch-K1[ns]	32	6144	0	64	GENERIC	5.10614
create-batch-K1-total[ms]	32	6144	0	64	GENERIC	2.00781
create-batch-K1[ns]	32	6144	0	64	CLMUL	9.16412
create-batch-K1-total[ms]	32	6144	0	64	CLMUL	3.60348
create-batch-K2[ns]	32	6144	0	64	GENERIC	3.39502
create-batch-K2-total[ms]	32	6144	0	64	GENERIC	1.33498
create-batch-K2[ns]	32	6144	0	64	CLMUL	4.79187
create-batch-K2-total[ms]	32	6144	0	64	CLMUL	1.88424
create-batch-K4[ns]	32	6144	0	64	GENERIC	3.55161
create-batch-K4-total[ms]	32	6144	0	64	GENERIC	1.39655
create-batch-K4[ns]	32	6144	0	64	CLMUL	2.52681
create-batch-K4-total[ms]	32	6144	0	64	CLMUL	0.99358
create-batch-K8[ns]	32	6144	0	64	GENERIC	3.75986
create-batch-K8-total[ms]	32	6144	0	64	GENERIC	1.47844
create-batch-K8[ns]	32	6144	0	64	CLMUL	1.99284
create-batch-K8-total[ms]	32	6144	0	64	CLMUL	0.78362
create-batch-K1[ns]	32	6144	0	128	GENERIC	5.11271
create-batch-K1-total[ms]	32	6144	0	128	GENERIC	4.02079
create-batch-K1[ns]	32	6144	0	128	CLMUL	9.16621
create-batch-K1-total[ms]	32	6144	0	128	CLMUL	7.20860
create-batch-K2[ns]	32	6144	0	128	GENERIC	3.37048
create-batch-K2-total[ms]	32	6144	0	128	GENERIC	2.65065
create-batch-K2[ns]	32	6144	0	128	CLMUL	4.79121
create-batch-K2-total[ms]	32	6144	0	128	CLMUL	3.76796
create-batch-K4[ns]	32	6144	0	128	GENERIC	3.55648
create-batch-K4-total[ms]	32	6144	0	128	GENERIC	2.79693
create-batch-K4[ns]	32	6144	0	128	CLMUL	2.52674
create-batch-K4-total[ms]	32	6144	0	128	CLMUL	1.98711
create-batch-K8[ns]	32	6144	0	128	GENERIC	3.76936
create-batch-K8-total[ms]	32	6144	0	128	GENERIC	2.96434
create-batch-K8[ns]	32	6144	0	128	CLMUL	1.99282
create-batch-K8-total[ms]	32	6144	0	128	CLMUL	1.56722
create-batch-K1[ns]	32	6144	0	512	GENERIC	5.11308
create-batch-K1-total[ms]	32	6144	0	512	GENERIC	16.08435
create-batch-K1[ns]	32	6144	0	512	CLMUL	9.16761
create-batch-K1-total[ms]	32	6144	0	512	CLMUL	28.83880
create-batch-K2[ns]	32	6144	0	512	GENERIC	3.39916
create-batch-K2-total[ms]	32	6144	0	512	GENERIC	10.69282
create-batch-K2[ns]	32	6144	0	512	CLMUL	4.79270
create-batch-K2-total[ms]	32	6144	0	512	CLMUL	15.07654
create-batch-K4[ns]	32	6144	0	512	GENERIC	3.55562
create-batch-K4-total[ms]	32	6144	0	512	GENERIC	11.18501
create-batch-K4[ns]	32	6144	0	512	CLMUL	2.52772
create-batch-K4-total[ms]	32	6144	0	512	CLMUL	7.95152
create-batch-K8[ns]	32	6144	0	512	GENERIC	3.76853
create-batch-K8-total[ms]	32	6144	0	512	GENERIC	11.85477
create-batch-K8[ns]	32	6144	0	512	CLMUL	1.99332
create-batch-K8-total[ms]	32	6144	0	512	CLMUL	6.27043
create-batch-K1[ns]	32	6144	0	1024	GENERIC	5.08754
create-batch-K1-total[ms]	32	6144	0	1024	GENERIC	32.00805
create-batch-K1[ns]	32	6144	0	1024	CLMUL	9.16768
create-batch-K1-total[ms]	32	6144	0	1024	CLMUL	57.67804
create-batch-K2[ns]	32	6144	0	1024	GENERIC	3.39866
create-batch-K2-total[ms]	32	6144	0	1024	GENERIC	21.38255
create-batch-K2[ns]	32	6144	0	1024	CLMUL	4.79363
create-batch-K2-total[ms]	32	6144	0	1024	CLMUL	30.15890
create-batch-K4[ns]	32	6144	0	1024	GENERIC	3.55829
create-batch-K4-total[ms]	32	6144	0	1024	GENERIC	22.38683
create-batch-K4[ns]	32	6144	0	1024	CLMUL	2.52774
create-batch-K4-total[ms]	32	6144	0	1024	CLMUL	15.90316
create-batch-K8[ns]	32	6144	0	1024	GENERIC	3.76473
create-batch-K8-total[ms]	32	6144	0	1024	GENERIC	23.68564
create-batch-K8[ns]	32	6144	0	1024	CLMUL	1.99357
create-batch-K8-total[ms]	32	6144	0	1024	CLMUL	12.54243
create-batch-K1[ns]	32	6144	0	2048	GENERIC	5.11603
create-batch-K1-total[ms]	32	6144	0	2048	GENERIC	64.37460
create-batch-K1[ns]	32	6144	0	2048	CLMUL	9.16780
create-batch-K1-total[ms]	32	6144	0	2048	CLMUL	115.35764
create-batch-K2[ns]	32	6144	0	2048	GENERIC	3.39864
create-batch-K2-total[ms]	32	6144	0	2048	GENERIC	42.76481
create-batch-K2[ns]	32	6144	0	2048	CLMUL	4.79375
create-batch-K2-total[ms]	32	6144	0	2048	CLMUL	60.31932
create-batch-K4[ns]	32	6144	0	2048	GENERIC	3.55239
create-batch-K4-total[ms]	32	6144	0	2048	GENERIC	44.69937
create-batch-K4[ns]	32	6144	0	2048	CLMUL	2.52772
create-batch-K4-total[ms]	32	6144	0	2048	CLMUL	31.80614
create-batch-K8[ns]	32	6144	0	2048	GENERIC	3.76176
create-batch-K8-total[ms]	32	6144	0	2048	GENERIC	47.33391
create-batch-K8[ns]	32	6144	0	2048	CLMUL	1.99356
create-batch-K8-total[ms]	32	6144	0	2048	CLMUL	25.08482
create-batch-K1[ns]	32	6144	0	4096	GENERIC	5.11787
create-batch-K1-total[ms]	32	6144	0	4096	GENERIC	128.79544
create-batch-K1[ns]	32	6144	0	4096	CLMUL	9.16793
create-batch-K1-total[ms]	32	6144	0	4096	CLMUL	230.71861
create-batch-K2[ns]	32	6144	0	4096	GENERIC	3.39771
create-batch-K2-total[ms]	32	6144	0	4096	GENERIC	85.50626
create-batch-K2[ns]	32	6144	0	4096	CLMUL	4.79378
create-batch-K2-total[ms]	32	6144	0	4096	CLMUL	120.63935
create-batch-K4[ns]	32	6144	0	4096	GENERIC	3.55656
create-batch-K4-total[ms]	32	6144	0	4096	GENERIC	89.50366
create-batch-K4[ns]	32	6144	0	4096	CLMUL	2.52770
create-batch-K4-total[ms]	32	6144	0	4096	CLMUL	63.61172
create-batch-K8[ns]	32	6144	0	4096	GENERIC	3.76695
create-batch-K8-total[ms]	32	6144	0	4096	GENERIC	94.79830
create-batch-K8[ns]	32	6144	0	4096	CLMUL	1.99359
create-batch-K8-total[ms]	32	6144	0	4096	CLMUL	50.17027
create-batch-K1[ns]	32	6144	0	8192	GENERIC	5.11768
create-batch-K1-total[ms]	32	6144	0	8192	GENERIC	257.58150
create-batch-K1[ns]	32	6144	0	8192	CLMUL	9.16809
create-batch-K1-total[ms]	32	6144	0	8192	CLMUL	461.44513
create-batch-K2[ns]	32	6144	0	8192	GENERIC	3.37217
create-batch-K2-total[ms]	32	6144	0	8192	GENERIC	169.72688
create-batch-K2[ns]	32	6144	0	8192	CLMUL	4.79394
create-batch-K2-total[ms]	32	6144	0	8192	CLMUL	241.28686
create-batch-K4[ns]	32	6144	0	8192	GENERIC	3.55597
create-batch-K4-total[ms]	32	6144	0	8192	GENERIC	178.97783
create-batch-K4[ns]	32	6144	0	8192	CLMUL	2.52778
create-batch-K4-total[ms]	32	6144	0	8192	CLMUL	127.22708
create-batch-K8[ns]	32	6144	0	8192	GENERIC	3.77031
create-batch-K8-total[ms]	32	6144	0	8192	GENERIC	189.76610
create-batch-K8[ns]	32	6144	0	8192	CLMUL	1.99364
create-batch-K8-total[ms]	32	6144	0	8192	CLMUL	100.34325
create-batch-K1[ns]	32	7168	0	16	GENERIC	5.08502
create-batch-K1-total[ms]	32	7168	0	16	GENERIC	0.58319
create-batch-K1[ns]	32	7168	0	16	CLMUL	9.16488
create-batch-K1-total[ms]	32	7168	0	16	CLMUL	1.05110
create-batch-K2[ns]	32	7168	0	16	GENERIC	3.39507
create-batch-K2-total[ms]	32	7168	0	16	GENERIC	0.38937
create-batch-K2[ns]	32	7168	0	16	CLMUL	4.71929
create-batch-K2-total[ms]	32	7168	0	16	CLMUL	0.54125
create-batch-K4[ns]	32	7168	0	16	GENERIC	3.55977
create-batch-K4-total[ms]	32	7168	0	16	GENERIC	0.40826
create-batch-K4[ns]	32	7168	0	16	CLMUL	2.52700
create-batch-K4-total[ms]	32	7168	0	16	CLMUL	0.28982
create-batch-K8[ns]	32	7168	0	16	GENERIC	3.76274
create-batch-K8-total[ms]	32	7168	0	16	GENERIC	0.43154
create-batch-K8[ns]	32	7168	0	16	CLMUL	1.99318
create-batch-K8-total[ms]	32	7168	0	16	CLMUL	0.22859
create-batch-K1[ns]	32	7168	0	64	GENERIC	5.10480
create-batch-K1-total[ms]	32	7168	0	64	GENERIC	2.34184
create-batch-K1[ns]	32	7168	0	64	CLMUL	9.16803
create-batch-K1-total[ms]	32	7168	0	64	CLMUL	4.20585
create-batch-K2[ns]	32	7168	0	64	GENERIC	3.39350
create-batch-K2-total[ms]	32	7168	0	64	GENERIC	1.55677
create-batch-K2[ns]	32	7168	0	64	CLMUL	4.77911
create-batch-K2-total[ms]	32	7168	0	64	CLMUL	2.19243
create-batch-K4[ns]	32	7168	0	64	GENERIC	3.55359
create-batch-K4-total[ms]	32	7168	0	64	GENERIC	1.63022
create-batch-K4[ns]	32	7168	0	64	CLMUL	2.52672
create-batch-K4-total[ms]	32	7168	0	64	CLMUL	1.15914
create-batch-K8[ns]	32	7168	0	64	GENERIC	3.76762
create-batch-K8-total[ms]	32	7168	0	64	GENERIC	1.72840
create-batch-K8[ns]	32	7168	0	64	CLMUL	1.99278
create-batch-K8-total[ms]	32	7168	0	64	CLMUL	0.91419
create-batch-K1[ns]	32	7168	0	128	GENERIC	5.08732
create-batch-K1-total[ms]	32	7168	0	128	GENERIC	4.66763
create-batch-K1[ns]	32	7168	0	128	CLMUL	9.16791
create-batch-K1-total[ms]	32	7168	0	128	CLMUL	8.41160
create-batch-K2[ns]	32	7168	0	128	GENERIC	3.37059
create-batch-K2-total[ms]	32	7168	0	128	GENERIC	3.09253
create-batch-K2[ns]	32	7168	0	128	CLMUL	4.79084
create-batch-K2-total[ms]	32	7168	0	128	CLMUL	4.39561
create-batch-K4[ns]	32	7168	0	128	GENERIC	3.55182
create-batch-K4-total[ms]	32	7168	0	128	GENERIC	3.25881
create-batch-K4[ns]	32	7168	0	128	CLMUL	2.52662
create-batch-K4-total[ms]	32	7168	0	128	CLMUL	2.31819
create-batch-K8[ns]	32	7168	0	128	GENERIC	3.76682
create-batch-K8-total[ms]	32	7168	0	128	GENERIC	3.45607
create-batch-K8[ns]	32	7168	0	128	CLMUL	1.99274
create-batch-K8-total[ms]	32	7168	0	128	CLMUL	1.82835
create-batch-K1[ns]	32	7168	0	512	GENERIC	5.11420
create-batch-K1-total[ms]	32	7168	0	512	GENERIC	18.76921
create-batch-K1[ns]	32	7168	0	512	CLMUL	9.16808
create-batch-K1-total[ms]	32	7168	0	512	CLMUL	33.64699
create-batch-K2[ns]	32	7168	0	512	GENERIC	3.39672
create-batch-K2-total[ms]	32	7168	0	512	GENERIC	12.46600
create-batch-K2[ns]	32	7168	0	512	CLMUL	4.79355
create-batch-K2-total[ms]	32	7168	0	512	CLMUL	17.59242
create-batch-K4[ns]	32	7168	0	512	GENERIC	3.55376
create-batch-K4-total[ms]	32	7168	0	512	GENERIC	13.04236
create-batch-K4[ns]	32	7168	0	512	CLMUL	2.52758
create-batch-K4-total[ms]	32	7168	0	512	CLMUL	9.27625
create-batch-K8[ns]	32	7168	0	512	GENERIC	3.76466
create-batch-K8-total[ms]	32	7168	0	512	GENERIC	13.81637
create-batch-K8[ns]	32	7168	0	512	CLMUL	1.99318
create-batch-K8-total[ms]	32	7168	0	512	CLMUL	7.31501
create-batch-K1[ns]	32	7168	0	1024	GENERIC	5.11468
create-batch-K1-total[ms]	32	7168	0	1024	GENERIC	37.54193
create-batch-K1[ns]	32	7168	0	1024	CLMUL	9.16817
create-batch-K1-total[ms]	32	7168	0	1024	CLMUL	67.29463
create-batch-K2[ns]	32	7168	0	1024	GENERIC	3.39710
create-batch-K2-total[ms]	32	7168	0	1024	GENERIC	24.93484
create-batch-K2[ns]	32	7168	0	1024	CLMUL	4.79380
create-batch-K2-total[ms]	32	7168	0	1024	CLMUL	35.18667
create-batch-K4[ns]	32	7168	0	1024	GENERIC	3.55281
create-batch-K4-total[ms]	32	7168	0	1024	GENERIC	26.07777
create-batch-K4[ns]	32	7168	0	1024	CLMUL	2.52748
create-batch-K4-total[ms]	32	7168	0	1024	CLMUL	18.55182
create-batch-K8[ns]	32	7168	0	1024	GENERIC	3.76868
create-batch-K8-total[ms]	32	7168	0	1024	GENERIC	27.66220
create-batch-K8[ns]	32	7168	0	1024	CLMUL	1.99337
create-batch-K8-total[ms]	32	7168	0	1024	CLMUL	14.63143
create-batch-K1[ns]	32	7168	0	2048	GENERIC	5.08712
create-batch-K1-total[ms]	32	7168	0	2048	GENERIC	74.67924
create-batch-K1[ns]	32	7168	0	2048	CLMUL	9.16825
create-batch-K1-total[ms]	32	7168	0	2048	CLMUL	134.59045
create-batch-K2[ns]	32	7168	0	2048	GENERIC	3.39752
create-batch-K2-total[ms]	32	7168	0	2048	GENERIC	49.87577
create-batch-K2[ns]	32	7168	0	2048	CLMUL	4.79380
create-batch-K2-total[ms]	32	7168	0	2048	CLMUL	70.37327
create-batch-K4[ns]	32	7168	0	2048	GENERIC	3.55626
create-batch-K4-total[ms]	32	7168	0	2048	GENERIC	52.20612
create-batch-K4[ns]	32	7168	0	2048	CLMUL	2.52758
create-batch-K4-total[ms]	32	7168	0	2048	CLMUL	37.10508
create-batch-K8[ns]	32	7168	0	2048	GENERIC	3.76064
create-batch-K8-total[ms]	32	7168	0	2048	GENERIC	55.20650
create-batch-K8[ns]	32	7168	0	2048	CLMUL	1.99350
create-batch-K8-total[ms]	32	7168	0	2048	CLMUL	29.26473
create-batch-K1[ns]	32	7168	0	4096	GENERIC	5.11451
create-batch-K1-total[ms]	32	7168	0	4096	GENERIC	150.16257
create-batch-K1[ns]	32	7168	0	4096	CLMUL	9.16864
create-batch-K1-total[ms]	32	7168	0	4096	CLMUL	269.19255
create-batch-K2[ns]	32	7168	0	4096	GENERIC	3.39699
create-batch-K2-total[ms]	32	7168	0	4096	GENERIC	99.73595
create-batch-K2[ns]	32	7168	0	4096	CLMUL	4.79389
create-batch-K2-total[ms]	32	7168	0	4096	CLMUL	140.74914
create-batch-K4[ns]	32	7168	0	4096	GENERIC	3.55297
create-batch-K4-total[ms]	32	7168	0	4096	GENERIC	104.31575
create-batch-K4[ns]	32	7168	0	4096	CLMUL	2.52762
create-batch-K4-total[ms]	32	7168	0	4096	CLMUL	74.21110
create-batch-K8[ns]	32	7168	0	4096	GENERIC	3.76230
create-batch-K8-total[ms]	32	7168	0	4096	GENERIC	110.46169
create-batch-K8[ns]	32	7168	0	4096	CLMUL	1.99354
create-batch-K8-total[ms]	32	7168	0	4096	CLMUL	58.53059
create-batch-K1[ns]	32	7168	0	8192	GENERIC	5.08882
create-batch-K1-total[ms]	32	7168	0	8192	GENERIC	298.81686
create-batch-K1[ns]	32	7168	0	8192	CLMUL	9.16872
create-batch-K1-total[ms]	32	7168	0	8192	CLMUL	538.38935
create-batch-K2[ns]	32	7168	0	8192	GENERIC	3.39631
create-batch-K2-total[ms]	32	7168	0	8192	GENERIC	199.43192
create-batch-K2[ns]	32	7168	0	8192	CLMUL	4.79392
create-batch-K2-total[ms]	32	7168	0	8192	CLMUL	281.50017
create-batch-K4[ns]	32	7168	0	8192	GENERIC	3.55246
create-batch-K4-total[ms]	32	7168	0	8192	GENERIC	208.60158
create-batch-K4[ns]	32	7168	0	8192	CLMUL	2.52768
create-batch-K4-total[ms]	32	7168	0	8192	CLMUL	148.42579
create-batch-K8[ns]	32	7168	0	8192	GENERIC	3.77014
create-batch-K8-total[ms]	32	7168	0	8192	GENERIC	221.38359
create-batch-K8[ns]	32	7168	0	8192	CLMUL	1.99356
create-batch-K8-total[ms]	32	7168	0	8192	CLMUL	117.06246
create-batch-K1[ns]	32	8192	0	16	GENERIC	5.11132
create-batch-K1-total[ms]	32	8192	0	16	GENERIC	0.66995
create-batch-K1[ns]	32	8192	0	16	CLMUL	9.16496
create-batch-K1-total[ms]	32	8192	0	16	CLMUL	1.20127
create-batch-K2[ns]	32	8192	0	16	GENERIC	3.38763
create-batch-K2-total[ms]	32	8192	0	16	GENERIC	0.44402
create-batch-K2[ns]	32	8192	0	16	CLMUL	4.79215
create-batch-K2-total[ms]	32	8192	0	16	CLMUL	0.62812
create-batch-K4[ns]	32	8192	0	16	GENERIC	3.55236
create-batch-K4-total[ms]	32	8192	0	16	GENERIC	0.46562
create-batch-K4[ns]	32	8192	0	16	CLMUL	2.52690
create-batch-K4-total[ms]	32	8192	0	16	CLMUL	0.33121
create-batch-K8[ns]	32	8192	0	16	GENERIC	3.76783
create-batch-K8-total[ms]	32	8192	0	16	GENERIC	0.49386
create-batch-K8[ns]	32	8192	0	16	CLMUL	1.99313
create-batch-K8-total[ms]	32	8192	0	16	CLMUL	0.26124
create-batch-K1[ns]	32	8192	0	64	GENERIC	5.10316
create-batch-K1-total[ms]	32	8192	0	64	GENERIC	2.67553
create-batch-K1[ns]	32	8192	0	64	CLMUL	9.16853
create-batch-K1-total[ms]	32	8192	0	64	CLMUL	4.80695
create-batch-K2[ns]	32	8192	0	64	GENERIC	3.39218
create-batch-K2-total[ms]	32	8192	0	64	GENERIC	1.77848
create-batch-K2[ns]	32	8192	0	64	CLMUL	4.79183
create-batch-K2-total[ms]	32	8192	0	64	CLMUL	2.51230
create-batch-K4[ns]	32	8192	0	64	GENERIC	3.55416
create-batch-K4-total[ms]	32	8192	0	64	GENERIC	1.86341
create-batch-K4[ns]	32	8192	0	64	CLMUL	2.52666
create-batch-K4-total[ms]	32	8192	0	64	CLMUL	1.32470
create-batch-K8[ns]	32	8192	0	64	GENERIC	3.75613
create-batch-K8-total[ms]	32	8192	0	64	GENERIC	1.96929
create-batch-K8[ns]	32	8192	0	64	CLMUL	1.99274
create-batch-K8-total[ms]	32	8192	0	64	CLMUL	1.04477
create-batch-K1[ns]	32	8192	0	128	GENERIC	5.10860
create-batch-K1-total[ms]	32	8192	0	128	GENERIC	5.35675
create-batch-K1[ns]	32	8192	0	128	CLMUL	9.16788
create-batch-K1-total[ms]	32	8192	0	128	CLMUL	9.61322
create-batch-K2[ns]	32	8192	0	128	GENERIC	3.39585
create-batch-K2-total[ms]	32	8192	0	128	GENERIC	3.56081
create-batch-K2[ns]	32	8192	0	128	CLMUL	4.79340
create-batch-K2-total[ms]	32	8192	0	128	CLMUL	5.02625
create-batch-K4[ns]	32	8192	0	128	GENERIC	3.55337
create-batch-K4-total[ms]	32	8192	0	128	GENERIC	3.72598
create-batch-K4[ns]	32	8192	0	128	CLMUL	2.52657
create-batch-K4-total[ms]	32	8192	0	128	CLMUL	2.64930
create-batch-K8[ns]	32	8192	0	128	GENERIC	3.76475
create-batch-K8-total[ms]	32	8192	0	128	GENERIC	3.94763
create-batch-K8[ns]	32	8192	0	128	CLMUL	1.99269
create-batch-K8-total[ms]	32	8192	0	128	CLMUL	2.08948
create-batch-K1[ns]	32	8192	0	512	GENERIC	5.11193
create-batch-K1-total[ms]	32	8192	0	512	GENERIC	21.44098
create-batch-K1[ns]	32	8192	0	512	CLMUL	9.16823
create-batch-K1-total[ms]	32	8192	0	512	CLMUL	38.45435
create-batch-K2[ns]	32	8192	0	512	GENERIC	3.39597
create-batch-K2-total[ms]	32	8192	0	512	GENERIC	14.24372
create-batch-K2[ns]	32	8192	0	512	CLMUL	4.79380
create-batch-K2-total[ms]	32	8192	0	512	CLMUL	20.10667
create-batch-K4[ns]	32	8192	0	512	GENERIC	3.55257
create-batch-K4-total[ms]	32	8192	0	512	GENERIC	14.90056
create-batch-K4[ns]	32	8192	0	512	CLMUL	2.52738
create-batch-K4-total[ms]	32	8192	0	512	CLMUL	10.60062
create-batch-K8[ns]	32	8192	0	512	GENERIC	3.76139
create-batch-K8-total[ms]	32	8192	0	512	GENERIC	15.77640
create-batch-K8[ns]	32	8192	0	512	CLMUL	1.99344
create-batch-K8-total[ms]	32	8192	0	512	CLMUL	8.36108
create-batch-K1[ns]	32	8192	0	1024	GENERIC	5.08646
create-batch-K1-total[ms]	32	8192	0	1024	GENERIC	42.66834
create-batch-K1[ns]	32	8192	0	1024	CLMUL	9.16851
create-batch-K1-total[ms]	32	8192	0	1024	CLMUL	76.91102
create-batch-K2[ns]	32	8192	0	1024	GENERIC	3.36996
create-batch-K2-total[ms]	32	8192	0	1024	GENERIC	28.26931
create-batch-K2[ns]	32	8192	0	1024	CLMUL	4.79369
create-batch-K2-total[ms]	32	8192	0	1024	CLMUL	40.21241
create-batch-K4[ns]	32	8192	0	1024	GENERIC	3.55437
create-batch-K4-total[ms]	32	8192	0	1024	GENERIC	29.81626
create-batch-K4[ns]	32	8192	0	1024	CLMUL	2.52751
create-batch-K4-total[ms]	32	8192	0	1024	CLMUL	21.20225
create-batch-K8[ns]	32	8192	0	1024	GENERIC	3.77065
create-batch-K8-total[ms]	32	8192	0	1024	GENERIC	31.63053
create-batch-K8[ns]	32	8192	0	1024	CLMUL	1.99343
create-batch-K8-total[ms]	32	8192	0	1024	CLMUL	16.72213
create-batch-K1[ns]	32	8192	0	2048	GENERIC	5.11495
create-batch-K1-total[ms]	32	8192	0	2048	GENERIC	85.81457
create-batch-K1[ns]	32	8192	0	2048	CLMUL	9.16855
create-batch-K1-total[ms]	32	8192	0	2048	CLMUL	153.82275
create-batch-K2[ns]	32	8192	0	2048	GENERIC	3.39609
create-batch-K2-total[ms]	32	8192	0	2048	GENERIC	56.97697
create-batch-K2[ns]	32	8192	0	2048	CLMUL	4.79380
create-batch-K2-total[ms]	32	8192	0	2048	CLMUL	80.42663
create-batch-K4[ns]	32	8192	0	2048	GENERIC	3.55290
create-batch-K4-total[ms]	32	8192	0	2048	GENERIC	59.60771
create-batch-K4[ns]	32	8192	0	2048	CLMUL	2.52750
create-batch-K4-total[ms]	32	8192	0	2048	CLMUL	42.40444
create-batch-K8[ns]	32	8192	0	2048	GENERIC	3.75882
create-batch-K8-total[ms]	32	8192	0	2048	GENERIC	63.06256
create-batch-K8[ns]	32	8192	0	2048	CLMUL	1.99350
create-batch-K8-total[ms]	32	8192	0	2048	CLMUL	33.44535
create-batch-K1[ns]	32	8192	0	4096	GENERIC	5.08759
create-batch-K1-total[ms]	32	8192	0	4096	GENERIC	170.71109
create-batch-K1[ns]	32	8192	0	4096	CLMUL	9.16884
create-batch-K1-total[ms]	32	8192	0	4096	CLMUL	307.65507
create-batch-K2[ns]	32	8192	0	4096	GENERIC	3.37017
create-batch-K2-total[ms]	32	8192	0	4096	GENERIC	113.08400
create-batch-K2[ns]	32	8192	0	4096	CLMUL	4.79395
create-batch-K2-total[ms]	32	8192	0	4096	CLMUL	160.85815
create-batch-K4[ns]	32	8192	0	4096	GENERIC	3.55570
create-batch-K4-total[ms]	32	8192	0	4096	GENERIC	119.30958
create-batch-K4[ns]	32	8192	0	4096	CLMUL	2.52759
create-batch-K4-total[ms]	32	8192	0	4096	CLMUL	84.81173
create-batch-K8[ns]	32	8192	0	4096	GENERIC	3.75928
create-batch-K8-total[ms]	32	8192	0	4096	GENERIC	126.14055
create-batch-K8[ns]	32	8192	0	4096	CLMUL	1.99344
create-batch-K8-total[ms]	32	8192	0	4096	CLMUL	66.88873
create-batch-K1[ns]	32	8192	0	8192	GENERIC	5.08963
create-batch-K1-total[ms]	32	8192	0	8192	GENERIC	341.55937
create-batch-K1[ns]	32	8192	0	8192	CLMUL	9.16914
create-batch-K1-total[ms]	32	8192	0	8192	CLMUL	615.33053
create-batch-K2[ns]	32	8192	0	8192	GENERIC	3.39445
create-batch-K2-total[ms]	32	8192	0	8192	GENERIC	227.79753
create-batch-K2[ns]	32	8192	0	8192	CLMUL	4.79406
create-batch-K2-total[ms]	32	8192	0	8192	CLMUL	321.72397
create-batch-K4[ns]	32	8192	0	8192	GENERIC	3.55131
create-batch-K4-total[ms]	32	8192	0	8192	GENERIC	238.32426
create-batch-K4[ns]	32	8192	0	8192	CLMUL	2.52761
create-batch-K4-total[ms]	32	8192	0	8192	CLMUL	169.62475
create-batch-K8[ns]	32	8192	0	8192	GENERIC	3.76126
create-batch-K8-total[ms]	32	8192	0	8192	GENERIC	252.41411
create-batch-K8[ns]	32	8192	0	8192	CLMUL	1.99351
create-batch-K8-total[ms]	32	8192	0	8192	CLMUL	133.78189
create-batch-K1[ns]	48	128	0	16	GENERIC	6.91748
create-batch-K1-total[ms]	48	128	0	16	GENERIC	0.01417
create-batch-K1[ns]	48	128	0	16	CLMUL	9.43994
create-batch-K1-total[ms]	48	128	0	16	CLMUL	0.01933
create-batch-K2[ns]	48	128	0	16	GENERIC	5.57910
create-batch-K2-total[ms]	48	128	0	16	GENERIC	0.01143
create-batch-K2[ns]	48	128	0	16	CLMUL	4.18652
create-batch-K2-total[ms]	48	128	0	16	CLMUL	0.00857
create-batch-K4[ns]	48	128	0	16	GENERIC	6.01318
create-batch-K4-total[ms]	48	128	0	16	GENERIC	0.01231
create-batch-K4[ns]	48	128	0	16	CLMUL	2.39600
create-batch-K4-total[ms]	48	128	0	16	CLMUL	0.00491
create-batch-K8[ns]	48	128	0	16	GENERIC	6.41113
create-batch-K8-total[ms]	48	128	0	16	GENERIC	0.01313
create-batch-K8[ns]	48	128	0	16	CLMUL	1.99854
create-batch-K8-total[ms]	48	128	0	16	CLMUL	0.00409
create-batch-K1[ns]	48	128	0	64	GENERIC	6.90613
create-batch-K1-total[ms]	48	128	0	64	GENERIC	0.05658
create-batch-K1[ns]	48	128	0	64	CLMUL	9.41760
create-batch-K1-total[ms]	48	128	0	64	CLMUL	0.07715
create-batch-K2[ns]	48	128	0	64	GENERIC	5.57227
create-batch-K2-total[ms]	48	128	0	64	GENERIC	0.04565
create-batch-K2[ns]	48	128	0	64	CLMUL	4.17749
create-batch-K2-total[ms]	48	128	0	64	CLMUL	0.03422
create-batch-K4[ns]	48	128	0	64	GENERIC	6.01990
create-batch-K4-total[ms]	48	128	0	64	GENERIC	0.04931
create-batch-K4[ns]	48	128	0	64	CLMUL	2.37585
create-batch-K4-total[ms]	48	128	0	64	CLMUL	0.01946
create-batch-K8[ns]	48	128	0	64	GENERIC	6.40198
create-batch-K8-total[ms]	48	128	0	64	GENERIC	0.05244
create-batch-K8[ns]	48	128	0	64	CLMUL	1.98926
create-batch-K8-total[ms]	48	128	0	64	CLMUL	0.01630
create-batch-K1[ns]	48	128	0	128	GENERIC	6.90155
create-batch-K1-total[ms]	48	128	0	128	GENERIC	0.11307
create-batch-K1[ns]	48	128	0	128	CLMUL	9.41302
create-batch-K1-total[ms]	48	128	0	128	CLMUL	0.15422
create-batch-K2[ns]	48	128	0	128	GENERIC	5.57684
create-batch-K2-total[ms]	48	128	0	128	GENERIC	0.09137
create-batch-K2[ns]	48	128	0	128	CLMUL	4.17303
create-batch-K2-total[ms]	48	128	0	128	CLMUL	0.06837
create-batch-K4[ns]	48	128	0	128	GENERIC	6.00977
create-batch-K4-total[ms]	48	128	0	128	GENERIC	0.09846
create-batch-K4[ns]	48	128	0	128	CLMUL	2.37360
create-batch-K4-total[ms]	48	128	0	128	CLMUL	0.03889
create-batch-K8[ns]	48	128	0	128	GENERIC	6.40308
create-batch-K8-total[ms]	48	128	0	128	GENERIC	0.10491
create-batch-K8[ns]	48	128	0	128	CLMUL	1.98596
create-batch-K8-total[ms]	48	128	0	128	CLMUL	0.03254
create-batch-K1[ns]	48	128	0	512	GENERIC	6.90071
create-batch-K1-total[ms]	48	128	0	512	GENERIC	0.45225
create-batch-K1[ns]	48	128	0	512	CLMUL	9.41136
create-batch-K1-total[ms]	48	128	0	512	CLMUL	0.61678
create-batch-K2[ns]	48	128	0	512	GENERIC	5.57318
create-batch-K2-total[ms]	48	128	0	512	GENERIC	0.36524
create-batch-K2[ns]	48	128	0	512	CLMUL	4.17078
create-batch-K2-total[ms]	48	128	0	512	CLMUL	0.27334
create-batch-K4[ns]	48	128	0	512	GENERIC	6.00919
create-batch-K4-total[ms]	48	128	0	512	GENERIC	0.39382
create-batch-K4[ns]	48	128	0	512	CLMUL	2.37135
create-batch-K4-total[ms]	48	128	0	512	CLMUL	0.15541
create-batch-K8[ns]	48	128	0	512	GENERIC	6.40593
create-batch-K8-total[ms]	48	128	0	512	GENERIC	0.41982
create-batch-K8[ns]	48	128	0	512	CLMUL	1.98424
create-batch-K8-total[ms]	48	128	0	512	CLMUL	0.13004
create-batch-K1[ns]	48	128	0	1024	GENERIC	6.90099
create-batch-K1-total[ms]	48	128	0	1024	GENERIC	0.90453
create-batch-K1[ns]	48	128	0	1024	CLMUL	9.41067
create-batch-K1-total[ms]	48	128	0	1024	CLMUL	1.23347
create-batch-K2[ns]	48	128	0	1024	GENERIC	5.57855
create-batch-K2-total[ms]	48	128	0	1024	GENERIC	0.73119
create-batch-K2[ns]	48	128	0	1024	CLMUL	4.17021
create-batch-K2-total[ms]	48	128	0	1024	CLMUL	0.54660
create-batch-K4[ns]	48	128	0	1024	GENERIC	6.01315
create-batch-K4-total[ms]	48	128	0	1024	GENERIC	0.78816
create-batch-K4[ns]	48	128	0	1024	CLMUL	2.37135
create-batch-K4-total[ms]	48	128	0	1024	CLMUL	0.31082
create-batch-K8[ns]	48	128	0	1024	GENERIC	6.40324
create-batch-K8-total[ms]	48	128	0	1024	GENERIC	0.83929
create-batch-K8[ns]	48	128	0	1024	CLMUL	1.98394
create-batch-K8-total[ms]	48	128	0	1024	CLMUL	0.26004
create-batch-K1[ns]	48	128	0	2048	GENERIC	6.90368
create-batch-K1-total[ms]	48	128	0	2048	GENERIC	1.80976
create-batch-K1[ns]	48	128	0	2048	CLMUL	9.41137
create-batch-K1-total[ms]	48	128	0	2048	CLMUL	2.46713
create-batch-K2[ns]	48	128	0	2048	GENERIC	5.57933
create-batch-K2-total[ms]	48	128	0	2048	GENERIC	1.46259
create-batch-K2[ns]	48	128	0	2048	CLMUL	4.17007
create-batch-K2-total[ms]	48	128	0	2048	CLMUL	1.09316
create-batch-K4[ns]	48	128	0	2048	GENERIC	6.01880
create-batch-K4-total[ms]	48	128	0	2048	GENERIC	1.57779
create-batch-K4[ns]	48	128	0	2048	CLMUL	2.37100
create-batch-K4-total[ms]	48	128	0	2048	CLMUL	0.62154
create-batch-K8[ns]	48	128	0	2048	GENERIC	6.40472
create-batch-K8-total[ms]	48	128	0	2048	GENERIC	1.67896
create-batch-K8[ns]	48	128	0	2048	CLMUL	1.98380
create-batch-K8-total[ms]	48	128	0	2048	CLMUL	0.52004
create-batch-K1[ns]	48	128	0	4096	GENERIC	6.90456
create-batch-K1-total[ms]	48	128	0	4096	GENERIC	3.61998
create-batch-K1[ns]	48	128	0	4096	CLMUL	9.41405
create-batch-K1-total[ms]	48	128	0	4096	CLMUL	4.93568
create-batch-K2[ns]	48	128	0	4096	GENERIC	5.57396
create-batch-K2-total[ms]	48	128	0	4096	GENERIC	2.92236
create-batch-K2[ns]	48	128	0	4096	CLMUL	4.17035
create-batch-K2-total[ms]	48	128	0	4096	CLMUL	2.18646
create-batch-K4[ns]	48	128	0	4096	GENERIC	6.01294
create-batch-K4-total[ms]	48	128	0	4096	GENERIC	3.15251
create-batch-K4[ns]	48	128	0	4096	CLMUL	2.37072
create-batch-K4-total[ms]	48	128	0	4096	CLMUL	1.24294
create-batch-K8[ns]	48	128	0	4096	GENERIC	6.40501
create-batch-K8-total[ms]	48	128	0	4096	GENERIC	3.35807
create-batch-K8[ns]	48	128	0	4096	CLMUL	1.98384
create-batch-K8-total[ms]	48	128	0	4096	CLMUL	1.04010
create-batch-K1[ns]	48	128	0	8192	GENERIC	6.90758
create-batch-K1-total[ms]	48	128	0	8192	GENERIC	7.24312
create-batch-K1[ns]	48	128	0	8192	CLMUL	9.41524
create-batch-K1-total[ms]	48	128	0	8192	CLMUL	9.87259
create-batch-K2[ns]	48	128	0	8192	GENERIC	5.58111
create-batch-K2-total[ms]	48	128	0	8192	GENERIC	5.85222
create-batch-K2[ns]	48	128	0	8192	CLMUL	4.17388
create-batch-K2-total[ms]	48	128	0	8192	CLMUL	4.37663
create-batch-K4[ns]	48	128	0	8192	GENERIC	6.01393
create-batch-K4-total[ms]	48	128	0	8192	GENERIC	6.30606
create-batch-K4[ns]	48	128	0	8192	CLMUL	2.37094
create-batch-K4-total[ms]	48	128	0	8192	CLMUL	2.48612
create-batch-K8[ns]	48	128	0	8192	GENERIC	6.40919
create-batch-K8-total[ms]	48	128	0	8192	GENERIC	6.72052
create-batch-K8[ns]	48	128	0	8192	CLMUL	1.98437
create-batch-K8-total[ms]	48	128	0	8192	CLMUL	2.08076
create-batch-K1[ns]	48	256	0	16	GENERIC	6.47412
create-batch-K1-total[ms]	48	256	0	16	GENERIC	0.02652
create-batch-K1[ns]	48	256	0	16	CLMUL	9.50806
create-batch-K1-total[ms]	48	256	0	16	CLMUL	0.03895
create-batch-K2[ns]	48	256	0	16	GENERIC	5.14966
create-batch-K2-total[ms]	48	256	0	16	GENERIC	0.02109
create-batch-K2[ns]	48	256	0	16	CLMUL	4.17773
create-batch-K2-total[ms]	48	256	0	16	CLMUL	0.01711
create-batch-K4[ns]	48	256	0	16	GENERIC	5.57935
create-batch-K4-total[ms]	48	256	0	16	GENERIC	0.02285
create-batch-K4[ns]	48	256	0	16	CLMUL	2.36011
create-batch-K4-total[ms]	48	256	0	16	CLMUL	0.00967
create-batch-K8[ns]	48	256	0	16	GENERIC	5.96802
create-batch-K8-total[ms]	48	256	0	16	GENERIC	0.02445
create-batch-K8[ns]	48	256	0	16	CLMUL	1.97559
create-batch-K8-total[ms]	48	256	0	16	CLMUL	0.00809
create-batch-K1[ns]	48	256	0	64	GENERIC	6.46753
create-batch-K1-total[ms]	48	256	0	64	GENERIC	0.10596
create-batch-K1[ns]	48	256	0	64	CLMUL	9.50006
create-batch-K1-total[ms]	48	256	0	64	CLMUL	0.15565
create-batch-K2[ns]	48	256	0	64	GENERIC	5.14960
create-batch-K2-total[ms]	48	256	0	64	GENERIC	0.08437
create-batch-K2[ns]	48	256	0	64	CLMUL	4.17072
create-batch-K2-total[ms]	48	256	0	64	CLMUL	0.06833
create-batch-K4[ns]	48	256	0	64	GENERIC	5.57465
create-batch-K4-total[ms]	48	256	0	64	GENERIC	0.09133
create-batch-K4[ns]	48	256	0	64	CLMUL	2.35895
create-batch-K4-total[ms]	48	256	0	64	CLMUL	0.03865
create-batch-K8[ns]	48	256	0	64	GENERIC	5.97699
create-batch-K8-total[ms]	48	256	0	64	GENERIC	0.09793
create-batch-K8[ns]	48	256	0	64	CLMUL	1.97119
create-batch-K8-total[ms]	48	256	0	64	CLMUL	0.03230
create-batch-K1[ns]	48	256	0	128	GENERIC	6.47485
create-batch-K1-total[ms]	48	256	0	128	GENERIC	0.21217
create-batch-K1[ns]	48	256	0	128	CLMUL	9.49951
create-batch-K1-total[ms]	48	256	0	128	CLMUL	0.31128
create-batch-K2[ns]	48	256	0	128	GENERIC	5.15073
create-batch-K2-total[ms]	48	256	0	128	GENERIC	0.16878
create-batch-K2[ns]	48	256	0	128	CLMUL	4.16962
create-batch-K2-total[ms]	48	256	0	128	CLMUL	0.13663
create-batch-K4[ns]	48	256	0	128	GENERIC	5.57233
create-batch-K4-total[ms]	48	256	0	128	GENERIC	0.18259
create-batch-K4[ns]	48	256	0	128	CLMUL	2.35837
create-batch-K4-total[ms]	48	256	0	128	CLMUL	0.07728
create-batch-K8[ns]	48	256	0	128	GENERIC	5.96567
create-batch-K8-total[ms]	48	256	0	128	GENERIC	0.19548
create-batch-K8[ns]	48	256	0	128	CLMUL	1.96951
create-batch-K8-total[ms]	48	256	0	128	CLMUL	0.06454
create-batch-K1[ns]	48	256	0	512	GENERIC	6.47445
create-batch-K1-total[ms]	48	256	0	512	GENERIC	0.84862
create-batch-K1[ns]	48	256	0	512	CLMUL	9.49840
create-batch-K1-total[ms]	48	256	0	512	CLMUL	1.24497
create-batch-K2[ns]	48	256	0	512	GENERIC	5.14622
create-batch-K2-total[ms]	48	256	0	512	GENERIC	0.67453
create-batch-K2[ns]	48	256	0	512	CLMUL	4.16866
create-batch-K2-total[ms]	48	256	0	512	CLMUL	0.54639
create-batch-K4[ns]	48	256	0	512	GENERIC	5.57671
create-batch-K4-total[ms]	48	256	0	512	GENERIC	0.73095
create-batch-K4[ns]	48	256	0	512	CLMUL	2.35750
create-batch-K4-total[ms]	48	256	0	512	CLMUL	0.30900
create-batch-K8[ns]	48	256	0	512	GENERIC	5.97189
create-batch-K8-total[ms]	48	256	0	512	GENERIC	0.78275
create-batch-K8[ns]	48	256	0	512	CLMUL	1.96868
create-batch-K8-total[ms]	48	256	0	512	CLMUL	0.25804
create-batch-K1[ns]	48	256	0	1024	GENERIC	6.47303
create-batch-K1-total[ms]	48	256	0	1024	GENERIC	1.69687
create-batch-K1[ns]	48	256	0	1024	CLMUL	9.49819
create-batch-K1-total[ms]	48	256	0	1024	CLMUL	2.48989
create-batch-K2[ns]	48	256	0	1024	GENERIC	5.15052
create-batch-K2-total[ms]	48	256	0	1024	GENERIC	1.35018
create-batch-K2[ns]	48	256	0	1024	CLMUL	4.16844
create-batch-K2-total[ms]	48	256	0	1024	CLMUL	1.09273
create-batch-K4[ns]	48	256	0	1024	GENERIC	5.58442
create-batch-K4-total[ms]	48	256	0	1024	GENERIC	1.46392
create-batch-K4[ns]	48	256	0	1024	CLMUL	2.35757
create-batch-K4-total[ms]	48	256	0	1024	CLMUL	0.61802
create-batch-K8[ns]	48	256	0	1024	GENERIC	5.97416
create-batch-K8-total[ms]	48	256	0	1024	GENERIC	1.56609
create-batch-K8[ns]	48	256	0	1024	CLMUL	1.96840
create-batch-K8-total[ms]	48	256	0	1024	CLMUL	0.51600
create-batch-K1[ns]	48	256	0	2048	GENERIC	6.47441
create-batch-K1-total[ms]	48	256	0	2048	GENERIC	3.39446
create-batch-K1[ns]	48	256	0	2048	CLMUL	9.50126
create-batch-K1-total[ms]	48	256	0	2048	CLMUL	4.98140
create-batch-K2[ns]	48	256	0	2048	GENERIC	5.14254
create-batch-K2-total[ms]	48	256	0	2048	GENERIC	2.69617
create-batch-K2[ns]	48	256	0	2048	CLMUL	4.16851
create-batch-K2-total[ms]	48	256	0	2048	CLMUL	2.18550
create-batch-K4[ns]	48	256	0	2048	GENERIC	5.58360
create-batch-K4-total[ms]	48	256	0	2048	GENERIC	2.92742
create-batch-K4[ns]	48	256	0	2048	CLMUL	2.35744
create-batch-K4-total[ms]	48	256	0	2048	CLMUL	1.23598
create-batch-K8[ns]	48	256	0	2048	GENERIC	5.97309
create-batch-K8-total[ms]	48	256	0	2048	GENERIC	3.13162
create-batch-K8[ns]	48	256	0	2048	CLMUL	1.96837
create-batch-K8-total[ms]	48	256	0	2048	CLMUL	1.03199
create-batch-K1[ns]	48	256	0	4096	GENERIC	6.47636
create-batch-K1-total[ms]	48	256	0	4096	GENERIC	6.79095
create-batch-K1[ns]	48	256	0	4096	CLMUL	9.50130
create-batch-K1-total[ms]	48	256	0	4096	CLMUL	9.96283
create-batch-K2[ns]	48	256	0	4096	GENERIC	5.14977
create-batch-K2-total[ms]	48	256	0	4096	GENERIC	5.39992
create-batch-K2[ns]	48	256	0	4096	CLMUL	4.17031
create-batch-K2-total[ms]	48	256	0	4096	CLMUL	4.37289
create-batch-K4[ns]	48	256	0	4096	GENERIC	5.58214
create-batch-K4-total[ms]	48	256	0	4096	GENERIC	5.85329
create-batch-K4[ns]	48	256	0	4096	CLMUL	2.35736
create-batch-K4-total[ms]	48	256	0	4096	CLMUL	2.47188
create-batch-K8[ns]	48	256	0	4096	GENERIC	5.97223
create-batch-K8-total[ms]	48	256	0	4096	GENERIC	6.26234
create-batch-K8[ns]	48	256	0	4096	CLMUL	1.96847
create-batch-K8-total[ms]	48	256	0	4096	CLMUL	2.06409
create-batch-K1[ns]	48	256	0	8192	GENERIC	6.47800
create-batch-K1-total[ms]	48	256	0	8192	GENERIC	13.58535
create-batch-K1[ns]	48	256	0	8192	CLMUL	9.50238
create-batch-K1-total[ms]	48	256	0	8192	CLMUL	19.92792
create-batch-K2[ns]	48	256	0	8192	GENERIC	5.15157
create-batch-K2-total[ms]	48	256	0	8192	GENERIC	10.80362
create-batch-K2[ns]	48	256	0	8192	CLMUL	4.17105
create-batch-K2-total[ms]	48	256	0	8192	CLMUL	8.74732
create-batch-K4[ns]	48	256	0	8192	GENERIC	5.58864
create-batch-K4-total[ms]	48	256	0	8192	GENERIC	11.72024
create-batch-K4[ns]	48	256	0	8192	CLMUL	2.35819
create-batch-K4-total[ms]	48	256	0	8192	CLMUL	4.94549
create-batch-K8[ns]	48	256	0	8192	GENERIC	5.97400
create-batch-K8-total[ms]	48	256	0	8192	GENERIC	12.52839
create-batch-K8[ns]	48	256	0	8192	CLMUL	1.96951
create-batch-K8-total[ms]	48	256	0	8192	CLMUL	4.13035
create-batch-K1[ns]	48	512	0	16	GENERIC	6.26855
create-batch-K1-total[ms]	48	512	0	16	GENERIC	0.05135
create-batch-K1[ns]	48	512	0	16	CLMUL	9.55542
create-batch-K1-total[ms]	48	512	0	16	CLMUL	0.07828
create-batch-K2[ns]	48	512	0	16	GENERIC	4.93494
create-batch-K2-total[ms]	48	512	0	16	GENERIC	0.04043
create-batch-K2[ns]	48	512	0	16	CLMUL	4.17749
create-batch-K2-total[ms]	48	512	0	16	CLMUL	0.03422
create-batch-K4[ns]	48	512	0	16	GENERIC	5.36438
create-batch-K4-total[ms]	48	512	0	16	GENERIC	0.04394
create-batch-K4[ns]	48	512	0	16	CLMUL	2.35107
create-batch-K4-total[ms]	48	512	0	16	CLMUL	0.01926
create-batch-K8[ns]	48	512	0	16	GENERIC	5.74866
create-batch-K8-total[ms]	48	512	0	16	GENERIC	0.04709
create-batch-K8[ns]	48	512	0	16	CLMUL	1.96887
create-batch-K8-total[ms]	48	512	0	16	CLMUL	0.01613
create-batch-K1[ns]	48	512	0	64	GENERIC	6.26688
create-batch-K1-total[ms]	48	512	0	64	GENERIC	0.20535
create-batch-K1[ns]	48	512	0	64	CLMUL	9.55096
create-batch-K1-total[ms]	48	512	0	64	CLMUL	0.31297
create-batch-K2[ns]	48	512	0	64	GENERIC	4.94107
create-batch-K2-total[ms]	48	512	0	64	GENERIC	0.16191
create-batch-K2[ns]	48	512	0	64	CLMUL	4.17358
create-batch-K2-total[ms]	48	512	0	64	CLMUL	0.13676
create-batch-K4[ns]	48	512	0	64	GENERIC	5.36096
create-batch-K4-total[ms]	48	512	0	64	GENERIC	0.17567
create-batch-K4[ns]	48	512	0	64	CLMUL	2.35495
create-batch-K4-total[ms]	48	512	0	64	CLMUL	0.07717
create-batch-K8[ns]	48	512	0	64	GENERIC	5.75317
create-batch-K8-total[ms]	48	512	0	64	GENERIC	0.18852
create-batch-K8[ns]	48	512	0	64	CLMUL	1.96329
create-batch-K8-total[ms]	48	512	0	64	CLMUL	0.06433
create-batch-K1[ns]	48	512	0	128	GENERIC	6.26633
create-batch-K1-total[ms]	48	512	0	128	GENERIC	0.41067
create-batch-K1[ns]	48	512	0	128	CLMUL	9.55011
create-batch-K1-total[ms]	48	512	0	128	CLMUL	0.62588
create-batch-K2[ns]	48	512	0	128	GENERIC	4.93936
create-batch-K2-total[ms]	48	512	0	128	GENERIC	0.32371
create-batch-K2[ns]	48	512	0	128	CLMUL	4.17274
create-batch-K2-total[ms]	48	512	0	128	CLMUL	0.27347
create-batch-K4[ns]	48	512	0	128	GENERIC	5.36380
create-batch-K4-total[ms]	48	512	0	128	GENERIC	0.35152
create-batch-K4[ns]	48	512	0	128	CLMUL	2.35384
create-batch-K4-total[ms]	48	512	0	128	CLMUL	0.15426
create-batch-K8[ns]	48	512	0	128	GENERIC	5.74979
create-batch-K8-total[ms]	48	512	0	128	GENERIC	0.37682
create-batch-K8[ns]	48	512	0	128	CLMUL	1.96275
create-batch-K8-total[ms]	48	512	0	128	CLMUL	0.12863
create-batch-K1[ns]	48	512	0	512	GENERIC	6.26690
create-batch-K1-total[ms]	48	512	0	512	GENERIC	1.64283
create-batch-K1[ns]	48	512	0	512	CLMUL	9.54962
create-batch-K1-total[ms]	48	512	0	512	CLMUL	2.50338
create-batch-K2[ns]	48	512	0	512	GENERIC	4.93993
create-batch-K2-total[ms]	48	512	0	512	GENERIC	1.29497
create-batch-K2[ns]	48	512	0	512	CLMUL	4.17240
create-batch-K2-total[ms]	48	512	0	512	CLMUL	1.09377
create-batch-K4[ns]	48	512	0	512	GENERIC	5.36542
create-batch-K4-total[ms]	48	512	0	512	GENERIC	1.40651
create-batch-K4[ns]	48	512	0	512	CLMUL	2.35348
create-batch-K4-total[ms]	48	512	0	512	CLMUL	0.61695
create-batch-K8[ns]	48	512	0	512	GENERIC	5.75311
create-batch-K8-total[ms]	48	512	0	512	GENERIC	1.50814
create-batch-K8[ns]	48	512	0	512	CLMUL	1.96233
create-batch-K8-total[ms]	48	512	0	512	CLMUL	0.51441
create-batch-K1[ns]	48	512	0	1024	GENERIC	6.26686
create-batch-K1-total[ms]	48	512	0	1024	GENERIC	3.28564
create-batch-K1[ns]	48	512	0	1024	CLMUL	9.55262
create-batch-K1-total[ms]	48	512	0	1024	CLMUL	5.00832
create-batch-K2[ns]	48	512	0	1024	GENERIC	4.93934
create-batch-K2-total[ms]	48	512	0	1024	GENERIC	2.58963
create-batch-K2[ns]	48	512	0	1024	CLMUL	4.17237
create-batch-K2-total[ms]	48	512	0	1024	CLMUL	2.18752
create-batch-K4[ns]	48	512	0	1024	GENERIC	5.36761
create-batch-K4-total[ms]	48	512	0	1024	GENERIC	2.81418
create-batch-K4[ns]	48	512	0	1024	CLMUL	2.35341
create-batch-K4-total[ms]	48	512	0	1024	CLMUL	1.23386
create-batch-K8[ns]	48	512	0	1024	GENERIC	5.75389
create-batch-K8-total[ms]	48	512	0	1024	GENERIC	3.01669
create-batch-K8[ns]	48	512	0	1024	CLMUL	1.96233
create-batch-K8-total[ms]	48	512	0	1024	CLMUL	1.02882
create-batch-K1[ns]	48	512	0	2048	GENERIC	6.26771
create-batch-K1-total[ms]	48	512	0	2048	GENERIC	6.57217
create-batch-K1[ns]	48	512	0	2048	CLMUL	9.55280
create-batch-K1-total[ms]	48	512	0	2048	CLMUL	10.01683
create-batch-K2[ns]	48	512	0	2048	GENERIC	4.94089
create-batch-K2-total[ms]	48	512	0	2048	GENERIC	5.18090
create-batch-K2[ns]	48	512	0	2048	CLMUL	4.17388
create-batch-K2-total[ms]	48	512	0	2048	CLMUL	4.37663
create-batch-K4[ns]	48	512	0	2048	GENERIC	5.36925
create-batch-K4-total[ms]	48	512	0	2048	GENERIC	5.63007
create-batch-K4[ns]	48	512	0	2048	CLMUL	2.35328
create-batch-K4-total[ms]	48	512	0	2048	CLMUL	2.46760
create-batch-K8[ns]	48	512	0	2048	GENERIC	5.75818
create-batch-K8-total[ms]	48	512	0	2048	GENERIC	6.03789
create-batch-K8[ns]	48	512	0	2048	CLMUL	1.96226
create-batch-K8-total[ms]	48	512	0	2048	CLMUL	2.05757
create-batch-K1[ns]	48	512	0	4096	GENERIC	6.27007
create-batch-K1-total[ms]	48	512	0	4096	GENERIC	13.14929
create-batch-K1[ns]	48	512	0	4096	CLMUL	9.55373
create-batch-K1-total[ms]	48	512	0	4096	CLMUL	20.03563
create-batch-K2[ns]	48	512	0	4096	GENERIC	4.93913
create-batch-K2-total[ms]	48	512	0	4096	GENERIC	10.35811
create-batch-K2[ns]	48	512	0	4096	CLMUL	4.17409
create-batch-K2-total[ms]	48	512	0	4096	CLMUL	8.75369
create-batch-K4[ns]	48	512	0	4096	GENERIC	5.37072
create-batch-K4-total[ms]	48	512	0	4096	GENERIC	11.26322
create-batch-K4[ns]	48	512	0	4096	CLMUL	2.35406
create-batch-K4-total[ms]	48	512	0	4096	CLMUL	4.93682
create-batch-K8[ns]	48	512	0	4096	GENERIC	5.75830
create-batch-K8-total[ms]	48	512	0	4096	GENERIC	12.07604
create-batch-K8[ns]	48	512	0	4096	CLMUL	1.96315
create-batch-K8-total[ms]	48	512	0	4096	CLMUL	4.11702
create-batch-K1[ns]	48	512	0	8192	GENERIC	6.27093
create-batch-K1-total[ms]	48	512	0	8192	GENERIC	26.30221
create-batch-K1[ns]	48	512	0	8192	CLMUL	9.55407
create-batch-K1-total[ms]	48	512	0	8192	CLMUL	40.07269
create-batch-K2[ns]	48	512	0	8192	GENERIC	4.94315
create-batch-K2-total[ms]	48	512	0	8192	GENERIC	20.73308
create-batch-K2[ns]	48	512	0	8192	CLMUL	4.17456
create-batch-K2-total[ms]	48	512	0	8192	CLMUL	17.50938
create-batch-K4[ns]	48	512	0	8192	GENERIC	5.36714
create-batch-K4-total[ms]	48	512	0	8192	GENERIC	22.51141
create-batch-K4[ns]	48	512	0	8192	CLMUL	2.35407
create-batch-K4-total[ms]	48	512	0	8192	CLMUL	9.87368
create-batch-K8[ns]	48	512	0	8192	GENERIC	5.75970
create-batch-K8-total[ms]	48	512	0	8192	GENERIC	24.15795
create-batch-K8[ns]	48	512	0	8192	CLMUL	1.96334
create-batch-K8-total[ms]	48	512	0	8192	CLMUL	8.23484
create-batch-K1[ns]	48	1024	0	16	GENERIC	6.15100
create-batch-K1-total[ms]	48	1024	0	16	GENERIC	0.10078
create-batch-K1[ns]	48	1024	0	16	CLMUL	9.56903
create-batch-K1-total[ms]	48	1024	0	16	CLMUL	0.15678
create-batch-K2[ns]	48	1024	0	16	GENERIC	4.83313
create-batch-K2-total[ms]	48	1024	0	16	GENERIC	0.07919
create-batch-K2[ns]	48	1024	0	16	CLMUL	4.17188
create-batch-K2-total[ms]	48	1024	0	16	CLMUL	0.06835
create-batch-K4[ns]	48	1024	0	16	GENERIC	5.24115
create-batch-K4-total[ms]	48	1024	0	16	GENERIC	0.08587
create-batch-K4[ns]	48	1024	0	16	CLMUL	2.35101
create-batch-K4-total[ms]	48	1024	0	16	CLMUL	0.03852
create-batch-K8[ns]	48	1024	0	16	GENERIC	5.64917
create-batch-K8-total[ms]	48	1024	0	16	GENERIC	0.09256
create-batch-K8[ns]	48	1024	0	16	CLMUL	1.95990
create-batch-K8-total[ms]	48	1024	0	16	CLMUL	0.03211
create-batch-K1[ns]	48	1024	0	64	GENERIC	6.15247
create-batch-K1-total[ms]	48	1024	0	64	GENERIC	0.40321
create-batch-K1[ns]	48	1024	0	64	CLMUL	9.56735
create-batch-K1-total[ms]	48	1024	0	64	CLMUL	0.62701
create-batch-K2[ns]	48	1024	0	64	GENERIC	4.83539
create-batch-K2-total[ms]	48	1024	0	64	GENERIC	0.31689
create-batch-K2[ns]	48	1024	0	64	CLMUL	4.16992
create-batch-K2-total[ms]	48	1024	0	64	CLMUL	0.27328
create-batch-K4[ns]	48	1024	0	64	GENERIC	5.25642
create-batch-K4-total[ms]	48	1024	0	64	GENERIC	0.34448
create-batch-K4[ns]	48	1024	0	64	CLMUL	2.34734
create-batch-K4-total[ms]	48	1024	0	64	CLMUL	0.15383
create-batch-K8[ns]	48	1024	0	64	GENERIC	5.64354
create-batch-K8-total[ms]	48	1024	0	64	GENERIC	0.36985
create-batch-K8[ns]	48	1024	0	64	CLMUL	1.95822
create-batch-K8-total[ms]	48	1024	0	64	CLMUL	0.12833
create-batch-K1[ns]	48	1024	0	128	GENERIC	6.15133
create-batch-K1-total[ms]	48	1024	0	128	GENERIC	0.80627
create-batch-K1[ns]	48	1024	0	128	CLMUL	9.56693
create-batch-K1-total[ms]	48	1024	0	128	CLMUL	1.25396
create-batch-K2[ns]	48	1024	0	128	GENERIC	4.83185
create-batch-K2-total[ms]	48	1024	0	128	GENERIC	0.63332
create-batch-K2[ns]	48	1024	0	128	CLMUL	4.16978
create-batch-K2-total[ms]	48	1024	0	128	CLMUL	0.54654
create-batch-K4[ns]	48	1024	0	128	GENERIC	5.25500
create-batch-K4-total[ms]	48	1024	0	128	GENERIC	0.68878
create-batch-K4[ns]	48	1024	0	128	CLMUL	2.34888
create-batch-K4-total[ms]	48	1024	0	128	CLMUL	0.30787
create-batch-K8[ns]	48	1024	0	128	GENERIC	5.64269
create-batch-K8-total[ms]	48	1024	0	128	GENERIC	0.73960
create-batch-K8[ns]	48	1024	0	128	CLMUL	1.95795
create-batch-K8-total[ms]	48	1024	0	128	CLMUL	0.25663
create-batch-K1[ns]	48	1024	0	512	GENERIC	6.15196
create-batch-K1-total[ms]	48	1024	0	512	GENERIC	3.22540
create-batch-K1[ns]	48	1024	0	512	CLMUL	9.56993
create-batch-K1-total[ms]	48	1024	0	512	CLMUL	5.01740
create-batch-K2[ns]	48	1024	0	512	GENERIC	4.82472
create-batch-K2-total[ms]	48	1024	0	512	GENERIC	2.52954
create-batch-K2[ns]	48	1024	0	512	CLMUL	4.16964
create-batch-K2-total[ms]	48	1024	0	512	CLMUL	2.18609
create-batch-K4[ns]	48	1024	0	512	GENERIC	5.26077
create-batch-K4-total[ms]	48	1024	0	512	GENERIC	2.75816
create-batch-K4[ns]	48	1024	0	512	CLMUL	2.34864
create-batch-K4-total[ms]	48	1024	0	512	CLMUL	1.23136
create-batch-K8[ns]	48	1024	0	512	GENERIC	5.64379
create-batch-K8-total[ms]	48	1024	0	512	GENERIC	2.95897
create-batch-K8[ns]	48	1024	0	512	CLMUL	1.95766
create-batch-K8-total[ms]	48	1024	0	512	CLMUL	1.02638
create-batch-K1[ns]	48	1024	0	1024	GENERIC	6.15514
create-batch-K1-total[ms]	48	1024	0	1024	GENERIC	6.45413
create-batch-K1[ns]	48	1024	0	1024	CLMUL	9.56982
create-batch-K1-total[ms]	48	1024	0	1024	CLMUL	10.03469
create-batch-K2[ns]	48	1024	0	1024	GENERIC	4.83256
create-batch-K2-total[ms]	48	1024	0	1024	GENERIC	5.06731
create-batch-K2[ns]	48	1024	0	1024	CLMUL	4.17113
create-batch-K2-total[ms]	48	1024	0	1024	CLMUL	4.37374
create-batch-K4[ns]	48	1024	0	1024	GENERIC	5.25884
create-batch-K4-total[ms]	48	1024	0	1024	GENERIC	5.51429
create-batch-K4[ns]	48	1024	0	1024	CLMUL	2.34857
create-batch-K4-total[ms]	48	1024	0	1024	CLMUL	2.46265
create-batch-K8[ns]	48	1024	0	1024	GENERIC	5.64754
create-batch-K8-total[ms]	48	1024	0	1024	GENERIC	5.92187
create-batch-K8[ns]	48	1024	0	1024	CLMUL	1.95774
create-batch-K8-total[ms]	48	1024	0	1024	CLMUL	2.05283
create-batch-K1[ns]	48	1024	0	2048	GENERIC	6.15476
create-batch-K1-total[ms]	48	1024	0	2048	GENERIC	12.90747
create-batch-K1[ns]	48	1024	0	2048	CLMUL	9.57041
create-batch-K1-total[ms]	48	1024	0	2048	CLMUL	20.07061
create-batch-K2[ns]	48	1024	0	2048	GENERIC	4.82638
create-batch-K2-total[ms]	48	1024	0	2048	GENERIC	10.12165
create-batch-K2[ns]	48	1024	0	2048	CLMUL	4.17123
create-batch-K2-total[ms]	48	1024	0	2048	CLMUL	8.74769
create-batch-K4[ns]	48	1024	0	2048	GENERIC	5.25797
create-batch-K4-total[ms]	48	1024	0	2048	GENERIC	11.02677
create-batch-K4[ns]	48	1024	0	2048	CLMUL	2.34920
create-batch-K4-total[ms]	48	1024	0	2048	CLMUL	4.92664
create-batch-K8[ns]	48	1024	0	2048	GENERIC	5.65010
create-batch-K8-total[ms]	48	1024	0	2048	GENERIC	11.84913
create-batch-K8[ns]	48	1024	0	2048	CLMUL	1.95849
create-batch-K8-total[ms]	48	1024	0	2048	CLMUL	4.10726
create-batch-K1[ns]	48	1024	0	4096	GENERIC	6.15665
create-batch-K1-total[ms]	48	1024	0	4096	GENERIC	25.82285
create-batch-K1[ns]	48	1024	0	4096	CLMUL	9.57055
create-batch-K1-total[ms]	48	1024	0	4096	CLMUL	40.14182
create-batch-K2[ns]	48	1024	0	4096	GENERIC	4.82692
create-batch-K2-total[ms]	48	1024	0	4096	GENERIC	20.24558
create-batch-K2[ns]	48	1024	0	4096	CLMUL	4.17125
create-batch-K2-total[ms]	48	1024	0	4096	CLMUL	17.49548
create-batch-K4[ns]	48	1024	0	4096	GENERIC	5.26024
create-batch-K4-total[ms]	48	1024	0	4096	GENERIC	22.06306
create-batch-K4[ns]	48	1024	0	4096	CLMUL	2.34926
create-batch-K4-total[ms]	48	1024	0	4096	CLMUL	9.85352
create-batch-K8[ns]	48	1024	0	4096	GENERIC	5.64902
create-batch-K8-total[ms]	48	1024	0	4096	GENERIC	23.69372
create-batch-K8[ns]	48	1024	0	4096	CLMUL	1.95854
create-batch-K8-total[ms]	48	1024	0	4096	CLMUL	8.21471
create-batch-K1[ns]	48	1024	0	8192	GENERIC	6.15642
create-batch-K1-total[ms]	48	1024	0	8192	GENERIC	51.64381
create-batch-K1[ns]	48	1024	0	8192	CLMUL	9.57089
create-batch-K1-total[ms]	48	1024	0	8192	CLMUL	80.28641
create-batch-K2[ns]	48	1024	0	8192	GENERIC	4.82921
create-batch-K2-total[ms]	48	1024	0	8192	GENERIC	40.51034
create-batch-K2[ns]	48	1024	0	8192	CLMUL	4.17137
create-batch-K2-total[ms]	48	1024	0	8192	CLMUL	34.99201
create-batch-K4[ns]	48	1024	0	8192	GENERIC	5.26238
create-batch-K4-total[ms]	48	1024	0	8192	GENERIC	44.14408
create-batch-K4[ns]	48	1024	0	8192	CLMUL	2.34949
create-batch-K4-total[ms]	48	1024	0	8192	CLMUL	19.70892
create-batch-K8[ns]	48	1024	0	8192	GENERIC	5.64926
create-batch-K8-total[ms]	48	1024	0	8192	GENERIC	47.38944
create-batch-K8[ns]	48	1024	0	8192	CLMUL	1.95859
create-batch-K8-total[ms]	48	1024	0	8192	CLMUL	16.42984
create-batch-K1[ns]	48	2048	0	16	GENERIC	6.09961
create-batch-K1-total[ms]	48	2048	0	16	GENERIC	0.19987
create-batch-K1[ns]	48	2048	0	16	CLMUL	9.57639
create-batch-K1-total[ms]	48	2048	0	16	CLMUL	0.31380
create-batch-K2[ns]	48	2048	0	16	GENERIC	4.77548
create-batch-K2-total[ms]	48	2048	0	16	GENERIC	0.15648
create-batch-K2[ns]	48	2048	0	16	CLMUL	4.16965
create-batch-K2-total[ms]	48	2048	0	16	CLMUL	0.13663
create-batch-K4[ns]	48	2048	0	16	GENERIC	5.19821
create-batch-K4-total[ms]	48	2048	0	16	GENERIC	0.17034
create-batch-K4[ns]	48	2048	0	16	CLMUL	2.34311
create-batch-K4-total[ms]	48	2048	0	16	CLMUL	0.07678
create-batch-K8[ns]	48	2048	0	16	GENERIC	5.58701
create-batch-K8-total[ms]	48	2048	0	16	GENERIC	0.18307
create-batch-K8[ns]	48	2048	0	16	CLMUL	1.95651
create-batch-K8-total[ms]	48	2048	0	16	CLMUL	0.06411
create-batch-K1[ns]	48	2048	0	64	GENERIC	6.09623
create-batch-K1-total[ms]	48	2048	0	64	GENERIC	0.79905
create-batch-K1[ns]	48	2048	0	64	CLMUL	9.57555
create-batch-K1-total[ms]	48	2048	0	64	CLMUL	1.25509
create-batch-K2[ns]	48	2048	0	64	GENERIC	4.76814
create-batch-K2-total[ms]	48	2048	0	64	GENERIC	0.62497
create-batch-K2[ns]	48	2048	0	64	CLMUL	4.16852
create-batch-K2-total[ms]	48	2048	0	64	CLMUL	0.54638
create-batch-K4[ns]	48	2048	0	64	GENERIC	5.20753
create-batch-K4-total[ms]	48	2048	0	64	GENERIC	0.68256
create-batch-K4[ns]	48	2048	0	64	CLMUL	2.34648
create-batch-K4-total[ms]	48	2048	0	64	CLMUL	0.30756
create-batch-K8[ns]	48	2048	0	64	GENERIC	5.58660
create-batch-K8-total[ms]	48	2048	0	64	GENERIC	0.73225
create-batch-K8[ns]	48	2048	0	64	CLMUL	1.95568
create-batch-K8-total[ms]	48	2048	0	64	CLMUL	0.25633
create-batch-K1[ns]	48	2048	0	128	GENERIC	6.09552
create-batch-K1-total[ms]	48	2048	0	128	GENERIC	1.59790
create-batch-K1[ns]	48	2048	0	128	CLMUL	9.57533
create-batch-K1-total[ms]	48	2048	0	128	CLMUL	2.51012
create-batch-K2[ns]	48	2048	0	128	GENERIC	4.77470
create-batch-K2-total[ms]	48	2048	0	128	GENERIC	1.25166
create-batch-K2[ns]	48	2048	0	128	CLMUL	4.16823
create-batch-K2-total[ms]	48	2048	0	128	CLMUL	1.09268
create-batch-K4[ns]	48	2048	0	128	GENERIC	5.19991
create-batch-K4-total[ms]	48	2048	0	128	GENERIC	1.36312
create-batch-K4[ns]	48	2048	0	128	CLMUL	2.34500
create-batch-K4-total[ms]	48	2048	0	128	CLMUL	0.61473
create-batch-K8[ns]	48	2048	0	128	GENERIC	5.58653
create-batch-K8-total[ms]	48	2048	0	128	GENERIC	1.46448
create-batch-K8[ns]	48	2048	0	128	CLMUL	1.95554
create-batch-K8-total[ms]	48	2048	0	128	CLMUL	0.51263
create-batch-K1[ns]	48	2048	0	512	GENERIC	6.09691
create-batch-K1-total[ms]	48	2048	0	512	GENERIC	6.39308
create-batch-K1[ns]	48	2048	0	512	CLMUL	9.57839
create-batch-K1-total[ms]	48	2048	0	512	CLMUL	10.04367
create-batch-K2[ns]	48	2048	0	512	GENERIC	4.77516
create-batch-K2-total[ms]	48	2048	0	512	GENERIC	5.00712
create-batch-K2[ns]	48	2048	0	512	CLMUL	4.16986
create-batch-K2-total[ms]	48	2048	0	512	CLMUL	4.37241
create-batch-K4[ns]	48	2048	0	512	GENERIC	5.20499
create-batch-K4-total[ms]	48	2048	0	512	GENERIC	5.45783
create-batch-K4[ns]	48	2048	0	512	CLMUL	2.34622
create-batch-K4-total[ms]	48	2048	0	512	CLMUL	2.46019
create-batch-K8[ns]	48	2048	0	512	GENERIC	5.59132
create-batch-K8-total[ms]	48	2048	0	512	GENERIC	5.86292
create-batch-K8[ns]	48	2048	0	512	CLMUL	1.95546
create-batch-K8-total[ms]	48	2048	0	512	CLMUL	2.05045
create-batch-K1[ns]	48	2048	0	1024	GENERIC	6.09659
create-batch-K1-total[ms]	48	2048	0	1024	GENERIC	12.78547
create-batch-K1[ns]	48	2048	0	1024	CLMUL	9.57895
create-batch-K1-total[ms]	48	2048	0	1024	CLMUL	20.08852
create-batch-K2[ns]	48	2048	0	1024	GENERIC	4.77811
create-batch-K2-total[ms]	48	2048	0	1024	GENERIC	10.02043
create-batch-K2[ns]	48	2048	0	1024	CLMUL	4.16986
create-batch-K2-total[ms]	48	2048	0	1024	CLMUL	8.74484
create-batch-K4[ns]	48	2048	0	1024	GENERIC	5.20405
create-batch-K4-total[ms]	48	2048	0	1024	GENERIC	10.91367
create-batch-K4[ns]	48	2048	0	1024	CLMUL	2.34697
create-batch-K4-total[ms]	48	2048	0	1024	CLMUL	4.92195
create-batch-K8[ns]	48	2048	0	1024	GENERIC	5.59272
create-batch-K8-total[ms]	48	2048	0	1024	GENERIC	11.72878
create-batch-K8[ns]	48	2048	0	1024	CLMUL	1.95626
create-batch-K8-total[ms]	48	2048	0	1024	CLMUL	4.10257
create-batch-K1[ns]	48	2048	0	2048	GENERIC	6.09951
create-batch-K1-total[ms]	48	2048	0	2048	GENERIC	25.58320
create-batch-K1[ns]	48	2048	0	2048	CLMUL	9.57893
create-batch-K1-total[ms]	48	2048	0	2048	CLMUL	40.17695
create-batch-K2[ns]	48	2048	0	2048	GENERIC	4.77152
create-batch-K2-total[ms]	48	2048	0	2048	GENERIC	20.01322
create-batch-K2[ns]	48	2048	0	2048	CLMUL	4.16981
create-batch-K2-total[ms]	48	2048	0	2048	CLMUL	17.48944
create-batch-K4[ns]	48	2048	0	2048	GENERIC	5.20416
create-batch-K4-total[ms]	48	2048	0	2048	GENERIC	21.82781
create-batch-K4[ns]	48	2048	0	2048	CLMUL	2.34699
create-batch-K4-total[ms]	48	2048	0	2048	CLMUL	9.84398
create-batch-K8[ns]	48	2048	0	2048	GENERIC	5.59342
create-batch-K8-total[ms]	48	2048	0	2048	GENERIC	23.46051
create-batch-K8[ns]	48	2048	0	2048	CLMUL	1.95623
create-batch-K8-total[ms]	48	2048	0	2048	CLMUL	8.20502
create-batch-K1[ns]	48	2048	0	4096	GENERIC	6.09933
create-batch-K1-total[ms]	48	2048	0	4096	GENERIC	51.16488
create-batch-K1[ns]	48	2048	0	4096	CLMUL	9.57916
create-batch-K1-total[ms]	48	2048	0	4096	CLMUL	80.35580
create-batch-K2[ns]	48	2048	0	4096	GENERIC	4.77858
create-batch-K2-total[ms]	48	2048	0	4096	GENERIC	40.08563
create-batch-K2[ns]	48	2048	0	4096	CLMUL	4.16983
create-batch-K2-total[ms]	48	2048	0	4096	CLMUL	34.97910
create-batch-K4[ns]	48	2048	0	4096	GENERIC	5.20654
create-batch-K4-total[ms]	48	2048	0	4096	GENERIC	43.67561
create-batch-K4[ns]	48	2048	0	4096	CLMUL	2.34710
create-batch-K4-total[ms]	48	2048	0	4096	CLMUL	19.68890
create-batch-K8[ns]	48	2048	0	4096	GENERIC	5.59417
create-batch-K8-total[ms]	48	2048	0	4096	GENERIC	46.92731
create-batch-K8[ns]	48	2048	0	4096	CLMUL	1.95629
create-batch-K8-total[ms]	48	2048	0	4096	CLMUL	16.41056
create-batch-K1[ns]	48	2048	0	8192	GENERIC	6.09970
create-batch-K1-total[ms]	48	2048	0	8192	GENERIC	102.33595
create-batch-K1[ns]	48	2048	0	8192	CLMUL	9.57907
create-batch-K1-total[ms]	48	2048	0	8192	CLMUL	160.71014
create-batch-K2[ns]	48	2048	0	8192	GENERIC	4.77348
create-batch-K2-total[ms]	48	2048	0	8192	GENERIC	80.08567
create-batch-K2[ns]	48	2048	0	8192	CLMUL	4.17007
create-batch-K2-total[ms]	48	2048	0	8192	CLMUL	69.96221
create-batch-K4[ns]	48	2048	0	8192	GENERIC	5.20577
create-batch-K4-total[ms]	48	2048	0	8192	GENERIC	87.33829
create-batch-K4[ns]	48	2048	0	8192	CLMUL	2.34730
create-batch-K4-total[ms]	48	2048	0	8192	CLMUL	39.38113
create-batch-K8[ns]	48	2048	0	8192	GENERIC	5.59369
create-batch-K8-total[ms]	48	2048	0	8192	GENERIC	93.84658
create-batch-K8[ns]	48	2048	0	8192	CLMUL	1.95628
create-batch-K8-total[ms]	48	2048	0	8192	CLMUL	32.82101
create-batch-K1[ns]	48	3072	0	16	GENERIC	6.07794
create-batch-K1-total[ms]	48	3072	0	16	GENERIC	0.29874
create-batch-K1[ns]	48	3072	0	16	CLMUL	9.57884
create-batch-K1-total[ms]	48	3072	0	16	CLMUL	0.47082
create-batch-K2[ns]	48	3072	0	16	GENERIC	4.76154
create-batch-K2-total[ms]	48	3072	0	16	GENERIC	0.23404
create-batch-K2[ns]	48	3072	0	16	CLMUL	4.16852
create-batch-K2-total[ms]	48	3072	0	16	CLMUL	0.20489
create-batch-K4[ns]	48	3072	0	16	GENERIC	5.18691
create-batch-K4-total[ms]	48	3072	0	16	GENERIC	0.25495
create-batch-K4[ns]	48	3072	0	16	CLMUL	2.34611
create-batch-K4-total[ms]	48	3072	0	16	CLMUL	0.11532
create-batch-K8[ns]	48	3072	0	16	GENERIC	5.56820
create-batch-K8-total[ms]	48	3072	0	16	GENERIC	0.27369
create-batch-K8[ns]	48	3072	0	16	CLMUL	1.95540
create-batch-K8-total[ms]	48	3072	0	16	CLMUL	0.09611
create-batch-K1[ns]	48	3072	0	64	GENERIC	6.07748
create-batch-K1-total[ms]	48	3072	0	64	GENERIC	1.19488
create-batch-K1[ns]	48	3072	0	64	CLMUL	9.57846
create-batch-K1-total[ms]	48	3072	0	64	CLMUL	1.88320
create-batch-K2[ns]	48	3072	0	64	GENERIC	4.76116
create-batch-K2-total[ms]	48	3072	0	64	GENERIC	0.93608
create-batch-K2[ns]	48	3072	0	64	CLMUL	4.16795
create-batch-K2-total[ms]	48	3072	0	64	CLMUL	0.81945
create-batch-K4[ns]	48	3072	0	64	GENERIC	5.18446
create-batch-K4-total[ms]	48	3072	0	64	GENERIC	1.01931
create-batch-K4[ns]	48	3072	0	64	CLMUL	2.34281
create-batch-K4-total[ms]	48	3072	0	64	CLMUL	0.46062
create-batch-K8[ns]	48	3072	0	64	GENERIC	5.57140
create-batch-K8-total[ms]	48	3072	0	64	GENERIC	1.09538
create-batch-K8[ns]	48	3072	0	64	CLMUL	1.95484
create-batch-K8-total[ms]	48	3072	0	64	CLMUL	0.38434
create-batch-K1[ns]	48	3072	0	128	GENERIC	6.07677
create-batch-K1-total[ms]	48	3072	0	128	GENERIC	2.38948
create-batch-K1[ns]	48	3072	0	128	CLMUL	9.58228
create-batch-K1-total[ms]	48	3072	0	128	CLMUL	3.76791
create-batch-K2[ns]	48	3072	0	128	GENERIC	4.75886
create-batch-K2-total[ms]	48	3072	0	128	GENERIC	1.87126
create-batch-K2[ns]	48	3072	0	128	CLMUL	4.16776
create-batch-K2-total[ms]	48	3072	0	128	CLMUL	1.63883
create-batch-K4[ns]	48	3072	0	128	GENERIC	5.19444
create-batch-K4-total[ms]	48	3072	0	128	GENERIC	2.04254
create-batch-K4[ns]	48	3072	0	128	CLMUL	2.34549
create-batch-K4-total[ms]	48	3072	0	128	CLMUL	0.92229
create-batch-K8[ns]	48	3072	0	128	GENERIC	5.56880
create-batch-K8-total[ms]	48	3072	0	128	GENERIC	2.18974
create-batch-K8[ns]	48	3072	0	128	CLMUL	1.95474
create-batch-K8-total[ms]	48	3072	0	128	CLMUL	0.76864
create-batch-K1[ns]	48	3072	0	512	GENERIC	6.07825
create-batch-K1-total[ms]	48	3072	0	512	GENERIC	9.56025
create-batch-K1[ns]	48	3072	0	512	CLMUL	9.58120
create-batch-K1-total[ms]	48	3072	0	512	CLMUL	15.06992
create-batch-K2[ns]	48	3072	0	512	GENERIC	4.75638
create-batch-K2-total[ms]	48	3072	0	512	GENERIC	7.48114
create-batch-K2[ns]	48	3072	0	512	CLMUL	4.16886
create-batch-K2-total[ms]	48	3072	0	512	CLMUL	6.55704
create-batch-K4[ns]	48	3072	0	512	GENERIC	5.18656
create-batch-K4-total[ms]	48	3072	0	512	GENERIC	8.15776
create-batch-K4[ns]	48	3072	0	512	CLMUL	2.34539
create-batch-K4-total[ms]	48	3072	0	512	CLMUL	3.68898
create-batch-K8[ns]	48	3072	0	512	GENERIC	5.57450
create-batch-K8-total[ms]	48	3072	0	512	GENERIC	8.76793
create-batch-K8[ns]	48	3072	0	512	CLMUL	1.95472
create-batch-K8-total[ms]	48	3072	0	512	CLMUL	3.07451
create-batch-K1[ns]	48	3072	0	1024	GENERIC	6.07873
create-batch-K1-total[ms]	48	3072	0	1024	GENERIC	19.12203
create-batch-K1[ns]	48	3072	0	1024	CLMUL	9.58164
create-batch-K1-total[ms]	48	3072	0	1024	CLMUL	30.14123
create-batch-K2[ns]	48	3072	0	1024	GENERIC	4.75870
create-batch-K2-total[ms]	48	3072	0	1024	GENERIC	14.96957
create-batch-K2[ns]	48	3072	0	1024	CLMUL	4.16936
create-batch-K2-total[ms]	48	3072	0	1024	CLMUL	13.11566
create-batch-K4[ns]	48	3072	0	1024	GENERIC	5.18915
create-batch-K4-total[ms]	48	3072	0	1024	GENERIC	16.32367
create-batch-K4[ns]	48	3072	0	1024	CLMUL	2.34591
create-batch-K4-total[ms]	48	3072	0	1024	CLMUL	7.37961
create-batch-K8[ns]	48	3072	0	1024	GENERIC	5.57572
create-batch-K8-total[ms]	48	3072	0	1024	GENERIC	17.53970
create-batch-K8[ns]	48	3072	0	1024	CLMUL	1.95526
create-batch-K8-total[ms]	48	3072	0	1024	CLMUL	6.15071
create-batch-K1[ns]	48	3072	0	2048	GENERIC	6.08023
create-batch-K1-total[ms]	48	3072	0	2048	GENERIC	38.25349
create-batch-K1[ns]	48	3072	0	2048	CLMUL	9.58188
create-batch-K1-total[ms]	48	3072	0	2048	CLMUL	60.28401
create-batch-K2[ns]	48	3072	0	2048	GENERIC	4.76023
create-batch-K2-total[ms]	48	3072	0	2048	GENERIC	29.94876
create-batch-K2[ns]	48	3072	0	2048	CLMUL	4.16948
create-batch-K2-total[ms]	48	3072	0	2048	CLMUL	26.23212
create-batch-K4[ns]	48	3072	0	2048	GENERIC	5.18933
create-batch-K4-total[ms]	48	3072	0	2048	GENERIC	32.64843
create-batch-K4[ns]	48	3072	0	2048	CLMUL	2.34607
create-batch-K4-total[ms]	48	3072	0	2048	CLMUL	14.76017
create-batch-K8[ns]	48	3072	0	2048	GENERIC	5.57445
create-batch-K8-total[ms]	48	3072	0	2048	GENERIC	35.07138
create-batch-K8[ns]	48	3072	0	2048	CLMUL	1.95552
create-batch-K8-total[ms]	48	3072	0	2048	CLMUL	12.30306
create-batch-K1[ns]	48	3072	0	4096	GENERIC	6.07957
create-batch-K1-total[ms]	48	3072	0	4096	GENERIC	76.49873
create-batch-K1[ns]	48	3072	0	4096	CLMUL	9.58204
create-batch-K1-total[ms]	48	3072	0	4096	CLMUL	120.56997
create-batch-K2[ns]	48	3072	0	4096	GENERIC	4.75485
create-batch-K2-total[ms]	48	3072	0	4096	GENERIC	59.82985
create-batch-K2[ns]	48	3072	0	4096	CLMUL	4.16948
create-batch-K2-total[ms]	48	3072	0	4096	CLMUL	52.46423
create-batch-K4[ns]	48	3072	0	4096	GENERIC	5.18686
create-batch-K4-total[ms]	48	3072	0	4096	GENERIC	65.26581
create-batch-K4[ns]	48	3072	0	4096	CLMUL	2.34619
create-batch-K4-total[ms]	48	3072	0	4096	CLMUL	29.52191
create-batch-K8[ns]	48	3072	0	4096	GENERIC	5.57708
create-batch-K8-total[ms]	48	3072	0	4096	GENERIC	70.17589
create-batch-K8[ns]	48	3072	0	4096	CLMUL	1.95550
create-batch-K8-total[ms]	48	3072	0	4096	CLMUL	24.60593
create-batch-K1[ns]	48	3072	0	8192	GENERIC	6.08034
create-batch-K1-total[ms]	48	3072	0	8192	GENERIC	153.01689
create-batch-K1[ns]	48	3072	0	8192	CLMUL	9.58212
create-batch-K1-total[ms]	48	3072	0	8192	CLMUL	241.14184
create-batch-K2[ns]	48	3072	0	8192	GENERIC	4.75391
create-batch-K2-total[ms]	48	3072	0	8192	GENERIC	119.63608
create-batch-K2[ns]	48	3072	0	8192	CLMUL	4.16952
create-batch-K2-total[ms]	48	3072	0	8192	CLMUL	104.92948
create-batch-K4[ns]	48	3072	0	8192	GENERIC	5.18906
create-batch-K4-total[ms]	48	3072	0	8192	GENERIC	130.58690
create-batch-K4[ns]	48	3072	0	8192	CLMUL	2.34623
create-batch-K4-total[ms]	48	3072	0	8192	CLMUL	59.04489
create-batch-K8[ns]	48	3072	0	8192	GENERIC	5.57652
create-batch-K8-total[ms]	48	3072	0	8192	GENERIC	140.33768
create-batch-K8[ns]	48	3072	0	8192	CLMUL	1.95552
create-batch-K8-total[ms]	48	3072	0	8192	CLMUL	49.21220
create-batch-K1[ns]	48	4096	0	16	GENERIC	6.07109
create-batch-K1-total[ms]	48	4096	0	16	GENERIC	0.39788
create-batch-K1[ns]	48	4096	0	16	CLMUL	9.58035
create-batch-K1-total[ms]	48	4096	0	16	CLMUL	0.62786
create-batch-K2[ns]	48	4096	0	16	GENERIC	4.75514
create-batch-K2-total[ms]	48	4096	0	16	GENERIC	0.31163
create-batch-K2[ns]	48	4096	0	16	CLMUL	4.16823
create-batch-K2-total[ms]	48	4096	0	16	CLMUL	0.27317
create-batch-K4[ns]	48	4096	0	16	GENERIC	5.17729
create-batch-K4-total[ms]	48	4096	0	16	GENERIC	0.33930
create-batch-K4[ns]	48	4096	0	16	CLMUL	2.33519
create-batch-K4-total[ms]	48	4096	0	16	CLMUL	0.15304
create-batch-K8[ns]	48	4096	0	16	GENERIC	5.56526
create-batch-K8-total[ms]	48	4096	0	16	GENERIC	0.36472
create-batch-K8[ns]	48	4096	0	16	CLMUL	1.95485
create-batch-K8-total[ms]	48	4096	0	16	CLMUL	0.12811
create-batch-K1[ns]	48	4096	0	64	GENERIC	6.06818
create-batch-K1-total[ms]	48	4096	0	64	GENERIC	1.59074
create-batch-K1[ns]	48	4096	0	64	CLMUL	9.57964
create-batch-K1-total[ms]	48	4096	0	64	CLMUL	2.51125
create-batch-K2[ns]	48	4096	0	64	GENERIC	4.74553
create-batch-K2-total[ms]	48	4096	0	64	GENERIC	1.24401
create-batch-K2[ns]	48	4096	0	64	CLMUL	4.16767
create-batch-K2-total[ms]	48	4096	0	64	CLMUL	1.09253
create-batch-K4[ns]	48	4096	0	64	GENERIC	5.18259
create-batch-K4-total[ms]	48	4096	0	64	GENERIC	1.35859
create-batch-K4[ns]	48	4096	0	64	CLMUL	2.34521
create-batch-K4-total[ms]	48	4096	0	64	CLMUL	0.61478
create-batch-K8[ns]	48	4096	0	64	GENERIC	5.55736
create-batch-K8-total[ms]	48	4096	0	64	GENERIC	1.45683
create-batch-K8[ns]	48	4096	0	64	CLMUL	1.95441
create-batch-K8-total[ms]	48	4096	0	64	CLMUL	0.51234
create-batch-K1[ns]	48	4096	0	128	GENERIC	6.06652
create-batch-K1-total[ms]	48	4096	0	128	GENERIC	3.18060
create-batch-K1[ns]	48	4096	0	128	CLMUL	9.58261
create-batch-K1-total[ms]	48	4096	0	128	CLMUL	5.02405
create-batch-K2[ns]	48	4096	0	128	GENERIC	4.74044
create-batch-K2-total[ms]	48	4096	0	128	GENERIC	2.48536
create-batch-K2[ns]	48	4096	0	128	CLMUL	4.16756
create-batch-K2-total[ms]	48	4096	0	128	CLMUL	2.18500
create-batch-K4[ns]	48	4096	0	128	GENERIC	5.18111
create-batch-K4-total[ms]	48	4096	0	128	GENERIC	2.71640
create-batch-K4[ns]	48	4096	0	128	CLMUL	2.34355
create-batch-K4-total[ms]	48	4096	0	128	CLMUL	1.22870
create-batch-K8[ns]	48	4096	0	128	GENERIC	5.56216
create-batch-K8-total[ms]	48	4096	0	128	GENERIC	2.91617
create-batch-K8[ns]	48	4096	0	128	CLMUL	1.95434
create-batch-K8-total[ms]	48	4096	0	128	CLMUL	1.02464
create-batch-K1[ns]	48	4096	0	512	GENERIC	6.06920
create-batch-K1-total[ms]	48	4096	0	512	GENERIC	12.72803
create-batch-K1[ns]	48	4096	0	512	CLMUL	9.58353
create-batch-K1-total[ms]	48	4096	0	512	CLMUL	20.09811
create-batch-K2[ns]	48	4096	0	512	GENERIC	4.74435
create-batch-K2-total[ms]	48	4096	0	512	GENERIC	9.94963
create-batch-K2[ns]	48	4096	0	512	CLMUL	4.16911
create-batch-K2-total[ms]	48	4096	0	512	CLMUL	8.74325
create-batch-K4[ns]	48	4096	0	512	GENERIC	5.17805
create-batch-K4-total[ms]	48	4096	0	512	GENERIC	10.85916
create-batch-K4[ns]	48	4096	0	512	CLMUL	2.34574
create-batch-K4-total[ms]	48	4096	0	512	CLMUL	4.91938
create-batch-K8[ns]	48	4096	0	512	GENERIC	5.56573
create-batch-K8-total[ms]	48	4096	0	512	GENERIC	11.67218
create-batch-K8[ns]	48	4096	0	512	CLMUL	1.95515
create-batch-K8-total[ms]	48	4096	0	512	CLMUL	4.10024
create-batch-K1[ns]	48	4096	0	1024	GENERIC	6.06967
create-batch-K1-total[ms]	48	4096	0	1024	GENERIC	25.45803
create-batch-K1[ns]	48	4096	0	1024	CLMUL	9.58348
create-batch-K1-total[ms]	48	4096	0	1024	CLMUL	40.19602
create-batch-K2[ns]	48	4096	0	1024	GENERIC	4.74747
create-batch-K2-total[ms]	48	4096	0	1024	GENERIC	19.91235
create-batch-K2[ns]	48	4096	0	1024	CLMUL	4.16912
create-batch-K2-total[ms]	48	4096	0	1024	CLMUL	17.48657
create-batch-K4[ns]	48	4096	0	1024	GENERIC	5.18046
create-batch-K4-total[ms]	48	4096	0	1024	GENERIC	21.72844
create-batch-K4[ns]	48	4096	0	1024	CLMUL	2.34570
create-batch-K4-total[ms]	48	4096	0	1024	CLMUL	9.83857
create-batch-K8[ns]	48	4096	0	1024	GENERIC	5.56613
create-batch-K8-total[ms]	48	4096	0	1024	GENERIC	23.34603
create-batch-K8[ns]	48	4096	0	1024	CLMUL	1.95512
create-batch-K8-total[ms]	48	4096	0	1024	CLMUL	8.20036
create-batch-K1[ns]	48	4096	0	2048	GENERIC	6.06992
create-batch-K1-total[ms]	48	4096	0	2048	GENERIC	50.91820
create-batch-K1[ns]	48	4096	0	2048	CLMUL	9.58330
create-batch-K1-total[ms]	48	4096	0	2048	CLMUL	80.39057
create-batch-K2[ns]	48	4096	0	2048	GENERIC	4.74626
create-batch-K2-total[ms]	48	4096	0	2048	GENERIC	39.81450
create-batch-K2[ns]	48	4096	0	2048	CLMUL	4.16915
create-batch-K2-total[ms]	48	4096	0	2048	CLMUL	34.97336
create-batch-K4[ns]	48	4096	0	2048	GENERIC	5.17963
create-batch-K4-total[ms]	48	4096	0	2048	GENERIC	43.44991
create-batch-K4[ns]	48	4096	0	2048	CLMUL	2.34574
create-batch-K4-total[ms]	48	4096	0	2048	CLMUL	19.67750
create-batch-K8[ns]	48	4096	0	2048	GENERIC	5.56667
create-batch-K8-total[ms]	48	4096	0	2048	GENERIC	46.69658
create-batch-K8[ns]	48	4096	0	2048	CLMUL	1.95510
create-batch-K8-total[ms]	48	4096	0	2048	CLMUL	16.40058
create-batch-K1[ns]	48	4096	0	4096	GENERIC	6.07047
create-batch-K1-total[ms]	48	4096	0	4096	GENERIC	101.84553
create-batch-K1[ns]	48	4096	0	4096	CLMUL	9.58338
create-batch-K1-total[ms]	48	4096	0	4096	CLMUL	160.78245
create-batch-K2[ns]	48	4096	0	4096	GENERIC	4.74691
create-batch-K2-total[ms]	48	4096	0	4096	GENERIC	79.63995
create-batch-K2[ns]	48	4096	0	4096	CLMUL	4.16918
create-batch-K2-total[ms]	48	4096	0	4096	CLMUL	69.94723
create-batch-K4[ns]	48	4096	0	4096	GENERIC	5.18071
create-batch-K4-total[ms]	48	4096	0	4096	GENERIC	86.91796
create-batch-K4[ns]	48	4096	0	4096	CLMUL	2.34576
create-batch-K4-total[ms]	48	4096	0	4096	CLMUL	39.35541
create-batch-K8[ns]	48	4096	0	4096	GENERIC	5.56636
create-batch-K8-total[ms]	48	4096	0	4096	GENERIC	93.38810
create-batch-K8[ns]	48	4096	0	4096	CLMUL	1.95512
create-batch-K8-total[ms]	48	4096	0	4096	CLMUL	32.80140
create-batch-K1[ns]	48	4096	0	8192	GENERIC	6.07043
create-batch-K1-total[ms]	48	4096	0	8192	GENERIC	203.69000
create-batch-K1[ns]	48	4096	0	8192	CLMUL	9.58385
create-batch-K1-total[ms]	48	4096	0	8192	CLMUL	321.58066
create-batch-K2[ns]	48	4096	0	8192	GENERIC	4.74743
create-batch-K2-total[ms]	48	4096	0	8192	GENERIC	159.29721
create-batch-K2[ns]	48	4096	0	8192	CLMUL	4.16932
create-batch-K2-total[ms]	48	4096	0	8192	CLMUL	139.89933
create-batch-K4[ns]	48	4096	0	8192	GENERIC	5.18082
create-batch-K4-total[ms]	48	4096	0	8192	GENERIC	173.83933
create-batch-K4[ns]	48	4096	0	8192	CLMUL	2.34585
create-batch-K4-total[ms]	48	4096	0	8192	CLMUL	78.71374
create-batch-K8[ns]	48	4096	0	8192	GENERIC	5.56758
create-batch-K8-total[ms]	48	4096	0	8192	GENERIC	186.81683
create-batch-K8[ns]	48	4096	0	8192	CLMUL	1.95518
create-batch-K8-total[ms]	48	4096	0	8192	CLMUL	65.60502
create-batch-K1[ns]	48	5120	0	16	GENERIC	6.06831
create-batch-K1-total[ms]	48	5120	0	16	GENERIC	0.49712
create-batch-K1[ns]	48	5120	0	16	CLMUL	9.58126
create-batch-K1-total[ms]	48	5120	0	16	CLMUL	0.78490
create-batch-K2[ns]	48	5120	0	16	GENERIC	4.74564
create-batch-K2-total[ms]	48	5120	0	16	GENERIC	0.38876
create-batch-K2[ns]	48	5120	0	16	CLMUL	4.16805
create-batch-K2-total[ms]	48	5120	0	16	CLMUL	0.34145
create-batch-K4[ns]	48	5120	0	16	GENERIC	5.17605
create-batch-K4-total[ms]	48	5120	0	16	GENERIC	0.42402
create-batch-K4[ns]	48	5120	0	16	CLMUL	2.33450
create-batch-K4-total[ms]	48	5120	0	16	CLMUL	0.19124
create-batch-K8[ns]	48	5120	0	16	GENERIC	5.55854
create-batch-K8-total[ms]	48	5120	0	16	GENERIC	0.45536
create-batch-K8[ns]	48	5120	0	16	CLMUL	1.95427
create-batch-K8-total[ms]	48	5120	0	16	CLMUL	0.16009
create-batch-K1[ns]	48	5120	0	64	GENERIC	6.06554
create-batch-K1-total[ms]	48	5120	0	64	GENERIC	1.98756
create-batch-K1[ns]	48	5120	0	64	CLMUL	9.58052
create-batch-K1-total[ms]	48	5120	0	64	CLMUL	3.13935
create-batch-K2[ns]	48	5120	0	64	GENERIC	4.75112
create-batch-K2-total[ms]	48	5120	0	64	GENERIC	1.55685
create-batch-K2[ns]	48	5120	0	64	CLMUL	4.16750
create-batch-K2-total[ms]	48	5120	0	64	CLMUL	1.36560
create-batch-K4[ns]	48	5120	0	64	GENERIC	5.17572
create-batch-K4-total[ms]	48	5120	0	64	GENERIC	1.69598
create-batch-K4[ns]	48	5120	0	64	CLMUL	2.34315
create-batch-K4-total[ms]	48	5120	0	64	CLMUL	0.76780
create-batch-K8[ns]	48	5120	0	64	GENERIC	5.56329
create-batch-K8-total[ms]	48	5120	0	64	GENERIC	1.82298
create-batch-K8[ns]	48	5120	0	64	CLMUL	1.95405
create-batch-K8-total[ms]	48	5120	0	64	CLMUL	0.64030
create-batch-K1[ns]	48	5120	0	128	GENERIC	6.06859
create-batch-K1-total[ms]	48	5120	0	128	GENERIC	3.97711
create-batch-K1[ns]	48	5120	0	128	CLMUL	9.58298
create-batch-K1-total[ms]	48	5120	0	128	CLMUL	6.28030
create-batch-K2[ns]	48	5120	0	128	GENERIC	4.74646
create-batch-K2-total[ms]	48	5120	0	128	GENERIC	3.11064
create-batch-K2[ns]	48	5120	0	128	CLMUL	4.16747
create-batch-K2-total[ms]	48	5120	0	128	CLMUL	2.73119
create-batch-K4[ns]	48	5120	0	128	GENERIC	5.18038
create-batch-K4-total[ms]	48	5120	0	128	GENERIC	3.39501
create-batch-K4[ns]	48	5120	0	128	CLMUL	2.34482
create-batch-K4-total[ms]	48	5120	0	128	CLMUL	1.53670
create-batch-K8[ns]	48	5120	0	128	GENERIC	5.56490
create-batch-K8-total[ms]	48	5120	0	128	GENERIC	3.64702
create-batch-K8[ns]	48	5120	0	128	CLMUL	1.95405
create-batch-K8-total[ms]	48	5120	0	128	CLMUL	1.28060
create-batch-K1[ns]	48	5120	0	512	GENERIC	6.06432
create-batch-K1-total[ms]	48	5120	0	512	GENERIC	15.89726
create-batch-K1[ns]	48	5120	0	512	CLMUL	9.58413
create-batch-K1-total[ms]	48	5120	0	512	CLMUL	25.12422
create-batch-K2[ns]	48	5120	0	512	GENERIC	4.74120
create-batch-K2-total[ms]	48	5120	0	512	GENERIC	12.42878
create-batch-K2[ns]	48	5120	0	512	CLMUL	4.16866
create-batch-K2-total[ms]	48	5120	0	512	CLMUL	10.92790
create-batch-K4[ns]	48	5120	0	512	GENERIC	5.18327
create-batch-K4-total[ms]	48	5120	0	512	GENERIC	13.58763
create-batch-K4[ns]	48	5120	0	512	CLMUL	2.34526
create-batch-K4-total[ms]	48	5120	0	512	CLMUL	6.14795
create-batch-K8[ns]	48	5120	0	512	GENERIC	5.56635
create-batch-K8-total[ms]	48	5120	0	512	GENERIC	14.59186
create-batch-K8[ns]	48	5120	0	512	CLMUL	1.95484
create-batch-K8-total[ms]	48	5120	0	512	CLMUL	5.12449
create-batch-K1[ns]	48	5120	0	1024	GENERIC	6.06973
create-batch-K1-total[ms]	48	5120	0	1024	GENERIC	31.82287
create-batch-K1[ns]	48	5120	0	1024	CLMUL	9.58407
create-batch-K1-total[ms]	48	5120	0	1024	CLMUL	50.24812
create-batch-K2[ns]	48	5120	0	1024	GENERIC	4.75190
create-batch-K2-total[ms]	48	5120	0	1024	GENERIC	24.91362
create-batch-K2[ns]	48	5120	0	1024	CLMUL	4.16908
create-batch-K2-total[ms]	48	5120	0	1024	CLMUL	21.85798
create-batch-K4[ns]	48	5120	0	1024	GENERIC	5.17533
create-batch-K4-total[ms]	48	5120	0	1024	GENERIC	27.13364
create-batch-K4[ns]	48	5120	0	1024	CLMUL	2.34545
create-batch-K4-total[ms]	48	5120	0	1024	CLMUL	12.29689
create-batch-K8[ns]	48	5120	0	1024	GENERIC	5.57104
create-batch-K8-total[ms]	48	5120	0	1024	GENERIC	29.20831
create-batch-K8[ns]	48	5120	0	1024	CLMUL	1.95478
create-batch-K8-total[ms]	48	5120	0	1024	CLMUL	10.24865
create-batch-K1[ns]	48	5120	0	2048	GENERIC	6.06920
create-batch-K1-total[ms]	48	5120	0	2048	GENERIC	63.64023
create-batch-K1[ns]	48	5120	0	2048	CLMUL	9.58436
create-batch-K1-total[ms]	48	5120	0	2048	CLMUL	100.49935
create-batch-K2[ns]	48	5120	0	2048	GENERIC	4.74777
create-batch-K2-total[ms]	48	5120	0	2048	GENERIC	49.78393
create-batch-K2[ns]	48	5120	0	2048	CLMUL	4.16908
create-batch-K2-total[ms]	48	5120	0	2048	CLMUL	43.71597
create-batch-K4[ns]	48	5120	0	2048	GENERIC	5.17621
create-batch-K4-total[ms]	48	5120	0	2048	GENERIC	54.27655
create-batch-K4[ns]	48	5120	0	2048	CLMUL	2.34552
create-batch-K4-total[ms]	48	5120	0	2048	CLMUL	24.59455
create-batch-K8[ns]	48	5120	0	2048	GENERIC	5.57124
create-batch-K8-total[ms]	48	5120	0	2048	GENERIC	58.41873
create-batch-K8[ns]	48	5120	0	2048	CLMUL	1.95490
create-batch-K8-total[ms]	48	5120	0	2048	CLMUL	20.49860
create-batch-K1[ns]	48	5120	0	4096	GENERIC	6.06960
create-batch-K1-total[ms]	48	5120	0	4096	GENERIC	127.28868
create-batch-K1[ns]	48	5120	0	4096	CLMUL	9.58433
create-batch-K1-total[ms]	48	5120	0	4096	CLMUL	200.99802
create-batch-K2[ns]	48	5120	0	4096	GENERIC	4.74389
create-batch-K2-total[ms]	48	5120	0	4096	GENERIC	99.48666
create-batch-K2[ns]	48	5120	0	4096	CLMUL	4.16920
create-batch-K2-total[ms]	48	5120	0	4096	CLMUL	87.43442
create-batch-K4[ns]	48	5120	0	4096	GENERIC	5.17527
create-batch-K4-total[ms]	48	5120	0	4096	GENERIC	108.53332
create-batch-K4[ns]	48	5120	0	4096	CLMUL	2.34560
create-batch-K4-total[ms]	48	5120	0	4096	CLMUL	49.19078
create-batch-K8[ns]	48	5120	0	4096	GENERIC	5.56926
create-batch-K8-total[ms]	48	5120	0	4096	GENERIC	116.79580
create-batch-K8[ns]	48	5120	0	4096	CLMUL	1.95491
create-batch-K8-total[ms]	48	5120	0	4096	CLMUL	40.99748
create-batch-K1[ns]	48	5120	0	8192	GENERIC	6.06927
create-batch-K1-total[ms]	48	5120	0	8192	GENERIC	254.56365
create-batch-K1[ns]	48	5120	0	8192	CLMUL	9.58463
create-batch-K1-total[ms]	48	5120	0	8192	CLMUL	402.00836
create-batch-K2[ns]	48	5120	0	8192	GENERIC	4.75221
create-batch-K2-total[ms]	48	5120	0	8192	GENERIC	199.32195
create-batch-K2[ns]	48	5120	0	8192	CLMUL	4.16915
create-batch-K2-total[ms]	48	5120	0	8192	CLMUL	174.86665
create-batch-K4[ns]	48	5120	0	8192	GENERIC	5.17819
create-batch-K4-total[ms]	48	5120	0	8192	GENERIC	217.18905
create-batch-K4[ns]	48	5120	0	8192	CLMUL	2.34571
create-batch-K4-total[ms]	48	5120	0	8192	CLMUL	98.38606
create-batch-K8[ns]	48	5120	0	8192	GENERIC	5.56959
create-batch-K8-total[ms]	48	5120	0	8192	GENERIC	233.60559
create-batch-K8[ns]	48	5120	0	8192	CLMUL	1.95494
create-batch-K8-total[ms]	48	5120	0	8192	CLMUL	81.99625
create-batch-K1[ns]	48	6144	0	16	GENERIC	6.06796
create-batch-K1-total[ms]	48	6144	0	16	GENERIC	0.59650
create-batch-K1[ns]	48	6144	0	16	CLMUL	9.58167
create-batch-K1-total[ms]	48	6144	0	16	CLMUL	0.94192
create-batch-K2[ns]	48	6144	0	16	GENERIC	4.75476
create-batch-K2-total[ms]	48	6144	0	16	GENERIC	0.46741
create-batch-K2[ns]	48	6144	0	16	CLMUL	4.16795
create-batch-K2-total[ms]	48	6144	0	16	CLMUL	0.40973
create-batch-K4[ns]	48	6144	0	16	GENERIC	5.17919
create-batch-K4-total[ms]	48	6144	0	16	GENERIC	0.50914
create-batch-K4[ns]	48	6144	0	16	CLMUL	2.34516
create-batch-K4-total[ms]	48	6144	0	16	CLMUL	0.23054
create-batch-K8[ns]	48	6144	0	16	GENERIC	5.56367
create-batch-K8-total[ms]	48	6144	0	16	GENERIC	0.54693
create-batch-K8[ns]	48	6144	0	16	CLMUL	1.95408
create-batch-K8-total[ms]	48	6144	0	16	CLMUL	0.19209
create-batch-K1[ns]	48	6144	0	64	GENERIC	6.06646
create-batch-K1-total[ms]	48	6144	0	64	GENERIC	2.38543
create-batch-K1[ns]	48	6144	0	64	CLMUL	9.58125
create-batch-K1-total[ms]	48	6144	0	64	CLMUL	3.76750
create-batch-K2[ns]	48	6144	0	64	GENERIC	4.74958
create-batch-K2-total[ms]	48	6144	0	64	GENERIC	1.86761
create-batch-K2[ns]	48	6144	0	64	CLMUL	4.16738
create-batch-K2-total[ms]	48	6144	0	64	CLMUL	1.63868
create-batch-K4[ns]	48	6144	0	64	GENERIC	5.17937
create-batch-K4-total[ms]	48	6144	0	64	GENERIC	2.03661
create-batch-K4[ns]	48	6144	0	64	CLMUL	2.34474
create-batch-K4-total[ms]	48	6144	0	64	CLMUL	0.92199
create-batch-K8[ns]	48	6144	0	64	GENERIC	5.56325
create-batch-K8-total[ms]	48	6144	0	64	GENERIC	2.18756
create-batch-K8[ns]	48	6144	0	64	CLMUL	1.95399
create-batch-K8-total[ms]	48	6144	0	64	CLMUL	0.76834
create-batch-K1[ns]	48	6144	0	128	GENERIC	6.06458
create-batch-K1-total[ms]	48	6144	0	128	GENERIC	4.76938
create-batch-K1[ns]	48	6144	0	128	CLMUL	9.58334
create-batch-K1-total[ms]	48	6144	0	128	CLMUL	7.53665
create-batch-K2[ns]	48	6144	0	128	GENERIC	4.74188
create-batch-K2-total[ms]	48	6144	0	128	GENERIC	3.72917
create-batch-K2[ns]	48	6144	0	128	CLMUL	4.16739
create-batch-K2-total[ms]	48	6144	0	128	CLMUL	3.27737
create-batch-K4[ns]	48	6144	0	128	GENERIC	5.18481
create-batch-K4-total[ms]	48	6144	0	128	GENERIC	4.07750
create-batch-K4[ns]	48	6144	0	128	CLMUL	2.34467
create-batch-K4-total[ms]	48	6144	0	128	CLMUL	1.84393
create-batch-K8[ns]	48	6144	0	128	GENERIC	5.56464
create-batch-K8-total[ms]	48	6144	0	128	GENERIC	4.37621
create-batch-K8[ns]	48	6144	0	128	CLMUL	1.95392
create-batch-K8-total[ms]	48	6144	0	128	CLMUL	1.53663
create-batch-K1[ns]	48	6144	0	512	GENERIC	6.06501
create-batch-K1-total[ms]	48	6144	0	512	GENERIC	19.07888
create-batch-K1[ns]	48	6144	0	512	CLMUL	9.58489
create-batch-K1-total[ms]	48	6144	0	512	CLMUL	30.15145
create-batch-K2[ns]	48	6144	0	512	GENERIC	4.75057
create-batch-K2-total[ms]	48	6144	0	512	GENERIC	14.94399
create-batch-K2[ns]	48	6144	0	512	CLMUL	4.16910
create-batch-K2-total[ms]	48	6144	0	512	CLMUL	13.11486
create-batch-K4[ns]	48	6144	0	512	GENERIC	5.18575
create-batch-K4-total[ms]	48	6144	0	512	GENERIC	16.31295
create-batch-K4[ns]	48	6144	0	512	CLMUL	2.34533
create-batch-K4-total[ms]	48	6144	0	512	CLMUL	7.37775
create-batch-K8[ns]	48	6144	0	512	GENERIC	5.56904
create-batch-K8-total[ms]	48	6144	0	512	GENERIC	17.51868
create-batch-K8[ns]	48	6144	0	512	CLMUL	1.95454
create-batch-K8-total[ms]	48	6144	0	512	CLMUL	6.14846
create-batch-K1[ns]	48	6144	0	1024	GENERIC	6.06918
create-batch-K1-total[ms]	48	6144	0	1024	GENERIC	38.18395
create-batch-K1[ns]	48	6144	0	1024	CLMUL	9.58505
create-batch-K1-total[ms]	48	6144	0	1024	CLMUL	60.30390
create-batch-K2[ns]	48	6144	0	1024	GENERIC	4.75364
create-batch-K2-total[ms]	48	6144	0	1024	GENERIC	29.90734
create-batch-K2[ns]	48	6144	0	1024	CLMUL	4.16905
create-batch-K2-total[ms]	48	6144	0	1024	CLMUL	26.22941
create-batch-K4[ns]	48	6144	0	1024	GENERIC	5.18703
create-batch-K4-total[ms]	48	6144	0	1024	GENERIC	32.63396
create-batch-K4[ns]	48	6144	0	1024	CLMUL	2.34540
create-batch-K4-total[ms]	48	6144	0	1024	CLMUL	14.75597
create-batch-K8[ns]	48	6144	0	1024	GENERIC	5.57086
create-batch-K8-total[ms]	48	6144	0	1024	GENERIC	35.04879
create-batch-K8[ns]	48	6144	0	1024	CLMUL	1.95478
create-batch-K8-total[ms]	48	6144	0	1024	CLMUL	12.29841
create-batch-K1[ns]	48	6144	0	2048	GENERIC	6.06979
create-batch-K1-total[ms]	48	6144	0	2048	GENERIC	76.37557
create-batch-K1[ns]	48	6144	0	2048	CLMUL	9.58521
create-batch-K1-total[ms]	48	6144	0	2048	CLMUL	120.60982
create-batch-K2[ns]	48	6144	0	2048	GENERIC	4.74860
create-batch-K2-total[ms]	48	6144	0	2048	GENERIC	59.75123
create-batch-K2[ns]	48	6144	0	2048	CLMUL	4.16909
create-batch-K2-total[ms]	48	6144	0	2048	CLMUL	52.45935
create-batch-K4[ns]	48	6144	0	2048	GENERIC	5.18263
create-batch-K4-total[ms]	48	6144	0	2048	GENERIC	65.21252
create-batch-K4[ns]	48	6144	0	2048	CLMUL	2.34546
create-batch-K4-total[ms]	48	6144	0	2048	CLMUL	29.51267
create-batch-K8[ns]	48	6144	0	2048	GENERIC	5.57163
create-batch-K8-total[ms]	48	6144	0	2048	GENERIC	70.10731
create-batch-K8[ns]	48	6144	0	2048	CLMUL	1.95478
create-batch-K8-total[ms]	48	6144	0	2048	CLMUL	24.59677
create-batch-K1[ns]	48	6144	0	4096	GENERIC	6.07009
create-batch-K1-total[ms]	48	6144	0	4096	GENERIC	152.75881
create-batch-K1[ns]	48	6144	0	4096	CLMUL	9.58510
create-batch-K1-total[ms]	48	6144	0	4096	CLMUL	241.21681
create-batch-K2[ns]	48	6144	0	4096	GENERIC	4.75283
create-batch-K2-total[ms]	48	6144	0	4096	GENERIC	119.60880
create-batch-K2[ns]	48	6144	0	4096	CLMUL	4.16914
create-batch-K2-total[ms]	48	6144	0	4096	CLMUL	104.91992
create-batch-K4[ns]	48	6144	0	4096	GENERIC	5.18580
create-batch-K4-total[ms]	48	6144	0	4096	GENERIC	130.50490
create-batch-K4[ns]	48	6144	0	4096	CLMUL	2.34551
create-batch-K4-total[ms]	48	6144	0	4096	CLMUL	59.02660
create-batch-K8[ns]	48	6144	0	4096	GENERIC	5.57228
create-batch-K8-total[ms]	48	6144	0	4096	GENERIC	140.23095
create-batch-K8[ns]	48	6144	0	4096	CLMUL	1.95476
create-batch-K8-total[ms]	48	6144	0	4096	CLMUL	49.19317
create-batch-K1[ns]	48	6144	0	8192	GENERIC	6.06953
create-batch-K1-total[ms]	48	6144	0	8192	GENERIC	305.48963
create-batch-K1[ns]	48	6144	0	8192	CLMUL	9.58564
create-batch-K1-total[ms]	48	6144	0	8192	CLMUL	482.46099
create-batch-K2[ns]	48	6144	0	8192	GENERIC	4.75190
create-batch-K2-total[ms]	48	6144	0	8192	GENERIC	239.17080
create-batch-K2[ns]	48	6144	0	8192	CLMUL	4.16921
create-batch-K2-total[ms]	48	6144	0	8192	CLMUL	209.84321
create-batch-K4[ns]	48	6144	0	8192	GENERIC	5.18666
create-batch-K4-total[ms]	48	6144	0	8192	GENERIC	261.05314
create-batch-K4[ns]	48	6144	0	8192	CLMUL	2.34550
create-batch-K4-total[ms]	48	6144	0	8192	CLMUL	118.05264
create-batch-K8[ns]	48	6144	0	8192	GENERIC	5.57133
create-batch-K8-total[ms]	48	6144	0	8192	GENERIC	280.41442
create-batch-K8[ns]	48	6144	0	8192	CLMUL	1.95478
create-batch-K8-total[ms]	48	6144	0	8192	CLMUL	98.38712
create-batch-K1[ns]	48	7168	0	16	GENERIC	6.06869
create-batch-K1-total[ms]	48	7168	0	16	GENERIC	0.69601
create-batch-K1[ns]	48	7168	0	16	CLMUL	9.58213
create-batch-K1-total[ms]	48	7168	0	16	CLMUL	1.09895
create-batch-K2[ns]	48	7168	0	16	GENERIC	4.75351
create-batch-K2-total[ms]	48	7168	0	16	GENERIC	0.54517
create-batch-K2[ns]	48	7168	0	16	CLMUL	4.16819
create-batch-K2-total[ms]	48	7168	0	16	CLMUL	0.47804
create-batch-K4[ns]	48	7168	0	16	GENERIC	5.18045
create-batch-K4-total[ms]	48	7168	0	16	GENERIC	0.59413
create-batch-K4[ns]	48	7168	0	16	CLMUL	2.34519
create-batch-K4-total[ms]	48	7168	0	16	CLMUL	0.26897
create-batch-K8[ns]	48	7168	0	16	GENERIC	5.56136
create-batch-K8-total[ms]	48	7168	0	16	GENERIC	0.63782
create-batch-K8[ns]	48	7168	0	16	CLMUL	1.95411
create-batch-K8-total[ms]	48	7168	0	16	CLMUL	0.22411
create-batch-K1[ns]	48	7168	0	64	GENERIC	6.06454
create-batch-K1-total[ms]	48	7168	0	64	GENERIC	2.78212
create-batch-K1[ns]	48	7168	0	64	CLMUL	9.58548
create-batch-K1-total[ms]	48	7168	0	64	CLMUL	4.39736
create-batch-K2[ns]	48	7168	0	64	GENERIC	4.75162
create-batch-K2-total[ms]	48	7168	0	64	GENERIC	2.17982
create-batch-K2[ns]	48	7168	0	64	CLMUL	4.16759
create-batch-K2-total[ms]	48	7168	0	64	CLMUL	1.91189
create-batch-K4[ns]	48	7168	0	64	GENERIC	5.17472
create-batch-K4-total[ms]	48	7168	0	64	GENERIC	2.37391
create-batch-K4[ns]	48	7168	0	64	CLMUL	2.34471
create-batch-K4-total[ms]	48	7168	0	64	CLMUL	1.07564
create-batch-K8[ns]	48	7168	0	64	GENERIC	5.56337
create-batch-K8-total[ms]	48	7168	0	64	GENERIC	2.55221
create-batch-K8[ns]	48	7168	0	64	CLMUL	1.95399
create-batch-K8-total[ms]	48	7168	0	64	CLMUL	0.89640
create-batch-K1[ns]	48	7168	0	128	GENERIC	6.06518
create-batch-K1-total[ms]	48	7168	0	128	GENERIC	5.56483
create-batch-K1[ns]	48	7168	0	128	CLMUL	9.58532
create-batch-K1-total[ms]	48	7168	0	128	CLMUL	8.79457
create-batch-K2[ns]	48	7168	0	128	GENERIC	4.74620
create-batch-K2-total[ms]	48	7168	0	128	GENERIC	4.35465
create-batch-K2[ns]	48	7168	0	128	CLMUL	4.16942
create-batch-K2-total[ms]	48	7168	0	128	CLMUL	3.82546
create-batch-K4[ns]	48	7168	0	128	GENERIC	5.17764
create-batch-K4-total[ms]	48	7168	0	128	GENERIC	4.75051
create-batch-K4[ns]	48	7168	0	128	CLMUL	2.34463
create-batch-K4-total[ms]	48	7168	0	128	CLMUL	2.15121
create-batch-K8[ns]	48	7168	0	128	GENERIC	5.56721
create-batch-K8-total[ms]	48	7168	0	128	GENERIC	5.10794
create-batch-K8[ns]	48	7168	0	128	CLMUL	1.95391
create-batch-K8-total[ms]	48	7168	0	128	CLMUL	1.79272
create-batch-K1[ns]	48	7168	0	512	GENERIC	6.06524
create-batch-K1-total[ms]	48	7168	0	512	GENERIC	22.25953
create-batch-K1[ns]	48	7168	0	512	CLMUL	9.58574
create-batch-K1-total[ms]	48	7168	0	512	CLMUL	35.17982
create-batch-K2[ns]	48	7168	0	512	GENERIC	4.75344
create-batch-K2-total[ms]	48	7168	0	512	GENERIC	17.44518
create-batch-K2[ns]	48	7168	0	512	CLMUL	4.16880
create-batch-K2-total[ms]	48	7168	0	512	CLMUL	15.29955
create-batch-K4[ns]	48	7168	0	512	GENERIC	5.18229
create-batch-K4-total[ms]	48	7168	0	512	GENERIC	19.01907
create-batch-K4[ns]	48	7168	0	512	CLMUL	2.34553
create-batch-K4-total[ms]	48	7168	0	512	CLMUL	8.60812
create-batch-K8[ns]	48	7168	0	512	GENERIC	5.56795
create-batch-K8-total[ms]	48	7168	0	512	GENERIC	20.43445
create-batch-K8[ns]	48	7168	0	512	CLMUL	1.95483
create-batch-K8-total[ms]	48	7168	0	512	CLMUL	7.17425
create-batch-K1[ns]	48	7168	0	1024	GENERIC	6.06664
create-batch-K1-total[ms]	48	7168	0	1024	GENERIC	44.52933
create-batch-K1[ns]	48	7168	0	1024	CLMUL	9.58579
create-batch-K1-total[ms]	48	7168	0	1024	CLMUL	70.36004
create-batch-K2[ns]	48	7168	0	1024	GENERIC	4.75072
create-batch-K2-total[ms]	48	7168	0	1024	GENERIC	34.87042
create-batch-K2[ns]	48	7168	0	1024	CLMUL	4.16912
create-batch-K2-total[ms]	48	7168	0	1024	CLMUL	30.60148
create-batch-K4[ns]	48	7168	0	1024	GENERIC	5.18337
create-batch-K4-total[ms]	48	7168	0	1024	GENERIC	38.04610
create-batch-K4[ns]	48	7168	0	1024	CLMUL	2.34536
create-batch-K4-total[ms]	48	7168	0	1024	CLMUL	17.21500
create-batch-K8[ns]	48	7168	0	1024	GENERIC	5.57001
create-batch-K8-total[ms]	48	7168	0	1024	GENERIC	40.88407
create-batch-K8[ns]	48	7168	0	1024	CLMUL	1.95481
create-batch-K8-total[ms]	48	7168	0	1024	CLMUL	14.34834
create-batch-K1[ns]	48	7168	0	2048	GENERIC	6.06664
create-batch-K1-total[ms]	48	7168	0	2048	GENERIC	89.05860
create-batch-K1[ns]	48	7168	0	2048	CLMUL	9.58615
create-batch-K1-total[ms]	48	7168	0	2048	CLMUL	140.72532
create-batch-K2[ns]	48	7168	0	2048	GENERIC	4.74605
create-batch-K2-total[ms]	48	7168	0	2048	GENERIC	69.67225
create-batch-K2[ns]	48	7168	0	2048	CLMUL	4.16925
create-batch-K2-total[ms]	48	7168	0	2048	CLMUL	61.20490
create-batch-K4[ns]	48	7168	0	2048	GENERIC	5.18353
create-batch-K4-total[ms]	48	7168	0	2048	GENERIC	76.09457
create-batch-K4[ns]	48	7168	0	2048	CLMUL	2.34546
create-batch-K4-total[ms]	48	7168	0	2048	CLMUL	34.43144
create-batch-K8[ns]	48	7168	0	2048	GENERIC	5.56876
create-batch-K8-total[ms]	48	7168	0	2048	GENERIC	81.74978
create-batch-K8[ns]	48	7168	0	2048	CLMUL	1.95473
create-batch-K8-total[ms]	48	7168	0	2048	CLMUL	28.69557
create-batch-K1[ns]	48	7168	0	4096	GENERIC	6.06725
create-batch-K1-total[ms]	48	7168	0	4096	GENERIC	178.13512
create-batch-K1[ns]	48	7168	0	4096	CLMUL	9.58585
create-batch-K1-total[ms]	48	7168	0	4096	CLMUL	281.44173
create-batch-K2[ns]	48	7168	0	4096	GENERIC	4.74723
create-batch-K2-total[ms]	48	7168	0	4096	GENERIC	139.37934
create-batch-K2[ns]	48	7168	0	4096	CLMUL	4.16925
create-batch-K2-total[ms]	48	7168	0	4096	CLMUL	122.40976
create-batch-K4[ns]	48	7168	0	4096	GENERIC	5.18329
create-batch-K4-total[ms]	48	7168	0	4096	GENERIC	152.18209
create-batch-K4[ns]	48	7168	0	4096	CLMUL	2.34548
create-batch-K4-total[ms]	48	7168	0	4096	CLMUL	68.86360
create-batch-K8[ns]	48	7168	0	4096	GENERIC	5.56934
create-batch-K8-total[ms]	48	7168	0	4096	GENERIC	163.51657
create-batch-K8[ns]	48	7168	0	4096	CLMUL	1.95475
create-batch-K8-total[ms]	48	7168	0	4096	CLMUL	57.39184
create-batch-K1[ns]	48	7168	0	8192	GENERIC	6.06733
create-batch-K1-total[ms]	48	7168	0	8192	GENERIC	356.27517
create-batch-K1[ns]	48	7168	0	8192	CLMUL	9.58636
create-batch-K1-total[ms]	48	7168	0	8192	CLMUL	562.91373
create-batch-K2[ns]	48	7168	0	8192	GENERIC	4.75022
create-batch-K2-total[ms]	48	7168	0	8192	GENERIC	278.93397
create-batch-K2[ns]	48	7168	0	8192	CLMUL	4.16941
create-batch-K2-total[ms]	48	7168	0	8192	CLMUL	244.82885
create-batch-K4[ns]	48	7168	0	8192	GENERIC	5.18261
create-batch-K4-total[ms]	48	7168	0	8192	GENERIC	304.32425
create-batch-K4[ns]	48	7168	0	8192	CLMUL	2.34550
create-batch-K4-total[ms]	48	7168	0	8192	CLMUL	137.72852
create-batch-K8[ns]	48	7168	0	8192	GENERIC	5.57043
create-batch-K8-total[ms]	48	7168	0	8192	GENERIC	327.09727
create-batch-K8[ns]	48	7168	0	8192	CLMUL	1.95475
create-batch-K8-total[ms]	48	7168	0	8192	CLMUL	114.78337
create-batch-K1[ns]	48	8192	0	16	GENERIC	6.07066
create-batch-K1-total[ms]	48	8192	0	16	GENERIC	0.79569
create-batch-K1[ns]	48	8192	0	16	CLMUL	9.58303
create-batch-K1-total[ms]	48	8192	0	16	CLMUL	1.25607
create-batch-K2[ns]	48	8192	0	16	GENERIC	4.75655
create-batch-K2-total[ms]	48	8192	0	16	GENERIC	0.62345
create-batch-K2[ns]	48	8192	0	16	CLMUL	4.16837
create-batch-K2-total[ms]	48	8192	0	16	CLMUL	0.54636
create-batch-K4[ns]	48	8192	0	16	GENERIC	5.18196
create-batch-K4-total[ms]	48	8192	0	16	GENERIC	0.67921
create-batch-K4[ns]	48	8192	0	16	CLMUL	2.33335
create-batch-K4-total[ms]	48	8192	0	16	CLMUL	0.30584
create-batch-K8[ns]	48	8192	0	16	GENERIC	5.55651
create-batch-K8-total[ms]	48	8192	0	16	GENERIC	0.72830
create-batch-K8[ns]	48	8192	0	16	CLMUL	1.95441
create-batch-K8-total[ms]	48	8192	0	16	CLMUL	0.25617
create-batch-K1[ns]	48	8192	0	64	GENERIC	6.06631
create-batch-K1-total[ms]	48	8192	0	64	GENERIC	3.18049
create-batch-K1[ns]	48	8192	0	64	CLMUL	9.58604
create-batch-K1-total[ms]	48	8192	0	64	CLMUL	5.02584
create-batch-K2[ns]	48	8192	0	64	GENERIC	4.75093
create-batch-K2-total[ms]	48	8192	0	64	GENERIC	2.49086
create-batch-K2[ns]	48	8192	0	64	CLMUL	4.16809
create-batch-K2-total[ms]	48	8192	0	64	CLMUL	2.18528
create-batch-K4[ns]	48	8192	0	64	GENERIC	5.18002
create-batch-K4-total[ms]	48	8192	0	64	GENERIC	2.71582
create-batch-K4[ns]	48	8192	0	64	CLMUL	2.34507
create-batch-K4-total[ms]	48	8192	0	64	CLMUL	1.22949
create-batch-K8[ns]	48	8192	0	64	GENERIC	5.56425
create-batch-K8-total[ms]	48	8192	0	64	GENERIC	2.91727
create-batch-K8[ns]	48	8192	0	64	CLMUL	1.95413
create-batch-K8-total[ms]	48	8192	0	64	CLMUL	1.02453
create-batch-K1[ns]	48	8192	0	128	GENERIC	6.06811
create-batch-K1-total[ms]	48	8192	0	128	GENERIC	6.36288
create-batch-K1[ns]	48	8192	0	128	CLMUL	9.58591
create-batch-K1-total[ms]	48	8192	0	128	CLMUL	10.05156
create-batch-K2[ns]	48	8192	0	128	GENERIC	4.75083
create-batch-K2-total[ms]	48	8192	0	128	GENERIC	4.98160
create-batch-K2[ns]	48	8192	0	128	CLMUL	4.16966
create-batch-K2-total[ms]	48	8192	0	128	CLMUL	4.37221
create-batch-K4[ns]	48	8192	0	128	GENERIC	5.17734
create-batch-K4-total[ms]	48	8192	0	128	GENERIC	5.42883
create-batch-K4[ns]	48	8192	0	128	CLMUL	2.34500
create-batch-K4-total[ms]	48	8192	0	128	CLMUL	2.45891
create-batch-K8[ns]	48	8192	0	128	GENERIC	5.56621
create-batch-K8-total[ms]	48	8192	0	128	GENERIC	5.83659
create-batch-K8[ns]	48	8192	0	128	CLMUL	1.95406
create-batch-K8-total[ms]	48	8192	0	128	CLMUL	2.04898
create-batch-K1[ns]	48	8192	0	512	GENERIC	6.06809
create-batch-K1-total[ms]	48	8192	0	512	GENERIC	25.45141
create-batch-K1[ns]	48	8192	0	512	CLMUL	9.58680
create-batch-K1-total[ms]	48	8192	0	512	CLMUL	40.20994
create-batch-K2[ns]	48	8192	0	512	GENERIC	4.75458
create-batch-K2-total[ms]	48	8192	0	512	GENERIC	19.94213
create-batch-K2[ns]	48	8192	0	512	CLMUL	4.16966
create-batch-K2-total[ms]	48	8192	0	512	CLMUL	17.48882
create-batch-K4[ns]	48	8192	0	512	GENERIC	5.17963
create-batch-K4-total[ms]	48	8192	0	512	GENERIC	21.72493
create-batch-K4[ns]	48	8192	0	512	CLMUL	2.34562
create-batch-K4-total[ms]	48	8192	0	512	CLMUL	9.83822
create-batch-K8[ns]	48	8192	0	512	GENERIC	5.56613
create-batch-K8-total[ms]	48	8192	0	512	GENERIC	23.34606
create-batch-K8[ns]	48	8192	0	512	CLMUL	1.95491
create-batch-K8-total[ms]	48	8192	0	512	CLMUL	8.19947
create-batch-K1[ns]	48	8192	0	1024	GENERIC	6.06729
create-batch-K1-total[ms]	48	8192	0	1024	GENERIC	50.89615
create-batch-K1[ns]	48	8192	0	1024	CLMUL	9.58678
create-batch-K1-total[ms]	48	8192	0	1024	CLMUL	80.41977
create-batch-K2[ns]	48	8192	0	1024	GENERIC	4.75460
create-batch-K2-total[ms]	48	8192	0	1024	GENERIC	39.88449
create-batch-K2[ns]	48	8192	0	1024	CLMUL	4.16997
create-batch-K2-total[ms]	48	8192	0	1024	CLMUL	34.98028
create-batch-K4[ns]	48	8192	0	1024	GENERIC	5.18204
create-batch-K4-total[ms]	48	8192	0	1024	GENERIC	43.47006
create-batch-K4[ns]	48	8192	0	1024	CLMUL	2.34564
create-batch-K4-total[ms]	48	8192	0	1024	CLMUL	19.67669
create-batch-K8[ns]	48	8192	0	1024	GENERIC	5.56809
create-batch-K8-total[ms]	48	8192	0	1024	GENERIC	46.70854
create-batch-K8[ns]	48	8192	0	1024	CLMUL	1.95491
create-batch-K8-total[ms]	48	8192	0	1024	CLMUL	16.39897
create-batch-K1[ns]	48	8192	0	2048	GENERIC	6.06824
create-batch-K1-total[ms]	48	8192	0	2048	GENERIC	101.80818
create-batch-K1[ns]	48	8192	0	2048	CLMUL	9.58679
create-batch-K1-total[ms]	48	8192	0	2048	CLMUL	160.83961
create-batch-K2[ns]	48	8192	0	2048	GENERIC	4.74976
create-batch-K2-total[ms]	48	8192	0	2048	GENERIC	79.68778
create-batch-K2[ns]	48	8192	0	2048	CLMUL	4.16982
create-batch-K2-total[ms]	48	8192	0	2048	CLMUL	69.95797
create-batch-K4[ns]	48	8192	0	2048	GENERIC	5.18251
create-batch-K4-total[ms]	48	8192	0	2048	GENERIC	86.94815
create-batch-K4[ns]	48	8192	0	2048	CLMUL	2.34560
create-batch-K4-total[ms]	48	8192	0	2048	CLMUL	39.35267
create-batch-K8[ns]	48	8192	0	2048	GENERIC	5.56777
create-batch-K8-total[ms]	48	8192	0	2048	GENERIC	93.41176
create-batch-K8[ns]	48	8192	0	2048	CLMUL	1.95487
create-batch-K8-total[ms]	48	8192	0	2048	CLMUL	32.79733
create-batch-K1[ns]	48	8192	0	4096	GENERIC	6.06854
create-batch-K1-total[ms]	48	8192	0	4096	GENERIC	203.62641
create-batch-K1[ns]	48	8192	0	4096	CLMUL	9.58705
create-batch-K1-total[ms]	48	8192	0	4096	CLMUL	321.68789
create-batch-K2[ns]	48	8192	0	4096	GENERIC	4.75121
create-batch-K2-total[ms]	48	8192	0	4096	GENERIC	159.42402
create-batch-K2[ns]	48	8192	0	4096	CLMUL	4.16986
create-batch-K2-total[ms]	48	8192	0	4096	CLMUL	139.91743
create-batch-K4[ns]	48	8192	0	4096	GENERIC	5.18452
create-batch-K4-total[ms]	48	8192	0	4096	GENERIC	173.96361
create-batch-K4[ns]	48	8192	0	4096	CLMUL	2.34574
create-batch-K4-total[ms]	48	8192	0	4096	CLMUL	78.71010
create-batch-K8[ns]	48	8192	0	4096	GENERIC	5.56815
create-batch-K8-total[ms]	48	8192	0	4096	GENERIC	186.83627
create-batch-K8[ns]	48	8192	0	4096	CLMUL	1.95490
create-batch-K8-total[ms]	48	8192	0	4096	CLMUL	65.59542
create-batch-K1[ns]	48	8192	0	8192	GENERIC	6.06779
create-batch-K1-total[ms]	48	8192	0	8192	GENERIC	407.20281
create-batch-K1[ns]	48	8192	0	8192	CLMUL	9.58734
create-batch-K1-total[ms]	48	8192	0	8192	CLMUL	643.39581
create-batch-K2[ns]	48	8192	0	8192	GENERIC	4.75401
create-batch-K2-total[ms]	48	8192	0	8192	GENERIC	319.03641
create-batch-K2[ns]	48	8192	0	8192	CLMUL	4.16994
create-batch-K2-total[ms]	48	8192	0	8192	CLMUL	279.84005
create-batch-K4[ns]	48	8192	0	8192	GENERIC	5.18426
create-batch-K4-total[ms]	48	8192	0	8192	GENERIC	347.90950
create-batch-K4[ns]	48	8192	0	8192	CLMUL	2.34603
create-batch-K4-total[ms]	48	8192	0	8192	CLMUL	157.43918
create-batch-K8[ns]	48	8192	0	8192	GENERIC	5.56748
create-batch-K8-total[ms]	48	8192	0	8192	GENERIC	373.62699
create-batch-K8[ns]	48	8192	0	8192	CLMUL	1.95494
create-batch-K8-total[ms]	48	8192	0	8192	CLMUL	131.19396
create-batch-K1[ns]	58	128	0	16	GENERIC	7.99365
create-batch-K1-total[ms]	58	128	0	16	GENERIC	0.01637
create-batch-K1[ns]	58	128	0	16	CLMUL	10.07324
create-batch-K1-total[ms]	58	128	0	16	CLMUL	0.02063
create-batch-K1[ns]	58	128	0	16	CLMUL_TRI	11.80908
create-batch-K1-total[ms]	58	128	0	16	CLMUL_TRI	0.02418
create-batch-K2[ns]	58	128	0	16	GENERIC	7.15234
create-batch-K2-total[ms]	58	128	0	16	GENERIC	0.01465
create-batch-K2[ns]	58	128	0	16	CLMUL	5.34424
create-batch-K2-total[ms]	58	128	0	16	CLMUL	0.01094
create-batch-K2[ns]	58	128	0	16	CLMUL_TRI	7.53223
create-batch-K2-total[ms]	58	128	0	16	CLMUL_TRI	0.01543
create-batch-K4[ns]	58	128	0	16	GENERIC	7.87598
create-batch-K4-total[ms]	58	128	0	16	GENERIC	0.01613
create-batch-K4[ns]	58	128	0	16	CLMUL	3.26465
create-batch-K4-total[ms]	58	128	0	16	CLMUL	0.00669
create-batch-K4[ns]	58	128	0	16	CLMUL_TRI	5.02734
create-batch-K4-total[ms]	58	128	0	16	CLMUL_TRI	0.01030
create-batch-K8[ns]	58	128	0	16	GENERIC	8.63574
create-batch-K8-total[ms]	58	128	0	16	GENERIC	0.01769
create-batch-K8[ns]	58	128	0	16	CLMUL	2.82080
create-batch-K8-total[ms]	58	128	0	16	CLMUL	0.00578
create-batch-K8[ns]	58	128	0	16	CLMUL_TRI	3.60791
create-batch-K8-total[ms]	58	128	0	16	CLMUL_TRI	0.00739
create-batch-K1[ns]	58	128	0	64	GENERIC	7.97083
create-batch-K1-total[ms]	58	128	0	64	GENERIC	0.06530
create-batch-K1[ns]	58	128	0	64	CLMUL	10.04382
create-batch-K1-total[ms]	58	128	0	64	CLMUL	0.08228
create-batch-K1[ns]	58	128	0	64	CLMUL_TRI	11.82056
create-batch-K1-total[ms]	58	128	0	64	CLMUL_TRI	0.09683
create-batch-K2[ns]	58	128	0	64	GENERIC	7.15027
create-batch-K2-total[ms]	58	128	0	64	GENERIC	0.05858
create-batch-K2[ns]	58	128	0	64	CLMUL	5.34631
create-batch-K2-total[ms]	58	128	0	64	CLMUL	0.04380
create-batch-K2[ns]	58	128	0	64	CLMUL_TRI	7.51868
create-batch-K2-total[ms]	58	128	0	64	CLMUL_TRI	0.06159
create-batch-K4[ns]	58	128	0	64	GENERIC	7.79443
create-batch-K4-total[ms]	58	128	0	64	GENERIC	0.06385
create-batch-K4[ns]	58	128	0	64	CLMUL	3.24841
create-batch-K4-total[ms]	58	128	0	64	CLMUL	0.02661
create-batch-K4[ns]	58	128	0	64	CLMUL_TRI	5.00952
create-batch-K4-total[ms]	58	128	0	64	CLMUL_TRI	0.04104
create-batch-K8[ns]	58	128	0	64	GENERIC	8.62866
create-batch-K8-total[ms]	58	128	0	64	GENERIC	0.07069
create-batch-K8[ns]	58	128	0	64	CLMUL	2.80762
create-batch-K8-total[ms]	58	128	0	64	CLMUL	0.02300
create-batch-K8[ns]	58	128	0	64	CLMUL_TRI	3.60107
create-batch-K8-total[ms]	58	128	0	64	CLMUL_TRI	0.02950
create-batch-K1[ns]	58	128	0	128	GENERIC	7.97534
create-batch-K1-total[ms]	58	128	0	128	GENERIC	0.13067
create-batch-K1[ns]	58	128	0	128	CLMUL	10.17151
create-batch-K1-total[ms]	58	128	0	128	CLMUL	0.16665
create-batch-K1[ns]	58	128	0	128	CLMUL_TRI	11.81946
create-batch-K1-total[ms]	58	128	0	128	CLMUL_TRI	0.19365
create-batch-K2[ns]	58	128	0	128	GENERIC	7.14459
create-batch-K2-total[ms]	58	128	0	128	GENERIC	0.11706
create-batch-K2[ns]	58	128	0	128	CLMUL	5.34290
create-batch-K2-total[ms]	58	128	0	128	CLMUL	0.08754
create-batch-K2[ns]	58	128	0	128	CLMUL_TRI	7.51642
create-batch-K2-total[ms]	58	128	0	128	CLMUL_TRI	0.12315
create-batch-K4[ns]	58	128	0	128	GENERIC	7.83630
create-batch-K4-total[ms]	58	128	0	128	GENERIC	0.12839
create-batch-K4[ns]	58	128	0	128	CLMUL	3.24506
create-batch-K4-total[ms]	58	128	0	128	CLMUL	0.05317
create-batch-K4[ns]	58	128	0	128	CLMUL_TRI	5.00830
create-batch-K4-total[ms]	58	128	0	128	CLMUL_TRI	0.08206
create-batch-K8[ns]	58	128	0	128	GENERIC	8.61169
create-batch-K8-total[ms]	58	128	0	128	GENERIC	0.14109
create-batch-K8[ns]	58	128	0	128	CLMUL	2.80536
create-batch-K8-total[ms]	58	128	0	128	CLMUL	0.04596
create-batch-K8[ns]	58	128	0	128	CLMUL_TRI	3.59662
create-batch-K8-total[ms]	58	128	0	128	CLMUL_TRI	0.05893
create-batch-K1[ns]	58	128	0	512	GENERIC	7.96968
create-batch-K1-total[ms]	58	128	0	512	GENERIC	0.52230
create-batch-K1[ns]	58	128	0	512	CLMUL	10.03163
create-batch-K1-total[ms]	58	128	0	512	CLMUL	0.65743
create-batch-K1[ns]	58	128	0	512	CLMUL_TRI	11.81691
create-batch-K1-total[ms]	58	128	0	512	CLMUL_TRI	0.77443
create-batch-K2[ns]	58	128	0	512	GENERIC	7.14259
create-batch-K2-total[ms]	58	128	0	512	GENERIC	0.46810
create-batch-K2[ns]	58	128	0	512	CLMUL	5.35052
create-batch-K2-total[ms]	58	128	0	512	CLMUL	0.35065
create-batch-K2[ns]	58	128	0	512	CLMUL_TRI	7.51418
create-batch-K2-total[ms]	58	128	0	512	CLMUL_TRI	0.49245
create-batch-K4[ns]	58	128	0	512	GENERIC	7.80551
create-batch-K4-total[ms]	58	128	0	512	GENERIC	0.51154
create-batch-K4[ns]	58	128	0	512	CLMUL	3.24280
create-batch-K4-total[ms]	58	128	0	512	CLMUL	0.21252
create-batch-K4[ns]	58	128	0	512	CLMUL_TRI	5.00635
create-batch-K4-total[ms]	58	128	0	512	CLMUL_TRI	0.32810
create-batch-K8[ns]	58	128	0	512	GENERIC	8.61282
create-batch-K8-total[ms]	58	128	0	512	GENERIC	0.56445
create-batch-K8[ns]	58	128	0	512	CLMUL	2.80341
create-batch-K8-total[ms]	58	128	0	512	CLMUL	0.18372
create-batch-K8[ns]	58	128	0	512	CLMUL_TRI	3.59546
create-batch-K8-total[ms]	58	128	0	512	CLMUL_TRI	0.23563
create-batch-K1[ns]	58	128	0	1024	GENERIC	7.97166
create-batch-K1-total[ms]	58	128	0	1024	GENERIC	1.04486
create-batch-K1[ns]	58	128	0	1024	CLMUL	10.03162
create-batch-K1-total[ms]	58	128	0	1024	CLMUL	1.31486
create-batch-K1[ns]	58	128	0	1024	CLMUL_TRI	11.81339
create-batch-K1-total[ms]	58	128	0	1024	CLMUL_TRI	1.54840
create-batch-K2[ns]	58	128	0	1024	GENERIC	7.14259
create-batch-K2-total[ms]	58	128	0	1024	GENERIC	0.93619
create-batch-K2[ns]	58	128	0	1024	CLMUL	5.34741
create-batch-K2-total[ms]	58	128	0	1024	CLMUL	0.70090
create-batch-K2[ns]	58	128	0	1024	CLMUL_TRI	7.51390
create-batch-K2-total[ms]	58	128	0	1024	CLMUL_TRI	0.98486
create-batch-K4[ns]	58	128	0	1024	GENERIC	7.84225
create-batch-K4-total[ms]	58	128	0	1024	GENERIC	1.02790
create-batch-K4[ns]	58	128	0	1024	CLMUL	3.24266
create-batch-K4-total[ms]	58	128	0	1024	CLMUL	0.42502
create-batch-K4[ns]	58	128	0	1024	CLMUL_TRI	5.15794
create-batch-K4-total[ms]	58	128	0	1024	CLMUL_TRI	0.67606
create-batch-K8[ns]	58	128	0	1024	GENERIC	8.61480
create-batch-K8-total[ms]	58	128	0	1024	GENERIC	1.12916
create-batch-K8[ns]	58	128	0	1024	CLMUL	2.80255
create-batch-K8-total[ms]	58	128	0	1024	CLMUL	0.36734
create-batch-K8[ns]	58	128	0	1024	CLMUL_TRI	3.59503
create-batch-K8-total[ms]	58	128	0	1024	CLMUL_TRI	0.47121
create-batch-K1[ns]	58	128	0	2048	GENERIC	7.96955
create-batch-K1-total[ms]	58	128	0	2048	GENERIC	2.08917
create-batch-K1[ns]	58	128	0	2048	CLMUL	10.07853
create-batch-K1-total[ms]	58	128	0	2048	CLMUL	2.64203
create-batch-K1[ns]	58	128	0	2048	CLMUL_TRI	11.81678
create-batch-K1-total[ms]	58	128	0	2048	CLMUL_TRI	3.09770
create-batch-K2[ns]	58	128	0	2048	GENERIC	7.14655
create-batch-K2-total[ms]	58	128	0	2048	GENERIC	1.87343
create-batch-K2[ns]	58	128	0	2048	CLMUL	5.34748
create-batch-K2-total[ms]	58	128	0	2048	CLMUL	1.40181
create-batch-K2[ns]	58	128	0	2048	CLMUL_TRI	7.51382
create-batch-K2-total[ms]	58	128	0	2048	CLMUL_TRI	1.96970
create-batch-K4[ns]	58	128	0	2048	GENERIC	7.79979
create-batch-K4-total[ms]	58	128	0	2048	GENERIC	2.04467
create-batch-K4[ns]	58	128	0	2048	CLMUL	3.24224
create-batch-K4-total[ms]	58	128	0	2048	CLMUL	0.84993
create-batch-K4[ns]	58	128	0	2048	CLMUL_TRI	5.16303
create-batch-K4-total[ms]	58	128	0	2048	CLMUL_TRI	1.35346
create-batch-K8[ns]	58	128	0	2048	GENERIC	8.62299
create-batch-K8-total[ms]	58	128	0	2048	GENERIC	2.26047
create-batch-K8[ns]	58	128	0	2048	CLMUL	2.80235
create-batch-K8-total[ms]	58	128	0	2048	CLMUL	0.73462
create-batch-K8[ns]	58	128	0	2048	CLMUL_TRI	3.59496
create-batch-K8-total[ms]	58	128	0	2048	CLMUL_TRI	0.94240
create-batch-K1[ns]	58	128	0	4096	GENERIC	7.97488
create-batch-K1-total[ms]	58	128	0	4096	GENERIC	4.18113
create-batch-K1[ns]	58	128	0	4096	CLMUL	10.07143
create-batch-K1-total[ms]	58	128	0	4096	CLMUL	5.28033
create-batch-K1[ns]	58	128	0	4096	CLMUL_TRI	11.81744
create-batch-K1-total[ms]	58	128	0	4096	CLMUL_TRI	6.19574
create-batch-K2[ns]	58	128	0	4096	GENERIC	7.14719
create-batch-K2-total[ms]	58	128	0	4096	GENERIC	3.74718
create-batch-K2[ns]	58	128	0	4096	CLMUL	5.35087
create-batch-K2-total[ms]	58	128	0	4096	CLMUL	2.80540
create-batch-K2[ns]	58	128	0	4096	CLMUL_TRI	7.51732
create-batch-K2-total[ms]	58	128	0	4096	CLMUL_TRI	3.94124
create-batch-K4[ns]	58	128	0	4096	GENERIC	7.85238
create-batch-K4-total[ms]	58	128	0	4096	GENERIC	4.11691
create-batch-K4[ns]	58	128	0	4096	CLMUL	3.24256
create-batch-K4-total[ms]	58	128	0	4096	CLMUL	1.70003
create-batch-K4[ns]	58	128	0	4096	CLMUL_TRI	5.00673
create-batch-K4-total[ms]	58	128	0	4096	CLMUL_TRI	2.62497
create-batch-K8[ns]	58	128	0	4096	GENERIC	8.63200
create-batch-K8-total[ms]	58	128	0	4096	GENERIC	4.52565
create-batch-K8[ns]	58	128	0	4096	CLMUL	2.80284
create-batch-K8-total[ms]	58	128	0	4096	CLMUL	1.46950
create-batch-K8[ns]	58	128	0	4096	CLMUL_TRI	3.59525
create-batch-K8-total[ms]	58	128	0	4096	CLMUL_TRI	1.88494
create-batch-K1[ns]	58	128	0	8192	GENERIC	7.97617
create-batch-K1-total[ms]	58	128	0	8192	GENERIC	8.36362
create-batch-K1[ns]	58	128	0	8192	CLMUL	10.10636
create-batch-K1-total[ms]	58	128	0	8192	CLMUL	10.59729
create-batch-K1[ns]	58	128	0	8192	CLMUL_TRI	11.81503
create-batch-K1-total[ms]	58	128	0	8192	CLMUL_TRI	12.38895
create-batch-K2[ns]	58	128	0	8192	GENERIC	7.15404
create-batch-K2-total[ms]	58	128	0	8192	GENERIC	7.50155
create-batch-K2[ns]	58	128	0	8192	CLMUL	5.34983
create-batch-K2-total[ms]	58	128	0	8192	CLMUL	5.60970
create-batch-K2[ns]	58	128	0	8192	CLMUL_TRI	7.51854
create-batch-K2-total[ms]	58	128	0	8192	CLMUL_TRI	7.88376
create-batch-K4[ns]	58	128	0	8192	GENERIC	7.82066
create-batch-K4-total[ms]	58	128	0	8192	GENERIC	8.20056
create-batch-K4[ns]	58	128	0	8192	CLMUL	3.24410
create-batch-K4-total[ms]	58	128	0	8192	CLMUL	3.40168
create-batch-K4[ns]	58	128	0	8192	CLMUL_TRI	5.00966
create-batch-K4-total[ms]	58	128	0	8192	CLMUL_TRI	5.25301
create-batch-K8[ns]	58	128	0	8192	GENERIC	8.63137
create-batch-K8-total[ms]	58	128	0	8192	GENERIC	9.05064
create-batch-K8[ns]	58	128	0	8192	CLMUL	2.80374
create-batch-K8-total[ms]	58	128	0	8192	CLMUL	2.93994
create-batch-K8[ns]	58	128	0	8192	CLMUL_TRI	3.59772
create-batch-K8-total[ms]	58	128	0	8192	CLMUL_TRI	3.77248
create-batch-K1[ns]	58	256	0	16	GENERIC	7.46875
create-batch-K1-total[ms]	58	256	0	16	GENERIC	0.03059
create-batch-K1[ns]	58	256	0	16	CLMUL	10.08667
create-batch-K1-total[ms]	58	256	0	16	CLMUL	0.04131
create-batch-K1[ns]	58	256	0	16	CLMUL_TRI	11.86353
create-batch-K1-total[ms]	58	256	0	16	CLMUL_TRI	0.04859
create-batch-K2[ns]	58	256	0	16	GENERIC	6.63257
create-batch-K2-total[ms]	58	256	0	16	GENERIC	0.02717
create-batch-K2[ns]	58	256	0	16	CLMUL	5.30322
create-batch-K2-total[ms]	58	256	0	16	CLMUL	0.02172
create-batch-K2[ns]	58	256	0	16	CLMUL_TRI	7.50513
create-batch-K2-total[ms]	58	256	0	16	CLMUL_TRI	0.03074
create-batch-K4[ns]	58	256	0	16	GENERIC	7.29272
create-batch-K4-total[ms]	58	256	0	16	GENERIC	0.02987
create-batch-K4[ns]	58	256	0	16	CLMUL	3.22363
create-batch-K4-total[ms]	58	256	0	16	CLMUL	0.01320
create-batch-K4[ns]	58	256	0	16	CLMUL_TRI	4.98218
create-batch-K4-total[ms]	58	256	0	16	CLMUL_TRI	0.02041
create-batch-K8[ns]	58	256	0	16	GENERIC	8.13354
create-batch-K8-total[ms]	58	256	0	16	GENERIC	0.03332
create-batch-K8[ns]	58	256	0	16	CLMUL	2.77148
create-batch-K8-total[ms]	58	256	0	16	CLMUL	0.01135
create-batch-K8[ns]	58	256	0	16	CLMUL_TRI	3.58521
create-batch-K8-total[ms]	58	256	0	16	CLMUL_TRI	0.01468
create-batch-K1[ns]	58	256	0	64	GENERIC	7.46442
create-batch-K1-total[ms]	58	256	0	64	GENERIC	0.12230
create-batch-K1[ns]	58	256	0	64	CLMUL	10.20538
create-batch-K1-total[ms]	58	256	0	64	CLMUL	0.16720
create-batch-K1[ns]	58	256	0	64	CLMUL_TRI	11.83643
create-batch-K1-total[ms]	58	256	0	64	CLMUL_TRI	0.19393
create-batch-K2[ns]	58	256	0	64	GENERIC	6.63702
create-batch-K2-total[ms]	58	256	0	64	GENERIC	0.10874
create-batch-K2[ns]	58	256	0	64	CLMUL	5.31689
create-batch-K2-total[ms]	58	256	0	64	CLMUL	0.08711
create-batch-K2[ns]	58	256	0	64	CLMUL_TRI	7.49719
create-batch-K2-total[ms]	58	256	0	64	CLMUL_TRI	0.12283
create-batch-K4[ns]	58	256	0	64	GENERIC	7.32886
create-batch-K4-total[ms]	58	256	0	64	GENERIC	0.12008
create-batch-K4[ns]	58	256	0	64	CLMUL	3.21228
create-batch-K4-total[ms]	58	256	0	64	CLMUL	0.05263
create-batch-K4[ns]	58	256	0	64	CLMUL_TRI	4.97668
create-batch-K4-total[ms]	58	256	0	64	CLMUL_TRI	0.08154
create-batch-K8[ns]	58	256	0	64	GENERIC	8.11548
create-batch-K8-total[ms]	58	256	0	64	GENERIC	0.13296
create-batch-K8[ns]	58	256	0	64	CLMUL	2.76465
create-batch-K8-total[ms]	58	256	0	64	CLMUL	0.04530
create-batch-K8[ns]	58	256	0	64	CLMUL_TRI	3.57733
create-batch-K8-total[ms]	58	256	0	64	CLMUL_TRI	0.05861
create-batch-K1[ns]	58	256	0	128	GENERIC	7.46219
create-batch-K1-total[ms]	58	256	0	128	GENERIC	0.24452
create-batch-K1[ns]	58	256	0	128	CLMUL	10.20087
create-batch-K1-total[ms]	58	256	0	128	CLMUL	0.33426
create-batch-K1[ns]	58	256	0	128	CLMUL_TRI	11.85110
create-batch-K1-total[ms]	58	256	0	128	CLMUL_TRI	0.38834
create-batch-K2[ns]	58	256	0	128	GENERIC	6.63083
create-batch-K2-total[ms]	58	256	0	128	GENERIC	0.21728
create-batch-K2[ns]	58	256	0	128	CLMUL	5.31125
create-batch-K2-total[ms]	58	256	0	128	CLMUL	0.17404
create-batch-K2[ns]	58	256	0	128	CLMUL_TRI	7.49496
create-batch-K2-total[ms]	58	256	0	128	CLMUL_TRI	0.24559
create-batch-K4[ns]	58	256	0	128	GENERIC	7.33786
create-batch-K4-total[ms]	58	256	0	128	GENERIC	0.24045
create-batch-K4[ns]	58	256	0	128	CLMUL	3.21115
create-batch-K4-total[ms]	58	256	0	128	CLMUL	0.10522
create-batch-K4[ns]	58	256	0	128	CLMUL_TRI	4.97836
create-batch-K4-total[ms]	58	256	0	128	CLMUL_TRI	0.16313
create-batch-K8[ns]	58	256	0	128	GENERIC	8.10928
create-batch-K8-total[ms]	58	256	0	128	GENERIC	0.26573
create-batch-K8[ns]	58	256	0	128	CLMUL	2.76355
create-batch-K8-total[ms]	58	256	0	128	CLMUL	0.09056
create-batch-K8[ns]	58	256	0	128	CLMUL_TRI	3.57623
create-batch-K8-total[ms]	58	256	0	128	CLMUL_TRI	0.11719
create-batch-K1[ns]	58	256	0	512	GENERIC	7.46387
create-batch-K1-total[ms]	58	256	0	512	GENERIC	0.97831
create-batch-K1[ns]	58	256	0	512	CLMUL	10.18803
create-batch-K1-total[ms]	58	256	0	512	CLMUL	1.33537
create-batch-K1[ns]	58	256	0	512	CLMUL_TRI	11.85831
create-batch-K1-total[ms]	58	256	0	512	CLMUL_TRI	1.55429
create-batch-K2[ns]	58	256	0	512	GENERIC	6.62492
create-batch-K2-total[ms]	58	256	0	512	GENERIC	0.86834
create-batch-K2[ns]	58	256	0	512	CLMUL	5.31548
create-batch-K2-total[ms]	58	256	0	512	CLMUL	0.69671
create-batch-K2[ns]	58	256	0	512	CLMUL_TRI	7.49426
create-batch-K2-total[ms]	58	256	0	512	CLMUL_TRI	0.98229
create-batch-K4[ns]	58	256	0	512	GENERIC	7.33912
create-batch-K4-total[ms]	58	256	0	512	GENERIC	0.96195
create-batch-K4[ns]	58	256	0	512	CLMUL	3.21002
create-batch-K4-total[ms]	58	256	0	512	CLMUL	0.42074
create-batch-K4[ns]	58	256	0	512	CLMUL_TRI	4.97667
create-batch-K4-total[ms]	58	256	0	512	CLMUL_TRI	0.65230
create-batch-K8[ns]	58	256	0	512	GENERIC	8.11267
create-batch-K8-total[ms]	58	256	0	512	GENERIC	1.06334
create-batch-K8[ns]	58	256	0	512	CLMUL	2.76215
create-batch-K8-total[ms]	58	256	0	512	CLMUL	0.36204
create-batch-K8[ns]	58	256	0	512	CLMUL_TRI	3.57497
create-batch-K8-total[ms]	58	256	0	512	CLMUL_TRI	0.46858
create-batch-K1[ns]	58	256	0	1024	GENERIC	7.46346
create-batch-K1-total[ms]	58	256	0	1024	GENERIC	1.95650
create-batch-K1[ns]	58	256	0	1024	CLMUL	10.07902
create-batch-K1-total[ms]	58	256	0	1024	CLMUL	2.64216
create-batch-K1[ns]	58	256	0	1024	CLMUL_TRI	11.85061
create-batch-K1-total[ms]	58	256	0	1024	CLMUL_TRI	3.10657
create-batch-K2[ns]	58	256	0	1024	GENERIC	6.62845
create-batch-K2-total[ms]	58	256	0	1024	GENERIC	1.73761
create-batch-K2[ns]	58	256	0	1024	CLMUL	5.31795
create-batch-K2-total[ms]	58	256	0	1024	CLMUL	1.39407
create-batch-K2[ns]	58	256	0	1024	CLMUL_TRI	7.49405
create-batch-K2-total[ms]	58	256	0	1024	CLMUL_TRI	1.96452
create-batch-K4[ns]	58	256	0	1024	GENERIC	7.27858
create-batch-K4-total[ms]	58	256	0	1024	GENERIC	1.90804
create-batch-K4[ns]	58	256	0	1024	CLMUL	3.20988
create-batch-K4-total[ms]	58	256	0	1024	CLMUL	0.84145
create-batch-K4[ns]	58	256	0	1024	CLMUL_TRI	4.97689
create-batch-K4-total[ms]	58	256	0	1024	CLMUL_TRI	1.30466
create-batch-K8[ns]	58	256	0	1024	GENERIC	8.11288
create-batch-K8-total[ms]	58	256	0	1024	GENERIC	2.12674
create-batch-K8[ns]	58	256	0	1024	CLMUL	2.76222
create-batch-K8-total[ms]	58	256	0	1024	CLMUL	0.72410
create-batch-K8[ns]	58	256	0	1024	CLMUL_TRI	3.57497
create-batch-K8-total[ms]	58	256	0	1024	CLMUL_TRI	0.93716
create-batch-K1[ns]	58	256	0	2048	GENERIC	7.46321
create-batch-K1-total[ms]	58	256	0	2048	GENERIC	3.91287
create-batch-K1[ns]	58	256	0	2048	CLMUL	10.10135
create-batch-K1-total[ms]	58	256	0	2048	CLMUL	5.29601
create-batch-K1[ns]	58	256	0	2048	CLMUL_TRI	11.85277
create-batch-K1-total[ms]	58	256	0	2048	CLMUL_TRI	6.21426
create-batch-K2[ns]	58	256	0	2048	GENERIC	6.63025
create-batch-K2-total[ms]	58	256	0	2048	GENERIC	3.47616
create-batch-K2[ns]	58	256	0	2048	CLMUL	5.32106
create-batch-K2-total[ms]	58	256	0	2048	CLMUL	2.78977
create-batch-K2[ns]	58	256	0	2048	CLMUL_TRI	7.49715
create-batch-K2-total[ms]	58	256	0	2048	CLMUL_TRI	3.93067
create-batch-K4[ns]	58	256	0	2048	GENERIC	7.33898
create-batch-K4-total[ms]	58	256	0	2048	GENERIC	3.84774
create-batch-K4[ns]	58	256	0	2048	CLMUL	3.20992
create-batch-K4-total[ms]	58	256	0	2048	CLMUL	1.68292
create-batch-K4[ns]	58	256	0	2048	CLMUL_TRI	4.97763
create-batch-K4-total[ms]	58	256	0	2048	CLMUL_TRI	2.60971
create-batch-K8[ns]	58	256	0	2048	GENERIC	8.11655
create-batch-K8-total[ms]	58	256	0	2048	GENERIC	4.25541
create-batch-K8[ns]	58	256	0	2048	CLMUL	2.76211
create-batch-K8-total[ms]	58	256	0	2048	CLMUL	1.44814
create-batch-K8[ns]	58	256	0	2048	CLMUL_TRI	3.57494
create-batch-K8-total[ms]	58	256	0	2048	CLMUL_TRI	1.87430
create-batch-K1[ns]	58	256	0	4096	GENERIC	7.46679
create-batch-K1-total[ms]	58	256	0	4096	GENERIC	7.82950
create-batch-K1[ns]	58	256	0	4096	CLMUL	10.09912
create-batch-K1-total[ms]	58	256	0	4096	CLMUL	10.58969
create-batch-K1[ns]	58	256	0	4096	CLMUL_TRI	11.85308
create-batch-K1-total[ms]	58	256	0	4096	CLMUL_TRI	12.42886
create-batch-K2[ns]	58	256	0	4096	GENERIC	6.63354
create-batch-K2-total[ms]	58	256	0	4096	GENERIC	6.95577
create-batch-K2[ns]	58	256	0	4096	CLMUL	5.32152
create-batch-K2-total[ms]	58	256	0	4096	CLMUL	5.58002
create-batch-K2[ns]	58	256	0	4096	CLMUL_TRI	7.49738
create-batch-K2-total[ms]	58	256	0	4096	CLMUL_TRI	7.86158
create-batch-K4[ns]	58	256	0	4096	GENERIC	7.28927
create-batch-K4-total[ms]	58	256	0	4096	GENERIC	7.64335
create-batch-K4[ns]	58	256	0	4096	CLMUL	3.21022
create-batch-K4-total[ms]	58	256	0	4096	CLMUL	3.36616
create-batch-K4[ns]	58	256	0	4096	CLMUL_TRI	4.97895
create-batch-K4-total[ms]	58	256	0	4096	CLMUL_TRI	5.22081
create-batch-K8[ns]	58	256	0	4096	GENERIC	8.10795
create-batch-K8-total[ms]	58	256	0	4096	GENERIC	8.50180
create-batch-K8[ns]	58	256	0	4096	CLMUL	2.76272
create-batch-K8-total[ms]	58	256	0	4096	CLMUL	2.89692
create-batch-K8[ns]	58	256	0	4096	CLMUL_TRI	3.57525
create-batch-K8-total[ms]	58	256	0	4096	CLMUL_TRI	3.74893
create-batch-K1[ns]	58	256	0	8192	GENERIC	7.46774
create-batch-K1-total[ms]	58	256	0	8192	GENERIC	15.66098
create-batch-K1[ns]	58	256	0	8192	CLMUL	10.09913
create-batch-K1-total[ms]	58	256	0	8192	CLMUL	21.17941
create-batch-K1[ns]	58	256	0	8192	CLMUL_TRI	11.84989
create-batch-K1-total[ms]	58	256	0	8192	CLMUL_TRI	24.85102
create-batch-K2[ns]	58	256	0	8192	GENERIC	6.63426
create-batch-K2-total[ms]	58	256	0	8192	GENERIC	13.91306
create-batch-K2[ns]	58	256	0	8192	CLMUL	5.32262
create-batch-K2-total[ms]	58	256	0	8192	CLMUL	11.16235
create-batch-K2[ns]	58	256	0	8192	CLMUL_TRI	7.49696
create-batch-K2-total[ms]	58	256	0	8192	CLMUL_TRI	15.72226
create-batch-K4[ns]	58	256	0	8192	GENERIC	7.34291
create-batch-K4-total[ms]	58	256	0	8192	GENERIC	15.39920
create-batch-K4[ns]	58	256	0	8192	CLMUL	3.21171
create-batch-K4-total[ms]	58	256	0	8192	CLMUL	6.73545
create-batch-K4[ns]	58	256	0	8192	CLMUL_TRI	4.97943
create-batch-K4-total[ms]	58	256	0	8192	CLMUL_TRI	10.44262
create-batch-K8[ns]	58	256	0	8192	GENERIC	8.12091
create-batch-K8-total[ms]	58	256	0	8192	GENERIC	17.03079
create-batch-K8[ns]	58	256	0	8192	CLMUL	2.76378
create-batch-K8-total[ms]	58	256	0	8192	CLMUL	5.79607
create-batch-K8[ns]	58	256	0	8192	CLMUL_TRI	3.57661
create-batch-K8-total[ms]	58	256	0	8192	CLMUL_TRI	7.50070
create-batch-K1[ns]	58	512	0	16	GENERIC	7.22021
create-batch-K1-total[ms]	58	512	0	16	GENERIC	0.05915
create-batch-K1[ns]	58	512	0	16	CLMUL	10.23364
create-batch-K1-total[ms]	58	512	0	16	CLMUL	0.08383
create-batch-K1[ns]	58	512	0	16	CLMUL_TRI	11.95166
create-batch-K1-total[ms]	58	512	0	16	CLMUL_TRI	0.09791
create-batch-K2[ns]	58	512	0	16	GENERIC	6.34778
create-batch-K2-total[ms]	58	512	0	16	GENERIC	0.05200
create-batch-K2[ns]	58	512	0	16	CLMUL	5.28979
create-batch-K2-total[ms]	58	512	0	16	CLMUL	0.04333
create-batch-K2[ns]	58	512	0	16	CLMUL_TRI	7.48926
create-batch-K2-total[ms]	58	512	0	16	CLMUL_TRI	0.06135
create-batch-K4[ns]	58	512	0	16	GENERIC	7.04846
create-batch-K4-total[ms]	58	512	0	16	GENERIC	0.05774
create-batch-K4[ns]	58	512	0	16	CLMUL	3.20325
create-batch-K4-total[ms]	58	512	0	16	CLMUL	0.02624
create-batch-K4[ns]	58	512	0	16	CLMUL_TRI	5.02075
create-batch-K4-total[ms]	58	512	0	16	CLMUL_TRI	0.04113
create-batch-K8[ns]	58	512	0	16	GENERIC	7.87146
create-batch-K8-total[ms]	58	512	0	16	GENERIC	0.06448
create-batch-K8[ns]	58	512	0	16	CLMUL	2.74890
create-batch-K8-total[ms]	58	512	0	16	CLMUL	0.02252
create-batch-K8[ns]	58	512	0	16	CLMUL_TRI	3.57166
create-batch-K8-total[ms]	58	512	0	16	CLMUL_TRI	0.02926
create-batch-K1[ns]	58	512	0	64	GENERIC	7.21918
create-batch-K1-total[ms]	58	512	0	64	GENERIC	0.23656
create-batch-K1[ns]	58	512	0	64	CLMUL	10.22800
create-batch-K1-total[ms]	58	512	0	64	CLMUL	0.33515
create-batch-K1[ns]	58	512	0	64	CLMUL_TRI	12.03476
create-batch-K1-total[ms]	58	512	0	64	CLMUL_TRI	0.39436
create-batch-K2[ns]	58	512	0	64	GENERIC	6.34207
create-batch-K2-total[ms]	58	512	0	64	GENERIC	0.20782
create-batch-K2[ns]	58	512	0	64	CLMUL	5.33270
create-batch-K2-total[ms]	58	512	0	64	CLMUL	0.17474
create-batch-K2[ns]	58	512	0	64	CLMUL_TRI	7.48535
create-batch-K2-total[ms]	58	512	0	64	CLMUL_TRI	0.24528
create-batch-K4[ns]	58	512	0	64	GENERIC	7.01517
create-batch-K4-total[ms]	58	512	0	64	GENERIC	0.22987
create-batch-K4[ns]	58	512	0	64	CLMUL	3.19757
create-batch-K4-total[ms]	58	512	0	64	CLMUL	0.10478
create-batch-K4[ns]	58	512	0	64	CLMUL_TRI	4.96085
create-batch-K4-total[ms]	58	512	0	64	CLMUL_TRI	0.16256
create-batch-K8[ns]	58	512	0	64	GENERIC	7.85721
create-batch-K8-total[ms]	58	512	0	64	GENERIC	0.25746
create-batch-K8[ns]	58	512	0	64	CLMUL	2.74435
create-batch-K8-total[ms]	58	512	0	64	CLMUL	0.08993
create-batch-K8[ns]	58	512	0	64	CLMUL_TRI	3.56720
create-batch-K8-total[ms]	58	512	0	64	CLMUL_TRI	0.11689
create-batch-K1[ns]	58	512	0	128	GENERIC	7.21945
create-batch-K1-total[ms]	58	512	0	128	GENERIC	0.47313
create-batch-K1[ns]	58	512	0	128	CLMUL	10.23111
create-batch-K1-total[ms]	58	512	0	128	CLMUL	0.67051
create-batch-K1[ns]	58	512	0	128	CLMUL_TRI	12.00087
create-batch-K1-total[ms]	58	512	0	128	CLMUL_TRI	0.78649
create-batch-K2[ns]	58	512	0	128	GENERIC	6.34630
create-batch-K2-total[ms]	58	512	0	128	GENERIC	0.41591
create-batch-K2[ns]	58	512	0	128	CLMUL	5.35645
create-batch-K2-total[ms]	58	512	0	128	CLMUL	0.35104
create-batch-K2[ns]	58	512	0	128	CLMUL_TRI	7.48451
create-batch-K2-total[ms]	58	512	0	128	CLMUL_TRI	0.49051
create-batch-K4[ns]	58	512	0	128	GENERIC	7.03438
create-batch-K4-total[ms]	58	512	0	128	GENERIC	0.46100
create-batch-K4[ns]	58	512	0	128	CLMUL	3.19702
create-batch-K4-total[ms]	58	512	0	128	CLMUL	0.20952
create-batch-K4[ns]	58	512	0	128	CLMUL_TRI	5.11287
create-batch-K4-total[ms]	58	512	0	128	CLMUL_TRI	0.33508
create-batch-K8[ns]	58	512	0	128	GENERIC	7.86203
create-batch-K8-total[ms]	58	512	0	128	GENERIC	0.51525
create-batch-K8[ns]	58	512	0	128	CLMUL	2.74406
create-batch-K8-total[ms]	58	512	0	128	CLMUL	0.17983
create-batch-K8[ns]	58	512	0	128	CLMUL_TRI	3.56635
create-batch-K8-total[ms]	58	512	0	128	CLMUL_TRI	0.23372
create-batch-K1[ns]	58	512	0	512	GENERIC	7.22030
create-batch-K1-total[ms]	58	512	0	512	GENERIC	1.89276
create-batch-K1[ns]	58	512	0	512	CLMUL	10.22794
create-batch-K1-total[ms]	58	512	0	512	CLMUL	2.68119
create-batch-K1[ns]	58	512	0	512	CLMUL_TRI	12.02679
create-batch-K1-total[ms]	58	512	0	512	CLMUL_TRI	3.15275
create-batch-K2[ns]	58	512	0	512	GENERIC	6.36213
create-batch-K2-total[ms]	58	512	0	512	GENERIC	1.66779
create-batch-K2[ns]	58	512	0	512	CLMUL	5.22407
create-batch-K2-total[ms]	58	512	0	512	CLMUL	1.36946
create-batch-K2[ns]	58	512	0	512	CLMUL_TRI	7.48415
create-batch-K2-total[ms]	58	512	0	512	CLMUL_TRI	1.96193
create-batch-K4[ns]	58	512	0	512	GENERIC	7.02709
create-batch-K4-total[ms]	58	512	0	512	GENERIC	1.84211
create-batch-K4[ns]	58	512	0	512	CLMUL	3.19646
create-batch-K4-total[ms]	58	512	0	512	CLMUL	0.83793
create-batch-K4[ns]	58	512	0	512	CLMUL_TRI	5.12368
create-batch-K4-total[ms]	58	512	0	512	CLMUL_TRI	1.34314
create-batch-K8[ns]	58	512	0	512	GENERIC	7.85531
create-batch-K8-total[ms]	58	512	0	512	GENERIC	2.05922
create-batch-K8[ns]	58	512	0	512	CLMUL	2.74329
create-batch-K8-total[ms]	58	512	0	512	CLMUL	0.71914
create-batch-K8[ns]	58	512	0	512	CLMUL_TRI	3.56607
create-batch-K8-total[ms]	58	512	0	512	CLMUL_TRI	0.93482
create-batch-K1[ns]	58	512	0	1024	GENERIC	7.22083
create-batch-K1-total[ms]	58	512	0	1024	GENERIC	3.78579
create-batch-K1[ns]	58	512	0	1024	CLMUL	10.23253
create-batch-K1-total[ms]	58	512	0	1024	CLMUL	5.36479
create-batch-K1[ns]	58	512	0	1024	CLMUL_TRI	12.02641
create-batch-K1-total[ms]	58	512	0	1024	CLMUL_TRI	6.30530
create-batch-K2[ns]	58	512	0	1024	GENERIC	6.34175
create-batch-K2-total[ms]	58	512	0	1024	GENERIC	3.32490
create-batch-K2[ns]	58	512	0	1024	CLMUL	5.22958
create-batch-K2-total[ms]	58	512	0	1024	CLMUL	2.74180
create-batch-K2[ns]	58	512	0	1024	CLMUL_TRI	7.48723
create-batch-K2-total[ms]	58	512	0	1024	CLMUL_TRI	3.92546
create-batch-K4[ns]	58	512	0	1024	GENERIC	7.02483
create-batch-K4-total[ms]	58	512	0	1024	GENERIC	3.68303
create-batch-K4[ns]	58	512	0	1024	CLMUL	3.19636
create-batch-K4-total[ms]	58	512	0	1024	CLMUL	1.67581
create-batch-K4[ns]	58	512	0	1024	CLMUL_TRI	4.96258
create-batch-K4-total[ms]	58	512	0	1024	CLMUL_TRI	2.60182
create-batch-K8[ns]	58	512	0	1024	GENERIC	7.85952
create-batch-K8-total[ms]	58	512	0	1024	GENERIC	4.12065
create-batch-K8[ns]	58	512	0	1024	CLMUL	2.74343
create-batch-K8-total[ms]	58	512	0	1024	CLMUL	1.43835
create-batch-K8[ns]	58	512	0	1024	CLMUL_TRI	3.56610
create-batch-K8-total[ms]	58	512	0	1024	CLMUL_TRI	1.86967
create-batch-K1[ns]	58	512	0	2048	GENERIC	7.22191
create-batch-K1-total[ms]	58	512	0	2048	GENERIC	7.57272
create-batch-K1[ns]	58	512	0	2048	CLMUL	10.24367
create-batch-K1-total[ms]	58	512	0	2048	CLMUL	10.74127
create-batch-K1[ns]	58	512	0	2048	CLMUL_TRI	12.02865
create-batch-K1-total[ms]	58	512	0	2048	CLMUL_TRI	12.61295
create-batch-K2[ns]	58	512	0	2048	GENERIC	6.34832
create-batch-K2-total[ms]	58	512	0	2048	GENERIC	6.65669
create-batch-K2[ns]	58	512	0	2048	CLMUL	5.37793
create-batch-K2-total[ms]	58	512	0	2048	CLMUL	5.63917
create-batch-K2[ns]	58	512	0	2048	CLMUL_TRI	7.48728
create-batch-K2-total[ms]	58	512	0	2048	CLMUL_TRI	7.85098
create-batch-K4[ns]	58	512	0	2048	GENERIC	7.04825
create-batch-K4-total[ms]	58	512	0	2048	GENERIC	7.39063
create-batch-K4[ns]	58	512	0	2048	CLMUL	3.19641
create-batch-K4-total[ms]	58	512	0	2048	CLMUL	3.35168
create-batch-K4[ns]	58	512	0	2048	CLMUL_TRI	4.96438
create-batch-K4-total[ms]	58	512	0	2048	CLMUL_TRI	5.20553
create-batch-K8[ns]	58	512	0	2048	GENERIC	7.86063
create-batch-K8-total[ms]	58	512	0	2048	GENERIC	8.24247
create-batch-K8[ns]	58	512	0	2048	CLMUL	2.74350
create-batch-K8-total[ms]	58	512	0	2048	CLMUL	2.87677
create-batch-K8[ns]	58	512	0	2048	CLMUL_TRI	3.56609
create-batch-K8-total[ms]	58	512	0	2048	CLMUL_TRI	3.73931
create-batch-K1[ns]	58	512	0	4096	GENERIC	7.22344
create-batch-K1-total[ms]	58	512	0	4096	GENERIC	15.14865
create-batch-K1[ns]	58	512	0	4096	CLMUL	10.24668
create-batch-K1-total[ms]	58	512	0	4096	CLMUL	21.48884
create-batch-K1[ns]	58	512	0	4096	CLMUL_TRI	12.02274
create-batch-K1-total[ms]	58	512	0	4096	CLMUL_TRI	25.21352
create-batch-K2[ns]	58	512	0	4096	GENERIC	6.36593
create-batch-K2-total[ms]	58	512	0	4096	GENERIC	13.35031
create-batch-K2[ns]	58	512	0	4096	CLMUL	5.22598
create-batch-K2-total[ms]	58	512	0	4096	CLMUL	10.95968
create-batch-K2[ns]	58	512	0	4096	CLMUL_TRI	7.48656
create-batch-K2-total[ms]	58	512	0	4096	CLMUL_TRI	15.70045
create-batch-K4[ns]	58	512	0	4096	GENERIC	7.06205
create-batch-K4-total[ms]	58	512	0	4096	GENERIC	14.81020
create-batch-K4[ns]	58	512	0	4096	CLMUL	3.19732
create-batch-K4-total[ms]	58	512	0	4096	CLMUL	6.70527
create-batch-K4[ns]	58	512	0	4096	CLMUL_TRI	4.96453
create-batch-K4-total[ms]	58	512	0	4096	CLMUL_TRI	10.41138
create-batch-K8[ns]	58	512	0	4096	GENERIC	7.86148
create-batch-K8-total[ms]	58	512	0	4096	GENERIC	16.48671
create-batch-K8[ns]	58	512	0	4096	CLMUL	2.74414
create-batch-K8-total[ms]	58	512	0	4096	CLMUL	5.75489
create-batch-K8[ns]	58	512	0	4096	CLMUL_TRI	3.56700
create-batch-K8-total[ms]	58	512	0	4096	CLMUL_TRI	7.48053
create-batch-K1[ns]	58	512	0	8192	GENERIC	7.22344
create-batch-K1-total[ms]	58	512	0	8192	GENERIC	30.29731
create-batch-K1[ns]	58	512	0	8192	CLMUL	10.26294
create-batch-K1-total[ms]	58	512	0	8192	CLMUL	43.04588
create-batch-K1[ns]	58	512	0	8192	CLMUL_TRI	12.02021
create-batch-K1-total[ms]	58	512	0	8192	CLMUL_TRI	50.41643
create-batch-K2[ns]	58	512	0	8192	GENERIC	6.35525
create-batch-K2-total[ms]	58	512	0	8192	GENERIC	26.65585
create-batch-K2[ns]	58	512	0	8192	CLMUL	5.37923
create-batch-K2-total[ms]	58	512	0	8192	CLMUL	22.56212
create-batch-K2[ns]	58	512	0	8192	CLMUL_TRI	7.48736
create-batch-K2-total[ms]	58	512	0	8192	CLMUL_TRI	31.40425
create-batch-K4[ns]	58	512	0	8192	GENERIC	7.02678
create-batch-K4-total[ms]	58	512	0	8192	GENERIC	29.47243
create-batch-K4[ns]	58	512	0	8192	CLMUL	3.19809
create-batch-K4-total[ms]	58	512	0	8192	CLMUL	13.41378
create-batch-K4[ns]	58	512	0	8192	CLMUL_TRI	4.96492
create-batch-K4-total[ms]	58	512	0	8192	CLMUL_TRI	20.82440
create-batch-K8[ns]	58	512	0	8192	GENERIC	7.86202
create-batch-K8-total[ms]	58	512	0	8192	GENERIC	32.97569
create-batch-K8[ns]	58	512	0	8192	CLMUL	2.74471
create-batch-K8-total[ms]	58	512	0	8192	CLMUL	11.51215
create-batch-K8[ns]	58	512	0	8192	CLMUL_TRI	3.56754
create-batch-K8-total[ms]	58	512	0	8192	CLMUL_TRI	14.96337
create-batch-K1[ns]	58	1024	0	16	GENERIC	7.08917
create-batch-K1-total[ms]	58	1024	0	16	GENERIC	0.11615
create-batch-K1[ns]	58	1024	0	16	CLMUL	10.24500
create-batch-K1-total[ms]	58	1024	0	16	CLMUL	0.16785
create-batch-K1[ns]	58	1024	0	16	CLMUL_TRI	11.93475
create-batch-K1-total[ms]	58	1024	0	16	CLMUL_TRI	0.19554
create-batch-K2[ns]	58	1024	0	16	GENERIC	6.23468
create-batch-K2-total[ms]	58	1024	0	16	GENERIC	0.10215
create-batch-K2[ns]	58	1024	0	16	CLMUL	5.21967
create-batch-K2-total[ms]	58	1024	0	16	CLMUL	0.08552
create-batch-K2[ns]	58	1024	0	16	CLMUL_TRI	7.48248
create-batch-K2-total[ms]	58	1024	0	16	CLMUL_TRI	0.12259
create-batch-K4[ns]	58	1024	0	16	GENERIC	6.90155
create-batch-K4-total[ms]	58	1024	0	16	GENERIC	0.11307
create-batch-K4[ns]	58	1024	0	16	CLMUL	3.18970
create-batch-K4-total[ms]	58	1024	0	16	CLMUL	0.05226
create-batch-K4[ns]	58	1024	0	16	CLMUL_TRI	4.94617
create-batch-K4-total[ms]	58	1024	0	16	CLMUL_TRI	0.08104
create-batch-K8[ns]	58	1024	0	16	GENERIC	7.73346
create-batch-K8-total[ms]	58	1024	0	16	GENERIC	0.12670
create-batch-K8[ns]	58	1024	0	16	CLMUL	2.73529
create-batch-K8-total[ms]	58	1024	0	16	CLMUL	0.04481
create-batch-K8[ns]	58	1024	0	16	CLMUL_TRI	3.56268
create-batch-K8-total[ms]	58	1024	0	16	CLMUL_TRI	0.05837
create-batch-K1[ns]	58	1024	0	64	GENERIC	7.08891
create-batch-K1-total[ms]	58	1024	0	64	GENERIC	0.46458
create-batch-K1[ns]	58	1024	0	64	CLMUL	10.25145
create-batch-K1-total[ms]	58	1024	0	64	CLMUL	0.67184
create-batch-K1[ns]	58	1024	0	64	CLMUL_TRI	12.00172
create-batch-K1-total[ms]	58	1024	0	64	CLMUL_TRI	0.78655
create-batch-K2[ns]	58	1024	0	64	GENERIC	6.23073
create-batch-K2-total[ms]	58	1024	0	64	GENERIC	0.40834
create-batch-K2[ns]	58	1024	0	64	CLMUL	5.31662
create-batch-K2-total[ms]	58	1024	0	64	CLMUL	0.34843
create-batch-K2[ns]	58	1024	0	64	CLMUL_TRI	7.47971
create-batch-K2-total[ms]	58	1024	0	64	CLMUL_TRI	0.49019
create-batch-K4[ns]	58	1024	0	64	GENERIC	6.87584
create-batch-K4-total[ms]	58	1024	0	64	GENERIC	0.45062
create-batch-K4[ns]	58	1024	0	64	CLMUL	3.18742
create-batch-K4-total[ms]	58	1024	0	64	CLMUL	0.20889
create-batch-K4[ns]	58	1024	0	64	CLMUL_TRI	4.95604
create-batch-K4-total[ms]	58	1024	0	64	CLMUL_TRI	0.32480
create-batch-K8[ns]	58	1024	0	64	GENERIC	7.73064
create-batch-K8-total[ms]	58	1024	0	64	GENERIC	0.50663
create-batch-K8[ns]	58	1024	0	64	CLMUL	2.73305
create-batch-K8-total[ms]	58	1024	0	64	CLMUL	0.17911
create-batch-K8[ns]	58	1024	0	64	CLMUL_TRI	3.56097
create-batch-K8-total[ms]	58	1024	0	64	CLMUL_TRI	0.23337
create-batch-K1[ns]	58	1024	0	128	GENERIC	7.08834
create-batch-K1-total[ms]	58	1024	0	128	GENERIC	0.92908
create-batch-K1[ns]	58	1024	0	128	CLMUL	10.21812
create-batch-K1-total[ms]	58	1024	0	128	CLMUL	1.33931
create-batch-K1[ns]	58	1024	0	128	CLMUL_TRI	12.01797
create-batch-K1-total[ms]	58	1024	0	128	CLMUL_TRI	1.57522
create-batch-K2[ns]	58	1024	0	128	GENERIC	6.22960
create-batch-K2-total[ms]	58	1024	0	128	GENERIC	0.81653
create-batch-K2[ns]	58	1024	0	128	CLMUL	5.33611
create-batch-K2-total[ms]	58	1024	0	128	CLMUL	0.69941
create-batch-K2[ns]	58	1024	0	128	CLMUL_TRI	7.47942
create-batch-K2-total[ms]	58	1024	0	128	CLMUL_TRI	0.98034
create-batch-K4[ns]	58	1024	0	128	GENERIC	6.91202
create-batch-K4-total[ms]	58	1024	0	128	GENERIC	0.90597
create-batch-K4[ns]	58	1024	0	128	CLMUL	3.18714
create-batch-K4-total[ms]	58	1024	0	128	CLMUL	0.41775
create-batch-K4[ns]	58	1024	0	128	CLMUL_TRI	5.09380
create-batch-K4-total[ms]	58	1024	0	128	CLMUL_TRI	0.66765
create-batch-K8[ns]	58	1024	0	128	GENERIC	7.72484
create-batch-K8-total[ms]	58	1024	0	128	GENERIC	1.01251
create-batch-K8[ns]	58	1024	0	128	CLMUL	2.73262
create-batch-K8-total[ms]	58	1024	0	128	CLMUL	0.35817
create-batch-K8[ns]	58	1024	0	128	CLMUL_TRI	3.56070
create-batch-K8-total[ms]	58	1024	0	128	CLMUL_TRI	0.46671
create-batch-K1[ns]	58	1024	0	512	GENERIC	7.09230
create-batch-K1-total[ms]	58	1024	0	512	GENERIC	3.71841
create-batch-K1[ns]	58	1024	0	512	CLMUL	10.23097
create-batch-K1-total[ms]	58	1024	0	512	CLMUL	5.36398
create-batch-K1[ns]	58	1024	0	512	CLMUL_TRI	12.03640
create-batch-K1-total[ms]	58	1024	0	512	CLMUL_TRI	6.31054
create-batch-K2[ns]	58	1024	0	512	GENERIC	6.22978
create-batch-K2-total[ms]	58	1024	0	512	GENERIC	3.26620
create-batch-K2[ns]	58	1024	0	512	CLMUL	5.35917
create-batch-K2-total[ms]	58	1024	0	512	CLMUL	2.80975
create-batch-K2[ns]	58	1024	0	512	CLMUL_TRI	7.48225
create-batch-K2-total[ms]	58	1024	0	512	CLMUL_TRI	3.92285
create-batch-K4[ns]	58	1024	0	512	GENERIC	6.92014
create-batch-K4-total[ms]	58	1024	0	512	GENERIC	3.62815
create-batch-K4[ns]	58	1024	0	512	CLMUL	3.18682
create-batch-K4-total[ms]	58	1024	0	512	CLMUL	1.67081
create-batch-K4[ns]	58	1024	0	512	CLMUL_TRI	4.95495
create-batch-K4-total[ms]	58	1024	0	512	CLMUL_TRI	2.59782
create-batch-K8[ns]	58	1024	0	512	GENERIC	7.72897
create-batch-K8-total[ms]	58	1024	0	512	GENERIC	4.05220
create-batch-K8[ns]	58	1024	0	512	CLMUL	2.73241
create-batch-K8-total[ms]	58	1024	0	512	CLMUL	1.43257
create-batch-K8[ns]	58	1024	0	512	CLMUL_TRI	3.56049
create-batch-K8-total[ms]	58	1024	0	512	CLMUL_TRI	1.86672
create-batch-K1[ns]	58	1024	0	1024	GENERIC	7.09182
create-batch-K1-total[ms]	58	1024	0	1024	GENERIC	7.43631
create-batch-K1[ns]	58	1024	0	1024	CLMUL	10.24756
create-batch-K1-total[ms]	58	1024	0	1024	CLMUL	10.74534
create-batch-K1[ns]	58	1024	0	1024	CLMUL_TRI	12.03330
create-batch-K1-total[ms]	58	1024	0	1024	CLMUL_TRI	12.61782
create-batch-K2[ns]	58	1024	0	1024	GENERIC	6.21524
create-batch-K2-total[ms]	58	1024	0	1024	GENERIC	6.51716
create-batch-K2[ns]	58	1024	0	1024	CLMUL	5.36537
create-batch-K2-total[ms]	58	1024	0	1024	CLMUL	5.62600
create-batch-K2[ns]	58	1024	0	1024	CLMUL_TRI	7.48071
create-batch-K2-total[ms]	58	1024	0	1024	CLMUL_TRI	7.84409
create-batch-K4[ns]	58	1024	0	1024	GENERIC	6.89695
create-batch-K4-total[ms]	58	1024	0	1024	GENERIC	7.23198
create-batch-K4[ns]	58	1024	0	1024	CLMUL	3.18680
create-batch-K4-total[ms]	58	1024	0	1024	CLMUL	3.34161
create-batch-K4[ns]	58	1024	0	1024	CLMUL_TRI	5.12472
create-batch-K4-total[ms]	58	1024	0	1024	CLMUL_TRI	5.37366
create-batch-K8[ns]	58	1024	0	1024	GENERIC	7.72731
create-batch-K8-total[ms]	58	1024	0	1024	GENERIC	8.10267
create-batch-K8[ns]	58	1024	0	1024	CLMUL	2.73252
create-batch-K8-total[ms]	58	1024	0	1024	CLMUL	2.86525
create-batch-K8[ns]	58	1024	0	1024	CLMUL_TRI	3.56058
create-batch-K8-total[ms]	58	1024	0	1024	CLMUL_TRI	3.73354
create-batch-K1[ns]	58	1024	0	2048	GENERIC	7.09103
create-batch-K1-total[ms]	58	1024	0	2048	GENERIC	14.87096
create-batch-K1[ns]	58	1024	0	2048	CLMUL	10.25211
create-batch-K1-total[ms]	58	1024	0	2048	CLMUL	21.50023
create-batch-K1[ns]	58	1024	0	2048	CLMUL_TRI	12.03171
create-batch-K1-total[ms]	58	1024	0	2048	CLMUL_TRI	25.23234
create-batch-K2[ns]	58	1024	0	2048	GENERIC	6.21512
create-batch-K2-total[ms]	58	1024	0	2048	GENERIC	13.03405
create-batch-K2[ns]	58	1024	0	2048	CLMUL	5.36005
create-batch-K2-total[ms]	58	1024	0	2048	CLMUL	11.24085
create-batch-K2[ns]	58	1024	0	2048	CLMUL_TRI	7.48175
create-batch-K2-total[ms]	58	1024	0	2048	CLMUL_TRI	15.69037
create-batch-K4[ns]	58	1024	0	2048	GENERIC	6.89592
create-batch-K4-total[ms]	58	1024	0	2048	GENERIC	14.46179
create-batch-K4[ns]	58	1024	0	2048	CLMUL	3.18775
create-batch-K4-total[ms]	58	1024	0	2048	CLMUL	6.68519
create-batch-K4[ns]	58	1024	0	2048	CLMUL_TRI	4.95712
create-batch-K4-total[ms]	58	1024	0	2048	CLMUL_TRI	10.39584
create-batch-K8[ns]	58	1024	0	2048	GENERIC	7.72802
create-batch-K8-total[ms]	58	1024	0	2048	GENERIC	16.20684
create-batch-K8[ns]	58	1024	0	2048	CLMUL	2.73317
create-batch-K8-total[ms]	58	1024	0	2048	CLMUL	5.73187
create-batch-K8[ns]	58	1024	0	2048	CLMUL_TRI	3.56120
create-batch-K8-total[ms]	58	1024	0	2048	CLMUL_TRI	7.46837
create-batch-K1[ns]	58	1024	0	4096	GENERIC	7.09213
create-batch-K1-total[ms]	58	1024	0	4096	GENERIC	29.74656
create-batch-K1[ns]	58	1024	0	4096	CLMUL	10.25763
create-batch-K1-total[ms]	58	1024	0	4096	CLMUL	43.02363
create-batch-K1[ns]	58	1024	0	4096	CLMUL_TRI	12.02490
create-batch-K1-total[ms]	58	1024	0	4096	CLMUL_TRI	50.43610
create-batch-K2[ns]	58	1024	0	4096	GENERIC	6.22148
create-batch-K2-total[ms]	58	1024	0	4096	GENERIC	26.09479
create-batch-K2[ns]	58	1024	0	4096	CLMUL	5.36703
create-batch-K2-total[ms]	58	1024	0	4096	CLMUL	22.51094
create-batch-K2[ns]	58	1024	0	4096	CLMUL_TRI	7.48190
create-batch-K2-total[ms]	58	1024	0	4096	CLMUL_TRI	31.38136
create-batch-K4[ns]	58	1024	0	4096	GENERIC	6.92981
create-batch-K4-total[ms]	58	1024	0	4096	GENERIC	29.06572
create-batch-K4[ns]	58	1024	0	4096	CLMUL	3.18812
create-batch-K4-total[ms]	58	1024	0	4096	CLMUL	13.37192
create-batch-K4[ns]	58	1024	0	4096	CLMUL_TRI	4.95705
create-batch-K4-total[ms]	58	1024	0	4096	CLMUL_TRI	20.79138
create-batch-K8[ns]	58	1024	0	4096	GENERIC	7.72755
create-batch-K8-total[ms]	58	1024	0	4096	GENERIC	32.41170
create-batch-K8[ns]	58	1024	0	4096	CLMUL	2.73338
create-batch-K8-total[ms]	58	1024	0	4096	CLMUL	11.46463
create-batch-K8[ns]	58	1024	0	4096	CLMUL_TRI	3.56162
create-batch-K8-total[ms]	58	1024	0	4096	CLMUL_TRI	14.93853
create-batch-K1[ns]	58	1024	0	8192	GENERIC	7.09222
create-batch-K1-total[ms]	58	1024	0	8192	GENERIC	59.49381
create-batch-K1[ns]	58	1024	0	8192	CLMUL	10.26059
create-batch-K1-total[ms]	58	1024	0	8192	CLMUL	86.07203
create-batch-K1[ns]	58	1024	0	8192	CLMUL_TRI	12.02187
create-batch-K1-total[ms]	58	1024	0	8192	CLMUL_TRI	100.84677
create-batch-K2[ns]	58	1024	0	8192	GENERIC	6.22394
create-batch-K2-total[ms]	58	1024	0	8192	GENERIC	52.21017
create-batch-K2[ns]	58	1024	0	8192	CLMUL	5.21881
create-batch-K2-total[ms]	58	1024	0	8192	CLMUL	43.77857
create-batch-K2[ns]	58	1024	0	8192	CLMUL_TRI	7.48221
create-batch-K2-total[ms]	58	1024	0	8192	CLMUL_TRI	62.76535
create-batch-K4[ns]	58	1024	0	8192	GENERIC	6.89736
create-batch-K4-total[ms]	58	1024	0	8192	GENERIC	57.85928
create-batch-K4[ns]	58	1024	0	8192	CLMUL	3.18825
create-batch-K4-total[ms]	58	1024	0	8192	CLMUL	26.74502
create-batch-K4[ns]	58	1024	0	8192	CLMUL_TRI	4.95749
create-batch-K4-total[ms]	58	1024	0	8192	CLMUL_TRI	41.58646
create-batch-K8[ns]	58	1024	0	8192	GENERIC	7.72887
create-batch-K8-total[ms]	58	1024	0	8192	GENERIC	64.83444
create-batch-K8[ns]	58	1024	0	8192	CLMUL	2.73347
create-batch-K8-total[ms]	58	1024	0	8192	CLMUL	22.93000
create-batch-K8[ns]	58	1024	0	8192	CLMUL_TRI	3.56195
create-batch-K8-total[ms]	58	1024	0	8192	CLMUL_TRI	29.87981
create-batch-K1[ns]	58	2048	0	16	GENERIC	7.02362
create-batch-K1-total[ms]	58	2048	0	16	GENERIC	0.23015
create-batch-K1[ns]	58	2048	0	16	CLMUL	10.26077
create-batch-K1-total[ms]	58	2048	0	16	CLMUL	0.33622
create-batch-K1[ns]	58	2048	0	16	CLMUL_TRI	11.95285
create-batch-K1-total[ms]	58	2048	0	16	CLMUL_TRI	0.39167
create-batch-K2[ns]	58	2048	0	16	GENERIC	6.15784
create-batch-K2-total[ms]	58	2048	0	16	GENERIC	0.20178
create-batch-K2[ns]	58	2048	0	16	CLMUL	5.26715
create-batch-K2-total[ms]	58	2048	0	16	CLMUL	0.17259
create-batch-K2[ns]	58	2048	0	16	CLMUL_TRI	7.47800
create-batch-K2-total[ms]	58	2048	0	16	CLMUL_TRI	0.24504
create-batch-K4[ns]	58	2048	0	16	GENERIC	6.85464
create-batch-K4-total[ms]	58	2048	0	16	GENERIC	0.22461
create-batch-K4[ns]	58	2048	0	16	CLMUL	3.18344
create-batch-K4-total[ms]	58	2048	0	16	CLMUL	0.10432
create-batch-K4[ns]	58	2048	0	16	CLMUL_TRI	4.95349
create-batch-K4-total[ms]	58	2048	0	16	CLMUL_TRI	0.16232
create-batch-K8[ns]	58	2048	0	16	GENERIC	7.67355
create-batch-K8-total[ms]	58	2048	0	16	GENERIC	0.25145
create-batch-K8[ns]	58	2048	0	16	CLMUL	2.72852
create-batch-K8-total[ms]	58	2048	0	16	CLMUL	0.08941
create-batch-K8[ns]	58	2048	0	16	CLMUL_TRI	3.55872
create-batch-K8-total[ms]	58	2048	0	16	CLMUL_TRI	0.11661
create-batch-K1[ns]	58	2048	0	64	GENERIC	7.02165
create-batch-K1-total[ms]	58	2048	0	64	GENERIC	0.92034
create-batch-K1[ns]	58	2048	0	64	CLMUL	10.24100
create-batch-K1-total[ms]	58	2048	0	64	CLMUL	1.34231
create-batch-K1[ns]	58	2048	0	64	CLMUL_TRI	12.02080
create-batch-K1-total[ms]	58	2048	0	64	CLMUL_TRI	1.57559
create-batch-K2[ns]	58	2048	0	64	GENERIC	6.14525
create-batch-K2-total[ms]	58	2048	0	64	GENERIC	0.80547
create-batch-K2[ns]	58	2048	0	64	CLMUL	5.31774
create-batch-K2-total[ms]	58	2048	0	64	CLMUL	0.69701
create-batch-K2[ns]	58	2048	0	64	CLMUL_TRI	7.47688
create-batch-K2-total[ms]	58	2048	0	64	CLMUL_TRI	0.98001
create-batch-K4[ns]	58	2048	0	64	GENERIC	6.82597
create-batch-K4-total[ms]	58	2048	0	64	GENERIC	0.89469
create-batch-K4[ns]	58	2048	0	64	CLMUL	3.18233
create-batch-K4-total[ms]	58	2048	0	64	CLMUL	0.41712
create-batch-K4[ns]	58	2048	0	64	CLMUL_TRI	4.94898
create-batch-K4-total[ms]	58	2048	0	64	CLMUL_TRI	0.64867
create-batch-K8[ns]	58	2048	0	64	GENERIC	7.66408
create-batch-K8-total[ms]	58	2048	0	64	GENERIC	1.00455
create-batch-K8[ns]	58	2048	0	64	CLMUL	2.72725
create-batch-K8-total[ms]	58	2048	0	64	CLMUL	0.35747
create-batch-K8[ns]	58	2048	0	64	CLMUL_TRI	3.55773
create-batch-K8-total[ms]	58	2048	0	64	CLMUL_TRI	0.46632
create-batch-K1[ns]	58	2048	0	128	GENERIC	7.02208
create-batch-K1-total[ms]	58	2048	0	128	GENERIC	1.84080
create-batch-K1[ns]	58	2048	0	128	CLMUL	10.24468
create-batch-K1-total[ms]	58	2048	0	128	CLMUL	2.68558
create-batch-K1[ns]	58	2048	0	128	CLMUL_TRI	12.02178
create-batch-K1-total[ms]	58	2048	0	128	CLMUL_TRI	3.15144
create-batch-K2[ns]	58	2048	0	128	GENERIC	6.16440
create-batch-K2-total[ms]	58	2048	0	128	GENERIC	1.61596
create-batch-K2[ns]	58	2048	0	128	CLMUL	5.33822
create-batch-K2-total[ms]	58	2048	0	128	CLMUL	1.39938
create-batch-K2[ns]	58	2048	0	128	CLMUL_TRI	7.47673
create-batch-K2-total[ms]	58	2048	0	128	CLMUL_TRI	1.95998
create-batch-K4[ns]	58	2048	0	128	GENERIC	6.82703
create-batch-K4-total[ms]	58	2048	0	128	GENERIC	1.78967
create-batch-K4[ns]	58	2048	0	128	CLMUL	3.18213
create-batch-K4-total[ms]	58	2048	0	128	CLMUL	0.83417
create-batch-K4[ns]	58	2048	0	128	CLMUL_TRI	5.09097
create-batch-K4-total[ms]	58	2048	0	128	CLMUL_TRI	1.33457
create-batch-K8[ns]	58	2048	0	128	GENERIC	7.66069
create-batch-K8-total[ms]	58	2048	0	128	GENERIC	2.00820
create-batch-K8[ns]	58	2048	0	128	CLMUL	2.72704
create-batch-K8-total[ms]	58	2048	0	128	CLMUL	0.71488
create-batch-K8[ns]	58	2048	0	128	CLMUL_TRI	3.55773
create-batch-K8-total[ms]	58	2048	0	128	CLMUL_TRI	0.93264
create-batch-K1[ns]	58	2048	0	512	GENERIC	7.02543
create-batch-K1-total[ms]	58	2048	0	512	GENERIC	7.36670
create-batch-K1[ns]	58	2048	0	512	CLMUL	10.24468
create-batch-K1-total[ms]	58	2048	0	512	CLMUL	10.74233
create-batch-K1[ns]	58	2048	0	512	CLMUL_TRI	12.02159
create-batch-K1-total[ms]	58	2048	0	512	CLMUL_TRI	12.60555
create-batch-K2[ns]	58	2048	0	512	GENERIC	6.14718
create-batch-K2-total[ms]	58	2048	0	512	GENERIC	6.44578
create-batch-K2[ns]	58	2048	0	512	CLMUL	5.21400
create-batch-K2-total[ms]	58	2048	0	512	CLMUL	5.46727
create-batch-K2[ns]	58	2048	0	512	CLMUL_TRI	7.47970
create-batch-K2-total[ms]	58	2048	0	512	CLMUL_TRI	7.84304
create-batch-K4[ns]	58	2048	0	512	GENERIC	6.83136
create-batch-K4-total[ms]	58	2048	0	512	GENERIC	7.16320
create-batch-K4[ns]	58	2048	0	512	CLMUL	3.18204
create-batch-K4-total[ms]	58	2048	0	512	CLMUL	3.33661
create-batch-K4[ns]	58	2048	0	512	CLMUL_TRI	4.95301
create-batch-K4-total[ms]	58	2048	0	512	CLMUL_TRI	5.19361
create-batch-K8[ns]	58	2048	0	512	GENERIC	7.66311
create-batch-K8-total[ms]	58	2048	0	512	GENERIC	8.03535
create-batch-K8[ns]	58	2048	0	512	CLMUL	2.72690
create-batch-K8-total[ms]	58	2048	0	512	CLMUL	2.85936
create-batch-K8[ns]	58	2048	0	512	CLMUL_TRI	3.55766
create-batch-K8-total[ms]	58	2048	0	512	CLMUL_TRI	3.73048
create-batch-K1[ns]	58	2048	0	1024	GENERIC	7.02610
create-batch-K1-total[ms]	58	2048	0	1024	GENERIC	14.73481
create-batch-K1[ns]	58	2048	0	1024	CLMUL	10.26006
create-batch-K1-total[ms]	58	2048	0	1024	CLMUL	21.51691
create-batch-K1[ns]	58	2048	0	1024	CLMUL_TRI	12.02216
create-batch-K1-total[ms]	58	2048	0	1024	CLMUL_TRI	25.21230
create-batch-K2[ns]	58	2048	0	1024	GENERIC	6.16772
create-batch-K2-total[ms]	58	2048	0	1024	GENERIC	12.93464
create-batch-K2[ns]	58	2048	0	1024	CLMUL	5.35634
create-batch-K2-total[ms]	58	2048	0	1024	CLMUL	11.23305
create-batch-K2[ns]	58	2048	0	1024	CLMUL_TRI	7.47963
create-batch-K2-total[ms]	58	2048	0	1024	CLMUL_TRI	15.68593
create-batch-K4[ns]	58	2048	0	1024	GENERIC	6.82721
create-batch-K4-total[ms]	58	2048	0	1024	GENERIC	14.31769
create-batch-K4[ns]	58	2048	0	1024	CLMUL	3.18284
create-batch-K4-total[ms]	58	2048	0	1024	CLMUL	6.67490
create-batch-K4[ns]	58	2048	0	1024	CLMUL_TRI	4.95325
create-batch-K4-total[ms]	58	2048	0	1024	CLMUL_TRI	10.38771
create-batch-K8[ns]	58	2048	0	1024	GENERIC	7.66647
create-batch-K8-total[ms]	58	2048	0	1024	GENERIC	16.07775
create-batch-K8[ns]	58	2048	0	1024	CLMUL	2.72768
create-batch-K8-total[ms]	58	2048	0	1024	CLMUL	5.72035
create-batch-K8[ns]	58	2048	0	1024	CLMUL_TRI	3.55914
create-batch-K8-total[ms]	58	2048	0	1024	CLMUL_TRI	7.46405
create-batch-K1[ns]	58	2048	0	2048	GENERIC	7.02624
create-batch-K1-total[ms]	58	2048	0	2048	GENERIC	29.47017
create-batch-K1[ns]	58	2048	0	2048	CLMUL	10.26205
create-batch-K1-total[ms]	58	2048	0	2048	CLMUL	43.04214
create-batch-K1[ns]	58	2048	0	2048	CLMUL_TRI	12.02467
create-batch-K1-total[ms]	58	2048	0	2048	CLMUL_TRI	50.43513
create-batch-K2[ns]	58	2048	0	2048	GENERIC	6.15479
create-batch-K2-total[ms]	58	2048	0	2048	GENERIC	25.81504
create-batch-K2[ns]	58	2048	0	2048	CLMUL	5.36328
create-batch-K2-total[ms]	58	2048	0	2048	CLMUL	22.49523
create-batch-K2[ns]	58	2048	0	2048	CLMUL_TRI	7.47929
create-batch-K2-total[ms]	58	2048	0	2048	CLMUL_TRI	31.37040
create-batch-K4[ns]	58	2048	0	2048	GENERIC	6.86126
create-batch-K4-total[ms]	58	2048	0	2048	GENERIC	28.77820
create-batch-K4[ns]	58	2048	0	2048	CLMUL	3.18315
create-batch-K4-total[ms]	58	2048	0	2048	CLMUL	13.35109
create-batch-K4[ns]	58	2048	0	2048	CLMUL_TRI	4.95343
create-batch-K4-total[ms]	58	2048	0	2048	CLMUL_TRI	20.77618
create-batch-K8[ns]	58	2048	0	2048	GENERIC	7.66675
create-batch-K8-total[ms]	58	2048	0	2048	GENERIC	32.15668
create-batch-K8[ns]	58	2048	0	2048	CLMUL	2.72770
create-batch-K8-total[ms]	58	2048	0	2048	CLMUL	11.44081
create-batch-K8[ns]	58	2048	0	2048	CLMUL_TRI	3.55893
create-batch-K8-total[ms]	58	2048	0	2048	CLMUL_TRI	14.92725
create-batch-K1[ns]	58	2048	0	4096	GENERIC	7.02642
create-batch-K1-total[ms]	58	2048	0	4096	GENERIC	58.94186
create-batch-K1[ns]	58	2048	0	4096	CLMUL	10.27284
create-batch-K1-total[ms]	58	2048	0	4096	CLMUL	86.17485
create-batch-K1[ns]	58	2048	0	4096	CLMUL_TRI	12.02227
create-batch-K1-total[ms]	58	2048	0	4096	CLMUL_TRI	100.85008
create-batch-K2[ns]	58	2048	0	4096	GENERIC	6.15896
create-batch-K2-total[ms]	58	2048	0	4096	GENERIC	51.66513
create-batch-K2[ns]	58	2048	0	4096	CLMUL	5.31855
create-batch-K2-total[ms]	58	2048	0	4096	CLMUL	44.61523
create-batch-K2[ns]	58	2048	0	4096	CLMUL_TRI	7.47969
create-batch-K2-total[ms]	58	2048	0	4096	CLMUL_TRI	62.74418
create-batch-K4[ns]	58	2048	0	4096	GENERIC	6.83273
create-batch-K4-total[ms]	58	2048	0	4096	GENERIC	57.31707
create-batch-K4[ns]	58	2048	0	4096	CLMUL	3.18327
create-batch-K4-total[ms]	58	2048	0	4096	CLMUL	26.70322
create-batch-K4[ns]	58	2048	0	4096	CLMUL_TRI	4.95386
create-batch-K4-total[ms]	58	2048	0	4096	CLMUL_TRI	41.55601
create-batch-K8[ns]	58	2048	0	4096	GENERIC	7.66685
create-batch-K8-total[ms]	58	2048	0	4096	GENERIC	64.31421
create-batch-K8[ns]	58	2048	0	4096	CLMUL	2.72797
create-batch-K8-total[ms]	58	2048	0	4096	CLMUL	22.88385
create-batch-K8[ns]	58	2048	0	4096	CLMUL_TRI	3.55903
create-batch-K8-total[ms]	58	2048	0	4096	CLMUL_TRI	29.85531
create-batch-K1[ns]	58	2048	0	8192	GENERIC	7.02654
create-batch-K1-total[ms]	58	2048	0	8192	GENERIC	117.88582
create-batch-K1[ns]	58	2048	0	8192	CLMUL	10.26945
create-batch-K1-total[ms]	58	2048	0	8192	CLMUL	172.29275
create-batch-K1[ns]	58	2048	0	8192	CLMUL_TRI	12.02712
create-batch-K1-total[ms]	58	2048	0	8192	CLMUL_TRI	201.78154
create-batch-K2[ns]	58	2048	0	8192	GENERIC	6.15795
create-batch-K2-total[ms]	58	2048	0	8192	GENERIC	103.31329
create-batch-K2[ns]	58	2048	0	8192	CLMUL	5.36347
create-batch-K2-total[ms]	58	2048	0	8192	CLMUL	89.98403
create-batch-K2[ns]	58	2048	0	8192	CLMUL_TRI	7.47969
create-batch-K2-total[ms]	58	2048	0	8192	CLMUL_TRI	125.48841
create-batch-K4[ns]	58	2048	0	8192	GENERIC	6.83273
create-batch-K4-total[ms]	58	2048	0	8192	GENERIC	114.63416
create-batch-K4[ns]	58	2048	0	8192	CLMUL	3.18333
create-batch-K4-total[ms]	58	2048	0	8192	CLMUL	53.40748
create-batch-K4[ns]	58	2048	0	8192	CLMUL_TRI	4.95374
create-batch-K4-total[ms]	58	2048	0	8192	CLMUL_TRI	83.10999
create-batch-K8[ns]	58	2048	0	8192	GENERIC	7.66588
create-batch-K8-total[ms]	58	2048	0	8192	GENERIC	128.61213
create-batch-K8[ns]	58	2048	0	8192	CLMUL	2.72797
create-batch-K8-total[ms]	58	2048	0	8192	CLMUL	45.76768
create-batch-K8[ns]	58	2048	0	8192	CLMUL_TRI	3.55911
create-batch-K8-total[ms]	58	2048	0	8192	CLMUL_TRI	59.71200
create-batch-K1[ns]	58	3072	0	16	GENERIC	7.00743
create-batch-K1-total[ms]	58	3072	0	16	GENERIC	0.34443
create-batch-K1[ns]	58	3072	0	16	CLMUL	10.18394
create-batch-K1-total[ms]	58	3072	0	16	CLMUL	0.50056
create-batch-K1[ns]	58	3072	0	16	CLMUL_TRI	12.00482
create-batch-K1-total[ms]	58	3072	0	16	CLMUL_TRI	0.59006
create-batch-K2[ns]	58	3072	0	16	GENERIC	6.16048
create-batch-K2-total[ms]	58	3072	0	16	GENERIC	0.30280
create-batch-K2[ns]	58	3072	0	16	CLMUL	5.21252
create-batch-K2-total[ms]	58	3072	0	16	CLMUL	0.25621
create-batch-K2[ns]	58	3072	0	16	CLMUL_TRI	7.47650
create-batch-K2-total[ms]	58	3072	0	16	CLMUL_TRI	0.36749
create-batch-K4[ns]	58	3072	0	16	GENERIC	6.84430
create-batch-K4-total[ms]	58	3072	0	16	GENERIC	0.33641
create-batch-K4[ns]	58	3072	0	16	CLMUL	3.18138
create-batch-K4-total[ms]	58	3072	0	16	CLMUL	0.15637
create-batch-K4[ns]	58	3072	0	16	CLMUL_TRI	4.98006
create-batch-K4-total[ms]	58	3072	0	16	CLMUL_TRI	0.24478
create-batch-K8[ns]	58	3072	0	16	GENERIC	7.64868
create-batch-K8-total[ms]	58	3072	0	16	GENERIC	0.37595
create-batch-K8[ns]	58	3072	0	16	CLMUL	2.72589
create-batch-K8-total[ms]	58	3072	0	16	CLMUL	0.13398
create-batch-K8[ns]	58	3072	0	16	CLMUL_TRI	3.55703
create-batch-K8-total[ms]	58	3072	0	16	CLMUL_TRI	0.17483
create-batch-K1[ns]	58	3072	0	64	GENERIC	7.00178
create-batch-K1-total[ms]	58	3072	0	64	GENERIC	1.37661
create-batch-K1[ns]	58	3072	0	64	CLMUL	10.21124
create-batch-K1-total[ms]	58	3072	0	64	CLMUL	2.00761
create-batch-K1[ns]	58	3072	0	64	CLMUL_TRI	12.00652
create-batch-K1-total[ms]	58	3072	0	64	CLMUL_TRI	2.36058
create-batch-K2[ns]	58	3072	0	64	GENERIC	6.14408
create-batch-K2-total[ms]	58	3072	0	64	GENERIC	1.20798
create-batch-K2[ns]	58	3072	0	64	CLMUL	5.30927
create-batch-K2-total[ms]	58	3072	0	64	CLMUL	1.04384
create-batch-K2[ns]	58	3072	0	64	CLMUL_TRI	7.47594
create-batch-K2-total[ms]	58	3072	0	64	CLMUL_TRI	1.46983
create-batch-K4[ns]	58	3072	0	64	GENERIC	6.82950
create-batch-K4-total[ms]	58	3072	0	64	GENERIC	1.34274
create-batch-K4[ns]	58	3072	0	64	CLMUL	3.18055
create-batch-K4-total[ms]	58	3072	0	64	CLMUL	0.62532
create-batch-K4[ns]	58	3072	0	64	CLMUL_TRI	4.94823
create-batch-K4-total[ms]	58	3072	0	64	CLMUL_TRI	0.97286
create-batch-K8[ns]	58	3072	0	64	GENERIC	7.64114
create-batch-K8-total[ms]	58	3072	0	64	GENERIC	1.50231
create-batch-K8[ns]	58	3072	0	64	CLMUL	2.72522
create-batch-K8-total[ms]	58	3072	0	64	CLMUL	0.53580
create-batch-K8[ns]	58	3072	0	64	CLMUL_TRI	3.55684
create-batch-K8-total[ms]	58	3072	0	64	CLMUL_TRI	0.69930
create-batch-K1[ns]	58	3072	0	128	GENERIC	7.00249
create-batch-K1-total[ms]	58	3072	0	128	GENERIC	2.75349
create-batch-K1[ns]	58	3072	0	128	CLMUL	10.20682
create-batch-K1-total[ms]	58	3072	0	128	CLMUL	4.01348
create-batch-K1[ns]	58	3072	0	128	CLMUL_TRI	12.00092
create-batch-K1-total[ms]	58	3072	0	128	CLMUL_TRI	4.71895
create-batch-K2[ns]	58	3072	0	128	GENERIC	6.14196
create-batch-K2-total[ms]	58	3072	0	128	GENERIC	2.41512
create-batch-K2[ns]	58	3072	0	128	CLMUL	5.32843
create-batch-K2-total[ms]	58	3072	0	128	CLMUL	2.09522
create-batch-K2[ns]	58	3072	0	128	CLMUL_TRI	7.47594
create-batch-K2-total[ms]	58	3072	0	128	CLMUL_TRI	2.93966
create-batch-K4[ns]	58	3072	0	128	GENERIC	6.84679
create-batch-K4-total[ms]	58	3072	0	128	GENERIC	2.69227
create-batch-K4[ns]	58	3072	0	128	CLMUL	3.18045
create-batch-K4-total[ms]	58	3072	0	128	CLMUL	1.25060
create-batch-K4[ns]	58	3072	0	128	CLMUL_TRI	4.94898
create-batch-K4-total[ms]	58	3072	0	128	CLMUL_TRI	1.94602
create-batch-K8[ns]	58	3072	0	128	GENERIC	7.64529
create-batch-K8-total[ms]	58	3072	0	128	GENERIC	3.00625
create-batch-K8[ns]	58	3072	0	128	CLMUL	2.72518
create-batch-K8-total[ms]	58	3072	0	128	CLMUL	1.07158
create-batch-K8[ns]	58	3072	0	128	CLMUL_TRI	3.55674
create-batch-K8-total[ms]	58	3072	0	128	CLMUL_TRI	1.39857
create-batch-K1[ns]	58	3072	0	512	GENERIC	7.00388
create-batch-K1-total[ms]	58	3072	0	512	GENERIC	11.01614
create-batch-K1[ns]	58	3072	0	512	CLMUL	10.24967
create-batch-K1-total[ms]	58	3072	0	512	CLMUL	16.12134
create-batch-K1[ns]	58	3072	0	512	CLMUL_TRI	12.01792
create-batch-K1-total[ms]	58	3072	0	512	CLMUL_TRI	18.90255
create-batch-K2[ns]	58	3072	0	512	GENERIC	6.14496
create-batch-K2-total[ms]	58	3072	0	512	GENERIC	9.66519
create-batch-K2[ns]	58	3072	0	512	CLMUL	5.35028
create-batch-K2-total[ms]	58	3072	0	512	CLMUL	8.41527
create-batch-K2[ns]	58	3072	0	512	CLMUL_TRI	7.47800
create-batch-K2-total[ms]	58	3072	0	512	CLMUL_TRI	11.76187
create-batch-K4[ns]	58	3072	0	512	GENERIC	6.82541
create-batch-K4-total[ms]	58	3072	0	512	GENERIC	10.73544
create-batch-K4[ns]	58	3072	0	512	CLMUL	3.18156
create-batch-K4-total[ms]	58	3072	0	512	CLMUL	5.00416
create-batch-K4[ns]	58	3072	0	512	CLMUL_TRI	4.95173
create-batch-K4-total[ms]	58	3072	0	512	CLMUL_TRI	7.78839
create-batch-K8[ns]	58	3072	0	512	GENERIC	7.64368
create-batch-K8-total[ms]	58	3072	0	512	GENERIC	12.02247
create-batch-K8[ns]	58	3072	0	512	CLMUL	2.72618
create-batch-K8-total[ms]	58	3072	0	512	CLMUL	4.28791
create-batch-K8[ns]	58	3072	0	512	CLMUL_TRI	3.55772
create-batch-K8-total[ms]	58	3072	0	512	CLMUL_TRI	5.59581
create-batch-K1[ns]	58	3072	0	1024	GENERIC	7.00453
create-batch-K1-total[ms]	58	3072	0	1024	GENERIC	22.03434
create-batch-K1[ns]	58	3072	0	1024	CLMUL	10.25719
create-batch-K1-total[ms]	58	3072	0	1024	CLMUL	32.26633
create-batch-K1[ns]	58	3072	0	1024	CLMUL_TRI	12.02024
create-batch-K1-total[ms]	58	3072	0	1024	CLMUL_TRI	37.81242
create-batch-K2[ns]	58	3072	0	1024	GENERIC	6.14579
create-batch-K2-total[ms]	58	3072	0	1024	GENERIC	19.33298
create-batch-K2[ns]	58	3072	0	1024	CLMUL	5.35115
create-batch-K2-total[ms]	58	3072	0	1024	CLMUL	16.83327
create-batch-K2[ns]	58	3072	0	1024	CLMUL_TRI	7.47856
create-batch-K2-total[ms]	58	3072	0	1024	CLMUL_TRI	23.52550
create-batch-K4[ns]	58	3072	0	1024	GENERIC	6.81901
create-batch-K4-total[ms]	58	3072	0	1024	GENERIC	21.45074
create-batch-K4[ns]	58	3072	0	1024	CLMUL	3.18148
create-batch-K4-total[ms]	58	3072	0	1024	CLMUL	10.00806
create-batch-K4[ns]	58	3072	0	1024	CLMUL_TRI	4.95224
create-batch-K4-total[ms]	58	3072	0	1024	CLMUL_TRI	15.57839
create-batch-K8[ns]	58	3072	0	1024	GENERIC	7.64403
create-batch-K8-total[ms]	58	3072	0	1024	GENERIC	24.04605
create-batch-K8[ns]	58	3072	0	1024	CLMUL	2.72617
create-batch-K8-total[ms]	58	3072	0	1024	CLMUL	8.57579
create-batch-K8[ns]	58	3072	0	1024	CLMUL_TRI	3.55772
create-batch-K8-total[ms]	58	3072	0	1024	CLMUL_TRI	11.19163
create-batch-K1[ns]	58	3072	0	2048	GENERIC	7.00475
create-batch-K1-total[ms]	58	3072	0	2048	GENERIC	44.07007
create-batch-K1[ns]	58	3072	0	2048	CLMUL	10.25479
create-batch-K1-total[ms]	58	3072	0	2048	CLMUL	64.51759
create-batch-K1[ns]	58	3072	0	2048	CLMUL_TRI	12.02075
create-batch-K1-total[ms]	58	3072	0	2048	CLMUL_TRI	75.62803
create-batch-K2[ns]	58	3072	0	2048	GENERIC	6.13931
create-batch-K2-total[ms]	58	3072	0	2048	GENERIC	38.62523
create-batch-K2[ns]	58	3072	0	2048	CLMUL	5.21333
create-batch-K2-total[ms]	58	3072	0	2048	CLMUL	32.79941
create-batch-K2[ns]	58	3072	0	2048	CLMUL_TRI	7.47869
create-batch-K2-total[ms]	58	3072	0	2048	CLMUL_TRI	47.05183
create-batch-K4[ns]	58	3072	0	2048	GENERIC	6.80997
create-batch-K4-total[ms]	58	3072	0	2048	GENERIC	42.84466
create-batch-K4[ns]	58	3072	0	2048	CLMUL	3.18174
create-batch-K4-total[ms]	58	3072	0	2048	CLMUL	20.01777
create-batch-K4[ns]	58	3072	0	2048	CLMUL_TRI	4.95230
create-batch-K4-total[ms]	58	3072	0	2048	CLMUL_TRI	31.15719
create-batch-K8[ns]	58	3072	0	2048	GENERIC	7.64563
create-batch-K8-total[ms]	58	3072	0	2048	GENERIC	48.10217
create-batch-K8[ns]	58	3072	0	2048	CLMUL	2.72618
create-batch-K8-total[ms]	58	3072	0	2048	CLMUL	17.15167
create-batch-K8[ns]	58	3072	0	2048	CLMUL_TRI	3.55805
create-batch-K8-total[ms]	58	3072	0	2048	CLMUL_TRI	22.38533
create-batch-K1[ns]	58	3072	0	4096	GENERIC	7.00449
create-batch-K1-total[ms]	58	3072	0	4096	GENERIC	88.13689
create-batch-K1[ns]	58	3072	0	4096	CLMUL	10.25817
create-batch-K1-total[ms]	58	3072	0	4096	CLMUL	129.07767
create-batch-K1[ns]	58	3072	0	4096	CLMUL_TRI	12.02096
create-batch-K1-total[ms]	58	3072	0	4096	CLMUL_TRI	151.25866
create-batch-K2[ns]	58	3072	0	4096	GENERIC	6.13907
create-batch-K2-total[ms]	58	3072	0	4096	GENERIC	77.24741
create-batch-K2[ns]	58	3072	0	4096	CLMUL	5.21440
create-batch-K2-total[ms]	58	3072	0	4096	CLMUL	65.61230
create-batch-K2[ns]	58	3072	0	4096	CLMUL_TRI	7.47907
create-batch-K2-total[ms]	58	3072	0	4096	CLMUL_TRI	94.10845
create-batch-K4[ns]	58	3072	0	4096	GENERIC	6.80940
create-batch-K4-total[ms]	58	3072	0	4096	GENERIC	85.68212
create-batch-K4[ns]	58	3072	0	4096	CLMUL	3.18177
create-batch-K4-total[ms]	58	3072	0	4096	CLMUL	40.03591
create-batch-K4[ns]	58	3072	0	4096	CLMUL_TRI	4.95268
create-batch-K4-total[ms]	58	3072	0	4096	CLMUL_TRI	62.31918
create-batch-K8[ns]	58	3072	0	4096	GENERIC	7.64609
create-batch-K8-total[ms]	58	3072	0	4096	GENERIC	96.21004
create-batch-K8[ns]	58	3072	0	4096	CLMUL	2.72619
create-batch-K8-total[ms]	58	3072	0	4096	CLMUL	34.30342
create-batch-K8[ns]	58	3072	0	4096	CLMUL_TRI	3.55812
create-batch-K8-total[ms]	58	3072	0	4096	CLMUL_TRI	44.77151
create-batch-K1[ns]	58	3072	0	8192	GENERIC	7.00484
create-batch-K1-total[ms]	58	3072	0	8192	GENERIC	176.28246
create-batch-K1[ns]	58	3072	0	8192	CLMUL	10.26139
create-batch-K1-total[ms]	58	3072	0	8192	CLMUL	258.23646
create-batch-K1[ns]	58	3072	0	8192	CLMUL_TRI	12.02281
create-batch-K1-total[ms]	58	3072	0	8192	CLMUL_TRI	302.56393
create-batch-K2[ns]	58	3072	0	8192	GENERIC	6.13989
create-batch-K2-total[ms]	58	3072	0	8192	GENERIC	154.51544
create-batch-K2[ns]	58	3072	0	8192	CLMUL	5.35566
create-batch-K2-total[ms]	58	3072	0	8192	CLMUL	134.77951
create-batch-K2[ns]	58	3072	0	8192	CLMUL_TRI	7.47899
create-batch-K2-total[ms]	58	3072	0	8192	CLMUL_TRI	188.21506
create-batch-K4[ns]	58	3072	0	8192	GENERIC	6.81130
create-batch-K4-total[ms]	58	3072	0	8192	GENERIC	171.41188
create-batch-K4[ns]	58	3072	0	8192	CLMUL	3.18183
create-batch-K4-total[ms]	58	3072	0	8192	CLMUL	80.07348
create-batch-K4[ns]	58	3072	0	8192	CLMUL_TRI	4.95258
create-batch-K4-total[ms]	58	3072	0	8192	CLMUL_TRI	124.63587
create-batch-K8[ns]	58	3072	0	8192	GENERIC	7.64640
create-batch-K8-total[ms]	58	3072	0	8192	GENERIC	192.42799
create-batch-K8[ns]	58	3072	0	8192	CLMUL	2.72627
create-batch-K8-total[ms]	58	3072	0	8192	CLMUL	68.60872
create-batch-K8[ns]	58	3072	0	8192	CLMUL_TRI	3.55830
create-batch-K8-total[ms]	58	3072	0	8192	CLMUL_TRI	89.54759
create-batch-K1[ns]	58	4096	0	16	GENERIC	6.99594
create-batch-K1-total[ms]	58	4096	0	16	GENERIC	0.45849
create-batch-K1[ns]	58	4096	0	16	CLMUL	10.23508
create-batch-K1-total[ms]	58	4096	0	16	CLMUL	0.67077
create-batch-K1[ns]	58	4096	0	16	CLMUL_TRI	11.95396
create-batch-K1-total[ms]	58	4096	0	16	CLMUL_TRI	0.78341
create-batch-K2[ns]	58	4096	0	16	GENERIC	6.14680
create-batch-K2-total[ms]	58	4096	0	16	GENERIC	0.40284
create-batch-K2[ns]	58	4096	0	16	CLMUL	5.28920
create-batch-K2-total[ms]	58	4096	0	16	CLMUL	0.34663
create-batch-K2[ns]	58	4096	0	16	CLMUL_TRI	7.47603
create-batch-K2-total[ms]	58	4096	0	16	CLMUL_TRI	0.48995
create-batch-K4[ns]	58	4096	0	16	GENERIC	6.79248
create-batch-K4-total[ms]	58	4096	0	16	GENERIC	0.44515
create-batch-K4[ns]	58	4096	0	16	CLMUL	3.18036
create-batch-K4-total[ms]	58	4096	0	16	CLMUL	0.20843
create-batch-K4[ns]	58	4096	0	16	CLMUL_TRI	4.93881
create-batch-K4-total[ms]	58	4096	0	16	CLMUL_TRI	0.32367
create-batch-K8[ns]	58	4096	0	16	GENERIC	7.64218
create-batch-K8-total[ms]	58	4096	0	16	GENERIC	0.50084
create-batch-K8[ns]	58	4096	0	16	CLMUL	2.72485
create-batch-K8-total[ms]	58	4096	0	16	CLMUL	0.17858
create-batch-K8[ns]	58	4096	0	16	CLMUL_TRI	3.55646
create-batch-K8-total[ms]	58	4096	0	16	CLMUL_TRI	0.23308
create-batch-K1[ns]	58	4096	0	64	GENERIC	6.99255
create-batch-K1-total[ms]	58	4096	0	64	GENERIC	1.83306
create-batch-K1[ns]	58	4096	0	64	CLMUL	10.23409
create-batch-K1-total[ms]	58	4096	0	64	CLMUL	2.68280
create-batch-K1[ns]	58	4096	0	64	CLMUL_TRI	12.02051
create-batch-K1-total[ms]	58	4096	0	64	CLMUL_TRI	3.15110
create-batch-K2[ns]	58	4096	0	64	GENERIC	6.14716
create-batch-K2-total[ms]	58	4096	0	64	GENERIC	1.61144
create-batch-K2[ns]	58	4096	0	64	CLMUL	5.27747
create-batch-K2-total[ms]	58	4096	0	64	CLMUL	1.38346
create-batch-K2[ns]	58	4096	0	64	CLMUL_TRI	7.47554
create-batch-K2-total[ms]	58	4096	0	64	CLMUL_TRI	1.95967
create-batch-K4[ns]	58	4096	0	64	GENERIC	6.79214
create-batch-K4-total[ms]	58	4096	0	64	GENERIC	1.78052
create-batch-K4[ns]	58	4096	0	64	CLMUL	3.17979
create-batch-K4-total[ms]	58	4096	0	64	CLMUL	0.83356
create-batch-K4[ns]	58	4096	0	64	CLMUL_TRI	4.94743
create-batch-K4-total[ms]	58	4096	0	64	CLMUL_TRI	1.29694
create-batch-K8[ns]	58	4096	0	64	GENERIC	7.63201
create-batch-K8-total[ms]	58	4096	0	64	GENERIC	2.00069
create-batch-K8[ns]	58	4096	0	64	CLMUL	2.72436
create-batch-K8-total[ms]	58	4096	0	64	CLMUL	0.71417
create-batch-K8[ns]	58	4096	0	64	CLMUL_TRI	3.55632
create-batch-K8-total[ms]	58	4096	0	64	CLMUL_TRI	0.93227
create-batch-K1[ns]	58	4096	0	128	GENERIC	6.99499
create-batch-K1-total[ms]	58	4096	0	128	GENERIC	3.66739
create-batch-K1[ns]	58	4096	0	128	CLMUL	10.23098
create-batch-K1-total[ms]	58	4096	0	128	CLMUL	5.36398
create-batch-K1[ns]	58	4096	0	128	CLMUL_TRI	12.00663
create-batch-K1-total[ms]	58	4096	0	128	CLMUL_TRI	6.29493
create-batch-K2[ns]	58	4096	0	128	GENERIC	6.14306
create-batch-K2-total[ms]	58	4096	0	128	GENERIC	3.22074
create-batch-K2[ns]	58	4096	0	128	CLMUL	5.31891
create-batch-K2-total[ms]	58	4096	0	128	CLMUL	2.78864
create-batch-K2[ns]	58	4096	0	128	CLMUL_TRI	7.47868
create-batch-K2-total[ms]	58	4096	0	128	CLMUL_TRI	3.92098
create-batch-K4[ns]	58	4096	0	128	GENERIC	6.83985
create-batch-K4-total[ms]	58	4096	0	128	GENERIC	3.58605
create-batch-K4[ns]	58	4096	0	128	CLMUL	3.17965
create-batch-K4-total[ms]	58	4096	0	128	CLMUL	1.66705
create-batch-K4[ns]	58	4096	0	128	CLMUL_TRI	4.95011
create-batch-K4-total[ms]	58	4096	0	128	CLMUL_TRI	2.59529
create-batch-K8[ns]	58	4096	0	128	GENERIC	7.63526
create-batch-K8-total[ms]	58	4096	0	128	GENERIC	4.00307
create-batch-K8[ns]	58	4096	0	128	CLMUL	2.72421
create-batch-K8-total[ms]	58	4096	0	128	CLMUL	1.42827
create-batch-K8[ns]	58	4096	0	128	CLMUL_TRI	3.55622
create-batch-K8-total[ms]	58	4096	0	128	CLMUL_TRI	1.86448
create-batch-K1[ns]	58	4096	0	512	GENERIC	6.99334
create-batch-K1-total[ms]	58	4096	0	512	GENERIC	14.66610
create-batch-K1[ns]	58	4096	0	512	CLMUL	10.25220
create-batch-K1-total[ms]	58	4096	0	512	CLMUL	21.50041
create-batch-K1[ns]	58	4096	0	512	CLMUL_TRI	12.01333
create-batch-K1-total[ms]	58	4096	0	512	CLMUL_TRI	25.19378
create-batch-K2[ns]	58	4096	0	512	GENERIC	6.13474
create-batch-K2-total[ms]	58	4096	0	512	GENERIC	12.86548
create-batch-K2[ns]	58	4096	0	512	CLMUL	5.30433
create-batch-K2-total[ms]	58	4096	0	512	CLMUL	11.12398
create-batch-K2[ns]	58	4096	0	512	CLMUL_TRI	7.47859
create-batch-K2-total[ms]	58	4096	0	512	CLMUL_TRI	15.68374
create-batch-K4[ns]	58	4096	0	512	GENERIC	6.79674
create-batch-K4-total[ms]	58	4096	0	512	GENERIC	14.25380
create-batch-K4[ns]	58	4096	0	512	CLMUL	3.18043
create-batch-K4-total[ms]	58	4096	0	512	CLMUL	6.66984
create-batch-K4[ns]	58	4096	0	512	CLMUL_TRI	4.95125
create-batch-K4-total[ms]	58	4096	0	512	CLMUL_TRI	10.38353
create-batch-K8[ns]	58	4096	0	512	GENERIC	7.63816
create-batch-K8-total[ms]	58	4096	0	512	GENERIC	16.01838
create-batch-K8[ns]	58	4096	0	512	CLMUL	2.72513
create-batch-K8-total[ms]	58	4096	0	512	CLMUL	5.71502
create-batch-K8[ns]	58	4096	0	512	CLMUL_TRI	3.55730
create-batch-K8-total[ms]	58	4096	0	512	CLMUL_TRI	7.46020
create-batch-K1[ns]	58	4096	0	1024	GENERIC	6.99401
create-batch-K1-total[ms]	58	4096	0	1024	GENERIC	29.33499
create-batch-K1[ns]	58	4096	0	1024	CLMUL	10.26273
create-batch-K1-total[ms]	58	4096	0	1024	CLMUL	43.04499
create-batch-K1[ns]	58	4096	0	1024	CLMUL_TRI	12.01987
create-batch-K1-total[ms]	58	4096	0	1024	CLMUL_TRI	50.41501
create-batch-K2[ns]	58	4096	0	1024	GENERIC	6.13330
create-batch-K2-total[ms]	58	4096	0	1024	GENERIC	25.72492
create-batch-K2[ns]	58	4096	0	1024	CLMUL	5.34386
create-batch-K2-total[ms]	58	4096	0	1024	CLMUL	22.41376
create-batch-K2[ns]	58	4096	0	1024	CLMUL_TRI	7.47816
create-batch-K2-total[ms]	58	4096	0	1024	CLMUL_TRI	31.36569
create-batch-K4[ns]	58	4096	0	1024	GENERIC	6.85283
create-batch-K4-total[ms]	58	4096	0	1024	GENERIC	28.74283
create-batch-K4[ns]	58	4096	0	1024	CLMUL	3.18084
create-batch-K4-total[ms]	58	4096	0	1024	CLMUL	13.34139
create-batch-K4[ns]	58	4096	0	1024	CLMUL_TRI	4.95166
create-batch-K4-total[ms]	58	4096	0	1024	CLMUL_TRI	20.76877
create-batch-K8[ns]	58	4096	0	1024	GENERIC	7.63478
create-batch-K8-total[ms]	58	4096	0	1024	GENERIC	32.02259
create-batch-K8[ns]	58	4096	0	1024	CLMUL	2.72541
create-batch-K8-total[ms]	58	4096	0	1024	CLMUL	11.43118
create-batch-K8[ns]	58	4096	0	1024	CLMUL_TRI	3.55748
create-batch-K8-total[ms]	58	4096	0	1024	CLMUL_TRI	14.92116
create-batch-K1[ns]	58	4096	0	2048	GENERIC	6.99415
create-batch-K1-total[ms]	58	4096	0	2048	GENERIC	58.67122
create-batch-K1[ns]	58	4096	0	2048	CLMUL	10.25891
create-batch-K1-total[ms]	58	4096	0	2048	CLMUL	86.05796
create-batch-K1[ns]	58	4096	0	2048	CLMUL_TRI	12.02323
create-batch-K1-total[ms]	58	4096	0	2048	CLMUL_TRI	100.85818
create-batch-K2[ns]	58	4096	0	2048	GENERIC	6.12971
create-batch-K2-total[ms]	58	4096	0	2048	GENERIC	51.41974
create-batch-K2[ns]	58	4096	0	2048	CLMUL	5.34891
create-batch-K2-total[ms]	58	4096	0	2048	CLMUL	44.86990
create-batch-K2[ns]	58	4096	0	2048	CLMUL_TRI	7.47836
create-batch-K2-total[ms]	58	4096	0	2048	CLMUL_TRI	62.73307
create-batch-K4[ns]	58	4096	0	2048	GENERIC	6.81675
create-batch-K4-total[ms]	58	4096	0	2048	GENERIC	57.18304
create-batch-K4[ns]	58	4096	0	2048	CLMUL	3.18080
create-batch-K4-total[ms]	58	4096	0	2048	CLMUL	26.68244
create-batch-K4[ns]	58	4096	0	2048	CLMUL_TRI	4.95201
create-batch-K4-total[ms]	58	4096	0	2048	CLMUL_TRI	41.54046
create-batch-K8[ns]	58	4096	0	2048	GENERIC	7.63452
create-batch-K8-total[ms]	58	4096	0	2048	GENERIC	64.04299
create-batch-K8[ns]	58	4096	0	2048	CLMUL	2.72519
create-batch-K8-total[ms]	58	4096	0	2048	CLMUL	22.86054
create-batch-K8[ns]	58	4096	0	2048	CLMUL_TRI	3.55757
create-batch-K8-total[ms]	58	4096	0	2048	CLMUL_TRI	29.84303
create-batch-K1[ns]	58	4096	0	4096	GENERIC	6.99406
create-batch-K1-total[ms]	58	4096	0	4096	GENERIC	117.34086
create-batch-K1[ns]	58	4096	0	4096	CLMUL	10.26692
create-batch-K1-total[ms]	58	4096	0	4096	CLMUL	172.25032
create-batch-K1[ns]	58	4096	0	4096	CLMUL_TRI	12.02315
create-batch-K1-total[ms]	58	4096	0	4096	CLMUL_TRI	201.71492
create-batch-K2[ns]	58	4096	0	4096	GENERIC	6.13198
create-batch-K2-total[ms]	58	4096	0	4096	GENERIC	102.87755
create-batch-K2[ns]	58	4096	0	4096	CLMUL	5.21287
create-batch-K2-total[ms]	58	4096	0	4096	CLMUL	87.45752
create-batch-K2[ns]	58	4096	0	4096	CLMUL_TRI	7.47866
create-batch-K2-total[ms]	58	4096	0	4096	CLMUL_TRI	125.47116
create-batch-K4[ns]	58	4096	0	4096	GENERIC	6.81900
create-batch-K4-total[ms]	58	4096	0	4096	GENERIC	114.40389
create-batch-K4[ns]	58	4096	0	4096	CLMUL	3.18092
create-batch-K4-total[ms]	58	4096	0	4096	CLMUL	53.36702
create-batch-K4[ns]	58	4096	0	4096	CLMUL_TRI	4.95180
create-batch-K4-total[ms]	58	4096	0	4096	CLMUL_TRI	83.07744
create-batch-K8[ns]	58	4096	0	4096	GENERIC	7.63657
create-batch-K8-total[ms]	58	4096	0	4096	GENERIC	128.12034
create-batch-K8[ns]	58	4096	0	4096	CLMUL	2.72532
create-batch-K8-total[ms]	58	4096	0	4096	CLMUL	45.72322
create-batch-K8[ns]	58	4096	0	4096	CLMUL_TRI	3.55762
create-batch-K8-total[ms]	58	4096	0	4096	CLMUL_TRI	59.68689
create-batch-K1[ns]	58	4096	0	8192	GENERIC	6.99419
create-batch-K1-total[ms]	58	4096	0	8192	GENERIC	234.68613
create-batch-K1[ns]	58	4096	0	8192	CLMUL	10.26575
create-batch-K1-total[ms]	58	4096	0	8192	CLMUL	344.46140
create-batch-K1[ns]	58	4096	0	8192	CLMUL_TRI	12.02242
create-batch-K1-total[ms]	58	4096	0	8192	CLMUL_TRI	403.40553
create-batch-K2[ns]	58	4096	0	8192	GENERIC	6.13172
create-batch-K2-total[ms]	58	4096	0	8192	GENERIC	205.74641
create-batch-K2[ns]	58	4096	0	8192	CLMUL	5.35025
create-batch-K2-total[ms]	58	4096	0	8192	CLMUL	179.52456
create-batch-K2[ns]	58	4096	0	8192	CLMUL_TRI	7.47868
create-batch-K2-total[ms]	58	4096	0	8192	CLMUL_TRI	250.94272
create-batch-K4[ns]	58	4096	0	8192	GENERIC	6.80046
create-batch-K4-total[ms]	58	4096	0	8192	GENERIC	228.18572
create-batch-K4[ns]	58	4096	0	8192	CLMUL	3.18098
create-batch-K4-total[ms]	58	4096	0	8192	CLMUL	106.73600
create-batch-K4[ns]	58	4096	0	8192	CLMUL_TRI	4.95213
create-batch-K4-total[ms]	58	4096	0	8192	CLMUL_TRI	166.16582
create-batch-K8[ns]	58	4096	0	8192	GENERIC	7.63669
create-batch-K8-total[ms]	58	4096	0	8192	GENERIC	256.24479
create-batch-K8[ns]	58	4096	0	8192	CLMUL	2.72535
create-batch-K8-total[ms]	58	4096	0	8192	CLMUL	91.44754
create-batch-K8[ns]	58	4096	0	8192	CLMUL_TRI	3.55773
create-batch-K8-total[ms]	58	4096	0	8192	CLMUL_TRI	119.37774
create-batch-K1[ns]	58	5120	0	16	GENERIC	6.99266
create-batch-K1-total[ms]	58	5120	0	16	GENERIC	0.57284
create-batch-K1[ns]	58	5120	0	16	CLMUL	10.26101
create-batch-K1-total[ms]	58	5120	0	16	CLMUL	0.84058
create-batch-K1[ns]	58	5120	0	16	CLMUL_TRI	11.95328
create-batch-K1-total[ms]	58	5120	0	16	CLMUL_TRI	0.97921
create-batch-K2[ns]	58	5120	0	16	GENERIC	6.15421
create-batch-K2-total[ms]	58	5120	0	16	GENERIC	0.50415
create-batch-K2[ns]	58	5120	0	16	CLMUL	5.23710
create-batch-K2-total[ms]	58	5120	0	16	CLMUL	0.42902
create-batch-K2[ns]	58	5120	0	16	CLMUL_TRI	7.47574
create-batch-K2-total[ms]	58	5120	0	16	CLMUL_TRI	0.61241
create-batch-K4[ns]	58	5120	0	16	GENERIC	6.77610
create-batch-K4-total[ms]	58	5120	0	16	GENERIC	0.55510
create-batch-K4[ns]	58	5120	0	16	CLMUL	3.17974
create-batch-K4-total[ms]	58	5120	0	16	CLMUL	0.26048
create-batch-K4[ns]	58	5120	0	16	CLMUL_TRI	4.95022
create-batch-K4-total[ms]	58	5120	0	16	CLMUL_TRI	0.40552
create-batch-K8[ns]	58	5120	0	16	GENERIC	7.63942
create-batch-K8-total[ms]	58	5120	0	16	GENERIC	0.62582
create-batch-K8[ns]	58	5120	0	16	CLMUL	2.72423
create-batch-K8-total[ms]	58	5120	0	16	CLMUL	0.22317
create-batch-K8[ns]	58	5120	0	16	CLMUL_TRI	3.55612
create-batch-K8-total[ms]	58	5120	0	16	CLMUL_TRI	0.29132
create-batch-K1[ns]	58	5120	0	64	GENERIC	6.99159
create-batch-K1-total[ms]	58	5120	0	64	GENERIC	2.29100
create-batch-K1[ns]	58	5120	0	64	CLMUL	10.25502
create-batch-K1-total[ms]	58	5120	0	64	CLMUL	3.36037
create-batch-K1[ns]	58	5120	0	64	CLMUL_TRI	12.01879
create-batch-K1-total[ms]	58	5120	0	64	CLMUL_TRI	3.93832
create-batch-K2[ns]	58	5120	0	64	GENERIC	6.16501
create-batch-K2-total[ms]	58	5120	0	64	GENERIC	2.02015
create-batch-K2[ns]	58	5120	0	64	CLMUL	5.29400
create-batch-K2-total[ms]	58	5120	0	64	CLMUL	1.73474
create-batch-K2[ns]	58	5120	0	64	CLMUL_TRI	7.47530
create-batch-K2-total[ms]	58	5120	0	64	CLMUL_TRI	2.44950
create-batch-K4[ns]	58	5120	0	64	GENERIC	6.86353
create-batch-K4-total[ms]	58	5120	0	64	GENERIC	2.24904
create-batch-K4[ns]	58	5120	0	64	CLMUL	3.17928
create-batch-K4-total[ms]	58	5120	0	64	CLMUL	1.04179
create-batch-K4[ns]	58	5120	0	64	CLMUL_TRI	4.94757
create-batch-K4-total[ms]	58	5120	0	64	CLMUL_TRI	1.62122
create-batch-K8[ns]	58	5120	0	64	GENERIC	7.63778
create-batch-K8-total[ms]	58	5120	0	64	GENERIC	2.50275
create-batch-K8[ns]	58	5120	0	64	CLMUL	2.72372
create-batch-K8-total[ms]	58	5120	0	64	CLMUL	0.89251
create-batch-K8[ns]	58	5120	0	64	CLMUL_TRI	3.55595
create-batch-K8-total[ms]	58	5120	0	64	CLMUL_TRI	1.16522
create-batch-K1[ns]	58	5120	0	128	GENERIC	6.99074
create-batch-K1-total[ms]	58	5120	0	128	GENERIC	4.58145
create-batch-K1[ns]	58	5120	0	128	CLMUL	10.24689
create-batch-K1-total[ms]	58	5120	0	128	CLMUL	6.71540
create-batch-K1[ns]	58	5120	0	128	CLMUL_TRI	11.99307
create-batch-K1-total[ms]	58	5120	0	128	CLMUL_TRI	7.85978
create-batch-K2[ns]	58	5120	0	128	GENERIC	6.17546
create-batch-K2-total[ms]	58	5120	0	128	GENERIC	4.04715
create-batch-K2[ns]	58	5120	0	128	CLMUL	5.32992
create-batch-K2-total[ms]	58	5120	0	128	CLMUL	3.49301
create-batch-K2[ns]	58	5120	0	128	CLMUL_TRI	7.47778
create-batch-K2-total[ms]	58	5120	0	128	CLMUL_TRI	4.90064
create-batch-K4[ns]	58	5120	0	128	GENERIC	6.80280
create-batch-K4-total[ms]	58	5120	0	128	GENERIC	4.45828
create-batch-K4[ns]	58	5120	0	128	CLMUL	3.17920
create-batch-K4-total[ms]	58	5120	0	128	CLMUL	2.08352
create-batch-K4[ns]	58	5120	0	128	CLMUL_TRI	4.94850
create-batch-K4-total[ms]	58	5120	0	128	CLMUL_TRI	3.24305
create-batch-K8[ns]	58	5120	0	128	GENERIC	7.63594
create-batch-K8-total[ms]	58	5120	0	128	GENERIC	5.00429
create-batch-K8[ns]	58	5120	0	128	CLMUL	2.72366
create-batch-K8-total[ms]	58	5120	0	128	CLMUL	1.78498
create-batch-K8[ns]	58	5120	0	128	CLMUL_TRI	3.55593
create-batch-K8-total[ms]	58	5120	0	128	CLMUL_TRI	2.33041
create-batch-K1[ns]	58	5120	0	512	GENERIC	6.98758
create-batch-K1-total[ms]	58	5120	0	512	GENERIC	18.31751
create-batch-K1[ns]	58	5120	0	512	CLMUL	10.26182
create-batch-K1-total[ms]	58	5120	0	512	CLMUL	26.90074
create-batch-K1[ns]	58	5120	0	512	CLMUL_TRI	12.01352
create-batch-K1-total[ms]	58	5120	0	512	CLMUL_TRI	31.49271
create-batch-K2[ns]	58	5120	0	512	GENERIC	6.12544
create-batch-K2-total[ms]	58	5120	0	512	GENERIC	16.05747
create-batch-K2[ns]	58	5120	0	512	CLMUL	5.29807
create-batch-K2-total[ms]	58	5120	0	512	CLMUL	13.88858
create-batch-K2[ns]	58	5120	0	512	CLMUL_TRI	7.47793
create-batch-K2-total[ms]	58	5120	0	512	CLMUL_TRI	19.60295
create-batch-K4[ns]	58	5120	0	512	GENERIC	6.80313
create-batch-K4-total[ms]	58	5120	0	512	GENERIC	17.83401
create-batch-K4[ns]	58	5120	0	512	CLMUL	3.18043
create-batch-K4-total[ms]	58	5120	0	512	CLMUL	8.33730
create-batch-K4[ns]	58	5120	0	512	CLMUL_TRI	5.08872
create-batch-K4-total[ms]	58	5120	0	512	CLMUL_TRI	13.33978
create-batch-K8[ns]	58	5120	0	512	GENERIC	7.64002
create-batch-K8-total[ms]	58	5120	0	512	GENERIC	20.02784
create-batch-K8[ns]	58	5120	0	512	CLMUL	2.72436
create-batch-K8-total[ms]	58	5120	0	512	CLMUL	7.14175
create-batch-K8[ns]	58	5120	0	512	CLMUL_TRI	3.55726
create-batch-K8-total[ms]	58	5120	0	512	CLMUL_TRI	9.32515
create-batch-K1[ns]	58	5120	0	1024	GENERIC	6.99213
create-batch-K1-total[ms]	58	5120	0	1024	GENERIC	36.65889
create-batch-K1[ns]	58	5120	0	1024	CLMUL	10.27063
create-batch-K1-total[ms]	58	5120	0	1024	CLMUL	53.84769
create-batch-K1[ns]	58	5120	0	1024	CLMUL_TRI	12.01409
create-batch-K1-total[ms]	58	5120	0	1024	CLMUL_TRI	62.98845
create-batch-K2[ns]	58	5120	0	1024	GENERIC	6.16200
create-batch-K2-total[ms]	58	5120	0	1024	GENERIC	32.30663
create-batch-K2[ns]	58	5120	0	1024	CLMUL	5.31728
create-batch-K2-total[ms]	58	5120	0	1024	CLMUL	27.87788
create-batch-K2[ns]	58	5120	0	1024	CLMUL_TRI	7.47804
create-batch-K2-total[ms]	58	5120	0	1024	CLMUL_TRI	39.20647
create-batch-K4[ns]	58	5120	0	1024	GENERIC	6.79776
create-batch-K4-total[ms]	58	5120	0	1024	GENERIC	35.63983
create-batch-K4[ns]	58	5120	0	1024	CLMUL	3.18050
create-batch-K4-total[ms]	58	5120	0	1024	CLMUL	16.67496
create-batch-K4[ns]	58	5120	0	1024	CLMUL_TRI	4.95090
create-batch-K4-total[ms]	58	5120	0	1024	CLMUL_TRI	25.95697
create-batch-K8[ns]	58	5120	0	1024	GENERIC	7.64218
create-batch-K8-total[ms]	58	5120	0	1024	GENERIC	40.06702
create-batch-K8[ns]	58	5120	0	1024	CLMUL	2.72485
create-batch-K8-total[ms]	58	5120	0	1024	CLMUL	14.28608
create-batch-K8[ns]	58	5120	0	1024	CLMUL_TRI	3.55724
create-batch-K8-total[ms]	58	5120	0	1024	CLMUL_TRI	18.65016
create-batch-K1[ns]	58	5120	0	2048	GENERIC	6.99149
create-batch-K1-total[ms]	58	5120	0	2048	GENERIC	73.31107
create-batch-K1[ns]	58	5120	0	2048	CLMUL	10.26591
create-batch-K1-total[ms]	58	5120	0	2048	CLMUL	107.64586
create-batch-K1[ns]	58	5120	0	2048	CLMUL_TRI	12.02418
create-batch-K1-total[ms]	58	5120	0	2048	CLMUL_TRI	126.08264
create-batch-K2[ns]	58	5120	0	2048	GENERIC	6.15246
create-batch-K2-total[ms]	58	5120	0	2048	GENERIC	64.51326
create-batch-K2[ns]	58	5120	0	2048	CLMUL	5.26712
create-batch-K2-total[ms]	58	5120	0	2048	CLMUL	55.22978
create-batch-K2[ns]	58	5120	0	2048	CLMUL_TRI	7.47843
create-batch-K2-total[ms]	58	5120	0	2048	CLMUL_TRI	78.41706
create-batch-K4[ns]	58	5120	0	2048	GENERIC	6.79804
create-batch-K4-total[ms]	58	5120	0	2048	GENERIC	71.28264
create-batch-K4[ns]	58	5120	0	2048	CLMUL	3.18046
create-batch-K4-total[ms]	58	5120	0	2048	CLMUL	33.34951
create-batch-K4[ns]	58	5120	0	2048	CLMUL_TRI	4.95154
create-batch-K4-total[ms]	58	5120	0	2048	CLMUL_TRI	51.92069
create-batch-K8[ns]	58	5120	0	2048	GENERIC	7.64217
create-batch-K8-total[ms]	58	5120	0	2048	GENERIC	80.13395
create-batch-K8[ns]	58	5120	0	2048	CLMUL	2.72480
create-batch-K8-total[ms]	58	5120	0	2048	CLMUL	28.57159
create-batch-K8[ns]	58	5120	0	2048	CLMUL_TRI	3.55743
create-batch-K8-total[ms]	58	5120	0	2048	CLMUL_TRI	37.30233
create-batch-K1[ns]	58	5120	0	4096	GENERIC	6.99272
create-batch-K1-total[ms]	58	5120	0	4096	GENERIC	146.64806
create-batch-K1[ns]	58	5120	0	4096	CLMUL	10.27157
create-batch-K1-total[ms]	58	5120	0	4096	CLMUL	215.41034
create-batch-K1[ns]	58	5120	0	4096	CLMUL_TRI	12.01778
create-batch-K1-total[ms]	58	5120	0	4096	CLMUL_TRI	252.03114
create-batch-K2[ns]	58	5120	0	4096	GENERIC	6.13588
create-batch-K2-total[ms]	58	5120	0	4096	GENERIC	128.67881
create-batch-K2[ns]	58	5120	0	4096	CLMUL	5.21317
create-batch-K2-total[ms]	58	5120	0	4096	CLMUL	109.32803
create-batch-K2[ns]	58	5120	0	4096	CLMUL_TRI	7.47839
create-batch-K2-total[ms]	58	5120	0	4096	CLMUL_TRI	156.83312
create-batch-K4[ns]	58	5120	0	4096	GENERIC	6.82348
create-batch-K4-total[ms]	58	5120	0	4096	GENERIC	143.09875
create-batch-K4[ns]	58	5120	0	4096	CLMUL	3.18047
create-batch-K4-total[ms]	58	5120	0	4096	CLMUL	66.69937
create-batch-K4[ns]	58	5120	0	4096	CLMUL_TRI	4.95192
create-batch-K4-total[ms]	58	5120	0	4096	CLMUL_TRI	103.84923
create-batch-K8[ns]	58	5120	0	4096	GENERIC	7.64240
create-batch-K8-total[ms]	58	5120	0	4096	GENERIC	160.27271
create-batch-K8[ns]	58	5120	0	4096	CLMUL	2.72482
create-batch-K8-total[ms]	58	5120	0	4096	CLMUL	57.14359
create-batch-K8[ns]	58	5120	0	4096	CLMUL_TRI	3.55752
create-batch-K8-total[ms]	58	5120	0	4096	CLMUL_TRI	74.60665
create-batch-K1[ns]	58	5120	0	8192	GENERIC	6.99284
create-batch-K1-total[ms]	58	5120	0	8192	GENERIC	293.30077
create-batch-K1[ns]	58	5120	0	8192	CLMUL	10.27204
create-batch-K1-total[ms]	58	5120	0	8192	CLMUL	430.84061
create-batch-K1[ns]	58	5120	0	8192	CLMUL_TRI	12.02053
create-batch-K1-total[ms]	58	5120	0	8192	CLMUL_TRI	504.17775
create-batch-K2[ns]	58	5120	0	8192	GENERIC	6.13660
create-batch-K2-total[ms]	58	5120	0	8192	GENERIC	257.38763
create-batch-K2[ns]	58	5120	0	8192	CLMUL	5.33088
create-batch-K2-total[ms]	58	5120	0	8192	CLMUL	223.59331
create-batch-K2[ns]	58	5120	0	8192	CLMUL_TRI	7.47856
create-batch-K2-total[ms]	58	5120	0	8192	CLMUL_TRI	313.67343
create-batch-K4[ns]	58	5120	0	8192	GENERIC	6.80296
create-batch-K4-total[ms]	58	5120	0	8192	GENERIC	285.33673
create-batch-K4[ns]	58	5120	0	8192	CLMUL	3.18053
create-batch-K4-total[ms]	58	5120	0	8192	CLMUL	133.40097
create-batch-K4[ns]	58	5120	0	8192	CLMUL_TRI	4.95068
create-batch-K4-total[ms]	58	5120	0	8192	CLMUL_TRI	207.64649
create-batch-K8[ns]	58	5120	0	8192	GENERIC	7.64303
create-batch-K8-total[ms]	58	5120	0	8192	GENERIC	320.57204
create-batch-K8[ns]	58	5120	0	8192	CLMUL	2.72488
create-batch-K8-total[ms]	58	5120	0	8192	CLMUL	114.28958
create-batch-K8[ns]	58	5120	0	8192	CLMUL_TRI	3.55743
create-batch-K8-total[ms]	58	5120	0	8192	CLMUL_TRI	149.20959
create-batch-K1[ns]	58	6144	0	16	GENERIC	6.99180
create-batch-K1-total[ms]	58	6144	0	16	GENERIC	0.68732
create-batch-K1[ns]	58	6144	0	16	CLMUL	10.23630
create-batch-K1-total[ms]	58	6144	0	16	CLMUL	1.00627
create-batch-K1[ns]	58	6144	0	16	CLMUL_TRI	11.90367
create-batch-K1-total[ms]	58	6144	0	16	CLMUL_TRI	1.17018
create-batch-K2[ns]	58	6144	0	16	GENERIC	6.18439
create-batch-K2-total[ms]	58	6144	0	16	GENERIC	0.60795
create-batch-K2[ns]	58	6144	0	16	CLMUL	5.21084
create-batch-K2-total[ms]	58	6144	0	16	CLMUL	0.51225
create-batch-K2[ns]	58	6144	0	16	CLMUL_TRI	7.47537
create-batch-K2-total[ms]	58	6144	0	16	CLMUL_TRI	0.73486
create-batch-K4[ns]	58	6144	0	16	GENERIC	6.88046
create-batch-K4-total[ms]	58	6144	0	16	GENERIC	0.67638
create-batch-K4[ns]	58	6144	0	16	CLMUL	3.17950
create-batch-K4-total[ms]	58	6144	0	16	CLMUL	0.31256
create-batch-K4[ns]	58	6144	0	16	CLMUL_TRI	4.93805
create-batch-K4-total[ms]	58	6144	0	16	CLMUL_TRI	0.48543
create-batch-K8[ns]	58	6144	0	16	GENERIC	7.64567
create-batch-K8-total[ms]	58	6144	0	16	GENERIC	0.75160
create-batch-K8[ns]	58	6144	0	16	CLMUL	2.72362
create-batch-K8-total[ms]	58	6144	0	16	CLMUL	0.26774
create-batch-K8[ns]	58	6144	0	16	CLMUL_TRI	3.55590
create-batch-K8-total[ms]	58	6144	0	16	CLMUL_TRI	0.34956
create-batch-K1[ns]	58	6144	0	64	GENERIC	6.99019
create-batch-K1-total[ms]	58	6144	0	64	GENERIC	2.74866
create-batch-K1[ns]	58	6144	0	64	CLMUL	10.24091
create-batch-K1-total[ms]	58	6144	0	64	CLMUL	4.02689
create-batch-K1[ns]	58	6144	0	64	CLMUL_TRI	11.99941
create-batch-K1-total[ms]	58	6144	0	64	CLMUL_TRI	4.71836
create-batch-K2[ns]	58	6144	0	64	GENERIC	6.17883
create-batch-K2-total[ms]	58	6144	0	64	GENERIC	2.42962
create-batch-K2[ns]	58	6144	0	64	CLMUL	5.28619
create-batch-K2-total[ms]	58	6144	0	64	CLMUL	2.07861
create-batch-K2[ns]	58	6144	0	64	CLMUL_TRI	7.47518
create-batch-K2-total[ms]	58	6144	0	64	CLMUL_TRI	2.93936
create-batch-K4[ns]	58	6144	0	64	GENERIC	6.79122
create-batch-K4-total[ms]	58	6144	0	64	GENERIC	2.67042
create-batch-K4[ns]	58	6144	0	64	CLMUL	3.17890
create-batch-K4-total[ms]	58	6144	0	64	CLMUL	1.24999
create-batch-K4[ns]	58	6144	0	64	CLMUL_TRI	4.94724
create-batch-K4-total[ms]	58	6144	0	64	CLMUL_TRI	1.94533
create-batch-K8[ns]	58	6144	0	64	GENERIC	7.64120
create-batch-K8-total[ms]	58	6144	0	64	GENERIC	3.00464
create-batch-K8[ns]	58	6144	0	64	CLMUL	2.72339
create-batch-K8-total[ms]	58	6144	0	64	CLMUL	1.07088
create-batch-K8[ns]	58	6144	0	64	CLMUL_TRI	3.55576
create-batch-K8-total[ms]	58	6144	0	64	CLMUL_TRI	1.39818
create-batch-K1[ns]	58	6144	0	128	GENERIC	6.99064
create-batch-K1-total[ms]	58	6144	0	128	GENERIC	5.49766
create-batch-K1[ns]	58	6144	0	128	CLMUL	10.23981
create-batch-K1-total[ms]	58	6144	0	128	CLMUL	8.05291
create-batch-K1[ns]	58	6144	0	128	CLMUL_TRI	12.01189
create-batch-K1-total[ms]	58	6144	0	128	CLMUL_TRI	9.44654
create-batch-K2[ns]	58	6144	0	128	GENERIC	6.18936
create-batch-K2-total[ms]	58	6144	0	128	GENERIC	4.86751
create-batch-K2[ns]	58	6144	0	128	CLMUL	5.31717
create-batch-K2-total[ms]	58	6144	0	128	CLMUL	4.18160
create-batch-K2[ns]	58	6144	0	128	CLMUL_TRI	7.47728
create-batch-K2-total[ms]	58	6144	0	128	CLMUL_TRI	5.88037
create-batch-K4[ns]	58	6144	0	128	GENERIC	6.89311
create-batch-K4-total[ms]	58	6144	0	128	GENERIC	5.42096
create-batch-K4[ns]	58	6144	0	128	CLMUL	3.17887
create-batch-K4-total[ms]	58	6144	0	128	CLMUL	2.49997
create-batch-K4[ns]	58	6144	0	128	CLMUL_TRI	4.95164
create-batch-K4-total[ms]	58	6144	0	128	CLMUL_TRI	3.89413
create-batch-K8[ns]	58	6144	0	128	GENERIC	7.64364
create-batch-K8-total[ms]	58	6144	0	128	GENERIC	6.01121
create-batch-K8[ns]	58	6144	0	128	CLMUL	2.72330
create-batch-K8-total[ms]	58	6144	0	128	CLMUL	2.14169
create-batch-K8[ns]	58	6144	0	128	CLMUL_TRI	3.55580
create-batch-K8-total[ms]	58	6144	0	128	CLMUL_TRI	2.79640
create-batch-K1[ns]	58	6144	0	512	GENERIC	6.98869
create-batch-K1-total[ms]	58	6144	0	512	GENERIC	21.98453
create-batch-K1[ns]	58	6144	0	512	CLMUL	10.25451
create-batch-K1-total[ms]	58	6144	0	512	CLMUL	32.25789
create-batch-K1[ns]	58	6144	0	512	CLMUL_TRI	12.01538
create-batch-K1-total[ms]	58	6144	0	512	CLMUL_TRI	37.79713
create-batch-K2[ns]	58	6144	0	512	GENERIC	6.17961
create-batch-K2-total[ms]	58	6144	0	512	GENERIC	19.43938
create-batch-K2[ns]	58	6144	0	512	CLMUL	5.28835
create-batch-K2-total[ms]	58	6144	0	512	CLMUL	16.63572
create-batch-K2[ns]	58	6144	0	512	CLMUL_TRI	7.47836
create-batch-K2-total[ms]	58	6144	0	512	CLMUL_TRI	23.52488
create-batch-K4[ns]	58	6144	0	512	GENERIC	6.88809
create-batch-K4-total[ms]	58	6144	0	512	GENERIC	21.66806
create-batch-K4[ns]	58	6144	0	512	CLMUL	3.17995
create-batch-K4-total[ms]	58	6144	0	512	CLMUL	10.00325
create-batch-K4[ns]	58	6144	0	512	CLMUL_TRI	5.07988
create-batch-K4-total[ms]	58	6144	0	512	CLMUL_TRI	15.97993
create-batch-K8[ns]	58	6144	0	512	GENERIC	7.64509
create-batch-K8-total[ms]	58	6144	0	512	GENERIC	24.04936
create-batch-K8[ns]	58	6144	0	512	CLMUL	2.72441
create-batch-K8-total[ms]	58	6144	0	512	CLMUL	8.57025
create-batch-K8[ns]	58	6144	0	512	CLMUL_TRI	3.55685
create-batch-K8-total[ms]	58	6144	0	512	CLMUL_TRI	11.18889
create-batch-K1[ns]	58	6144	0	1024	GENERIC	6.99170
create-batch-K1-total[ms]	58	6144	0	1024	GENERIC	43.98799
create-batch-K1[ns]	58	6144	0	1024	CLMUL	10.25815
create-batch-K1-total[ms]	58	6144	0	1024	CLMUL	64.53871
create-batch-K1[ns]	58	6144	0	1024	CLMUL_TRI	12.01764
create-batch-K1-total[ms]	58	6144	0	1024	CLMUL_TRI	75.60844
create-batch-K2[ns]	58	6144	0	1024	GENERIC	6.16853
create-batch-K2-total[ms]	58	6144	0	1024	GENERIC	38.80905
create-batch-K2[ns]	58	6144	0	1024	CLMUL	5.21302
create-batch-K2-total[ms]	58	6144	0	1024	CLMUL	32.79751
create-batch-K2[ns]	58	6144	0	1024	CLMUL_TRI	7.47820
create-batch-K2-total[ms]	58	6144	0	1024	CLMUL_TRI	47.04874
create-batch-K4[ns]	58	6144	0	1024	GENERIC	6.80722
create-batch-K4-total[ms]	58	6144	0	1024	GENERIC	42.82731
create-batch-K4[ns]	58	6144	0	1024	CLMUL	3.18026
create-batch-K4-total[ms]	58	6144	0	1024	CLMUL	20.00846
create-batch-K4[ns]	58	6144	0	1024	CLMUL_TRI	5.03858
create-batch-K4-total[ms]	58	6144	0	1024	CLMUL_TRI	31.70001
create-batch-K8[ns]	58	6144	0	1024	GENERIC	7.64482
create-batch-K8-total[ms]	58	6144	0	1024	GENERIC	48.09705
create-batch-K8[ns]	58	6144	0	1024	CLMUL	2.72443
create-batch-K8-total[ms]	58	6144	0	1024	CLMUL	17.14065
create-batch-K8[ns]	58	6144	0	1024	CLMUL_TRI	3.55701
create-batch-K8-total[ms]	58	6144	0	1024	CLMUL_TRI	22.37878
create-batch-K1[ns]	58	6144	0	2048	GENERIC	6.99268
create-batch-K1-total[ms]	58	6144	0	2048	GENERIC	87.98823
create-batch-K1[ns]	58	6144	0	2048	CLMUL	10.26600
create-batch-K1-total[ms]	58	6144	0	2048	CLMUL	129.17612
create-batch-K1[ns]	58	6144	0	2048	CLMUL_TRI	12.02162
create-batch-K1-total[ms]	58	6144	0	2048	CLMUL_TRI	151.26698
create-batch-K2[ns]	58	6144	0	2048	GENERIC	6.16609
create-batch-K2-total[ms]	58	6144	0	2048	GENERIC	77.58733
create-batch-K2[ns]	58	6144	0	2048	CLMUL	5.21265
create-batch-K2-total[ms]	58	6144	0	2048	CLMUL	65.59027
create-batch-K2[ns]	58	6144	0	2048	CLMUL_TRI	7.47840
create-batch-K2-total[ms]	58	6144	0	2048	CLMUL_TRI	94.10011
create-batch-K4[ns]	58	6144	0	2048	GENERIC	6.80674
create-batch-K4-total[ms]	58	6144	0	2048	GENERIC	85.64867
create-batch-K4[ns]	58	6144	0	2048	CLMUL	3.18021
create-batch-K4-total[ms]	58	6144	0	2048	CLMUL	40.01635
create-batch-K4[ns]	58	6144	0	2048	CLMUL_TRI	4.95179
create-batch-K4-total[ms]	58	6144	0	2048	CLMUL_TRI	62.30791
create-batch-K8[ns]	58	6144	0	2048	GENERIC	7.64503
create-batch-K8-total[ms]	58	6144	0	2048	GENERIC	96.19668
create-batch-K8[ns]	58	6144	0	2048	CLMUL	2.72441
create-batch-K8-total[ms]	58	6144	0	2048	CLMUL	34.28102
create-batch-K8[ns]	58	6144	0	2048	CLMUL_TRI	3.55713
create-batch-K8-total[ms]	58	6144	0	2048	CLMUL_TRI	44.75903
create-batch-K1[ns]	58	6144	0	4096	GENERIC	6.99245
create-batch-K1-total[ms]	58	6144	0	4096	GENERIC	175.97080
create-batch-K1[ns]	58	6144	0	4096	CLMUL	10.26925
create-batch-K1-total[ms]	58	6144	0	4096	CLMUL	258.43411
create-batch-K1[ns]	58	6144	0	4096	CLMUL_TRI	12.01985
create-batch-K1-total[ms]	58	6144	0	4096	CLMUL_TRI	302.48935
create-batch-K2[ns]	58	6144	0	4096	GENERIC	6.14359
create-batch-K2-total[ms]	58	6144	0	4096	GENERIC	154.60842
create-batch-K2[ns]	58	6144	0	4096	CLMUL	5.31946
create-batch-K2-total[ms]	58	6144	0	4096	CLMUL	133.86872
create-batch-K2[ns]	58	6144	0	4096	CLMUL_TRI	7.47819
create-batch-K2-total[ms]	58	6144	0	4096	CLMUL_TRI	188.19490
create-batch-K4[ns]	58	6144	0	4096	GENERIC	6.80968
create-batch-K4-total[ms]	58	6144	0	4096	GENERIC	171.37122
create-batch-K4[ns]	58	6144	0	4096	CLMUL	3.18031
create-batch-K4-total[ms]	58	6144	0	4096	CLMUL	80.03512
create-batch-K4[ns]	58	6144	0	4096	CLMUL_TRI	4.95207
create-batch-K4-total[ms]	58	6144	0	4096	CLMUL_TRI	124.62300
create-batch-K8[ns]	58	6144	0	4096	GENERIC	7.64641
create-batch-K8-total[ms]	58	6144	0	4096	GENERIC	192.42822
create-batch-K8[ns]	58	6144	0	4096	CLMUL	2.72448
create-batch-K8-total[ms]	58	6144	0	4096	CLMUL	68.56388
create-batch-K8[ns]	58	6144	0	4096	CLMUL_TRI	3.55721
create-batch-K8-total[ms]	58	6144	0	4096	CLMUL_TRI	89.52008
create-batch-K1[ns]	58	6144	0	8192	GENERIC	6.99237
create-batch-K1-total[ms]	58	6144	0	8192	GENERIC	351.93727
create-batch-K1[ns]	58	6144	0	8192	CLMUL	10.27488
create-batch-K1-total[ms]	58	6144	0	8192	CLMUL	517.15180
create-batch-K1[ns]	58	6144	0	8192	CLMUL_TRI	12.02289
create-batch-K1-total[ms]	58	6144	0	8192	CLMUL_TRI	605.13170
create-batch-K2[ns]	58	6144	0	8192	GENERIC	6.14703
create-batch-K2-total[ms]	58	6144	0	8192	GENERIC	309.39002
create-batch-K2[ns]	58	6144	0	8192	CLMUL	5.21263
create-batch-K2-total[ms]	58	6144	0	8192	CLMUL	262.36023
create-batch-K2[ns]	58	6144	0	8192	CLMUL_TRI	7.47848
create-batch-K2-total[ms]	58	6144	0	8192	CLMUL_TRI	376.40438
create-batch-K4[ns]	58	6144	0	8192	GENERIC	6.80696
create-batch-K4-total[ms]	58	6144	0	8192	GENERIC	342.60540
create-batch-K4[ns]	58	6144	0	8192	CLMUL	3.18039
create-batch-K4-total[ms]	58	6144	0	8192	CLMUL	160.07441
create-batch-K4[ns]	58	6144	0	8192	CLMUL_TRI	4.95198
create-batch-K4-total[ms]	58	6144	0	8192	CLMUL_TRI	249.24132
create-batch-K8[ns]	58	6144	0	8192	GENERIC	7.64564
create-batch-K8-total[ms]	58	6144	0	8192	GENERIC	384.81782
create-batch-K8[ns]	58	6144	0	8192	CLMUL	2.72453
create-batch-K8-total[ms]	58	6144	0	8192	CLMUL	137.13027
create-batch-K8[ns]	58	6144	0	8192	CLMUL_TRI	3.55727
create-batch-K8-total[ms]	58	6144	0	8192	CLMUL_TRI	179.04315
create-batch-K1[ns]	58	7168	0	16	GENERIC	6.98956
create-batch-K1-total[ms]	58	7168	0	16	GENERIC	0.80162
create-batch-K1[ns]	58	7168	0	16	CLMUL	10.21655
create-batch-K1-total[ms]	58	7168	0	16	CLMUL	1.17172
create-batch-K1[ns]	58	7168	0	16	CLMUL_TRI	12.00628
create-batch-K1-total[ms]	58	7168	0	16	CLMUL_TRI	1.37698
create-batch-K2[ns]	58	7168	0	16	GENERIC	6.16622
create-batch-K2-total[ms]	58	7168	0	16	GENERIC	0.70719
create-batch-K2[ns]	58	7168	0	16	CLMUL	5.21145
create-batch-K2-total[ms]	58	7168	0	16	CLMUL	0.59769
create-batch-K2[ns]	58	7168	0	16	CLMUL_TRI	7.47575
create-batch-K2-total[ms]	58	7168	0	16	CLMUL_TRI	0.85738
create-batch-K4[ns]	58	7168	0	16	GENERIC	6.79838
create-batch-K4-total[ms]	58	7168	0	16	GENERIC	0.77969
create-batch-K4[ns]	58	7168	0	16	CLMUL	3.17983
create-batch-K4-total[ms]	58	7168	0	16	CLMUL	0.36469
create-batch-K4[ns]	58	7168	0	16	CLMUL_TRI	4.92985
create-batch-K4-total[ms]	58	7168	0	16	CLMUL_TRI	0.56539
create-batch-K8[ns]	58	7168	0	16	GENERIC	7.63996
create-batch-K8-total[ms]	58	7168	0	16	GENERIC	0.87621
create-batch-K8[ns]	58	7168	0	16	CLMUL	2.72400
create-batch-K8-total[ms]	58	7168	0	16	CLMUL	0.31241
create-batch-K8[ns]	58	7168	0	16	CLMUL_TRI	3.55573
create-batch-K8-total[ms]	58	7168	0	16	CLMUL_TRI	0.40780
create-batch-K1[ns]	58	7168	0	64	GENERIC	6.98863
create-batch-K1-total[ms]	58	7168	0	64	GENERIC	3.20605
create-batch-K1[ns]	58	7168	0	64	CLMUL	10.28025
create-batch-K1-total[ms]	58	7168	0	64	CLMUL	4.71608
create-batch-K1[ns]	58	7168	0	64	CLMUL_TRI	11.97718
create-batch-K1-total[ms]	58	7168	0	64	CLMUL_TRI	5.49455
create-batch-K2[ns]	58	7168	0	64	GENERIC	6.19069
create-batch-K2-total[ms]	58	7168	0	64	GENERIC	2.83999
create-batch-K2[ns]	58	7168	0	64	CLMUL	5.22151
create-batch-K2-total[ms]	58	7168	0	64	CLMUL	2.39538
create-batch-K2[ns]	58	7168	0	64	CLMUL_TRI	7.47530
create-batch-K2-total[ms]	58	7168	0	64	CLMUL_TRI	3.42931
create-batch-K4[ns]	58	7168	0	64	GENERIC	6.80149
create-batch-K4-total[ms]	58	7168	0	64	GENERIC	3.12020
create-batch-K4[ns]	58	7168	0	64	CLMUL	3.17935
create-batch-K4-total[ms]	58	7168	0	64	CLMUL	1.45853
create-batch-K4[ns]	58	7168	0	64	CLMUL_TRI	4.94672
create-batch-K4-total[ms]	58	7168	0	64	CLMUL_TRI	2.26932
create-batch-K8[ns]	58	7168	0	64	GENERIC	7.63976
create-batch-K8-total[ms]	58	7168	0	64	GENERIC	3.50476
create-batch-K8[ns]	58	7168	0	64	CLMUL	2.72368
create-batch-K8-total[ms]	58	7168	0	64	CLMUL	1.24949
create-batch-K8[ns]	58	7168	0	64	CLMUL_TRI	3.55561
create-batch-K8-total[ms]	58	7168	0	64	CLMUL_TRI	1.63115
create-batch-K1[ns]	58	7168	0	128	GENERIC	6.98960
create-batch-K1-total[ms]	58	7168	0	128	GENERIC	6.41299
create-batch-K1[ns]	58	7168	0	128	CLMUL	10.28683
create-batch-K1-total[ms]	58	7168	0	128	CLMUL	9.43820
create-batch-K1[ns]	58	7168	0	128	CLMUL_TRI	11.99282
create-batch-K1-total[ms]	58	7168	0	128	CLMUL_TRI	11.00346
create-batch-K2[ns]	58	7168	0	128	GENERIC	6.14467
create-batch-K2-total[ms]	58	7168	0	128	GENERIC	5.63776
create-batch-K2[ns]	58	7168	0	128	CLMUL	5.20939
create-batch-K2-total[ms]	58	7168	0	128	CLMUL	4.77964
create-batch-K2[ns]	58	7168	0	128	CLMUL_TRI	7.47702
create-batch-K2-total[ms]	58	7168	0	128	CLMUL_TRI	6.86020
create-batch-K4[ns]	58	7168	0	128	GENERIC	6.88267
create-batch-K4-total[ms]	58	7168	0	128	GENERIC	6.31488
create-batch-K4[ns]	58	7168	0	128	CLMUL	3.17939
create-batch-K4-total[ms]	58	7168	0	128	CLMUL	2.91710
create-batch-K4[ns]	58	7168	0	128	CLMUL_TRI	4.95050
create-batch-K4-total[ms]	58	7168	0	128	CLMUL_TRI	4.54210
create-batch-K8[ns]	58	7168	0	128	GENERIC	7.63930
create-batch-K8-total[ms]	58	7168	0	128	GENERIC	7.00909
create-batch-K8[ns]	58	7168	0	128	CLMUL	2.72362
create-batch-K8-total[ms]	58	7168	0	128	CLMUL	2.49893
create-batch-K8[ns]	58	7168	0	128	CLMUL_TRI	3.55541
create-batch-K8-total[ms]	58	7168	0	128	CLMUL_TRI	3.26211
create-batch-K1[ns]	58	7168	0	512	GENERIC	6.98856
create-batch-K1-total[ms]	58	7168	0	512	GENERIC	25.64814
create-batch-K1[ns]	58	7168	0	512	CLMUL	10.30099
create-batch-K1-total[ms]	58	7168	0	512	CLMUL	37.80482
create-batch-K1[ns]	58	7168	0	512	CLMUL_TRI	11.93655
create-batch-K1-total[ms]	58	7168	0	512	CLMUL_TRI	43.80732
create-batch-K2[ns]	58	7168	0	512	GENERIC	6.17970
create-batch-K2-total[ms]	58	7168	0	512	GENERIC	22.67959
create-batch-K2[ns]	58	7168	0	512	CLMUL	5.21199
create-batch-K2-total[ms]	58	7168	0	512	CLMUL	19.12808
create-batch-K2[ns]	58	7168	0	512	CLMUL_TRI	7.47783
create-batch-K2-total[ms]	58	7168	0	512	CLMUL_TRI	27.44375
create-batch-K4[ns]	58	7168	0	512	GENERIC	6.90068
create-batch-K4-total[ms]	58	7168	0	512	GENERIC	25.32562
create-batch-K4[ns]	58	7168	0	512	CLMUL	3.17990
create-batch-K4-total[ms]	58	7168	0	512	CLMUL	11.67030
create-batch-K4[ns]	58	7168	0	512	CLMUL_TRI	4.95187
create-batch-K4-total[ms]	58	7168	0	512	CLMUL_TRI	18.17344
create-batch-K8[ns]	58	7168	0	512	GENERIC	7.64336
create-batch-K8-total[ms]	58	7168	0	512	GENERIC	28.05124
create-batch-K8[ns]	58	7168	0	512	CLMUL	2.72442
create-batch-K8-total[ms]	58	7168	0	512	CLMUL	9.99867
create-batch-K8[ns]	58	7168	0	512	CLMUL_TRI	3.55679
create-batch-K8-total[ms]	58	7168	0	512	CLMUL_TRI	13.05348
create-batch-K1[ns]	58	7168	0	1024	GENERIC	6.99033
create-batch-K1-total[ms]	58	7168	0	1024	GENERIC	51.30926
create-batch-K1[ns]	58	7168	0	1024	CLMUL	10.30770
create-batch-K1-total[ms]	58	7168	0	1024	CLMUL	75.65884
create-batch-K1[ns]	58	7168	0	1024	CLMUL_TRI	12.01270
create-batch-K1-total[ms]	58	7168	0	1024	CLMUL_TRI	88.17361
create-batch-K2[ns]	58	7168	0	1024	GENERIC	6.14553
create-batch-K2-total[ms]	58	7168	0	1024	GENERIC	45.10841
create-batch-K2[ns]	58	7168	0	1024	CLMUL	5.21278
create-batch-K2-total[ms]	58	7168	0	1024	CLMUL	38.26201
create-batch-K2[ns]	58	7168	0	1024	CLMUL_TRI	7.47815
create-batch-K2-total[ms]	58	7168	0	1024	CLMUL_TRI	54.88986
create-batch-K4[ns]	58	7168	0	1024	GENERIC	6.80443
create-batch-K4-total[ms]	58	7168	0	1024	GENERIC	49.94477
create-batch-K4[ns]	58	7168	0	1024	CLMUL	3.18052
create-batch-K4-total[ms]	58	7168	0	1024	CLMUL	23.34512
create-batch-K4[ns]	58	7168	0	1024	CLMUL_TRI	4.95123
create-batch-K4-total[ms]	58	7168	0	1024	CLMUL_TRI	36.34217
create-batch-K8[ns]	58	7168	0	1024	GENERIC	7.64316
create-batch-K8-total[ms]	58	7168	0	1024	GENERIC	56.10103
create-batch-K8[ns]	58	7168	0	1024	CLMUL	2.72468
create-batch-K8-total[ms]	58	7168	0	1024	CLMUL	19.99927
create-batch-K8[ns]	58	7168	0	1024	CLMUL_TRI	3.55673
create-batch-K8-total[ms]	58	7168	0	1024	CLMUL_TRI	26.10648
create-batch-K1[ns]	58	7168	0	2048	GENERIC	6.99055
create-batch-K1-total[ms]	58	7168	0	2048	GENERIC	102.62168
create-batch-K1[ns]	58	7168	0	2048	CLMUL	10.34292
create-batch-K1-total[ms]	58	7168	0	2048	CLMUL	151.83475
create-batch-K1[ns]	58	7168	0	2048	CLMUL_TRI	12.03436
create-batch-K1-total[ms]	58	7168	0	2048	CLMUL_TRI	176.66524
create-batch-K2[ns]	58	7168	0	2048	GENERIC	6.18036
create-batch-K2-total[ms]	58	7168	0	2048	GENERIC	90.72806
create-batch-K2[ns]	58	7168	0	2048	CLMUL	5.21323
create-batch-K2-total[ms]	58	7168	0	2048	CLMUL	76.53053
create-batch-K2[ns]	58	7168	0	2048	CLMUL_TRI	7.47834
create-batch-K2-total[ms]	58	7168	0	2048	CLMUL_TRI	109.78254
create-batch-K4[ns]	58	7168	0	2048	GENERIC	6.83689
create-batch-K4-total[ms]	58	7168	0	2048	GENERIC	100.36599
create-batch-K4[ns]	58	7168	0	2048	CLMUL	3.18044
create-batch-K4-total[ms]	58	7168	0	2048	CLMUL	46.68902
create-batch-K4[ns]	58	7168	0	2048	CLMUL_TRI	4.95206
create-batch-K4-total[ms]	58	7168	0	2048	CLMUL_TRI	72.69659
create-batch-K8[ns]	58	7168	0	2048	GENERIC	7.64400
create-batch-K8-total[ms]	58	7168	0	2048	GENERIC	112.21446
create-batch-K8[ns]	58	7168	0	2048	CLMUL	2.72471
create-batch-K8-total[ms]	58	7168	0	2048	CLMUL	39.99897
create-batch-K8[ns]	58	7168	0	2048	CLMUL_TRI	3.55684
create-batch-K8-total[ms]	58	7168	0	2048	CLMUL_TRI	52.21468
create-batch-K1[ns]	58	7168	0	4096	GENERIC	6.99068
create-batch-K1-total[ms]	58	7168	0	4096	GENERIC	205.24713
create-batch-K1[ns]	58	7168	0	4096	CLMUL	10.34080
create-batch-K1-total[ms]	58	7168	0	4096	CLMUL	303.60725
create-batch-K1[ns]	58	7168	0	4096	CLMUL_TRI	12.02905
create-batch-K1-total[ms]	58	7168	0	4096	CLMUL_TRI	353.17452
create-batch-K2[ns]	58	7168	0	4096	GENERIC	6.18147
create-batch-K2-total[ms]	58	7168	0	4096	GENERIC	181.48879
create-batch-K2[ns]	58	7168	0	4096	CLMUL	5.21470
create-batch-K2-total[ms]	58	7168	0	4096	CLMUL	153.10419
create-batch-K2[ns]	58	7168	0	4096	CLMUL_TRI	7.47839
create-batch-K2-total[ms]	58	7168	0	4096	CLMUL_TRI	219.56650
create-batch-K4[ns]	58	7168	0	4096	GENERIC	6.80950
create-batch-K4-total[ms]	58	7168	0	4096	GENERIC	199.92773
create-batch-K4[ns]	58	7168	0	4096	CLMUL	3.18056
create-batch-K4-total[ms]	58	7168	0	4096	CLMUL	93.38161
create-batch-K4[ns]	58	7168	0	4096	CLMUL_TRI	4.95180
create-batch-K4-total[ms]	58	7168	0	4096	CLMUL_TRI	145.38551
create-batch-K8[ns]	58	7168	0	4096	GENERIC	7.64364
create-batch-K8-total[ms]	58	7168	0	4096	GENERIC	224.41821
create-batch-K8[ns]	58	7168	0	4096	CLMUL	2.72477
create-batch-K8-total[ms]	58	7168	0	4096	CLMUL	79.99951
create-batch-K8[ns]	58	7168	0	4096	CLMUL_TRI	3.55692
create-batch-K8-total[ms]	58	7168	0	4096	CLMUL_TRI	104.43162
create-batch-K1[ns]	58	7168	0	8192	GENERIC	6.99086
create-batch-K1-total[ms]	58	7168	0	8192	GENERIC	410.50525
create-batch-K1[ns]	58	7168	0	8192	CLMUL	10.34117
create-batch-K1-total[ms]	58	7168	0	8192	CLMUL	607.23640
create-batch-K1[ns]	58	7168	0	8192	CLMUL_TRI	12.02353
create-batch-K1-total[ms]	58	7168	0	8192	CLMUL_TRI	706.02484
create-batch-K2[ns]	58	7168	0	8192	GENERIC	6.14586
create-batch-K2-total[ms]	58	7168	0	8192	GENERIC	360.88671
create-batch-K2[ns]	58	7168	0	8192	CLMUL	5.21393
create-batch-K2-total[ms]	58	7168	0	8192	CLMUL	306.16328
create-batch-K2[ns]	58	7168	0	8192	CLMUL_TRI	7.47888
create-batch-K2-total[ms]	58	7168	0	8192	CLMUL_TRI	439.16149
create-batch-K4[ns]	58	7168	0	8192	GENERIC	6.81046
create-batch-K4-total[ms]	58	7168	0	8192	GENERIC	399.91195
create-batch-K4[ns]	58	7168	0	8192	CLMUL	3.18078
create-batch-K4-total[ms]	58	7168	0	8192	CLMUL	186.77614
create-batch-K4[ns]	58	7168	0	8192	CLMUL_TRI	4.95058
create-batch-K4-total[ms]	58	7168	0	8192	CLMUL_TRI	290.69904
create-batch-K8[ns]	58	7168	0	8192	GENERIC	7.64438
create-batch-K8-total[ms]	58	7168	0	8192	GENERIC	448.87973
create-batch-K8[ns]	58	7168	0	8192	CLMUL	2.72491
create-batch-K8-total[ms]	58	7168	0	8192	CLMUL	160.00769
create-batch-K8[ns]	58	7168	0	8192	CLMUL_TRI	3.55703
create-batch-K8-total[ms]	58	7168	0	8192	CLMUL_TRI	208.86992
create-batch-K1[ns]	58	8192	0	16	GENERIC	6.99213
create-batch-K1-total[ms]	58	8192	0	16	GENERIC	0.91647
create-batch-K1[ns]	58	8192	0	16	CLMUL	10.39317
create-batch-K1-total[ms]	58	8192	0	16	CLMUL	1.36225
create-batch-K1[ns]	58	8192	0	16	CLMUL_TRI	11.96851
create-batch-K1-total[ms]	58	8192	0	16	CLMUL_TRI	1.56874
create-batch-K2[ns]	58	8192	0	16	GENERIC	6.18863
create-batch-K2-total[ms]	58	8192	0	16	GENERIC	0.81116
create-batch-K2[ns]	58	8192	0	16	CLMUL	5.21163
create-batch-K2-total[ms]	58	8192	0	16	CLMUL	0.68310
create-batch-K2[ns]	58	8192	0	16	CLMUL_TRI	7.47589
create-batch-K2-total[ms]	58	8192	0	16	CLMUL_TRI	0.97988
create-batch-K4[ns]	58	8192	0	16	GENERIC	6.82781
create-batch-K4-total[ms]	58	8192	0	16	GENERIC	0.89494
create-batch-K4[ns]	58	8192	0	16	CLMUL	3.17993
create-batch-K4-total[ms]	58	8192	0	16	CLMUL	0.41680
create-batch-K4[ns]	58	8192	0	16	CLMUL_TRI	4.79399
create-batch-K4-total[ms]	58	8192	0	16	CLMUL_TRI	0.62836
create-batch-K8[ns]	58	8192	0	16	GENERIC	7.64021
create-batch-K8-total[ms]	58	8192	0	16	GENERIC	1.00142
create-batch-K8[ns]	58	8192	0	16	CLMUL	2.72414
create-batch-K8-total[ms]	58	8192	0	16	CLMUL	0.35706
create-batch-K8[ns]	58	8192	0	16	CLMUL_TRI	3.55547
create-batch-K8-total[ms]	58	8192	0	16	CLMUL_TRI	0.46602
create-batch-K1[ns]	58	8192	0	64	GENERIC	6.98916
create-batch-K1-total[ms]	58	8192	0	64	GENERIC	3.66433
create-batch-K1[ns]	58	8192	0	64	CLMUL	10.39858
create-batch-K1-total[ms]	58	8192	0	64	CLMUL	5.45185
create-batch-K1[ns]	58	8192	0	64	CLMUL_TRI	12.01023
create-batch-K1-total[ms]	58	8192	0	64	CLMUL_TRI	6.29682
create-batch-K2[ns]	58	8192	0	64	GENERIC	6.19156
create-batch-K2-total[ms]	58	8192	0	64	GENERIC	3.24616
create-batch-K2[ns]	58	8192	0	64	CLMUL	5.21121
create-batch-K2-total[ms]	58	8192	0	64	CLMUL	2.73217
create-batch-K2[ns]	58	8192	0	64	CLMUL_TRI	7.47536
create-batch-K2-total[ms]	58	8192	0	64	CLMUL_TRI	3.91924
create-batch-K4[ns]	58	8192	0	64	GENERIC	6.78560
create-batch-K4-total[ms]	58	8192	0	64	GENERIC	3.55761
create-batch-K4[ns]	58	8192	0	64	CLMUL	3.17955
create-batch-K4-total[ms]	58	8192	0	64	CLMUL	1.66700
create-batch-K4[ns]	58	8192	0	64	CLMUL_TRI	4.93584
create-batch-K4-total[ms]	58	8192	0	64	CLMUL_TRI	2.58780
create-batch-K8[ns]	58	8192	0	64	GENERIC	7.64183
create-batch-K8-total[ms]	58	8192	0	64	GENERIC	4.00652
create-batch-K8[ns]	58	8192	0	64	CLMUL	2.72383
create-batch-K8-total[ms]	58	8192	0	64	CLMUL	1.42807
create-batch-K8[ns]	58	8192	0	64	CLMUL_TRI	3.55590
create-batch-K8-total[ms]	58	8192	0	64	CLMUL_TRI	1.86431
create-batch-K1[ns]	58	8192	0	128	GENERIC	6.98831
create-batch-K1-total[ms]	58	8192	0	128	GENERIC	7.32778
create-batch-K1[ns]	58	8192	0	128	CLMUL	10.40331
create-batch-K1-total[ms]	58	8192	0	128	CLMUL	10.90866
create-batch-K1[ns]	58	8192	0	128	CLMUL_TRI	11.99047
create-batch-K1-total[ms]	58	8192	0	128	CLMUL_TRI	12.57292
create-batch-K2[ns]	58	8192	0	128	GENERIC	6.19036
create-batch-K2-total[ms]	58	8192	0	128	GENERIC	6.49106
create-batch-K2[ns]	58	8192	0	128	CLMUL	5.21291
create-batch-K2-total[ms]	58	8192	0	128	CLMUL	5.46613
create-batch-K2[ns]	58	8192	0	128	CLMUL_TRI	7.47711
create-batch-K2-total[ms]	58	8192	0	128	CLMUL_TRI	7.84032
create-batch-K4[ns]	58	8192	0	128	GENERIC	6.90084
create-batch-K4-total[ms]	58	8192	0	128	GENERIC	7.23605
create-batch-K4[ns]	58	8192	0	128	CLMUL	3.17970
create-batch-K4-total[ms]	58	8192	0	128	CLMUL	3.33416
create-batch-K4[ns]	58	8192	0	128	CLMUL_TRI	4.94240
create-batch-K4-total[ms]	58	8192	0	128	CLMUL_TRI	5.18248
create-batch-K8[ns]	58	8192	0	128	GENERIC	7.64219
create-batch-K8-total[ms]	58	8192	0	128	GENERIC	8.01341
create-batch-K8[ns]	58	8192	0	128	CLMUL	2.72381
create-batch-K8-total[ms]	58	8192	0	128	CLMUL	2.85612
create-batch-K8[ns]	58	8192	0	128	CLMUL_TRI	3.55592
create-batch-K8-total[ms]	58	8192	0	128	CLMUL_TRI	3.72865
create-batch-K1[ns]	58	8192	0	512	GENERIC	6.99052
create-batch-K1-total[ms]	58	8192	0	512	GENERIC	29.32036
create-batch-K1[ns]	58	8192	0	512	CLMUL	10.40633
create-batch-K1-total[ms]	58	8192	0	512	CLMUL	43.64730
create-batch-K1[ns]	58	8192	0	512	CLMUL_TRI	12.07284
create-batch-K1-total[ms]	58	8192	0	512	CLMUL_TRI	50.63715
create-batch-K2[ns]	58	8192	0	512	GENERIC	6.14933
create-batch-K2-total[ms]	58	8192	0	512	GENERIC	25.79214
create-batch-K2[ns]	58	8192	0	512	CLMUL	5.22185
create-batch-K2-total[ms]	58	8192	0	512	CLMUL	21.90201
create-batch-K2[ns]	58	8192	0	512	CLMUL_TRI	7.47838
create-batch-K2-total[ms]	58	8192	0	512	CLMUL_TRI	31.36661
create-batch-K4[ns]	58	8192	0	512	GENERIC	6.89126
create-batch-K4-total[ms]	58	8192	0	512	GENERIC	28.90403
create-batch-K4[ns]	58	8192	0	512	CLMUL	3.18076
create-batch-K4-total[ms]	58	8192	0	512	CLMUL	13.34108
create-batch-K4[ns]	58	8192	0	512	CLMUL_TRI	4.94541
create-batch-K4-total[ms]	58	8192	0	512	CLMUL_TRI	20.74256
create-batch-K8[ns]	58	8192	0	512	GENERIC	7.64242
create-batch-K8-total[ms]	58	8192	0	512	GENERIC	32.05465
create-batch-K8[ns]	58	8192	0	512	CLMUL	2.72463
create-batch-K8-total[ms]	58	8192	0	512	CLMUL	11.42791
create-batch-K8[ns]	58	8192	0	512	CLMUL_TRI	3.55687
create-batch-K8-total[ms]	58	8192	0	512	CLMUL_TRI	14.91861
create-batch-K1[ns]	58	8192	0	1024	GENERIC	6.98961
create-batch-K1-total[ms]	58	8192	0	1024	GENERIC	58.63314
create-batch-K1[ns]	58	8192	0	1024	CLMUL	10.40323
create-batch-K1-total[ms]	58	8192	0	1024	CLMUL	87.26864
create-batch-K1[ns]	58	8192	0	1024	CLMUL_TRI	12.00474
create-batch-K1-total[ms]	58	8192	0	1024	CLMUL_TRI	100.70303
create-batch-K2[ns]	58	8192	0	1024	GENERIC	6.14904
create-batch-K2-total[ms]	58	8192	0	1024	GENERIC	51.58190
create-batch-K2[ns]	58	8192	0	1024	CLMUL	5.22550
create-batch-K2-total[ms]	58	8192	0	1024	CLMUL	43.83471
create-batch-K2[ns]	58	8192	0	1024	CLMUL_TRI	7.47855
create-batch-K2-total[ms]	58	8192	0	1024	CLMUL_TRI	62.73458
create-batch-K4[ns]	58	8192	0	1024	GENERIC	6.90743
create-batch-K4-total[ms]	58	8192	0	1024	GENERIC	57.94368
create-batch-K4[ns]	58	8192	0	1024	CLMUL	3.18073
create-batch-K4-total[ms]	58	8192	0	1024	CLMUL	26.68193
create-batch-K4[ns]	58	8192	0	1024	CLMUL_TRI	4.94756
create-batch-K4-total[ms]	58	8192	0	1024	CLMUL_TRI	41.50313
create-batch-K8[ns]	58	8192	0	1024	GENERIC	7.64069
create-batch-K8-total[ms]	58	8192	0	1024	GENERIC	64.09478
create-batch-K8[ns]	58	8192	0	1024	CLMUL	2.72493
create-batch-K8-total[ms]	58	8192	0	1024	CLMUL	22.85836
create-batch-K8[ns]	58	8192	0	1024	CLMUL_TRI	3.55679
create-batch-K8-total[ms]	58	8192	0	1024	CLMUL_TRI	29.83652
create-batch-K1[ns]	58	8192	0	2048	GENERIC	6.98997
create-batch-K1-total[ms]	58	8192	0	2048	GENERIC	117.27225
create-batch-K1[ns]	58	8192	0	2048	CLMUL	10.40234
create-batch-K1-total[ms]	58	8192	0	2048	CLMUL	174.52223
create-batch-K1[ns]	58	8192	0	2048	CLMUL_TRI	12.07431
create-batch-K1-total[ms]	58	8192	0	2048	CLMUL_TRI	202.57328
create-batch-K2[ns]	58	8192	0	2048	GENERIC	6.15025
create-batch-K2-total[ms]	58	8192	0	2048	GENERIC	103.18411
create-batch-K2[ns]	58	8192	0	2048	CLMUL	5.21515
create-batch-K2-total[ms]	58	8192	0	2048	CLMUL	87.49564
create-batch-K2[ns]	58	8192	0	2048	CLMUL_TRI	7.47868
create-batch-K2-total[ms]	58	8192	0	2048	CLMUL_TRI	125.47139
create-batch-K4[ns]	58	8192	0	2048	GENERIC	6.81247
create-batch-K4-total[ms]	58	8192	0	2048	GENERIC	114.29420
create-batch-K4[ns]	58	8192	0	2048	CLMUL	3.18079
create-batch-K4-total[ms]	58	8192	0	2048	CLMUL	53.36486
create-batch-K4[ns]	58	8192	0	2048	CLMUL_TRI	4.95444
create-batch-K4-total[ms]	58	8192	0	2048	CLMUL_TRI	83.12177
create-batch-K8[ns]	58	8192	0	2048	GENERIC	7.64229
create-batch-K8-total[ms]	58	8192	0	2048	GENERIC	128.21636
create-batch-K8[ns]	58	8192	0	2048	CLMUL	2.72492
create-batch-K8-total[ms]	58	8192	0	2048	CLMUL	45.71653
create-batch-K8[ns]	58	8192	0	2048	CLMUL_TRI	3.55683
create-batch-K8-total[ms]	58	8192	0	2048	CLMUL_TRI	59.67363
create-batch-K1[ns]	58	8192	0	4096	GENERIC	6.99016
create-batch-K1-total[ms]	58	8192	0	4096	GENERIC	234.55080
create-batch-K1[ns]	58	8192	0	4096	CLMUL	10.40295
create-batch-K1-total[ms]	58	8192	0	4096	CLMUL	349.06492
create-batch-K1[ns]	58	8192	0	4096	CLMUL_TRI	12.07283
create-batch-K1-total[ms]	58	8192	0	4096	CLMUL_TRI	405.09709
create-batch-K2[ns]	58	8192	0	4096	GENERIC	6.14989
create-batch-K2-total[ms]	58	8192	0	4096	GENERIC	206.35595
create-batch-K2[ns]	58	8192	0	4096	CLMUL	5.22679
create-batch-K2-total[ms]	58	8192	0	4096	CLMUL	175.38194
create-batch-K2[ns]	58	8192	0	4096	CLMUL_TRI	7.47892
create-batch-K2-total[ms]	58	8192	0	4096	CLMUL_TRI	250.95091
create-batch-K4[ns]	58	8192	0	4096	GENERIC	6.86064
create-batch-K4-total[ms]	58	8192	0	4096	GENERIC	230.20497
create-batch-K4[ns]	58	8192	0	4096	CLMUL	3.18087
create-batch-K4-total[ms]	58	8192	0	4096	CLMUL	106.73228
create-batch-K4[ns]	58	8192	0	4096	CLMUL_TRI	4.94547
create-batch-K4-total[ms]	58	8192	0	4096	CLMUL_TRI	165.94250
create-batch-K8[ns]	58	8192	0	4096	GENERIC	7.64334
create-batch-K8-total[ms]	58	8192	0	4096	GENERIC	256.46799
create-batch-K8[ns]	58	8192	0	4096	CLMUL	2.72497
create-batch-K8-total[ms]	58	8192	0	4096	CLMUL	91.43496
create-batch-K8[ns]	58	8192	0	4096	CLMUL_TRI	3.55696
create-batch-K8-total[ms]	58	8192	0	4096	CLMUL_TRI	119.35185
create-batch-K1[ns]	58	8192	0	8192	GENERIC	6.99013
create-batch-K1-total[ms]	58	8192	0	8192	GENERIC	469.09950
create-batch-K1[ns]	58	8192	0	8192	CLMUL	10.40026
create-batch-K1-total[ms]	58	8192	0	8192	CLMUL	697.94942
create-batch-K1[ns]	58	8192	0	8192	CLMUL_TRI	12.06419
create-batch-K1-total[ms]	58	8192	0	8192	CLMUL_TRI	809.61438
create-batch-K2[ns]	58	8192	0	8192	GENERIC	6.14901
create-batch-K2-total[ms]	58	8192	0	8192	GENERIC	412.65341
create-batch-K2[ns]	58	8192	0	8192	CLMUL	5.21346
create-batch-K2-total[ms]	58	8192	0	8192	CLMUL	349.86921
create-batch-K2[ns]	58	8192	0	8192	CLMUL_TRI	7.47908
create-batch-K2-total[ms]	58	8192	0	8192	CLMUL_TRI	501.91265
create-batch-K4[ns]	58	8192	0	8192	GENERIC	6.81312
create-batch-K4-total[ms]	58	8192	0	8192	GENERIC	457.22093
create-batch-K4[ns]	58	8192	0	8192	CLMUL	3.18092
create-batch-K4-total[ms]	58	8192	0	8192	CLMUL	213.46780
create-batch-K4[ns]	58	8192	0	8192	CLMUL_TRI	4.94529
create-batch-K4-total[ms]	58	8192	0	8192	CLMUL_TRI	331.87246
create-batch-K8[ns]	58	8192	0	8192	GENERIC	7.64317
create-batch-K8-total[ms]	58	8192	0	8192	GENERIC	512.92478
create-batch-K8[ns]	58	8192	0	8192	CLMUL	2.72496
create-batch-K8-total[ms]	58	8192	0	8192	CLMUL	182.86867
create-batch-K8[ns]	58	8192	0	8192	CLMUL_TRI	3.55698
create-batch-K8-total[ms]	58	8192	0	8192	CLMUL_TRI	238.70519
create-batch-K1[ns]	64	128	0	16	GENERIC	8.02051
create-batch-K1-total[ms]	64	128	0	16	GENERIC	0.01643
create-batch-K1[ns]	64	128	0	16	CLMUL	11.76367
create-batch-K1-total[ms]	64	128	0	16	CLMUL	0.02409
create-batch-K2[ns]	64	128	0	16	GENERIC	7.66797
create-batch-K2-total[ms]	64	128	0	16	GENERIC	0.01570
create-batch-K2[ns]	64	128	0	16	CLMUL	5.41602
create-batch-K2-total[ms]	64	128	0	16	CLMUL	0.01109
create-batch-K4[ns]	64	128	0	16	GENERIC	8.32812
create-batch-K4-total[ms]	64	128	0	16	GENERIC	0.01706
create-batch-K4[ns]	64	128	0	16	CLMUL	3.24609
create-batch-K4-total[ms]	64	128	0	16	CLMUL	0.00665
create-batch-K8[ns]	64	128	0	16	GENERIC	9.23193
create-batch-K8-total[ms]	64	128	0	16	GENERIC	0.01891
create-batch-K8[ns]	64	128	0	16	CLMUL	2.09766
create-batch-K8-total[ms]	64	128	0	16	CLMUL	0.00430
create-batch-K1[ns]	64	128	0	64	GENERIC	8.02051
create-batch-K1-total[ms]	64	128	0	64	GENERIC	0.06570
create-batch-K1[ns]	64	128	0	64	CLMUL	11.73706
create-batch-K1-total[ms]	64	128	0	64	CLMUL	0.09615
create-batch-K2[ns]	64	128	0	64	GENERIC	7.68591
create-batch-K2-total[ms]	64	128	0	64	GENERIC	0.06296
create-batch-K2[ns]	64	128	0	64	CLMUL	5.41870
create-batch-K2-total[ms]	64	128	0	64	CLMUL	0.04439
create-batch-K4[ns]	64	128	0	64	GENERIC	8.32336
create-batch-K4-total[ms]	64	128	0	64	GENERIC	0.06818
create-batch-K4[ns]	64	128	0	64	CLMUL	3.23486
create-batch-K4-total[ms]	64	128	0	64	CLMUL	0.02650
create-batch-K8[ns]	64	128	0	64	GENERIC	9.21179
create-batch-K8-total[ms]	64	128	0	64	GENERIC	0.07546
create-batch-K8[ns]	64	128	0	64	CLMUL	2.08643
create-batch-K8-total[ms]	64	128	0	64	CLMUL	0.01709
create-batch-K1[ns]	64	128	0	128	GENERIC	8.01715
create-batch-K1-total[ms]	64	128	0	128	GENERIC	0.13135
create-batch-K1[ns]	64	128	0	128	CLMUL	11.74597
create-batch-K1-total[ms]	64	128	0	128	CLMUL	0.19245
create-batch-K2[ns]	64	128	0	128	GENERIC	7.67242
create-batch-K2-total[ms]	64	128	0	128	GENERIC	0.12570
create-batch-K2[ns]	64	128	0	128	CLMUL	5.41632
create-batch-K2-total[ms]	64	128	0	128	CLMUL	0.08874
create-batch-K4[ns]	64	128	0	128	GENERIC	8.32684
create-batch-K4-total[ms]	64	128	0	128	GENERIC	0.13643
create-batch-K4[ns]	64	128	0	128	CLMUL	3.23828
create-batch-K4-total[ms]	64	128	0	128	CLMUL	0.05306
create-batch-K8[ns]	64	128	0	128	GENERIC	9.20624
create-batch-K8-total[ms]	64	128	0	128	GENERIC	0.15083
create-batch-K8[ns]	64	128	0	128	CLMUL	2.08423
create-batch-K8-total[ms]	64	128	0	128	CLMUL	0.03415
create-batch-K1[ns]	64	128	0	512	GENERIC	8.01688
create-batch-K1-total[ms]	64	128	0	512	GENERIC	0.52539
create-batch-K1[ns]	64	128	0	512	CLMUL	11.74854
create-batch-K1-total[ms]	64	128	0	512	CLMUL	0.76995
create-batch-K2[ns]	64	128	0	512	GENERIC	7.66281
create-batch-K2-total[ms]	64	128	0	512	GENERIC	0.50219
create-batch-K2[ns]	64	128	0	512	CLMUL	5.41467
create-batch-K2-total[ms]	64	128	0	512	CLMUL	0.35486
create-batch-K4[ns]	64	128	0	512	GENERIC	8.32912
create-batch-K4-total[ms]	64	128	0	512	GENERIC	0.54586
create-batch-K4[ns]	64	128	0	512	CLMUL	3.23630
create-batch-K4-total[ms]	64	128	0	512	CLMUL	0.21209
create-batch-K8[ns]	64	128	0	512	GENERIC	9.20566
create-batch-K8-total[ms]	64	128	0	512	GENERIC	0.60330
create-batch-K8[ns]	64	128	0	512	CLMUL	2.08144
create-batch-K8-total[ms]	64	128	0	512	CLMUL	0.13641
create-batch-K1[ns]	64	128	0	1024	GENERIC	8.01462
create-batch-K1-total[ms]	64	128	0	1024	GENERIC	1.05049
create-batch-K1[ns]	64	128	0	1024	CLMUL	11.74699
create-batch-K1-total[ms]	64	128	0	1024	CLMUL	1.53970
create-batch-K2[ns]	64	128	0	1024	GENERIC	7.67143
create-batch-K2-total[ms]	64	128	0	1024	GENERIC	1.00551
create-batch-K2[ns]	64	128	0	1024	CLMUL	5.41622
create-batch-K2-total[ms]	64	128	0	1024	CLMUL	0.70991
create-batch-K4[ns]	64	128	0	1024	GENERIC	8.32686
create-batch-K4-total[ms]	64	128	0	1024	GENERIC	1.09142
create-batch-K4[ns]	64	128	0	1024	CLMUL	3.23829
create-batch-K4-total[ms]	64	128	0	1024	CLMUL	0.42445
create-batch-K8[ns]	64	128	0	1024	GENERIC	9.20948
create-batch-K8-total[ms]	64	128	0	1024	GENERIC	1.20710
create-batch-K8[ns]	64	128	0	1024	CLMUL	2.08199
create-batch-K8-total[ms]	64	128	0	1024	CLMUL	0.27289
create-batch-K1[ns]	64	128	0	2048	GENERIC	8.01836
create-batch-K1-total[ms]	64	128	0	2048	GENERIC	2.10196
create-batch-K1[ns]	64	128	0	2048	CLMUL	11.74903
create-batch-K1-total[ms]	64	128	0	2048	CLMUL	3.07994
create-batch-K2[ns]	64	128	0	2048	GENERIC	7.66048
create-batch-K2-total[ms]	64	128	0	2048	GENERIC	2.00815
create-batch-K2[ns]	64	128	0	2048	CLMUL	5.44214
create-batch-K2-total[ms]	64	128	0	2048	CLMUL	1.42663
create-batch-K4[ns]	64	128	0	2048	GENERIC	8.33188
create-batch-K4-total[ms]	64	128	0	2048	GENERIC	2.18415
create-batch-K4[ns]	64	128	0	2048	CLMUL	3.23793
create-batch-K4-total[ms]	64	128	0	2048	CLMUL	0.84880
create-batch-K8[ns]	64	128	0	2048	GENERIC	9.20891
create-batch-K8-total[ms]	64	128	0	2048	GENERIC	2.41406
create-batch-K8[ns]	64	128	0	2048	CLMUL	2.08192
create-batch-K8-total[ms]	64	128	0	2048	CLMUL	0.54576
create-batch-K1[ns]	64	128	0	4096	GENERIC	8.01780
create-batch-K1-total[ms]	64	128	0	4096	GENERIC	4.20363
create-batch-K1[ns]	64	128	0	4096	CLMUL	11.75076
create-batch-K1-total[ms]	64	128	0	4096	CLMUL	6.16078
create-batch-K2[ns]	64	128	0	4096	GENERIC	7.67136
create-batch-K2-total[ms]	64	128	0	4096	GENERIC	4.02200
create-batch-K2[ns]	64	128	0	4096	CLMUL	5.33844
create-batch-K2-total[ms]	64	128	0	4096	CLMUL	2.79888
create-batch-K4[ns]	64	128	0	4096	GENERIC	8.31510
create-batch-K4-total[ms]	64	128	0	4096	GENERIC	4.35951
create-batch-K4[ns]	64	128	0	4096	CLMUL	3.23878
create-batch-K4-total[ms]	64	128	0	4096	CLMUL	1.69805
create-batch-K8[ns]	64	128	0	4096	GENERIC	9.21463
create-batch-K8-total[ms]	64	128	0	4096	GENERIC	4.83112
create-batch-K8[ns]	64	128	0	4096	CLMUL	2.08246
create-batch-K8-total[ms]	64	128	0	4096	CLMUL	1.09181
create-batch-K1[ns]	64	128	0	8192	GENERIC	8.01901
create-batch-K1-total[ms]	64	128	0	8192	GENERIC	8.40855
create-batch-K1[ns]	64	128	0	8192	CLMUL	11.75216
create-batch-K1-total[ms]	64	128	0	8192	CLMUL	12.32303
create-batch-K2[ns]	64	128	0	8192	GENERIC	7.66569
create-batch-K2-total[ms]	64	128	0	8192	GENERIC	8.03806
create-batch-K2[ns]	64	128	0	8192	CLMUL	5.39612
create-batch-K2-total[ms]	64	128	0	8192	CLMUL	5.65824
create-batch-K4[ns]	64	128	0	8192	GENERIC	8.31967
create-batch-K4-total[ms]	64	128	0	8192	GENERIC	8.72381
create-batch-K4[ns]	64	128	0	8192	CLMUL	3.23905
create-batch-K4-total[ms]	64	128	0	8192	CLMUL	3.39639
create-batch-K8[ns]	64	128	0	8192	GENERIC	9.21191
create-batch-K8-total[ms]	64	128	0	8192	GENERIC	9.65939
create-batch-K8[ns]	64	128	0	8192	CLMUL	2.08345
create-batch-K8-total[ms]	64	128	0	8192	CLMUL	2.18465
create-batch-K1[ns]	64	256	0	16	GENERIC	7.44629
create-batch-K1-total[ms]	64	256	0	16	GENERIC	0.03050
create-batch-K1[ns]	64	256	0	16	CLMUL	11.83179
create-batch-K1-total[ms]	64	256	0	16	CLMUL	0.04846
create-batch-K2[ns]	64	256	0	16	GENERIC	7.09351
create-batch-K2-total[ms]	64	256	0	16	GENERIC	0.02905
create-batch-K2[ns]	64	256	0	16	CLMUL	5.32593
create-batch-K2-total[ms]	64	256	0	16	CLMUL	0.02182
create-batch-K4[ns]	64	256	0	16	GENERIC	7.73560
create-batch-K4-total[ms]	64	256	0	16	GENERIC	0.03168
create-batch-K4[ns]	64	256	0	16	CLMUL	3.21924
create-batch-K4-total[ms]	64	256	0	16	CLMUL	0.01319
create-batch-K8[ns]	64	256	0	16	GENERIC	8.63989
create-batch-K8-total[ms]	64	256	0	16	GENERIC	0.03539
create-batch-K8[ns]	64	256	0	16	CLMUL	2.07056
create-batch-K8-total[ms]	64	256	0	16	CLMUL	0.00848
create-batch-K1[ns]	64	256	0	64	GENERIC	7.44525
create-batch-K1-total[ms]	64	256	0	64	GENERIC	0.12198
create-batch-K1[ns]	64	256	0	64	CLMUL	11.80023
create-batch-K1-total[ms]	64	256	0	64	CLMUL	0.19333
create-batch-K2[ns]	64	256	0	64	GENERIC	7.10504
create-batch-K2-total[ms]	64	256	0	64	GENERIC	0.11641
create-batch-K2[ns]	64	256	0	64	CLMUL	5.40729
create-batch-K2-total[ms]	64	256	0	64	CLMUL	0.08859
create-batch-K4[ns]	64	256	0	64	GENERIC	7.73572
create-batch-K4-total[ms]	64	256	0	64	GENERIC	0.12674
create-batch-K4[ns]	64	256	0	64	CLMUL	3.22015
create-batch-K4-total[ms]	64	256	0	64	CLMUL	0.05276
create-batch-K8[ns]	64	256	0	64	GENERIC	8.63434
create-batch-K8-total[ms]	64	256	0	64	GENERIC	0.14146
create-batch-K8[ns]	64	256	0	64	CLMUL	2.06165
create-batch-K8-total[ms]	64	256	0	64	CLMUL	0.03378
create-batch-K1[ns]	64	256	0	128	GENERIC	7.44241
create-batch-K1-total[ms]	64	256	0	128	GENERIC	0.24387
create-batch-K1[ns]	64	256	0	128	CLMUL	11.80646
create-batch-K1-total[ms]	64	256	0	128	CLMUL	0.38687
create-batch-K2[ns]	64	256	0	128	GENERIC	7.09766
create-batch-K2-total[ms]	64	256	0	128	GENERIC	0.23258
create-batch-K2[ns]	64	256	0	128	CLMUL	5.40787
create-batch-K2-total[ms]	64	256	0	128	CLMUL	0.17721
create-batch-K4[ns]	64	256	0	128	GENERIC	7.74307
create-batch-K4-total[ms]	64	256	0	128	GENERIC	0.25372
create-batch-K4[ns]	64	256	0	128	CLMUL	3.21964
create-batch-K4-total[ms]	64	256	0	128	CLMUL	0.10550
create-batch-K8[ns]	64	256	0	128	GENERIC	8.63373
create-batch-K8-total[ms]	64	256	0	128	GENERIC	0.28291
create-batch-K8[ns]	64	256	0	128	CLMUL	2.06107
create-batch-K8-total[ms]	64	256	0	128	CLMUL	0.06754
create-batch-K1[ns]	64	256	0	512	GENERIC	7.44523
create-batch-K1-total[ms]	64	256	0	512	GENERIC	0.97586
create-batch-K1[ns]	64	256	0	512	CLMUL	12.07971
create-batch-K1-total[ms]	64	256	0	512	CLMUL	1.58331
create-batch-K2[ns]	64	256	0	512	GENERIC	7.08679
create-batch-K2-total[ms]	64	256	0	512	GENERIC	0.92888
create-batch-K2[ns]	64	256	0	512	CLMUL	5.35136
create-batch-K2-total[ms]	64	256	0	512	CLMUL	0.70141
create-batch-K4[ns]	64	256	0	512	GENERIC	7.71989
create-batch-K4-total[ms]	64	256	0	512	GENERIC	1.01186
create-batch-K4[ns]	64	256	0	512	CLMUL	3.22076
create-batch-K4-total[ms]	64	256	0	512	CLMUL	0.42215
create-batch-K8[ns]	64	256	0	512	GENERIC	8.63501
create-batch-K8-total[ms]	64	256	0	512	GENERIC	1.13181
create-batch-K8[ns]	64	256	0	512	CLMUL	2.06250
create-batch-K8-total[ms]	64	256	0	512	CLMUL	0.27034
create-batch-K1[ns]	64	256	0	1024	GENERIC	7.44509
create-batch-K1-total[ms]	64	256	0	1024	GENERIC	1.95169
create-batch-K1[ns]	64	256	0	1024	CLMUL	11.80759
create-batch-K1-total[ms]	64	256	0	1024	CLMUL	3.09529
create-batch-K2[ns]	64	256	0	1024	GENERIC	7.09011
create-batch-K2-total[ms]	64	256	0	1024	GENERIC	1.85863
create-batch-K2[ns]	64	256	0	1024	CLMUL	5.40915
create-batch-K2-total[ms]	64	256	0	1024	CLMUL	1.41798
create-batch-K4[ns]	64	256	0	1024	GENERIC	7.72343
create-batch-K4-total[ms]	64	256	0	1024	GENERIC	2.02465
create-batch-K4[ns]	64	256	0	1024	CLMUL	3.22190
create-batch-K4-total[ms]	64	256	0	1024	CLMUL	0.84460
create-batch-K8[ns]	64	256	0	1024	GENERIC	8.63543
create-batch-K8-total[ms]	64	256	0	1024	GENERIC	2.26373
create-batch-K8[ns]	64	256	0	1024	CLMUL	2.06257
create-batch-K8-total[ms]	64	256	0	1024	CLMUL	0.54069
create-batch-K1[ns]	64	256	0	2048	GENERIC	7.44718
create-batch-K1-total[ms]	64	256	0	2048	GENERIC	3.90447
create-batch-K1[ns]	64	256	0	2048	CLMUL	11.80049
create-batch-K1-total[ms]	64	256	0	2048	CLMUL	6.18686
create-batch-K2[ns]	64	256	0	2048	GENERIC	7.10145
create-batch-K2-total[ms]	64	256	0	2048	GENERIC	3.72320
create-batch-K2[ns]	64	256	0	2048	CLMUL	5.37687
create-batch-K2-total[ms]	64	256	0	2048	CLMUL	2.81903
create-batch-K4[ns]	64	256	0	2048	GENERIC	7.72954
create-batch-K4-total[ms]	64	256	0	2048	GENERIC	4.05250
create-batch-K4[ns]	64	256	0	2048	CLMUL	3.22172
create-batch-K4-total[ms]	64	256	0	2048	CLMUL	1.68911
create-batch-K8[ns]	64	256	0	2048	GENERIC	8.63861
create-batch-K8-total[ms]	64	256	0	2048	GENERIC	4.52912
create-batch-K8[ns]	64	256	0	2048	CLMUL	2.06197
create-batch-K8-total[ms]	64	256	0	2048	CLMUL	1.08107
create-batch-K1[ns]	64	256	0	4096	GENERIC	7.44659
create-batch-K1-total[ms]	64	256	0	4096	GENERIC	7.80832
create-batch-K1[ns]	64	256	0	4096	CLMUL	11.79673
create-batch-K1-total[ms]	64	256	0	4096	CLMUL	12.36977
create-batch-K2[ns]	64	256	0	4096	GENERIC	7.09560
create-batch-K2-total[ms]	64	256	0	4096	GENERIC	7.44028
create-batch-K2[ns]	64	256	0	4096	CLMUL	5.28228
create-batch-K2-total[ms]	64	256	0	4096	CLMUL	5.53887
create-batch-K4[ns]	64	256	0	4096	GENERIC	7.74594
create-batch-K4-total[ms]	64	256	0	4096	GENERIC	8.12221
create-batch-K4[ns]	64	256	0	4096	CLMUL	3.22234
create-batch-K4-total[ms]	64	256	0	4096	CLMUL	3.37887
create-batch-K8[ns]	64	256	0	4096	GENERIC	8.63683
create-batch-K8-total[ms]	64	256	0	4096	GENERIC	9.05637
create-batch-K8[ns]	64	256	0	4096	CLMUL	2.06266
create-batch-K8-total[ms]	64	256	0	4096	CLMUL	2.16285
create-batch-K1[ns]	64	256	0	8192	GENERIC	7.44582
create-batch-K1-total[ms]	64	256	0	8192	GENERIC	15.61503
create-batch-K1[ns]	64	256	0	8192	CLMUL	11.79916
create-batch-K1-total[ms]	64	256	0	8192	CLMUL	24.74464
create-batch-K2[ns]	64	256	0	8192	GENERIC	7.08662
create-batch-K2-total[ms]	64	256	0	8192	GENERIC	14.86172
create-batch-K2[ns]	64	256	0	8192	CLMUL	5.34470
create-batch-K2-total[ms]	64	256	0	8192	CLMUL	11.20865
create-batch-K4[ns]	64	256	0	8192	GENERIC	7.73368
create-batch-K4-total[ms]	64	256	0	8192	GENERIC	16.21870
create-batch-K4[ns]	64	256	0	8192	CLMUL	3.22374
create-batch-K4-total[ms]	64	256	0	8192	CLMUL	6.76068
create-batch-K8[ns]	64	256	0	8192	GENERIC	8.63940
create-batch-K8-total[ms]	64	256	0	8192	GENERIC	18.11812
create-batch-K8[ns]	64	256	0	8192	CLMUL	2.06374
create-batch-K8-total[ms]	64	256	0	8192	CLMUL	4.32797
create-batch-K1[ns]	64	512	0	16	GENERIC	7.16833
create-batch-K1-total[ms]	64	512	0	16	GENERIC	0.05872
create-batch-K1[ns]	64	512	0	16	CLMUL	11.77991
create-batch-K1-total[ms]	64	512	0	16	CLMUL	0.09650
create-batch-K2[ns]	64	512	0	16	GENERIC	6.81799
create-batch-K2-total[ms]	64	512	0	16	GENERIC	0.05585
create-batch-K2[ns]	64	512	0	16	CLMUL	5.34167
create-batch-K2-total[ms]	64	512	0	16	CLMUL	0.04376
create-batch-K4[ns]	64	512	0	16	GENERIC	7.43970
create-batch-K4-total[ms]	64	512	0	16	GENERIC	0.06095
create-batch-K4[ns]	64	512	0	16	CLMUL	3.21228
create-batch-K4-total[ms]	64	512	0	16	CLMUL	0.02632
create-batch-K8[ns]	64	512	0	16	GENERIC	8.35510
create-batch-K8-total[ms]	64	512	0	16	GENERIC	0.06845
create-batch-K8[ns]	64	512	0	16	CLMUL	2.05713
create-batch-K8-total[ms]	64	512	0	16	CLMUL	0.01685
create-batch-K1[ns]	64	512	0	64	GENERIC	7.16718
create-batch-K1-total[ms]	64	512	0	64	GENERIC	0.23485
create-batch-K1[ns]	64	512	0	64	CLMUL	11.56625
create-batch-K1-total[ms]	64	512	0	64	CLMUL	0.37900
create-batch-K2[ns]	64	512	0	64	GENERIC	6.82132
create-batch-K2-total[ms]	64	512	0	64	GENERIC	0.22352
create-batch-K2[ns]	64	512	0	64	CLMUL	5.38641
create-batch-K2-total[ms]	64	512	0	64	CLMUL	0.17650
create-batch-K4[ns]	64	512	0	64	GENERIC	7.45374
create-batch-K4-total[ms]	64	512	0	64	GENERIC	0.24424
create-batch-K4[ns]	64	512	0	64	CLMUL	3.21683
create-batch-K4-total[ms]	64	512	0	64	CLMUL	0.10541
create-batch-K8[ns]	64	512	0	64	GENERIC	8.35117
create-batch-K8-total[ms]	64	512	0	64	GENERIC	0.27365
create-batch-K8[ns]	64	512	0	64	CLMUL	2.05316
create-batch-K8-total[ms]	64	512	0	64	CLMUL	0.06728
create-batch-K1[ns]	64	512	0	128	GENERIC	7.17255
create-batch-K1-total[ms]	64	512	0	128	GENERIC	0.47006
create-batch-K1[ns]	64	512	0	128	CLMUL	11.54904
create-batch-K1-total[ms]	64	512	0	128	CLMUL	0.75688
create-batch-K2[ns]	64	512	0	128	GENERIC	6.82584
create-batch-K2-total[ms]	64	512	0	128	GENERIC	0.44734
create-batch-K2[ns]	64	512	0	128	CLMUL	5.39687
create-batch-K2-total[ms]	64	512	0	128	CLMUL	0.35369
create-batch-K4[ns]	64	512	0	128	GENERIC	7.45230
create-batch-K4-total[ms]	64	512	0	128	GENERIC	0.48839
create-batch-K4[ns]	64	512	0	128	CLMUL	3.21342
create-batch-K4-total[ms]	64	512	0	128	CLMUL	0.21060
create-batch-K8[ns]	64	512	0	128	GENERIC	8.34862
create-batch-K8-total[ms]	64	512	0	128	GENERIC	0.54714
create-batch-K8[ns]	64	512	0	128	CLMUL	2.05431
create-batch-K8-total[ms]	64	512	0	128	CLMUL	0.13463
create-batch-K1[ns]	64	512	0	512	GENERIC	7.17107
create-batch-K1-total[ms]	64	512	0	512	GENERIC	1.87985
create-batch-K1[ns]	64	512	0	512	CLMUL	11.57080
create-batch-K1-total[ms]	64	512	0	512	CLMUL	3.03322
create-batch-K2[ns]	64	512	0	512	GENERIC	6.81757
create-batch-K2-total[ms]	64	512	0	512	GENERIC	1.78719
create-batch-K2[ns]	64	512	0	512	CLMUL	5.39686
create-batch-K2-total[ms]	64	512	0	512	CLMUL	1.41475
create-batch-K4[ns]	64	512	0	512	GENERIC	7.45463
create-batch-K4-total[ms]	64	512	0	512	GENERIC	1.95419
create-batch-K4[ns]	64	512	0	512	CLMUL	3.21533
create-batch-K4-total[ms]	64	512	0	512	CLMUL	0.84288
create-batch-K8[ns]	64	512	0	512	GENERIC	8.34883
create-batch-K8-total[ms]	64	512	0	512	GENERIC	2.18860
create-batch-K8[ns]	64	512	0	512	CLMUL	2.05310
create-batch-K8-total[ms]	64	512	0	512	CLMUL	0.53821
create-batch-K1[ns]	64	512	0	1024	GENERIC	7.17537
create-batch-K1-total[ms]	64	512	0	1024	GENERIC	3.76196
create-batch-K1[ns]	64	512	0	1024	CLMUL	11.60054
create-batch-K1-total[ms]	64	512	0	1024	CLMUL	6.08202
create-batch-K2[ns]	64	512	0	1024	GENERIC	6.82294
create-batch-K2-total[ms]	64	512	0	1024	GENERIC	3.57718
create-batch-K2[ns]	64	512	0	1024	CLMUL	5.39358
create-batch-K2-total[ms]	64	512	0	1024	CLMUL	2.82779
create-batch-K4[ns]	64	512	0	1024	GENERIC	7.45583
create-batch-K4-total[ms]	64	512	0	1024	GENERIC	3.90900
create-batch-K4[ns]	64	512	0	1024	CLMUL	3.21413
create-batch-K4-total[ms]	64	512	0	1024	CLMUL	1.68513
create-batch-K8[ns]	64	512	0	1024	GENERIC	8.35205
create-batch-K8-total[ms]	64	512	0	1024	GENERIC	4.37888
create-batch-K8[ns]	64	512	0	1024	CLMUL	2.05388
create-batch-K8-total[ms]	64	512	0	1024	CLMUL	1.07683
create-batch-K1[ns]	64	512	0	2048	GENERIC	7.17306
create-batch-K1-total[ms]	64	512	0	2048	GENERIC	7.52150
create-batch-K1[ns]	64	512	0	2048	CLMUL	11.60223
create-batch-K1-total[ms]	64	512	0	2048	CLMUL	12.16582
create-batch-K2[ns]	64	512	0	2048	GENERIC	6.82385
create-batch-K2-total[ms]	64	512	0	2048	GENERIC	7.15533
create-batch-K2[ns]	64	512	0	2048	CLMUL	5.39797
create-batch-K2-total[ms]	64	512	0	2048	CLMUL	5.66019
create-batch-K4[ns]	64	512	0	2048	GENERIC	7.46364
create-batch-K4-total[ms]	64	512	0	2048	GENERIC	7.82619
create-batch-K4[ns]	64	512	0	2048	CLMUL	3.21580
create-batch-K4-total[ms]	64	512	0	2048	CLMUL	3.37201
create-batch-K8[ns]	64	512	0	2048	GENERIC	8.35397
create-batch-K8-total[ms]	64	512	0	2048	GENERIC	8.75977
create-batch-K8[ns]	64	512	0	2048	CLMUL	2.05388
create-batch-K8-total[ms]	64	512	0	2048	CLMUL	2.15365
create-batch-K1[ns]	64	512	0	4096	GENERIC	7.17291
create-batch-K1-total[ms]	64	512	0	4096	GENERIC	15.04269
create-batch-K1[ns]	64	512	0	4096	CLMUL	11.66273
create-batch-K1-total[ms]	64	512	0	4096	CLMUL	24.45852
create-batch-K2[ns]	64	512	0	4096	GENERIC	6.82459
create-batch-K2-total[ms]	64	512	0	4096	GENERIC	14.31220
create-batch-K2[ns]	64	512	0	4096	CLMUL	5.39871
create-batch-K2-total[ms]	64	512	0	4096	CLMUL	11.32191
create-batch-K4[ns]	64	512	0	4096	GENERIC	7.46048
create-batch-K4-total[ms]	64	512	0	4096	GENERIC	15.64577
create-batch-K4[ns]	64	512	0	4096	CLMUL	3.21585
create-batch-K4-total[ms]	64	512	0	4096	CLMUL	6.74412
create-batch-K8[ns]	64	512	0	4096	GENERIC	8.35304
create-batch-K8-total[ms]	64	512	0	4096	GENERIC	17.51760
create-batch-K8[ns]	64	512	0	4096	CLMUL	2.05492
create-batch-K8-total[ms]	64	512	0	4096	CLMUL	4.30949
create-batch-K1[ns]	64	512	0	8192	GENERIC	7.17332
create-batch-K1-total[ms]	64	512	0	8192	GENERIC	30.08708
create-batch-K1[ns]	64	512	0	8192	CLMUL	11.71533
create-batch-K1-total[ms]	64	512	0	8192	CLMUL	49.13767
create-batch-K2[ns]	64	512	0	8192	GENERIC	6.82735
create-batch-K2-total[ms]	64	512	0	8192	GENERIC	28.63597
create-batch-K2[ns]	64	512	0	8192	CLMUL	5.39906
create-batch-K2-total[ms]	64	512	0	8192	CLMUL	22.64530
create-batch-K4[ns]	64	512	0	8192	GENERIC	7.45930
create-batch-K4-total[ms]	64	512	0	8192	GENERIC	31.28657
create-batch-K4[ns]	64	512	0	8192	CLMUL	3.21675
create-batch-K4-total[ms]	64	512	0	8192	CLMUL	13.49204
create-batch-K8[ns]	64	512	0	8192	GENERIC	8.35174
create-batch-K8-total[ms]	64	512	0	8192	GENERIC	35.02972
create-batch-K8[ns]	64	512	0	8192	CLMUL	2.05503
create-batch-K8-total[ms]	64	512	0	8192	CLMUL	8.61944
create-batch-K1[ns]	64	1024	0	16	GENERIC	7.02362
create-batch-K1-total[ms]	64	1024	0	16	GENERIC	0.11508
create-batch-K1[ns]	64	1024	0	16	CLMUL	11.58099
create-batch-K1-total[ms]	64	1024	0	16	CLMUL	0.18974
create-batch-K2[ns]	64	1024	0	16	GENERIC	6.67328
create-batch-K2-total[ms]	64	1024	0	16	GENERIC	0.10934
create-batch-K2[ns]	64	1024	0	16	CLMUL	5.34741
create-batch-K2-total[ms]	64	1024	0	16	CLMUL	0.08761
create-batch-K4[ns]	64	1024	0	16	GENERIC	7.30957
create-batch-K4-total[ms]	64	1024	0	16	GENERIC	0.11976
create-batch-K4[ns]	64	1024	0	16	CLMUL	3.21118
create-batch-K4-total[ms]	64	1024	0	16	CLMUL	0.05261
create-batch-K8[ns]	64	1024	0	16	GENERIC	8.21606
create-batch-K8-total[ms]	64	1024	0	16	GENERIC	0.13461
create-batch-K8[ns]	64	1024	0	16	CLMUL	2.04919
create-batch-K8-total[ms]	64	1024	0	16	CLMUL	0.03357
create-batch-K1[ns]	64	1024	0	64	GENERIC	7.02052
create-batch-K1-total[ms]	64	1024	0	64	GENERIC	0.46010
create-batch-K1[ns]	64	1024	0	64	CLMUL	11.76775
create-batch-K1-total[ms]	64	1024	0	64	CLMUL	0.77121
create-batch-K2[ns]	64	1024	0	64	GENERIC	6.67210
create-batch-K2-total[ms]	64	1024	0	64	GENERIC	0.43726
create-batch-K2[ns]	64	1024	0	64	CLMUL	5.40308
create-batch-K2-total[ms]	64	1024	0	64	CLMUL	0.35410
create-batch-K4[ns]	64	1024	0	64	GENERIC	7.30649
create-batch-K4-total[ms]	64	1024	0	64	GENERIC	0.47884
create-batch-K4[ns]	64	1024	0	64	CLMUL	3.21172
create-batch-K4-total[ms]	64	1024	0	64	CLMUL	0.21048
create-batch-K8[ns]	64	1024	0	64	GENERIC	8.21016
create-batch-K8-total[ms]	64	1024	0	64	GENERIC	0.53806
create-batch-K8[ns]	64	1024	0	64	CLMUL	2.04810
create-batch-K8-total[ms]	64	1024	0	64	CLMUL	0.13422
create-batch-K1[ns]	64	1024	0	128	GENERIC	7.02222
create-batch-K1-total[ms]	64	1024	0	128	GENERIC	0.92042
create-batch-K1[ns]	64	1024	0	128	CLMUL	11.56218
create-batch-K1-total[ms]	64	1024	0	128	CLMUL	1.51548
create-batch-K2[ns]	64	1024	0	128	GENERIC	6.67465
create-batch-K2-total[ms]	64	1024	0	128	GENERIC	0.87486
create-batch-K2[ns]	64	1024	0	128	CLMUL	5.40237
create-batch-K2-total[ms]	64	1024	0	128	CLMUL	0.70810
create-batch-K4[ns]	64	1024	0	128	GENERIC	7.30325
create-batch-K4-total[ms]	64	1024	0	128	GENERIC	0.95725
create-batch-K4[ns]	64	1024	0	128	CLMUL	3.21116
create-batch-K4-total[ms]	64	1024	0	128	CLMUL	0.42089
create-batch-K8[ns]	64	1024	0	128	GENERIC	8.20493
create-batch-K8-total[ms]	64	1024	0	128	GENERIC	1.07544
create-batch-K8[ns]	64	1024	0	128	CLMUL	2.04865
create-batch-K8-total[ms]	64	1024	0	128	CLMUL	0.26852
create-batch-K1[ns]	64	1024	0	512	GENERIC	7.02296
create-batch-K1-total[ms]	64	1024	0	512	GENERIC	3.68206
create-batch-K1[ns]	64	1024	0	512	CLMUL	11.62682
create-batch-K1-total[ms]	64	1024	0	512	CLMUL	6.09580
create-batch-K2[ns]	64	1024	0	512	GENERIC	6.67618
create-batch-K2-total[ms]	64	1024	0	512	GENERIC	3.50024
create-batch-K2[ns]	64	1024	0	512	CLMUL	5.40594
create-batch-K2-total[ms]	64	1024	0	512	CLMUL	2.83427
create-batch-K4[ns]	64	1024	0	512	GENERIC	7.30960
create-batch-K4-total[ms]	64	1024	0	512	GENERIC	3.83234
create-batch-K4[ns]	64	1024	0	512	CLMUL	3.21490
create-batch-K4-total[ms]	64	1024	0	512	CLMUL	1.68554
create-batch-K8[ns]	64	1024	0	512	GENERIC	8.21016
create-batch-K8-total[ms]	64	1024	0	512	GENERIC	4.30449
create-batch-K8[ns]	64	1024	0	512	CLMUL	2.04816
create-batch-K8-total[ms]	64	1024	0	512	CLMUL	1.07383
create-batch-K1[ns]	64	1024	0	1024	GENERIC	7.02386
create-batch-K1-total[ms]	64	1024	0	1024	GENERIC	7.36505
create-batch-K1[ns]	64	1024	0	1024	CLMUL	11.60123
create-batch-K1-total[ms]	64	1024	0	1024	CLMUL	12.16477
create-batch-K2[ns]	64	1024	0	1024	GENERIC	6.67575
create-batch-K2-total[ms]	64	1024	0	1024	GENERIC	7.00003
create-batch-K2[ns]	64	1024	0	1024	CLMUL	5.40622
create-batch-K2-total[ms]	64	1024	0	1024	CLMUL	5.66883
create-batch-K4[ns]	64	1024	0	1024	GENERIC	7.30977
create-batch-K4-total[ms]	64	1024	0	1024	GENERIC	7.66485
create-batch-K4[ns]	64	1024	0	1024	CLMUL	3.21303
create-batch-K4-total[ms]	64	1024	0	1024	CLMUL	3.36911
create-batch-K8[ns]	64	1024	0	1024	GENERIC	8.20837
create-batch-K8-total[ms]	64	1024	0	1024	GENERIC	8.60710
create-batch-K8[ns]	64	1024	0	1024	CLMUL	2.04816
create-batch-K8-total[ms]	64	1024	0	1024	CLMUL	2.14765
create-batch-K1[ns]	64	1024	0	2048	GENERIC	7.02475
create-batch-K1-total[ms]	64	1024	0	2048	GENERIC	14.73196
create-batch-K1[ns]	64	1024	0	2048	CLMUL	11.63016
create-batch-K1-total[ms]	64	1024	0	2048	CLMUL	24.39021
create-batch-K2[ns]	64	1024	0	2048	GENERIC	6.67822
create-batch-K2-total[ms]	64	1024	0	2048	GENERIC	14.00523
create-batch-K2[ns]	64	1024	0	2048	CLMUL	5.40861
create-batch-K2-total[ms]	64	1024	0	2048	CLMUL	11.34269
create-batch-K4[ns]	64	1024	0	2048	GENERIC	7.31080
create-batch-K4-total[ms]	64	1024	0	2048	GENERIC	15.33186
create-batch-K4[ns]	64	1024	0	2048	CLMUL	3.21476
create-batch-K4-total[ms]	64	1024	0	2048	CLMUL	6.74184
create-batch-K8[ns]	64	1024	0	2048	GENERIC	8.21068
create-batch-K8-total[ms]	64	1024	0	2048	GENERIC	17.21904
create-batch-K8[ns]	64	1024	0	2048	CLMUL	2.04908
create-batch-K8-total[ms]	64	1024	0	2048	CLMUL	4.29723
create-batch-K1[ns]	64	1024	0	4096	GENERIC	7.02510
create-batch-K1-total[ms]	64	1024	0	4096	GENERIC	29.46539
create-batch-K1[ns]	64	1024	0	4096	CLMUL	11.66846
create-batch-K1-total[ms]	64	1024	0	4096	CLMUL	48.94106
create-batch-K2[ns]	64	1024	0	4096	GENERIC	6.67830
create-batch-K2-total[ms]	64	1024	0	4096	GENERIC	28.01082
create-batch-K2[ns]	64	1024	0	4096	CLMUL	5.40730
create-batch-K2-total[ms]	64	1024	0	4096	CLMUL	22.67987
create-batch-K4[ns]	64	1024	0	4096	GENERIC	7.30961
create-batch-K4-total[ms]	64	1024	0	4096	GENERIC	30.65873
create-batch-K4[ns]	64	1024	0	4096	CLMUL	3.21400
create-batch-K4-total[ms]	64	1024	0	4096	CLMUL	13.48050
create-batch-K8[ns]	64	1024	0	4096	GENERIC	8.21093
create-batch-K8-total[ms]	64	1024	0	4096	GENERIC	34.43914
create-batch-K8[ns]	64	1024	0	4096	CLMUL	2.04920
create-batch-K8-total[ms]	64	1024	0	4096	CLMUL	8.59496
create-batch-K1[ns]	64	1024	0	8192	GENERIC	7.02473
create-batch-K1-total[ms]	64	1024	0	8192	GENERIC	58.92770
create-batch-K1[ns]	64	1024	0	8192	CLMUL	11.72091
create-batch-K1-total[ms]	64	1024	0	8192	CLMUL	98.32214
create-batch-K2[ns]	64	1024	0	8192	GENERIC	6.68145
create-batch-K2-total[ms]	64	1024	0	8192	GENERIC	56.04808
create-batch-K2[ns]	64	1024	0	8192	CLMUL	5.40706
create-batch-K2-total[ms]	64	1024	0	8192	CLMUL	45.35767
create-batch-K4[ns]	64	1024	0	8192	GENERIC	7.31125
create-batch-K4-total[ms]	64	1024	0	8192	GENERIC	61.33122
create-batch-K4[ns]	64	1024	0	8192	CLMUL	3.21495
create-batch-K4-total[ms]	64	1024	0	8192	CLMUL	26.96899
create-batch-K8[ns]	64	1024	0	8192	GENERIC	8.21196
create-batch-K8-total[ms]	64	1024	0	8192	GENERIC	68.88693
create-batch-K8[ns]	64	1024	0	8192	CLMUL	2.04935
create-batch-K8-total[ms]	64	1024	0	8192	CLMUL	17.19123
create-batch-K1[ns]	64	2048	0	16	GENERIC	6.94904
create-batch-K1-total[ms]	64	2048	0	16	GENERIC	0.22771
create-batch-K1[ns]	64	2048	0	16	CLMUL	11.61545
create-batch-K1-total[ms]	64	2048	0	16	CLMUL	0.38061
create-batch-K2[ns]	64	2048	0	16	GENERIC	6.61163
create-batch-K2-total[ms]	64	2048	0	16	GENERIC	0.21665
create-batch-K2[ns]	64	2048	0	16	CLMUL	5.41238
create-batch-K2-total[ms]	64	2048	0	16	CLMUL	0.17735
create-batch-K4[ns]	64	2048	0	16	GENERIC	7.22540
create-batch-K4-total[ms]	64	2048	0	16	GENERIC	0.23676
create-batch-K4[ns]	64	2048	0	16	CLMUL	3.20718
create-batch-K4-total[ms]	64	2048	0	16	CLMUL	0.10509
create-batch-K8[ns]	64	2048	0	16	GENERIC	8.14603
create-batch-K8-total[ms]	64	2048	0	16	GENERIC	0.26693
create-batch-K8[ns]	64	2048	0	16	CLMUL	2.04694
create-batch-K8-total[ms]	64	2048	0	16	CLMUL	0.06707
create-batch-K1[ns]	64	2048	0	64	GENERIC	6.94833
create-batch-K1-total[ms]	64	2048	0	64	GENERIC	0.91073
create-batch-K1[ns]	64	2048	0	64	CLMUL	11.57532
create-batch-K1-total[ms]	64	2048	0	64	CLMUL	1.51720
create-batch-K2[ns]	64	2048	0	64	GENERIC	6.60204
create-batch-K2-total[ms]	64	2048	0	64	GENERIC	0.86534
create-batch-K2[ns]	64	2048	0	64	CLMUL	5.37835
create-batch-K2-total[ms]	64	2048	0	64	CLMUL	0.70495
create-batch-K4[ns]	64	2048	0	64	GENERIC	7.22765
create-batch-K4-total[ms]	64	2048	0	64	GENERIC	0.94734
create-batch-K4[ns]	64	2048	0	64	CLMUL	3.21187
create-batch-K4-total[ms]	64	2048	0	64	CLMUL	0.42099
create-batch-K8[ns]	64	2048	0	64	GENERIC	8.13810
create-batch-K8-total[ms]	64	2048	0	64	GENERIC	1.06668
create-batch-K8[ns]	64	2048	0	64	CLMUL	2.04568
create-batch-K8-total[ms]	64	2048	0	64	CLMUL	0.26813
create-batch-K1[ns]	64	2048	0	128	GENERIC	6.94833
create-batch-K1-total[ms]	64	2048	0	128	GENERIC	1.82146
create-batch-K1[ns]	64	2048	0	128	CLMUL	11.64123
create-batch-K1-total[ms]	64	2048	0	128	CLMUL	3.05168
create-batch-K2[ns]	64	2048	0	128	GENERIC	6.60210
create-batch-K2-total[ms]	64	2048	0	128	GENERIC	1.73070
create-batch-K2[ns]	64	2048	0	128	CLMUL	5.38980
create-batch-K2-total[ms]	64	2048	0	128	CLMUL	1.41290
create-batch-K4[ns]	64	2048	0	128	GENERIC	7.22886
create-batch-K4-total[ms]	64	2048	0	128	GENERIC	1.89500
create-batch-K4[ns]	64	2048	0	128	CLMUL	3.21031
create-batch-K4-total[ms]	64	2048	0	128	CLMUL	0.84156
create-batch-K8[ns]	64	2048	0	128	GENERIC	8.13683
create-batch-K8-total[ms]	64	2048	0	128	GENERIC	2.13302
create-batch-K8[ns]	64	2048	0	128	CLMUL	2.04555
create-batch-K8-total[ms]	64	2048	0	128	CLMUL	0.53623
create-batch-K1[ns]	64	2048	0	512	GENERIC	6.94992
create-batch-K1-total[ms]	64	2048	0	512	GENERIC	7.28752
create-batch-K1[ns]	64	2048	0	512	CLMUL	11.69580
create-batch-K1-total[ms]	64	2048	0	512	CLMUL	12.26394
create-batch-K2[ns]	64	2048	0	512	GENERIC	6.60168
create-batch-K2-total[ms]	64	2048	0	512	GENERIC	6.92237
create-batch-K2[ns]	64	2048	0	512	CLMUL	5.40071
create-batch-K2-total[ms]	64	2048	0	512	CLMUL	5.66306
create-batch-K4[ns]	64	2048	0	512	GENERIC	7.24265
create-batch-K4-total[ms]	64	2048	0	512	GENERIC	7.59446
create-batch-K4[ns]	64	2048	0	512	CLMUL	3.21552
create-batch-K4-total[ms]	64	2048	0	512	CLMUL	3.37172
create-batch-K8[ns]	64	2048	0	512	GENERIC	8.14003
create-batch-K8-total[ms]	64	2048	0	512	GENERIC	8.53544
create-batch-K8[ns]	64	2048	0	512	CLMUL	2.04553
create-batch-K8-total[ms]	64	2048	0	512	CLMUL	2.14489
create-batch-K1[ns]	64	2048	0	1024	GENERIC	6.95074
create-batch-K1-total[ms]	64	2048	0	1024	GENERIC	14.57676
create-batch-K1[ns]	64	2048	0	1024	CLMUL	11.66906
create-batch-K1-total[ms]	64	2048	0	1024	CLMUL	24.47180
create-batch-K2[ns]	64	2048	0	1024	GENERIC	6.60617
create-batch-K2-total[ms]	64	2048	0	1024	GENERIC	13.85414
create-batch-K2[ns]	64	2048	0	1024	CLMUL	5.40347
create-batch-K2-total[ms]	64	2048	0	1024	CLMUL	11.33189
create-batch-K4[ns]	64	2048	0	1024	GENERIC	7.23484
create-batch-K4-total[ms]	64	2048	0	1024	GENERIC	15.17256
create-batch-K4[ns]	64	2048	0	1024	CLMUL	3.21493
create-batch-K4-total[ms]	64	2048	0	1024	CLMUL	6.74220
create-batch-K8[ns]	64	2048	0	1024	GENERIC	8.14068
create-batch-K8-total[ms]	64	2048	0	1024	GENERIC	17.07224
create-batch-K8[ns]	64	2048	0	1024	CLMUL	2.04608
create-batch-K8-total[ms]	64	2048	0	1024	CLMUL	4.29093
create-batch-K1[ns]	64	2048	0	2048	GENERIC	6.95020
create-batch-K1-total[ms]	64	2048	0	2048	GENERIC	29.15127
create-batch-K1[ns]	64	2048	0	2048	CLMUL	11.67728
create-batch-K1-total[ms]	64	2048	0	2048	CLMUL	48.97804
create-batch-K2[ns]	64	2048	0	2048	GENERIC	6.60680
create-batch-K2-total[ms]	64	2048	0	2048	GENERIC	27.71092
create-batch-K2[ns]	64	2048	0	2048	CLMUL	5.40100
create-batch-K2-total[ms]	64	2048	0	2048	CLMUL	22.65343
create-batch-K4[ns]	64	2048	0	2048	GENERIC	7.23947
create-batch-K4-total[ms]	64	2048	0	2048	GENERIC	30.36452
create-batch-K4[ns]	64	2048	0	2048	CLMUL	3.21476
create-batch-K4-total[ms]	64	2048	0	2048	CLMUL	13.48367
create-batch-K8[ns]	64	2048	0	2048	GENERIC	8.14055
create-batch-K8-total[ms]	64	2048	0	2048	GENERIC	34.14393
create-batch-K8[ns]	64	2048	0	2048	CLMUL	2.04638
create-batch-K8-total[ms]	64	2048	0	2048	CLMUL	8.58316
create-batch-K1[ns]	64	2048	0	4096	GENERIC	6.95071
create-batch-K1-total[ms]	64	2048	0	4096	GENERIC	58.30680
create-batch-K1[ns]	64	2048	0	4096	CLMUL	11.72430
create-batch-K1-total[ms]	64	2048	0	4096	CLMUL	98.35055
create-batch-K2[ns]	64	2048	0	4096	GENERIC	6.60548
create-batch-K2-total[ms]	64	2048	0	4096	GENERIC	55.41075
create-batch-K2[ns]	64	2048	0	4096	CLMUL	5.40162
create-batch-K2-total[ms]	64	2048	0	4096	CLMUL	45.31206
create-batch-K4[ns]	64	2048	0	4096	GENERIC	7.23738
create-batch-K4-total[ms]	64	2048	0	4096	GENERIC	60.71155
create-batch-K4[ns]	64	2048	0	4096	CLMUL	3.21558
create-batch-K4-total[ms]	64	2048	0	4096	CLMUL	26.97425
create-batch-K8[ns]	64	2048	0	4096	GENERIC	8.14146
create-batch-K8-total[ms]	64	2048	0	4096	GENERIC	68.29549
create-batch-K8[ns]	64	2048	0	4096	CLMUL	2.04645
create-batch-K8-total[ms]	64	2048	0	4096	CLMUL	17.16687
create-batch-K1[ns]	64	2048	0	8192	GENERIC	6.95065
create-batch-K1-total[ms]	64	2048	0	8192	GENERIC	116.61249
create-batch-K1[ns]	64	2048	0	8192	CLMUL	11.74170
create-batch-K1-total[ms]	64	2048	0	8192	CLMUL	196.99305
create-batch-K2[ns]	64	2048	0	8192	GENERIC	6.60120
create-batch-K2-total[ms]	64	2048	0	8192	GENERIC	110.74981
create-batch-K2[ns]	64	2048	0	8192	CLMUL	5.40264
create-batch-K2-total[ms]	64	2048	0	8192	CLMUL	90.64118
create-batch-K4[ns]	64	2048	0	8192	GENERIC	7.23788
create-batch-K4-total[ms]	64	2048	0	8192	GENERIC	121.43147
create-batch-K4[ns]	64	2048	0	8192	CLMUL	3.21515
create-batch-K4-total[ms]	64	2048	0	8192	CLMUL	53.94133
create-batch-K8[ns]	64	2048	0	8192	GENERIC	8.14131
create-batch-K8-total[ms]	64	2048	0	8192	GENERIC	136.58847
create-batch-K8[ns]	64	2048	0	8192	CLMUL	2.04631
create-batch-K8-total[ms]	64	2048	0	8192	CLMUL	34.33134
create-batch-K1[ns]	64	3072	0	16	GENERIC	6.92190
create-batch-K1-total[ms]	64	3072	0	16	GENERIC	0.34022
create-batch-K1[ns]	64	3072	0	16	CLMUL	11.61751
create-batch-K1-total[ms]	64	3072	0	16	CLMUL	0.57102
create-batch-K2[ns]	64	3072	0	16	GENERIC	6.58356
create-batch-K2-total[ms]	64	3072	0	16	GENERIC	0.32359
create-batch-K2[ns]	64	3072	0	16	CLMUL	5.38660
create-batch-K2-total[ms]	64	3072	0	16	CLMUL	0.26476
create-batch-K4[ns]	64	3072	0	16	GENERIC	7.20034
create-batch-K4-total[ms]	64	3072	0	16	GENERIC	0.35391
create-batch-K4[ns]	64	3072	0	16	CLMUL	3.20927
create-batch-K4-total[ms]	64	3072	0	16	CLMUL	0.15774
create-batch-K8[ns]	64	3072	0	16	GENERIC	8.12417
create-batch-K8-total[ms]	64	3072	0	16	GENERIC	0.39932
create-batch-K8[ns]	64	3072	0	16	CLMUL	2.04470
create-batch-K8-total[ms]	64	3072	0	16	CLMUL	0.10050
create-batch-K1[ns]	64	3072	0	64	GENERIC	6.92408
create-batch-K1-total[ms]	64	3072	0	64	GENERIC	1.36133
create-batch-K1[ns]	64	3072	0	64	CLMUL	11.60330
create-batch-K1-total[ms]	64	3072	0	64	CLMUL	2.28130
create-batch-K2[ns]	64	3072	0	64	GENERIC	6.57330
create-batch-K2-total[ms]	64	3072	0	64	GENERIC	1.29236
create-batch-K2[ns]	64	3072	0	64	CLMUL	5.38867
create-batch-K2-total[ms]	64	3072	0	64	CLMUL	1.05946
create-batch-K4[ns]	64	3072	0	64	GENERIC	7.20269
create-batch-K4-total[ms]	64	3072	0	64	GENERIC	1.41611
create-batch-K4[ns]	64	3072	0	64	CLMUL	3.21125
create-batch-K4-total[ms]	64	3072	0	64	CLMUL	0.63136
create-batch-K8[ns]	64	3072	0	64	GENERIC	8.11163
create-batch-K8-total[ms]	64	3072	0	64	GENERIC	1.59481
create-batch-K8[ns]	64	3072	0	64	CLMUL	2.04432
create-batch-K8-total[ms]	64	3072	0	64	CLMUL	0.40193
create-batch-K1[ns]	64	3072	0	128	GENERIC	6.92398
create-batch-K1-total[ms]	64	3072	0	128	GENERIC	2.72262
create-batch-K1[ns]	64	3072	0	128	CLMUL	11.66805
create-batch-K1-total[ms]	64	3072	0	128	CLMUL	4.58806
create-batch-K2[ns]	64	3072	0	128	GENERIC	6.57157
create-batch-K2-total[ms]	64	3072	0	128	GENERIC	2.58405
create-batch-K2[ns]	64	3072	0	128	CLMUL	5.39804
create-batch-K2-total[ms]	64	3072	0	128	CLMUL	2.12260
create-batch-K4[ns]	64	3072	0	128	GENERIC	7.21103
create-batch-K4-total[ms]	64	3072	0	128	GENERIC	2.83549
create-batch-K4[ns]	64	3072	0	128	CLMUL	3.21031
create-batch-K4-total[ms]	64	3072	0	128	CLMUL	1.26235
create-batch-K8[ns]	64	3072	0	128	GENERIC	8.11564
create-batch-K8-total[ms]	64	3072	0	128	GENERIC	3.19120
create-batch-K8[ns]	64	3072	0	128	CLMUL	2.04432
create-batch-K8-total[ms]	64	3072	0	128	CLMUL	0.80386
create-batch-K1[ns]	64	3072	0	512	GENERIC	6.92564
create-batch-K1-total[ms]	64	3072	0	512	GENERIC	10.89309
create-batch-K1[ns]	64	3072	0	512	CLMUL	11.71707
create-batch-K1-total[ms]	64	3072	0	512	CLMUL	18.42935
create-batch-K2[ns]	64	3072	0	512	GENERIC	6.58105
create-batch-K2-total[ms]	64	3072	0	512	GENERIC	10.35110
create-batch-K2[ns]	64	3072	0	512	CLMUL	5.40504
create-batch-K2-total[ms]	64	3072	0	512	CLMUL	8.50140
create-batch-K4[ns]	64	3072	0	512	GENERIC	7.20931
create-batch-K4-total[ms]	64	3072	0	512	GENERIC	11.33926
create-batch-K4[ns]	64	3072	0	512	CLMUL	3.21313
create-batch-K4-total[ms]	64	3072	0	512	CLMUL	5.05381
create-batch-K8[ns]	64	3072	0	512	GENERIC	8.12009
create-batch-K8-total[ms]	64	3072	0	512	GENERIC	12.77179
create-batch-K8[ns]	64	3072	0	512	CLMUL	2.04453
create-batch-K8-total[ms]	64	3072	0	512	CLMUL	3.21577
create-batch-K1[ns]	64	3072	0	1024	GENERIC	6.92539
create-batch-K1-total[ms]	64	3072	0	1024	GENERIC	21.78540
create-batch-K1[ns]	64	3072	0	1024	CLMUL	11.69288
create-batch-K1-total[ms]	64	3072	0	1024	CLMUL	36.78263
create-batch-K2[ns]	64	3072	0	1024	GENERIC	6.58258
create-batch-K2-total[ms]	64	3072	0	1024	GENERIC	20.70700
create-batch-K2[ns]	64	3072	0	1024	CLMUL	5.40961
create-batch-K2-total[ms]	64	3072	0	1024	CLMUL	17.01717
create-batch-K4[ns]	64	3072	0	1024	GENERIC	7.22068
create-batch-K4-total[ms]	64	3072	0	1024	GENERIC	22.71428
create-batch-K4[ns]	64	3072	0	1024	CLMUL	3.21507
create-batch-K4-total[ms]	64	3072	0	1024	CLMUL	10.11373
create-batch-K8[ns]	64	3072	0	1024	GENERIC	8.11805
create-batch-K8-total[ms]	64	3072	0	1024	GENERIC	25.53718
create-batch-K8[ns]	64	3072	0	1024	CLMUL	2.04519
create-batch-K8-total[ms]	64	3072	0	1024	CLMUL	6.43360
create-batch-K1[ns]	64	3072	0	2048	GENERIC	6.92645
create-batch-K1-total[ms]	64	3072	0	2048	GENERIC	43.57743
create-batch-K1[ns]	64	3072	0	2048	CLMUL	11.69607
create-batch-K1-total[ms]	64	3072	0	2048	CLMUL	73.58532
create-batch-K2[ns]	64	3072	0	2048	GENERIC	6.58293
create-batch-K2-total[ms]	64	3072	0	2048	GENERIC	41.41619
create-batch-K2[ns]	64	3072	0	2048	CLMUL	5.40971
create-batch-K2-total[ms]	64	3072	0	2048	CLMUL	34.03495
create-batch-K4[ns]	64	3072	0	2048	GENERIC	7.21119
create-batch-K4-total[ms]	64	3072	0	2048	GENERIC	45.36888
create-batch-K4[ns]	64	3072	0	2048	CLMUL	3.21589
create-batch-K4-total[ms]	64	3072	0	2048	CLMUL	20.23265
create-batch-K8[ns]	64	3072	0	2048	GENERIC	8.11882
create-batch-K8-total[ms]	64	3072	0	2048	GENERIC	51.07923
create-batch-K8[ns]	64	3072	0	2048	CLMUL	2.04548
create-batch-K8-total[ms]	64	3072	0	2048	CLMUL	12.86907
create-batch-K1[ns]	64	3072	0	4096	GENERIC	6.92609
create-batch-K1-total[ms]	64	3072	0	4096	GENERIC	87.15040
create-batch-K1[ns]	64	3072	0	4096	CLMUL	11.71898
create-batch-K1-total[ms]	64	3072	0	4096	CLMUL	147.45884
create-batch-K2[ns]	64	3072	0	4096	GENERIC	6.57914
create-batch-K2-total[ms]	64	3072	0	4096	GENERIC	82.78479
create-batch-K2[ns]	64	3072	0	4096	CLMUL	5.40879
create-batch-K2-total[ms]	64	3072	0	4096	CLMUL	68.05831
create-batch-K4[ns]	64	3072	0	4096	GENERIC	7.21654
create-batch-K4-total[ms]	64	3072	0	4096	GENERIC	90.80505
create-batch-K4[ns]	64	3072	0	4096	CLMUL	3.21465
create-batch-K4-total[ms]	64	3072	0	4096	CLMUL	40.44970
create-batch-K8[ns]	64	3072	0	4096	GENERIC	8.11842
create-batch-K8-total[ms]	64	3072	0	4096	GENERIC	102.15337
create-batch-K8[ns]	64	3072	0	4096	CLMUL	2.04530
create-batch-K8-total[ms]	64	3072	0	4096	CLMUL	25.73579
create-batch-K1[ns]	64	3072	0	8192	GENERIC	6.92603
create-batch-K1-total[ms]	64	3072	0	8192	GENERIC	174.29914
create-batch-K1[ns]	64	3072	0	8192	CLMUL	11.73344
create-batch-K1-total[ms]	64	3072	0	8192	CLMUL	295.28179
create-batch-K2[ns]	64	3072	0	8192	GENERIC	6.58527
create-batch-K2-total[ms]	64	3072	0	8192	GENERIC	165.72378
create-batch-K2[ns]	64	3072	0	8192	CLMUL	5.40980
create-batch-K2-total[ms]	64	3072	0	8192	CLMUL	136.14217
create-batch-K4[ns]	64	3072	0	8192	GENERIC	7.21764
create-batch-K4-total[ms]	64	3072	0	8192	GENERIC	181.63792
create-batch-K4[ns]	64	3072	0	8192	CLMUL	3.21590
create-batch-K4-total[ms]	64	3072	0	8192	CLMUL	80.93075
create-batch-K8[ns]	64	3072	0	8192	GENERIC	8.11877
create-batch-K8-total[ms]	64	3072	0	8192	GENERIC	204.31555
create-batch-K8[ns]	64	3072	0	8192	CLMUL	2.04532
create-batch-K8-total[ms]	64	3072	0	8192	CLMUL	51.47218
create-batch-K1[ns]	64	4096	0	16	GENERIC	6.91541
create-batch-K1-total[ms]	64	4096	0	16	GENERIC	0.45321
create-batch-K1[ns]	64	4096	0	16	CLMUL	11.61856
create-batch-K1-total[ms]	64	4096	0	16	CLMUL	0.76143
create-batch-K2[ns]	64	4096	0	16	GENERIC	6.56360
create-batch-K2-total[ms]	64	4096	0	16	GENERIC	0.43015
create-batch-K2[ns]	64	4096	0	16	CLMUL	5.36662
create-batch-K2-total[ms]	64	4096	0	16	CLMUL	0.35171
create-batch-K4[ns]	64	4096	0	16	GENERIC	7.18895
create-batch-K4-total[ms]	64	4096	0	16	GENERIC	0.47114
create-batch-K4[ns]	64	4096	0	16	CLMUL	3.20947
create-batch-K4-total[ms]	64	4096	0	16	CLMUL	0.21034
create-batch-K8[ns]	64	4096	0	16	GENERIC	8.11324
create-batch-K8-total[ms]	64	4096	0	16	GENERIC	0.53171
create-batch-K8[ns]	64	4096	0	16	CLMUL	2.04498
create-batch-K8-total[ms]	64	4096	0	16	CLMUL	0.13402
create-batch-K1[ns]	64	4096	0	64	GENERIC	6.91131
create-batch-K1-total[ms]	64	4096	0	64	GENERIC	1.81176
create-batch-K1[ns]	64	4096	0	64	CLMUL	11.63834
create-batch-K1-total[ms]	64	4096	0	64	CLMUL	3.05092
create-batch-K2[ns]	64	4096	0	64	GENERIC	6.56403
create-batch-K2-total[ms]	64	4096	0	64	GENERIC	1.72072
create-batch-K2[ns]	64	4096	0	64	CLMUL	5.37991
create-batch-K2-total[ms]	64	4096	0	64	CLMUL	1.41031
create-batch-K4[ns]	64	4096	0	64	GENERIC	7.20010
create-batch-K4-total[ms]	64	4096	0	64	GENERIC	1.88746
create-batch-K4[ns]	64	4096	0	64	CLMUL	3.21172
create-batch-K4-total[ms]	64	4096	0	64	CLMUL	0.84193
create-batch-K8[ns]	64	4096	0	64	GENERIC	8.10695
create-batch-K8-total[ms]	64	4096	0	64	GENERIC	2.12519
create-batch-K8[ns]	64	4096	0	64	CLMUL	2.04378
create-batch-K8-total[ms]	64	4096	0	64	CLMUL	0.53576
create-batch-K1[ns]	64	4096	0	128	GENERIC	6.91276
create-batch-K1-total[ms]	64	4096	0	128	GENERIC	3.62428
create-batch-K1[ns]	64	4096	0	128	CLMUL	11.67835
create-batch-K1-total[ms]	64	4096	0	128	CLMUL	6.12282
create-batch-K2[ns]	64	4096	0	128	GENERIC	6.56693
create-batch-K2-total[ms]	64	4096	0	128	GENERIC	3.44296
create-batch-K2[ns]	64	4096	0	128	CLMUL	5.39054
create-batch-K2-total[ms]	64	4096	0	128	CLMUL	2.82620
create-batch-K4[ns]	64	4096	0	128	GENERIC	7.20176
create-batch-K4-total[ms]	64	4096	0	128	GENERIC	3.77580
create-batch-K4[ns]	64	4096	0	128	CLMUL	3.21370
create-batch-K4-total[ms]	64	4096	0	128	CLMUL	1.68491
create-batch-K8[ns]	64	4096	0	128	GENERIC	8.10833
create-batch-K8-total[ms]	64	4096	0	128	GENERIC	4.25110
create-batch-K8[ns]	64	4096	0	128	CLMUL	2.04329
create-batch-K8-total[ms]	64	4096	0	128	CLMUL	1.07127
create-batch-K1[ns]	64	4096	0	512	GENERIC	6.91391
create-batch-K1-total[ms]	64	4096	0	512	GENERIC	14.49951
create-batch-K1[ns]	64	4096	0	512	CLMUL	11.69095
create-batch-K1-total[ms]	64	4096	0	512	CLMUL	24.51769
create-batch-K2[ns]	64	4096	0	512	GENERIC	6.57024
create-batch-K2-total[ms]	64	4096	0	512	GENERIC	13.77879
create-batch-K2[ns]	64	4096	0	512	CLMUL	5.38836
create-batch-K2-total[ms]	64	4096	0	512	CLMUL	11.30021
create-batch-K4[ns]	64	4096	0	512	GENERIC	7.20783
create-batch-K4-total[ms]	64	4096	0	512	GENERIC	15.11591
create-batch-K4[ns]	64	4096	0	512	CLMUL	3.21549
create-batch-K4-total[ms]	64	4096	0	512	CLMUL	6.74336
create-batch-K8[ns]	64	4096	0	512	GENERIC	8.10814
create-batch-K8-total[ms]	64	4096	0	512	GENERIC	17.00400
create-batch-K8[ns]	64	4096	0	512	CLMUL	2.04474
create-batch-K8-total[ms]	64	4096	0	512	CLMUL	4.28814
create-batch-K1[ns]	64	4096	0	1024	GENERIC	6.91431
create-batch-K1-total[ms]	64	4096	0	1024	GENERIC	29.00071
create-batch-K1[ns]	64	4096	0	1024	CLMUL	11.69493
create-batch-K1-total[ms]	64	4096	0	1024	CLMUL	49.05210
create-batch-K2[ns]	64	4096	0	1024	GENERIC	6.57406
create-batch-K2-total[ms]	64	4096	0	1024	GENERIC	27.57359
create-batch-K2[ns]	64	4096	0	1024	CLMUL	5.38921
create-batch-K2-total[ms]	64	4096	0	1024	CLMUL	22.60399
create-batch-K4[ns]	64	4096	0	1024	GENERIC	7.20571
create-batch-K4-total[ms]	64	4096	0	1024	GENERIC	30.22293
create-batch-K4[ns]	64	4096	0	1024	CLMUL	3.21521
create-batch-K4-total[ms]	64	4096	0	1024	CLMUL	13.48558
create-batch-K8[ns]	64	4096	0	1024	GENERIC	8.10816
create-batch-K8-total[ms]	64	4096	0	1024	GENERIC	34.00810
create-batch-K8[ns]	64	4096	0	1024	CLMUL	2.04494
create-batch-K8-total[ms]	64	4096	0	1024	CLMUL	8.57709
create-batch-K1[ns]	64	4096	0	2048	GENERIC	6.91418
create-batch-K1-total[ms]	64	4096	0	2048	GENERIC	58.00034
create-batch-K1[ns]	64	4096	0	2048	CLMUL	11.72437
create-batch-K1-total[ms]	64	4096	0	2048	CLMUL	98.35117
create-batch-K2[ns]	64	4096	0	2048	GENERIC	6.57183
create-batch-K2-total[ms]	64	4096	0	2048	GENERIC	55.12849
create-batch-K2[ns]	64	4096	0	2048	CLMUL	5.39215
create-batch-K2-total[ms]	64	4096	0	2048	CLMUL	45.23265
create-batch-K4[ns]	64	4096	0	2048	GENERIC	7.20579
create-batch-K4-total[ms]	64	4096	0	2048	GENERIC	60.44655
create-batch-K4[ns]	64	4096	0	2048	CLMUL	3.21499
create-batch-K4-total[ms]	64	4096	0	2048	CLMUL	26.96929
create-batch-K8[ns]	64	4096	0	2048	GENERIC	8.10860
create-batch-K8-total[ms]	64	4096	0	2048	GENERIC	68.01990
create-batch-K8[ns]	64	4096	0	2048	CLMUL	2.04486
create-batch-K8-total[ms]	64	4096	0	2048	CLMUL	17.15352
create-batch-K1[ns]	64	4096	0	4096	GENERIC	6.91373
create-batch-K1-total[ms]	64	4096	0	4096	GENERIC	115.99319
create-batch-K1[ns]	64	4096	0	4096	CLMUL	11.72046
create-batch-K1-total[ms]	64	4096	0	4096	CLMUL	196.63666
create-batch-K2[ns]	64	4096	0	4096	GENERIC	6.56727
create-batch-K2-total[ms]	64	4096	0	4096	GENERIC	110.18047
create-batch-K2[ns]	64	4096	0	4096	CLMUL	5.39277
create-batch-K2-total[ms]	64	4096	0	4096	CLMUL	90.47574
create-batch-K4[ns]	64	4096	0	4096	GENERIC	7.20433
create-batch-K4-total[ms]	64	4096	0	4096	GENERIC	120.86858
create-batch-K4[ns]	64	4096	0	4096	CLMUL	3.21597
create-batch-K4-total[ms]	64	4096	0	4096	CLMUL	53.95506
create-batch-K8[ns]	64	4096	0	4096	GENERIC	8.10877
create-batch-K8-total[ms]	64	4096	0	4096	GENERIC	136.04263
create-batch-K8[ns]	64	4096	0	4096	CLMUL	2.04484
create-batch-K8-total[ms]	64	4096	0	4096	CLMUL	34.30675
create-batch-K1[ns]	64	4096	0	8192	GENERIC	6.91418
create-batch-K1-total[ms]	64	4096	0	8192	GENERIC	232.00124
create-batch-K1[ns]	64	4096	0	8192	CLMUL	11.71643
create-batch-K1-total[ms]	64	4096	0	8192	CLMUL	393.13807
create-batch-K2[ns]	64	4096	0	8192	GENERIC	6.56777
create-batch-K2-total[ms]	64	4096	0	8192	GENERIC	220.37775
create-batch-K2[ns]	64	4096	0	8192	CLMUL	5.39090
create-batch-K2-total[ms]	64	4096	0	8192	CLMUL	180.88873
create-batch-K4[ns]	64	4096	0	8192	GENERIC	7.20159
create-batch-K4-total[ms]	64	4096	0	8192	GENERIC	241.64541
create-batch-K4[ns]	64	4096	0	8192	CLMUL	3.21551
create-batch-K4-total[ms]	64	4096	0	8192	CLMUL	107.89474
create-batch-K8[ns]	64	4096	0	8192	GENERIC	8.10781
create-batch-K8-total[ms]	64	4096	0	8192	GENERIC	272.05310
create-batch-K8[ns]	64	4096	0	8192	CLMUL	2.04497
create-batch-K8-total[ms]	64	4096	0	8192	CLMUL	68.61787
create-batch-K1[ns]	64	5120	0	16	GENERIC	6.91558
create-batch-K1-total[ms]	64	5120	0	16	GENERIC	0.56652
create-batch-K1[ns]	64	5120	0	16	CLMUL	11.69152
create-batch-K1-total[ms]	64	5120	0	16	CLMUL	0.95777
create-batch-K2[ns]	64	5120	0	16	GENERIC	6.56813
create-batch-K2-total[ms]	64	5120	0	16	GENERIC	0.53806
create-batch-K2[ns]	64	5120	0	16	CLMUL	5.33204
create-batch-K2-total[ms]	64	5120	0	16	CLMUL	0.43680
create-batch-K4[ns]	64	5120	0	16	GENERIC	7.19430
create-batch-K4-total[ms]	64	5120	0	16	GENERIC	0.58936
create-batch-K4[ns]	64	5120	0	16	CLMUL	3.20913
create-batch-K4-total[ms]	64	5120	0	16	CLMUL	0.26289
create-batch-K8[ns]	64	5120	0	16	GENERIC	8.11504
create-batch-K8-total[ms]	64	5120	0	16	GENERIC	0.66478
create-batch-K8[ns]	64	5120	0	16	CLMUL	2.04447
create-batch-K8-total[ms]	64	5120	0	16	CLMUL	0.16748
create-batch-K1[ns]	64	5120	0	64	GENERIC	6.91428
create-batch-K1-total[ms]	64	5120	0	64	GENERIC	2.26567
create-batch-K1[ns]	64	5120	0	64	CLMUL	11.68908
create-batch-K1-total[ms]	64	5120	0	64	CLMUL	3.83028
create-batch-K2[ns]	64	5120	0	64	GENERIC	6.58830
create-batch-K2-total[ms]	64	5120	0	64	GENERIC	2.15885
create-batch-K2[ns]	64	5120	0	64	CLMUL	5.32865
create-batch-K2-total[ms]	64	5120	0	64	CLMUL	1.74609
create-batch-K4[ns]	64	5120	0	64	GENERIC	7.20216
create-batch-K4-total[ms]	64	5120	0	64	GENERIC	2.36001
create-batch-K4[ns]	64	5120	0	64	CLMUL	3.21512
create-batch-K4-total[ms]	64	5120	0	64	CLMUL	1.05353
create-batch-K8[ns]	64	5120	0	64	GENERIC	8.10894
create-batch-K8-total[ms]	64	5120	0	64	GENERIC	2.65714
create-batch-K8[ns]	64	5120	0	64	CLMUL	2.04402
create-batch-K8-total[ms]	64	5120	0	64	CLMUL	0.66978
create-batch-K1[ns]	64	5120	0	128	GENERIC	6.91063
create-batch-K1-total[ms]	64	5120	0	128	GENERIC	4.52895
create-batch-K1[ns]	64	5120	0	128	CLMUL	11.62593
create-batch-K1-total[ms]	64	5120	0	128	CLMUL	7.61917
create-batch-K2[ns]	64	5120	0	128	GENERIC	6.57641
create-batch-K2-total[ms]	64	5120	0	128	GENERIC	4.30991
create-batch-K2[ns]	64	5120	0	128	CLMUL	5.32413
create-batch-K2-total[ms]	64	5120	0	128	CLMUL	3.48922
create-batch-K4[ns]	64	5120	0	128	GENERIC	7.20431
create-batch-K4-total[ms]	64	5120	0	128	GENERIC	4.72142
create-batch-K4[ns]	64	5120	0	128	CLMUL	3.21613
create-batch-K4-total[ms]	64	5120	0	128	CLMUL	2.10772
create-batch-K8[ns]	64	5120	0	128	GENERIC	8.11360
create-batch-K8-total[ms]	64	5120	0	128	GENERIC	5.31733
create-batch-K8[ns]	64	5120	0	128	CLMUL	2.04360
create-batch-K8-total[ms]	64	5120	0	128	CLMUL	1.33929
create-batch-K1[ns]	64	5120	0	512	GENERIC	6.90713
create-batch-K1-total[ms]	64	5120	0	512	GENERIC	18.10663
create-batch-K1[ns]	64	5120	0	512	CLMUL	11.68557
create-batch-K1-total[ms]	64	5120	0	512	CLMUL	30.63301
create-batch-K2[ns]	64	5120	0	512	GENERIC	6.56504
create-batch-K2-total[ms]	64	5120	0	512	GENERIC	17.20986
create-batch-K2[ns]	64	5120	0	512	CLMUL	5.34153
create-batch-K2-total[ms]	64	5120	0	512	CLMUL	14.00251
create-batch-K4[ns]	64	5120	0	512	GENERIC	7.20644
create-batch-K4-total[ms]	64	5120	0	512	GENERIC	18.89126
create-batch-K4[ns]	64	5120	0	512	CLMUL	3.21396
create-batch-K4-total[ms]	64	5120	0	512	CLMUL	8.42520
create-batch-K8[ns]	64	5120	0	512	GENERIC	8.11256
create-batch-K8-total[ms]	64	5120	0	512	GENERIC	21.26660
create-batch-K8[ns]	64	5120	0	512	CLMUL	2.04456
create-batch-K8-total[ms]	64	5120	0	512	CLMUL	5.35970
create-batch-K1[ns]	64	5120	0	1024	GENERIC	6.91251
create-batch-K1-total[ms]	64	5120	0	1024	GENERIC	36.24147
create-batch-K1[ns]	64	5120	0	1024	CLMUL	11.71920
create-batch-K1-total[ms]	64	5120	0	1024	CLMUL	61.44237
create-batch-K2[ns]	64	5120	0	1024	GENERIC	6.57574
create-batch-K2-total[ms]	64	5120	0	1024	GENERIC	34.47581
create-batch-K2[ns]	64	5120	0	1024	CLMUL	5.32216
create-batch-K2-total[ms]	64	5120	0	1024	CLMUL	27.90344
create-batch-K4[ns]	64	5120	0	1024	GENERIC	7.20104
create-batch-K4-total[ms]	64	5120	0	1024	GENERIC	37.75419
create-batch-K4[ns]	64	5120	0	1024	CLMUL	3.21447
create-batch-K4-total[ms]	64	5120	0	1024	CLMUL	16.85309
create-batch-K8[ns]	64	5120	0	1024	GENERIC	8.11181
create-batch-K8-total[ms]	64	5120	0	1024	GENERIC	42.52924
create-batch-K8[ns]	64	5120	0	1024	CLMUL	2.04455
create-batch-K8-total[ms]	64	5120	0	1024	CLMUL	10.71935
create-batch-K1[ns]	64	5120	0	2048	GENERIC	6.91219
create-batch-K1-total[ms]	64	5120	0	2048	GENERIC	72.47961
create-batch-K1[ns]	64	5120	0	2048	CLMUL	11.69899
create-batch-K1-total[ms]	64	5120	0	2048	CLMUL	122.67280
create-batch-K2[ns]	64	5120	0	2048	GENERIC	6.57277
create-batch-K2-total[ms]	64	5120	0	2048	GENERIC	68.92052
create-batch-K2[ns]	64	5120	0	2048	CLMUL	5.30459
create-batch-K2-total[ms]	64	5120	0	2048	CLMUL	55.62270
create-batch-K4[ns]	64	5120	0	2048	GENERIC	7.19806
create-batch-K4-total[ms]	64	5120	0	2048	GENERIC	75.47714
create-batch-K4[ns]	64	5120	0	2048	CLMUL	3.21249
create-batch-K4-total[ms]	64	5120	0	2048	CLMUL	33.68545
create-batch-K8[ns]	64	5120	0	2048	GENERIC	8.11173
create-batch-K8-total[ms]	64	5120	0	2048	GENERIC	85.05764
create-batch-K8[ns]	64	5120	0	2048	CLMUL	2.04475
create-batch-K8-total[ms]	64	5120	0	2048	CLMUL	21.44077
create-batch-K1[ns]	64	5120	0	4096	GENERIC	6.91265
create-batch-K1-total[ms]	64	5120	0	4096	GENERIC	144.96876
create-batch-K1[ns]	64	5120	0	4096	CLMUL	11.71096
create-batch-K1-total[ms]	64	5120	0	4096	CLMUL	245.59673
create-batch-K2[ns]	64	5120	0	4096	GENERIC	6.57441
create-batch-K2-total[ms]	64	5120	0	4096	GENERIC	137.87539
create-batch-K2[ns]	64	5120	0	4096	CLMUL	5.30428
create-batch-K2-total[ms]	64	5120	0	4096	CLMUL	111.23879
create-batch-K4[ns]	64	5120	0	4096	GENERIC	7.19718
create-batch-K4-total[ms]	64	5120	0	4096	GENERIC	150.93584
create-batch-K4[ns]	64	5120	0	4096	CLMUL	3.21218
create-batch-K4-total[ms]	64	5120	0	4096	CLMUL	67.36436
create-batch-K8[ns]	64	5120	0	4096	GENERIC	8.11147
create-batch-K8-total[ms]	64	5120	0	4096	GENERIC	170.10996
create-batch-K8[ns]	64	5120	0	4096	CLMUL	2.04469
create-batch-K8-total[ms]	64	5120	0	4096	CLMUL	42.88033
create-batch-K1[ns]	64	5120	0	8192	GENERIC	6.91160
create-batch-K1-total[ms]	64	5120	0	8192	GENERIC	289.89334
create-batch-K1[ns]	64	5120	0	8192	CLMUL	11.66294
create-batch-K1-total[ms]	64	5120	0	8192	CLMUL	489.17896
create-batch-K2[ns]	64	5120	0	8192	GENERIC	6.56967
create-batch-K2-total[ms]	64	5120	0	8192	GENERIC	275.55188
create-batch-K2[ns]	64	5120	0	8192	CLMUL	5.30469
create-batch-K2-total[ms]	64	5120	0	8192	CLMUL	222.49491
create-batch-K4[ns]	64	5120	0	8192	GENERIC	7.19606
create-batch-K4-total[ms]	64	5120	0	8192	GENERIC	301.82481
create-batch-K4[ns]	64	5120	0	8192	CLMUL	3.21248
create-batch-K4-total[ms]	64	5120	0	8192	CLMUL	134.74098
create-batch-K8[ns]	64	5120	0	8192	GENERIC	8.11134
create-batch-K8-total[ms]	64	5120	0	8192	GENERIC	340.21436
create-batch-K8[ns]	64	5120	0	8192	CLMUL	2.04479
create-batch-K8-total[ms]	64	5120	0	8192	CLMUL	85.76454
create-batch-K1[ns]	64	6144	0	16	GENERIC	6.91625
create-batch-K1-total[ms]	64	6144	0	16	GENERIC	0.67990
create-batch-K1[ns]	64	6144	0	16	CLMUL	11.67837
create-batch-K1-total[ms]	64	6144	0	16	CLMUL	1.14803
create-batch-K2[ns]	64	6144	0	16	GENERIC	6.58904
create-batch-K2-total[ms]	64	6144	0	16	GENERIC	0.64773
create-batch-K2[ns]	64	6144	0	16	CLMUL	5.34195
create-batch-K2-total[ms]	64	6144	0	16	CLMUL	0.52514
create-batch-K4[ns]	64	6144	0	16	GENERIC	7.19977
create-batch-K4-total[ms]	64	6144	0	16	GENERIC	0.70777
create-batch-K4[ns]	64	6144	0	16	CLMUL	3.20946
create-batch-K4-total[ms]	64	6144	0	16	CLMUL	0.31550
create-batch-K8[ns]	64	6144	0	16	GENERIC	8.11342
create-batch-K8-total[ms]	64	6144	0	16	GENERIC	0.79758
create-batch-K8[ns]	64	6144	0	16	CLMUL	2.04470
create-batch-K8-total[ms]	64	6144	0	16	CLMUL	0.20100
create-batch-K1[ns]	64	6144	0	64	GENERIC	6.90396
create-batch-K1-total[ms]	64	6144	0	64	GENERIC	2.71475
create-batch-K1[ns]	64	6144	0	64	CLMUL	11.64851
create-batch-K1-total[ms]	64	6144	0	64	CLMUL	4.58038
create-batch-K2[ns]	64	6144	0	64	GENERIC	6.57773
create-batch-K2-total[ms]	64	6144	0	64	GENERIC	2.58647
create-batch-K2[ns]	64	6144	0	64	CLMUL	5.33145
create-batch-K2-total[ms]	64	6144	0	64	CLMUL	2.09641
create-batch-K4[ns]	64	6144	0	64	GENERIC	7.20571
create-batch-K4-total[ms]	64	6144	0	64	GENERIC	2.83340
create-batch-K4[ns]	64	6144	0	64	CLMUL	3.20603
create-batch-K4-total[ms]	64	6144	0	64	CLMUL	1.26066
create-batch-K8[ns]	64	6144	0	64	GENERIC	8.11093
create-batch-K8-total[ms]	64	6144	0	64	GENERIC	3.18935
create-batch-K8[ns]	64	6144	0	64	CLMUL	2.04357
create-batch-K8-total[ms]	64	6144	0	64	CLMUL	0.80356
create-batch-K1[ns]	64	6144	0	128	GENERIC	6.90623
create-batch-K1-total[ms]	64	6144	0	128	GENERIC	5.43128
create-batch-K1[ns]	64	6144	0	128	CLMUL	11.63028
create-batch-K1-total[ms]	64	6144	0	128	CLMUL	9.14642
create-batch-K2[ns]	64	6144	0	128	GENERIC	6.58383
create-batch-K2-total[ms]	64	6144	0	128	GENERIC	5.17774
create-batch-K2[ns]	64	6144	0	128	CLMUL	5.34258
create-batch-K2-total[ms]	64	6144	0	128	CLMUL	4.20158
create-batch-K4[ns]	64	6144	0	128	GENERIC	7.21091
create-batch-K4-total[ms]	64	6144	0	128	GENERIC	5.67089
create-batch-K4[ns]	64	6144	0	128	CLMUL	3.20793
create-batch-K4-total[ms]	64	6144	0	128	CLMUL	2.52282
create-batch-K8[ns]	64	6144	0	128	GENERIC	8.11255
create-batch-K8-total[ms]	64	6144	0	128	GENERIC	6.37997
create-batch-K8[ns]	64	6144	0	128	CLMUL	2.04359
create-batch-K8-total[ms]	64	6144	0	128	CLMUL	1.60714
create-batch-K1[ns]	64	6144	0	512	GENERIC	6.91155
create-batch-K1-total[ms]	64	6144	0	512	GENERIC	21.74185
create-batch-K1[ns]	64	6144	0	512	CLMUL	11.71132
create-batch-K1-total[ms]	64	6144	0	512	CLMUL	36.84063
create-batch-K2[ns]	64	6144	0	512	GENERIC	6.58473
create-batch-K2-total[ms]	64	6144	0	512	GENERIC	20.71378
create-batch-K2[ns]	64	6144	0	512	CLMUL	5.32118
create-batch-K2-total[ms]	64	6144	0	512	CLMUL	16.73898
create-batch-K4[ns]	64	6144	0	512	GENERIC	7.21385
create-batch-K4-total[ms]	64	6144	0	512	GENERIC	22.69280
create-batch-K4[ns]	64	6144	0	512	CLMUL	3.21074
create-batch-K4-total[ms]	64	6144	0	512	CLMUL	10.10010
create-batch-K8[ns]	64	6144	0	512	GENERIC	8.11338
create-batch-K8-total[ms]	64	6144	0	512	GENERIC	25.52250
create-batch-K8[ns]	64	6144	0	512	CLMUL	2.04457
create-batch-K8-total[ms]	64	6144	0	512	CLMUL	6.43168
create-batch-K1[ns]	64	6144	0	1024	GENERIC	6.91413
create-batch-K1-total[ms]	64	6144	0	1024	GENERIC	43.49992
create-batch-K1[ns]	64	6144	0	1024	CLMUL	11.70995
create-batch-K1-total[ms]	64	6144	0	1024	CLMUL	73.67266
create-batch-K2[ns]	64	6144	0	1024	GENERIC	6.58472
create-batch-K2-total[ms]	64	6144	0	1024	GENERIC	41.42745
create-batch-K2[ns]	64	6144	0	1024	CLMUL	5.29963
create-batch-K2-total[ms]	64	6144	0	1024	CLMUL	33.34237
create-batch-K4[ns]	64	6144	0	1024	GENERIC	7.21204
create-batch-K4-total[ms]	64	6144	0	1024	GENERIC	45.37425
create-batch-K4[ns]	64	6144	0	1024	CLMUL	3.21156
create-batch-K4-total[ms]	64	6144	0	1024	CLMUL	20.20540
create-batch-K8[ns]	64	6144	0	1024	GENERIC	8.11539
create-batch-K8-total[ms]	64	6144	0	1024	GENERIC	51.05762
create-batch-K8[ns]	64	6144	0	1024	CLMUL	2.04441
create-batch-K8-total[ms]	64	6144	0	1024	CLMUL	12.86229
create-batch-K1[ns]	64	6144	0	2048	GENERIC	6.91558
create-batch-K1-total[ms]	64	6144	0	2048	GENERIC	87.01818
create-batch-K1[ns]	64	6144	0	2048	CLMUL	11.68290
create-batch-K1-total[ms]	64	6144	0	2048	CLMUL	147.00491
create-batch-K2[ns]	64	6144	0	2048	GENERIC	6.58635
create-batch-K2-total[ms]	64	6144	0	2048	GENERIC	82.87549
create-batch-K2[ns]	64	6144	0	2048	CLMUL	5.34340
create-batch-K2-total[ms]	64	6144	0	2048	CLMUL	67.23558
create-batch-K4[ns]	64	6144	0	2048	GENERIC	7.20922
create-batch-K4-total[ms]	64	6144	0	2048	GENERIC	90.71300
create-batch-K4[ns]	64	6144	0	2048	CLMUL	3.21066
create-batch-K4-total[ms]	64	6144	0	2048	CLMUL	40.39948
create-batch-K8[ns]	64	6144	0	2048	GENERIC	8.11454
create-batch-K8-total[ms]	64	6144	0	2048	GENERIC	102.10454
create-batch-K8[ns]	64	6144	0	2048	CLMUL	2.04454
create-batch-K8-total[ms]	64	6144	0	2048	CLMUL	25.72631
create-batch-K1[ns]	64	6144	0	4096	GENERIC	6.91623
create-batch-K1-total[ms]	64	6144	0	4096	GENERIC	174.05263
create-batch-K1[ns]	64	6144	0	4096	CLMUL	11.66147
create-batch-K1-total[ms]	64	6144	0	4096	CLMUL	293.47045
create-batch-K2[ns]	64	6144	0	4096	GENERIC	6.58809
create-batch-K2-total[ms]	64	6144	0	4096	GENERIC	165.79475
create-batch-K2[ns]	64	6144	0	4096	CLMUL	5.34574
create-batch-K2-total[ms]	64	6144	0	4096	CLMUL	134.52999
create-batch-K4[ns]	64	6144	0	4096	GENERIC	7.21112
create-batch-K4-total[ms]	64	6144	0	4096	GENERIC	181.47374
create-batch-K4[ns]	64	6144	0	4096	CLMUL	3.21057
create-batch-K4-total[ms]	64	6144	0	4096	CLMUL	80.79675
create-batch-K8[ns]	64	6144	0	4096	GENERIC	8.11511
create-batch-K8-total[ms]	64	6144	0	4096	GENERIC	204.22334
create-batch-K8[ns]	64	6144	0	4096	CLMUL	2.04476
create-batch-K8-total[ms]	64	6144	0	4096	CLMUL	51.45811
create-batch-K1[ns]	64	6144	0	8192	GENERIC	6.91588
create-batch-K1-total[ms]	64	6144	0	8192	GENERIC	348.08763
create-batch-K1[ns]	64	6144	0	8192	CLMUL	11.68798
create-batch-K1-total[ms]	64	6144	0	8192	CLMUL	588.27540
create-batch-K2[ns]	64	6144	0	8192	GENERIC	6.58671
create-batch-K2-total[ms]	64	6144	0	8192	GENERIC	331.51974
create-batch-K2[ns]	64	6144	0	8192	CLMUL	5.34363
create-batch-K2-total[ms]	64	6144	0	8192	CLMUL	268.95349
create-batch-K4[ns]	64	6144	0	8192	GENERIC	7.21068
create-batch-K4-total[ms]	64	6144	0	8192	GENERIC	362.92528
create-batch-K4[ns]	64	6144	0	8192	CLMUL	3.21104
create-batch-K4-total[ms]	64	6144	0	8192	CLMUL	161.61673
create-batch-K8[ns]	64	6144	0	8192	GENERIC	8.11482
create-batch-K8-total[ms]	64	6144	0	8192	GENERIC	408.43223
create-batch-K8[ns]	64	6144	0	8192	CLMUL	2.04469
create-batch-K8-total[ms]	64	6144	0	8192	CLMUL	102.91244
create-batch-K1[ns]	64	7168	0	16	GENERIC	6.91448
create-batch-K1-total[ms]	64	7168	0	16	GENERIC	0.79301
create-batch-K1[ns]	64	7168	0	16	CLMUL	11.69901
create-batch-K1-total[ms]	64	7168	0	16	CLMUL	1.34174
create-batch-K2[ns]	64	7168	0	16	GENERIC	6.58330
create-batch-K2-total[ms]	64	7168	0	16	GENERIC	0.75503
create-batch-K2[ns]	64	7168	0	16	CLMUL	5.31205
create-batch-K2-total[ms]	64	7168	0	16	CLMUL	0.60923
create-batch-K4[ns]	64	7168	0	16	GENERIC	7.18849
create-batch-K4-total[ms]	64	7168	0	16	GENERIC	0.82443
create-batch-K4[ns]	64	7168	0	16	CLMUL	3.20842
create-batch-K4-total[ms]	64	7168	0	16	CLMUL	0.36797
create-batch-K8[ns]	64	7168	0	16	GENERIC	8.11291
create-batch-K8-total[ms]	64	7168	0	16	GENERIC	0.93045
create-batch-K8[ns]	64	7168	0	16	CLMUL	2.04535
create-batch-K8-total[ms]	64	7168	0	16	CLMUL	0.23458
create-batch-K1[ns]	64	7168	0	64	GENERIC	6.91036
create-batch-K1-total[ms]	64	7168	0	64	GENERIC	3.17014
create-batch-K1[ns]	64	7168	0	64	CLMUL	11.72415
create-batch-K1-total[ms]	64	7168	0	64	CLMUL	5.37848
create-batch-K2[ns]	64	7168	0	64	GENERIC	6.58625
create-batch-K2-total[ms]	64	7168	0	64	GENERIC	3.02146
create-batch-K2[ns]	64	7168	0	64	CLMUL	5.32400
create-batch-K2-total[ms]	64	7168	0	64	CLMUL	2.44239
create-batch-K4[ns]	64	7168	0	64	GENERIC	7.19863
create-batch-K4-total[ms]	64	7168	0	64	GENERIC	3.30239
create-batch-K4[ns]	64	7168	0	64	CLMUL	3.20850
create-batch-K4-total[ms]	64	7168	0	64	CLMUL	1.47190
create-batch-K8[ns]	64	7168	0	64	GENERIC	8.10678
create-batch-K8-total[ms]	64	7168	0	64	GENERIC	3.71900
create-batch-K8[ns]	64	7168	0	64	CLMUL	2.04401
create-batch-K8-total[ms]	64	7168	0	64	CLMUL	0.93769
create-batch-K1[ns]	64	7168	0	128	GENERIC	6.90833
create-batch-K1-total[ms]	64	7168	0	128	GENERIC	6.33842
create-batch-K1[ns]	64	7168	0	128	CLMUL	11.61928
create-batch-K1-total[ms]	64	7168	0	128	CLMUL	10.66074
create-batch-K2[ns]	64	7168	0	128	GENERIC	6.58363
create-batch-K2-total[ms]	64	7168	0	128	GENERIC	6.04050
create-batch-K2[ns]	64	7168	0	128	CLMUL	5.33647
create-batch-K2-total[ms]	64	7168	0	128	CLMUL	4.89623
create-batch-K4[ns]	64	7168	0	128	GENERIC	7.20920
create-batch-K4-total[ms]	64	7168	0	128	GENERIC	6.61447
create-batch-K4[ns]	64	7168	0	128	CLMUL	3.20900
create-batch-K4-total[ms]	64	7168	0	128	CLMUL	2.94427
create-batch-K8[ns]	64	7168	0	128	GENERIC	8.10987
create-batch-K8-total[ms]	64	7168	0	128	GENERIC	7.44083
create-batch-K8[ns]	64	7168	0	128	CLMUL	2.04401
create-batch-K8-total[ms]	64	7168	0	128	CLMUL	1.87539
create-batch-K1[ns]	64	7168	0	512	GENERIC	6.91578
create-batch-K1-total[ms]	64	7168	0	512	GENERIC	25.38103
create-batch-K1[ns]	64	7168	0	512	CLMUL	11.71730
create-batch-K1-total[ms]	64	7168	0	512	CLMUL	43.00267
create-batch-K2[ns]	64	7168	0	512	GENERIC	6.59164
create-batch-K2-total[ms]	64	7168	0	512	GENERIC	24.19143
create-batch-K2[ns]	64	7168	0	512	CLMUL	5.33233
create-batch-K2-total[ms]	64	7168	0	512	CLMUL	19.56973
create-batch-K4[ns]	64	7168	0	512	GENERIC	7.20679
create-batch-K4-total[ms]	64	7168	0	512	GENERIC	26.44902
create-batch-K4[ns]	64	7168	0	512	CLMUL	3.20944
create-batch-K4-total[ms]	64	7168	0	512	CLMUL	11.77871
create-batch-K8[ns]	64	7168	0	512	GENERIC	8.11137
create-batch-K8-total[ms]	64	7168	0	512	GENERIC	29.76885
create-batch-K8[ns]	64	7168	0	512	CLMUL	2.04476
create-batch-K8-total[ms]	64	7168	0	512	CLMUL	7.50432
create-batch-K1[ns]	64	7168	0	1024	GENERIC	6.91365
create-batch-K1-total[ms]	64	7168	0	1024	GENERIC	50.74640
create-batch-K1[ns]	64	7168	0	1024	CLMUL	11.64823
create-batch-K1-total[ms]	64	7168	0	1024	CLMUL	85.49839
create-batch-K2[ns]	64	7168	0	1024	GENERIC	6.58794
create-batch-K2-total[ms]	64	7168	0	1024	GENERIC	48.35569
create-batch-K2[ns]	64	7168	0	1024	CLMUL	5.33632
create-batch-K2-total[ms]	64	7168	0	1024	CLMUL	39.16874
create-batch-K4[ns]	64	7168	0	1024	GENERIC	7.20630
create-batch-K4-total[ms]	64	7168	0	1024	GENERIC	52.89449
create-batch-K4[ns]	64	7168	0	1024	CLMUL	3.20897
create-batch-K4-total[ms]	64	7168	0	1024	CLMUL	23.55398
create-batch-K8[ns]	64	7168	0	1024	GENERIC	8.11290
create-batch-K8-total[ms]	64	7168	0	1024	GENERIC	59.54897
create-batch-K8[ns]	64	7168	0	1024	CLMUL	2.04521
create-batch-K8-total[ms]	64	7168	0	1024	CLMUL	15.01189
create-batch-K1[ns]	64	7168	0	2048	GENERIC	6.91355
create-batch-K1-total[ms]	64	7168	0	2048	GENERIC	101.49135
create-batch-K1[ns]	64	7168	0	2048	CLMUL	11.72986
create-batch-K1-total[ms]	64	7168	0	2048	CLMUL	172.19513
create-batch-K2[ns]	64	7168	0	2048	GENERIC	6.58973
create-batch-K2-total[ms]	64	7168	0	2048	GENERIC	96.73763
create-batch-K2[ns]	64	7168	0	2048	CLMUL	5.33382
create-batch-K2-total[ms]	64	7168	0	2048	CLMUL	78.30082
create-batch-K4[ns]	64	7168	0	2048	GENERIC	7.20892
create-batch-K4-total[ms]	64	7168	0	2048	GENERIC	105.82739
create-batch-K4[ns]	64	7168	0	2048	CLMUL	3.21006
create-batch-K4-total[ms]	64	7168	0	2048	CLMUL	47.12386
create-batch-K8[ns]	64	7168	0	2048	GENERIC	8.11235
create-batch-K8-total[ms]	64	7168	0	2048	GENERIC	119.08975
create-batch-K8[ns]	64	7168	0	2048	CLMUL	2.04469
create-batch-K8-total[ms]	64	7168	0	2048	CLMUL	30.01615
create-batch-K1[ns]	64	7168	0	4096	GENERIC	6.91310
create-batch-K1-total[ms]	64	7168	0	4096	GENERIC	202.96957
create-batch-K1[ns]	64	7168	0	4096	CLMUL	11.71633
create-batch-K1-total[ms]	64	7168	0	4096	CLMUL	343.99281
create-batch-K2[ns]	64	7168	0	4096	GENERIC	6.59060
create-batch-K2-total[ms]	64	7168	0	4096	GENERIC	193.50090
create-batch-K2[ns]	64	7168	0	4096	CLMUL	5.33360
create-batch-K2-total[ms]	64	7168	0	4096	CLMUL	156.59521
create-batch-K4[ns]	64	7168	0	4096	GENERIC	7.20955
create-batch-K4-total[ms]	64	7168	0	4096	GENERIC	211.67325
create-batch-K4[ns]	64	7168	0	4096	CLMUL	3.21014
create-batch-K4-total[ms]	64	7168	0	4096	CLMUL	94.25026
create-batch-K8[ns]	64	7168	0	4096	GENERIC	8.11266
create-batch-K8-total[ms]	64	7168	0	4096	GENERIC	238.18864
create-batch-K8[ns]	64	7168	0	4096	CLMUL	2.04519
create-batch-K8-total[ms]	64	7168	0	4096	CLMUL	60.04690
create-batch-K1[ns]	64	7168	0	8192	GENERIC	6.91295
create-batch-K1-total[ms]	64	7168	0	8192	GENERIC	405.93014
create-batch-K1[ns]	64	7168	0	8192	CLMUL	11.72647
create-batch-K1-total[ms]	64	7168	0	8192	CLMUL	688.58123
create-batch-K2[ns]	64	7168	0	8192	GENERIC	6.58947
create-batch-K2-total[ms]	64	7168	0	8192	GENERIC	386.93560
create-batch-K2[ns]	64	7168	0	8192	CLMUL	5.33146
create-batch-K2-total[ms]	64	7168	0	8192	CLMUL	313.06462
create-batch-K4[ns]	64	7168	0	8192	GENERIC	7.20777
create-batch-K4-total[ms]	64	7168	0	8192	GENERIC	423.24220
create-batch-K4[ns]	64	7168	0	8192	CLMUL	3.20974
create-batch-K4-total[ms]	64	7168	0	8192	CLMUL	188.47681
create-batch-K8[ns]	64	7168	0	8192	GENERIC	8.11279
create-batch-K8-total[ms]	64	7168	0	8192	GENERIC	476.38531
create-batch-K8[ns]	64	7168	0	8192	CLMUL	2.04478
create-batch-K8-total[ms]	64	7168	0	8192	CLMUL	120.07017
create-batch-K1[ns]	64	8192	0	16	GENERIC	6.91837
create-batch-K1-total[ms]	64	8192	0	16	GENERIC	0.90680
create-batch-K1[ns]	64	8192	0	16	CLMUL	11.87231
create-batch-K1-total[ms]	64	8192	0	16	CLMUL	1.55613
create-batch-K2[ns]	64	8192	0	16	GENERIC	6.59398
create-batch-K2-total[ms]	64	8192	0	16	GENERIC	0.86429
create-batch-K2[ns]	64	8192	0	16	CLMUL	5.34925
create-batch-K2-total[ms]	64	8192	0	16	CLMUL	0.70114
create-batch-K4[ns]	64	8192	0	16	GENERIC	7.18569
create-batch-K4-total[ms]	64	8192	0	16	GENERIC	0.94184
create-batch-K4[ns]	64	8192	0	16	CLMUL	3.20678
create-batch-K4-total[ms]	64	8192	0	16	CLMUL	0.42032
create-batch-K8[ns]	64	8192	0	16	GENERIC	8.10744
create-batch-K8-total[ms]	64	8192	0	16	GENERIC	1.06266
create-batch-K8[ns]	64	8192	0	16	CLMUL	2.04527
create-batch-K8-total[ms]	64	8192	0	16	CLMUL	0.26808
create-batch-K1[ns]	64	8192	0	64	GENERIC	6.91689
create-batch-K1-total[ms]	64	8192	0	64	GENERIC	3.62644
create-batch-K1[ns]	64	8192	0	64	CLMUL	11.87393
create-batch-K1-total[ms]	64	8192	0	64	CLMUL	6.22536
create-batch-K2[ns]	64	8192	0	64	GENERIC	6.59282
create-batch-K2-total[ms]	64	8192	0	64	GENERIC	3.45653
create-batch-K2[ns]	64	8192	0	64	CLMUL	5.33841
create-batch-K2-total[ms]	64	8192	0	64	CLMUL	2.79886
create-batch-K4[ns]	64	8192	0	64	GENERIC	7.19791
create-batch-K4-total[ms]	64	8192	0	64	GENERIC	3.77378
create-batch-K4[ns]	64	8192	0	64	CLMUL	3.20710
create-batch-K4-total[ms]	64	8192	0	64	CLMUL	1.68144
create-batch-K8[ns]	64	8192	0	64	GENERIC	8.10992
create-batch-K8-total[ms]	64	8192	0	64	GENERIC	4.25193
create-batch-K8[ns]	64	8192	0	64	CLMUL	2.04459
create-batch-K8-total[ms]	64	8192	0	64	CLMUL	1.07195
create-batch-K1[ns]	64	8192	0	128	GENERIC	6.91564
create-batch-K1-total[ms]	64	8192	0	128	GENERIC	7.25157
create-batch-K1[ns]	64	8192	0	128	CLMUL	11.82376
create-batch-K1-total[ms]	64	8192	0	128	CLMUL	12.39811
create-batch-K2[ns]	64	8192	0	128	GENERIC	6.59691
create-batch-K2-total[ms]	64	8192	0	128	GENERIC	6.91737
create-batch-K2[ns]	64	8192	0	128	CLMUL	5.33542
create-batch-K2-total[ms]	64	8192	0	128	CLMUL	5.59459
create-batch-K4[ns]	64	8192	0	128	GENERIC	7.20118
create-batch-K4-total[ms]	64	8192	0	128	GENERIC	7.55098
create-batch-K4[ns]	64	8192	0	128	CLMUL	3.20650
create-batch-K4-total[ms]	64	8192	0	128	CLMUL	3.36226
create-batch-K8[ns]	64	8192	0	128	GENERIC	8.11163
create-batch-K8-total[ms]	64	8192	0	128	GENERIC	8.50566
create-batch-K8[ns]	64	8192	0	128	CLMUL	2.04440
create-batch-K8-total[ms]	64	8192	0	128	CLMUL	2.14371
create-batch-K1[ns]	64	8192	0	512	GENERIC	6.91838
create-batch-K1-total[ms]	64	8192	0	512	GENERIC	29.01781
create-batch-K1[ns]	64	8192	0	512	CLMUL	11.84493
create-batch-K1-total[ms]	64	8192	0	512	CLMUL	49.68124
create-batch-K2[ns]	64	8192	0	512	GENERIC	6.59325
create-batch-K2-total[ms]	64	8192	0	512	GENERIC	27.65411
create-batch-K2[ns]	64	8192	0	512	CLMUL	5.33508
create-batch-K2-total[ms]	64	8192	0	512	CLMUL	22.37695
create-batch-K4[ns]	64	8192	0	512	GENERIC	7.20485
create-batch-K4-total[ms]	64	8192	0	512	GENERIC	30.21934
create-batch-K4[ns]	64	8192	0	512	CLMUL	3.20867
create-batch-K4-total[ms]	64	8192	0	512	CLMUL	13.45814
create-batch-K8[ns]	64	8192	0	512	GENERIC	8.11155
create-batch-K8-total[ms]	64	8192	0	512	GENERIC	34.02230
create-batch-K8[ns]	64	8192	0	512	CLMUL	2.04532
create-batch-K8-total[ms]	64	8192	0	512	CLMUL	8.57868
create-batch-K1[ns]	64	8192	0	1024	GENERIC	6.91720
create-batch-K1-total[ms]	64	8192	0	1024	GENERIC	58.02566
create-batch-K1[ns]	64	8192	0	1024	CLMUL	11.80881
create-batch-K1-total[ms]	64	8192	0	1024	CLMUL	99.05949
create-batch-K2[ns]	64	8192	0	1024	GENERIC	6.59872
create-batch-K2-total[ms]	64	8192	0	1024	GENERIC	55.35404
create-batch-K2[ns]	64	8192	0	1024	CLMUL	5.33669
create-batch-K2-total[ms]	64	8192	0	1024	CLMUL	44.76739
create-batch-K4[ns]	64	8192	0	1024	GENERIC	7.20402
create-batch-K4-total[ms]	64	8192	0	1024	GENERIC	60.43172
create-batch-K4[ns]	64	8192	0	1024	CLMUL	3.20880
create-batch-K4-total[ms]	64	8192	0	1024	CLMUL	26.91736
create-batch-K8[ns]	64	8192	0	1024	GENERIC	8.11159
create-batch-K8-total[ms]	64	8192	0	1024	GENERIC	68.04494
create-batch-K8[ns]	64	8192	0	1024	CLMUL	2.04529
create-batch-K8-total[ms]	64	8192	0	1024	CLMUL	17.15714
create-batch-K1[ns]	64	8192	0	2048	GENERIC	6.91787
create-batch-K1-total[ms]	64	8192	0	2048	GENERIC	116.06265
create-batch-K1[ns]	64	8192	0	2048	CLMUL	11.80386
create-batch-K1-total[ms]	64	8192	0	2048	CLMUL	198.03585
create-batch-K2[ns]	64	8192	0	2048	GENERIC	6.59970
create-batch-K2-total[ms]	64	8192	0	2048	GENERIC	110.72465
create-batch-K2[ns]	64	8192	0	2048	CLMUL	5.33721
create-batch-K2-total[ms]	64	8192	0	2048	CLMUL	89.54358
create-batch-K4[ns]	64	8192	0	2048	GENERIC	7.20488
create-batch-K4-total[ms]	64	8192	0	2048	GENERIC	120.87788
create-batch-K4[ns]	64	8192	0	2048	CLMUL	3.20875
create-batch-K4-total[ms]	64	8192	0	2048	CLMUL	53.83384
create-batch-K8[ns]	64	8192	0	2048	GENERIC	8.11009
create-batch-K8-total[ms]	64	8192	0	2048	GENERIC	136.06479
create-batch-K8[ns]	64	8192	0	2048	CLMUL	2.04525
create-batch-K8-total[ms]	64	8192	0	2048	CLMUL	34.31357
create-batch-K1[ns]	64	8192	0	4096	GENERIC	6.91752
create-batch-K1-total[ms]	64	8192	0	4096	GENERIC	232.11331
create-batch-K1[ns]	64	8192	0	4096	CLMUL	11.78808
create-batch-K1-total[ms]	64	8192	0	4096	CLMUL	395.54230
create-batch-K2[ns]	64	8192	0	4096	GENERIC	6.59911
create-batch-K2-total[ms]	64	8192	0	4096	GENERIC	221.42931
create-batch-K2[ns]	64	8192	0	4096	CLMUL	5.33853
create-batch-K2-total[ms]	64	8192	0	4096	CLMUL	179.13122
create-batch-K4[ns]	64	8192	0	4096	GENERIC	7.20515
create-batch-K4-total[ms]	64	8192	0	4096	GENERIC	241.76485
create-batch-K4[ns]	64	8192	0	4096	CLMUL	3.20900
create-batch-K4-total[ms]	64	8192	0	4096	CLMUL	107.67634
create-batch-K8[ns]	64	8192	0	4096	GENERIC	8.11166
create-batch-K8-total[ms]	64	8192	0	4096	GENERIC	272.18227
create-batch-K8[ns]	64	8192	0	4096	CLMUL	2.04534
create-batch-K8-total[ms]	64	8192	0	4096	CLMUL	68.63021
create-batch-K1[ns]	64	8192	0	8192	GENERIC	6.91803
create-batch-K1-total[ms]	64	8192	0	8192	GENERIC	464.26143
create-batch-K1[ns]	64	8192	0	8192	CLMUL	11.80186
create-batch-K1-total[ms]	64	8192	0	8192	CLMUL	792.00915
create-batch-K2[ns]	64	8192	0	8192	GENERIC	6.60053
create-batch-K2-total[ms]	64	8192	0	8192	GENERIC	442.95435
create-batch-K2[ns]	64	8192	0	8192	CLMUL	5.33613
create-batch-K2-total[ms]	64	8192	0	8192	CLMUL	358.10170
create-batch-K4[ns]	64	8192	0	8192	GENERIC	7.20376
create-batch-K4-total[ms]	64	8192	0	8192	GENERIC	483.43639
create-batch-K4[ns]	64	8192	0	8192	CLMUL	3.20887
create-batch-K4-total[ms]	64	8192	0	8192	CLMUL	215.34349
create-batch-K8[ns]	64	8192	0	8192	GENERIC	8.11171
create-batch-K8-total[ms]	64	8192	0	8192	GENERIC	544.36768
create-batch-K8[ns]	64	8192	0	8192	CLMUL	2.04535
create-batch-K8-total[ms]	64	8192	0	8192	CLMUL	137.26130
