metric	bits	capacity	errors	data_len	implementation	value
recover[ms]	16	128	8	0	GENERIC	0.04994
recover[ms]	16	128	8	0	CLMUL	0.02322
create[ns]	16	128	8	1024	GENERIC	7.79760
create-total[ms]	16	128	8	1024	GENERIC	1.02205
create[ns]	16	128	8	1024	CLMUL	14.41234
create-total[ms]	16	128	8	1024	CLMUL	1.88905
recover[ms]	16	128	16	0	GENERIC	0.11348
recover[ms]	16	128	16	0	CLMUL	0.06089
create[ns]	16	128	16	1024	GENERIC	7.78855
create-total[ms]	16	128	16	1024	GENERIC	1.02086
create[ns]	16	128	16	1024	CLMUL	14.41234
create-total[ms]	16	128	16	1024	CLMUL	1.88905
recover[ms]	16	128	32	0	GENERIC	0.30537
recover[ms]	16	128	32	0	CLMUL	0.17556
create[ns]	16	128	32	1024	GENERIC	7.79081
create-total[ms]	16	128	32	1024	GENERIC	1.02116
create[ns]	16	128	32	1024	CLMUL	14.41757
create-total[ms]	16	128	32	1024	CLMUL	1.88974
recover[ms]	16	128	64	0	GENERIC	0.52747
recover[ms]	16	128	64	0	CLMUL	0.33261
create[ns]	16	128	64	1024	GENERIC	4.86788
create-total[ms]	16	128	64	1024	GENERIC	0.63804
create[ns]	16	128	64	1024	CLMUL	9.01096
create-total[ms]	16	128	64	1024	CLMUL	1.18108
recover[ms]	16	128	128	0	GENERIC	1.54118
recover[ms]	16	128	128	0	CLMUL	1.05018
create[ns]	16	128	128	1024	GENERIC	4.87070
create-total[ms]	16	128	128	1024	GENERIC	0.63841
create[ns]	16	128	128	1024	CLMUL	9.00262
create-total[ms]	16	128	128	1024	CLMUL	1.17999
recover[ms]	16	256	8	0	GENERIC	0.04489
recover[ms]	16	256	8	0	CLMUL	0.01980
create[ns]	16	256	8	1024	GENERIC	4.76672
create-total[ms]	16	256	8	1024	GENERIC	1.24957
create[ns]	16	256	8	1024	CLMUL	9.08888
create-total[ms]	16	256	8	1024	CLMUL	2.38259
recover[ms]	16	256	16	0	GENERIC	0.09528
recover[ms]	16	256	16	0	CLMUL	0.04832
create[ns]	16	256	16	1024	GENERIC	4.76672
create-total[ms]	16	256	16	1024	GENERIC	1.24957
create[ns]	16	256	16	1024	CLMUL	9.08485
create-total[ms]	16	256	16	1024	CLMUL	2.38154
recover[ms]	16	256	32	0	GENERIC	0.22950
recover[ms]	16	256	32	0	CLMUL	0.12957
create[ns]	16	256	32	1024	GENERIC	4.76962
create-total[ms]	16	256	32	1024	GENERIC	1.25033
create[ns]	16	256	32	1024	CLMUL	9.08888
create-total[ms]	16	256	32	1024	CLMUL	2.38260
recover[ms]	16	256	64	0	GENERIC	0.58980
recover[ms]	16	256	64	0	CLMUL	0.37126
create[ns]	16	256	64	1024	GENERIC	4.76728
create-total[ms]	16	256	64	1024	GENERIC	1.24971
create[ns]	16	256	64	1024	CLMUL	9.08719
create-total[ms]	16	256	64	1024	CLMUL	2.38215
recover[ms]	16	256	128	0	GENERIC	1.65718
recover[ms]	16	256	128	0	CLMUL	1.13445
create[ns]	16	256	128	1024	GENERIC	4.76891
create-total[ms]	16	256	128	1024	GENERIC	1.25014
create[ns]	16	256	128	1024	CLMUL	9.08528
create-total[ms]	16	256	128	1024	CLMUL	2.38165
recover[ms]	16	256	256	0	GENERIC	4.91971
recover[ms]	16	256	256	0	CLMUL	3.59805
create[ns]	16	256	256	1024	GENERIC	4.76955
create-total[ms]	16	256	256	1024	GENERIC	1.25031
create[ns]	16	256	256	1024	CLMUL	9.08492
create-total[ms]	16	256	256	1024	CLMUL	2.38156
recover[ms]	16	512	8	0	GENERIC	0.07437
recover[ms]	16	512	8	0	CLMUL	0.02954
create[ns]	16	512	8	1024	GENERIC	4.71321
create-total[ms]	16	512	8	1024	GENERIC	2.47108
create[ns]	16	512	8	1024	CLMUL	9.13575
create-total[ms]	16	512	8	1024	CLMUL	4.78977
recover[ms]	16	512	16	0	GENERIC	0.13722
recover[ms]	16	512	16	0	CLMUL	0.06917
create[ns]	16	512	16	1024	GENERIC	4.71388
create-total[ms]	16	512	16	1024	GENERIC	2.47143
create[ns]	16	512	16	1024	CLMUL	9.13540
create-total[ms]	16	512	16	1024	CLMUL	4.78958
recover[ms]	16	512	32	0	GENERIC	0.29135
recover[ms]	16	512	32	0	CLMUL	0.17285
create[ns]	16	512	32	1024	GENERIC	4.71363
create-total[ms]	16	512	32	1024	GENERIC	2.47130
create[ns]	16	512	32	1024	CLMUL	9.13643
create-total[ms]	16	512	32	1024	CLMUL	4.79012
recover[ms]	16	512	64	0	GENERIC	0.71186
recover[ms]	16	512	64	0	CLMUL	0.45280
create[ns]	16	512	64	1024	GENERIC	4.71395
create-total[ms]	16	512	64	1024	GENERIC	2.47147
create[ns]	16	512	64	1024	CLMUL	9.13537
create-total[ms]	16	512	64	1024	CLMUL	4.78956
recover[ms]	16	512	128	0	GENERIC	1.86226
recover[ms]	16	512	128	0	CLMUL	1.29864
create[ns]	16	512	128	1024	GENERIC	4.71377
create-total[ms]	16	512	128	1024	GENERIC	2.47137
create[ns]	16	512	128	1024	CLMUL	9.13600
create-total[ms]	16	512	128	1024	CLMUL	4.78989
recover[ms]	16	512	256	0	GENERIC	5.34264
recover[ms]	16	512	256	0	CLMUL	3.91802
create[ns]	16	512	256	1024	GENERIC	4.71314
create-total[ms]	16	512	256	1024	GENERIC	2.47104
create[ns]	16	512	256	1024	CLMUL	9.13643
create-total[ms]	16	512	256	1024	CLMUL	4.79012
recover[ms]	16	512	384	0	GENERIC	10.07457
recover[ms]	16	512	384	0	CLMUL	7.60312
create[ns]	16	512	384	1024	GENERIC	4.71335
create-total[ms]	16	512	384	1024	GENERIC	2.47115
create[ns]	16	512	384	1024	CLMUL	9.13762
create-total[ms]	16	512	384	1024	CLMUL	4.79075
recover[ms]	16	512	512	0	GENERIC	16.18596
recover[ms]	16	512	512	0	CLMUL	12.41165
create[ns]	16	512	512	1024	GENERIC	4.71247
create-total[ms]	16	512	512	1024	GENERIC	2.47069
create[ns]	16	512	512	1024	CLMUL	9.13600
create-total[ms]	16	512	512	1024	CLMUL	4.78989
recover[ms]	16	1024	8	0	GENERIC	0.13346
recover[ms]	16	1024	8	0	CLMUL	0.05300
create[ns]	16	1024	8	1024	GENERIC	4.68149
create-total[ms]	16	1024	8	1024	GENERIC	4.90890
create[ns]	16	1024	8	1024	CLMUL	9.15327
create-total[ms]	16	1024	8	1024	CLMUL	9.59790
recover[ms]	16	1024	16	0	GENERIC	0.21891
recover[ms]	16	1024	16	0	CLMUL	0.11056
create[ns]	16	1024	16	1024	GENERIC	4.68078
create-total[ms]	16	1024	16	1024	GENERIC	4.90816
create[ns]	16	1024	16	1024	CLMUL	9.15324
create-total[ms]	16	1024	16	1024	CLMUL	9.59787
recover[ms]	16	1024	32	0	GENERIC	0.42830
recover[ms]	16	1024	32	0	CLMUL	0.25082
create[ns]	16	1024	32	1024	GENERIC	4.68075
create-total[ms]	16	1024	32	1024	GENERIC	4.90812
create[ns]	16	1024	32	1024	CLMUL	9.15271
create-total[ms]	16	1024	32	1024	CLMUL	9.59731
recover[ms]	16	1024	64	0	GENERIC	0.94766
recover[ms]	16	1024	64	0	CLMUL	0.60775
create[ns]	16	1024	64	1024	GENERIC	4.68032
create-total[ms]	16	1024	64	1024	GENERIC	4.90767
create[ns]	16	1024	64	1024	CLMUL	9.15341
create-total[ms]	16	1024	64	1024	CLMUL	9.59805
recover[ms]	16	1024	128	0	GENERIC	2.30745
recover[ms]	16	1024	128	0	CLMUL	1.60876
create[ns]	16	1024	128	1024	GENERIC	4.67972
create-total[ms]	16	1024	128	1024	GENERIC	4.90704
create[ns]	16	1024	128	1024	CLMUL	9.15348
create-total[ms]	16	1024	128	1024	CLMUL	9.59812
recover[ms]	16	1024	256	0	GENERIC	6.19109
recover[ms]	16	1024	256	0	CLMUL	4.52782
create[ns]	16	1024	256	1024	GENERIC	4.67953
create-total[ms]	16	1024	256	1024	GENERIC	4.90684
create[ns]	16	1024	256	1024	CLMUL	9.15317
create-total[ms]	16	1024	256	1024	CLMUL	9.59779
recover[ms]	16	1024	384	0	GENERIC	11.33740
recover[ms]	16	1024	384	0	CLMUL	8.52332
create[ns]	16	1024	384	1024	GENERIC	4.68177
create-total[ms]	16	1024	384	1024	GENERIC	4.90919
create[ns]	16	1024	384	1024	CLMUL	9.15474
create-total[ms]	16	1024	384	1024	CLMUL	9.59944
recover[ms]	16	1024	512	0	GENERIC	17.99357
recover[ms]	16	1024	512	0	CLMUL	13.66270
create[ns]	16	1024	512	1024	GENERIC	4.67930
create-total[ms]	16	1024	512	1024	GENERIC	4.90660
create[ns]	16	1024	512	1024	CLMUL	9.15366
create-total[ms]	16	1024	512	1024	CLMUL	9.59831
recover[ms]	16	1024	768	0	GENERIC	34.24326
recover[ms]	16	1024	768	0	CLMUL	26.35304
create[ns]	16	1024	768	1024	GENERIC	4.68068
create-total[ms]	16	1024	768	1024	GENERIC	4.90804
create[ns]	16	1024	768	1024	CLMUL	9.15276
create-total[ms]	16	1024	768	1024	CLMUL	9.59737
recover[ms]	16	1024	1024	0	GENERIC	54.71850
recover[ms]	16	1024	1024	0	CLMUL	42.72585
create[ns]	16	1024	1024	1024	GENERIC	4.68034
create-total[ms]	16	1024	1024	1024	GENERIC	4.90769
create[ns]	16	1024	1024	1024	CLMUL	9.15297
create-total[ms]	16	1024	1024	1024	CLMUL	9.59759
recover[ms]	16	2048	8	0	GENERIC	0.24811
recover[ms]	16	2048	8	0	CLMUL	0.09693
create[ns]	16	2048	8	1024	GENERIC	4.66294
create-total[ms]	16	2048	8	1024	GENERIC	9.77890
create[ns]	16	2048	8	1024	CLMUL	9.16217
create-total[ms]	16	2048	8	1024	CLMUL	19.21445
recover[ms]	16	2048	16	0	GENERIC	0.38519
recover[ms]	16	2048	16	0	CLMUL	0.19421
create[ns]	16	2048	16	1024	GENERIC	4.66274
create-total[ms]	16	2048	16	1024	GENERIC	9.77848
create[ns]	16	2048	16	1024	CLMUL	9.16237
create-total[ms]	16	2048	16	1024	CLMUL	19.21488
recover[ms]	16	2048	32	0	GENERIC	0.69571
recover[ms]	16	2048	32	0	CLMUL	0.41054
create[ns]	16	2048	32	1024	GENERIC	4.66311
create-total[ms]	16	2048	32	1024	GENERIC	9.77926
create[ns]	16	2048	32	1024	CLMUL	9.16194
create-total[ms]	16	2048	32	1024	CLMUL	19.21397
recover[ms]	16	2048	64	0	GENERIC	1.41496
recover[ms]	16	2048	64	0	CLMUL	0.92323
create[ns]	16	2048	64	1024	GENERIC	4.66257
create-total[ms]	16	2048	64	1024	GENERIC	9.77811
create[ns]	16	2048	64	1024	CLMUL	9.16153
create-total[ms]	16	2048	64	1024	CLMUL	19.21312
recover[ms]	16	2048	128	0	GENERIC	3.19312
recover[ms]	16	2048	128	0	CLMUL	2.23189
create[ns]	16	2048	128	1024	GENERIC	4.66287
create-total[ms]	16	2048	128	1024	GENERIC	9.77876
create[ns]	16	2048	128	1024	CLMUL	9.16127
create-total[ms]	16	2048	128	1024	CLMUL	19.21258
recover[ms]	16	2048	256	0	GENERIC	7.87031
recover[ms]	16	2048	256	0	CLMUL	5.77116
create[ns]	16	2048	256	1024	GENERIC	4.66326
create-total[ms]	16	2048	256	1024	GENERIC	9.77957
create[ns]	16	2048	256	1024	CLMUL	9.16194
create-total[ms]	16	2048	256	1024	CLMUL	19.21399
recover[ms]	16	2048	384	0	GENERIC	13.88535
recover[ms]	16	2048	384	0	CLMUL	10.36637
create[ns]	16	2048	384	1024	GENERIC	4.66282
create-total[ms]	16	2048	384	1024	GENERIC	9.77865
create[ns]	16	2048	384	1024	CLMUL	9.16196
create-total[ms]	16	2048	384	1024	CLMUL	19.21403
recover[ms]	16	2048	512	0	GENERIC	21.54499
recover[ms]	16	2048	512	0	CLMUL	16.11059
create[ns]	16	2048	512	1024	GENERIC	4.66313
create-total[ms]	16	2048	512	1024	GENERIC	9.77929
create[ns]	16	2048	512	1024	CLMUL	9.16201
create-total[ms]	16	2048	512	1024	CLMUL	19.21414
recover[ms]	16	2048	768	0	GENERIC	39.98501
recover[ms]	16	2048	768	0	CLMUL	30.01548
create[ns]	16	2048	768	1024	GENERIC	4.66316
create-total[ms]	16	2048	768	1024	GENERIC	9.77935
create[ns]	16	2048	768	1024	CLMUL	9.16148
create-total[ms]	16	2048	768	1024	CLMUL	19.21301
recover[ms]	16	2048	1024	0	GENERIC	62.49502
recover[ms]	16	2048	1024	0	CLMUL	47.77303
create[ns]	16	2048	1024	1024	GENERIC	4.66350
create-total[ms]	16	2048	1024	1024	GENERIC	9.78007
create[ns]	16	2048	1024	1024	CLMUL	9.16257
create-total[ms]	16	2048	1024	1024	CLMUL	19.21531
recover[ms]	16	2048	1536	0	GENERIC	116.75458
recover[ms]	16	2048	1536	0	CLMUL	91.24465
create[ns]	16	2048	1536	1024	GENERIC	4.66309
create-total[ms]	16	2048	1536	1024	GENERIC	9.77920
create[ns]	16	2048	1536	1024	CLMUL	9.16135
create-total[ms]	16	2048	1536	1024	CLMUL	19.21275
recover[ms]	16	2048	2048	0	GENERIC	185.36319
recover[ms]	16	2048	2048	0	CLMUL	147.20099
create[ns]	16	2048	2048	1024	GENERIC	4.66278
create-total[ms]	16	2048	2048	1024	GENERIC	9.77855
create[ns]	16	2048	2048	1024	CLMUL	9.16199
create-total[ms]	16	2048	2048	1024	CLMUL	19.21408
recover[ms]	16	3072	8	0	GENERIC	0.36395
recover[ms]	16	3072	8	0	CLMUL	0.13996
create[ns]	16	3072	8	1024	GENERIC	4.65688
create-total[ms]	16	3072	8	1024	GENERIC	14.64926
create[ns]	16	3072	8	1024	CLMUL	9.16482
create-total[ms]	16	3072	8	1024	CLMUL	28.83002
recover[ms]	16	3072	16	0	GENERIC	0.55056
recover[ms]	16	3072	16	0	CLMUL	0.27741
create[ns]	16	3072	16	1024	GENERIC	4.65736
create-total[ms]	16	3072	16	1024	GENERIC	14.65078
create[ns]	16	3072	16	1024	CLMUL	9.16507
create-total[ms]	16	3072	16	1024	CLMUL	28.83082
recover[ms]	16	3072	32	0	GENERIC	0.96269
recover[ms]	16	3072	32	0	CLMUL	0.57078
create[ns]	16	3072	32	1024	GENERIC	4.65692
create-total[ms]	16	3072	32	1024	GENERIC	14.64939
create[ns]	16	3072	32	1024	CLMUL	9.16641
create-total[ms]	16	3072	32	1024	CLMUL	28.83504
recover[ms]	16	3072	64	0	GENERIC	1.87918
recover[ms]	16	3072	64	0	CLMUL	1.24151
create[ns]	16	3072	64	1024	GENERIC	4.65693
create-total[ms]	16	3072	64	1024	GENERIC	14.64943
create[ns]	16	3072	64	1024	CLMUL	9.16514
create-total[ms]	16	3072	64	1024	CLMUL	28.83102
recover[ms]	16	3072	128	0	GENERIC	4.07441
recover[ms]	16	3072	128	0	CLMUL	2.84751
create[ns]	16	3072	128	1024	GENERIC	4.65731
create-total[ms]	16	3072	128	1024	GENERIC	14.65062
create[ns]	16	3072	128	1024	CLMUL	9.16646
create-total[ms]	16	3072	128	1024	CLMUL	28.83519
recover[ms]	16	3072	256	0	GENERIC	9.58351
recover[ms]	16	3072	256	0	CLMUL	6.99156
create[ns]	16	3072	256	1024	GENERIC	4.65751
create-total[ms]	16	3072	256	1024	GENERIC	14.65124
create[ns]	16	3072	256	1024	CLMUL	9.16515
create-total[ms]	16	3072	256	1024	CLMUL	28.83106
recover[ms]	16	3072	384	0	GENERIC	16.38824
recover[ms]	16	3072	384	0	CLMUL	12.24089
create[ns]	16	3072	384	1024	GENERIC	4.65711
create-total[ms]	16	3072	384	1024	GENERIC	14.65000
create[ns]	16	3072	384	1024	CLMUL	9.16598
create-total[ms]	16	3072	384	1024	CLMUL	28.83369
recover[ms]	16	3072	512	0	GENERIC	25.09116
recover[ms]	16	3072	512	0	CLMUL	18.57843
create[ns]	16	3072	512	1024	GENERIC	4.65715
create-total[ms]	16	3072	512	1024	GENERIC	14.65013
create[ns]	16	3072	512	1024	CLMUL	9.16498
create-total[ms]	16	3072	512	1024	CLMUL	28.83054
recover[ms]	16	3072	768	0	GENERIC	45.95138
recover[ms]	16	3072	768	0	CLMUL	33.74836
create[ns]	16	3072	768	1024	GENERIC	4.65729
create-total[ms]	16	3072	768	1024	GENERIC	14.65058
create[ns]	16	3072	768	1024	CLMUL	9.16481
create-total[ms]	16	3072	768	1024	CLMUL	28.82999
recover[ms]	16	3072	1024	0	GENERIC	70.19873
recover[ms]	16	3072	1024	0	CLMUL	52.65374
create[ns]	16	3072	1024	1024	GENERIC	4.65683
create-total[ms]	16	3072	1024	1024	GENERIC	14.64912
create[ns]	16	3072	1024	1024	CLMUL	9.16529
create-total[ms]	16	3072	1024	1024	CLMUL	28.83152
recover[ms]	16	3072	1536	0	GENERIC	128.57812
recover[ms]	16	3072	1536	0	CLMUL	98.57340
create[ns]	16	3072	1536	1024	GENERIC	4.65724
create-total[ms]	16	3072	1536	1024	GENERIC	14.65041
create[ns]	16	3072	1536	1024	CLMUL	9.16564
create-total[ms]	16	3072	1536	1024	CLMUL	28.83260
recover[ms]	16	3072	2048	0	GENERIC	201.02187
recover[ms]	16	3072	2048	0	CLMUL	156.99886
create[ns]	16	3072	2048	1024	GENERIC	4.65721
create-total[ms]	16	3072	2048	1024	GENERIC	14.65032
create[ns]	16	3072	2048	1024	CLMUL	9.16590
create-total[ms]	16	3072	2048	1024	CLMUL	28.83343
recover[ms]	16	4096	8	0	GENERIC	0.47795
recover[ms]	16	4096	8	0	CLMUL	0.18522
create[ns]	16	4096	8	1024	GENERIC	4.65394
create-total[ms]	16	4096	8	1024	GENERIC	19.52005
create[ns]	16	4096	8	1024	CLMUL	9.17808
create-total[ms]	16	4096	8	1024	CLMUL	38.49567
recover[ms]	16	4096	16	0	GENERIC	0.71982
recover[ms]	16	4096	16	0	CLMUL	0.35934
create[ns]	16	4096	16	1024	GENERIC	4.65365
create-total[ms]	16	4096	16	1024	GENERIC	19.51883
create[ns]	16	4096	16	1024	CLMUL	9.17402
create-total[ms]	16	4096	16	1024	CLMUL	38.47863
recover[ms]	16	4096	32	0	GENERIC	1.23264
recover[ms]	16	4096	32	0	CLMUL	0.73291
create[ns]	16	4096	32	1024	GENERIC	4.65449
create-total[ms]	16	4096	32	1024	GENERIC	19.52235
create[ns]	16	4096	32	1024	CLMUL	9.16743
create-total[ms]	16	4096	32	1024	CLMUL	38.45098
recover[ms]	16	4096	64	0	GENERIC	2.35778
recover[ms]	16	4096	64	0	CLMUL	1.55757
create[ns]	16	4096	64	1024	GENERIC	4.65445
create-total[ms]	16	4096	64	1024	GENERIC	19.52218
create[ns]	16	4096	64	1024	CLMUL	9.17882
create-total[ms]	16	4096	64	1024	CLMUL	38.49878
recover[ms]	16	4096	128	0	GENERIC	4.97845
recover[ms]	16	4096	128	0	CLMUL	3.47407
create[ns]	16	4096	128	1024	GENERIC	4.65439
create-total[ms]	16	4096	128	1024	GENERIC	19.52192
create[ns]	16	4096	128	1024	CLMUL	9.17541
create-total[ms]	16	4096	128	1024	CLMUL	38.48444
recover[ms]	16	4096	256	0	GENERIC	11.30908
recover[ms]	16	4096	256	0	CLMUL	8.25167
create[ns]	16	4096	256	1024	GENERIC	4.65455
create-total[ms]	16	4096	256	1024	GENERIC	19.52260
create[ns]	16	4096	256	1024	CLMUL	9.17870
create-total[ms]	16	4096	256	1024	CLMUL	38.49828
recover[ms]	16	4096	384	0	GENERIC	18.94945
recover[ms]	16	4096	384	0	CLMUL	14.06270
create[ns]	16	4096	384	1024	GENERIC	4.65392
create-total[ms]	16	4096	384	1024	GENERIC	19.51996
create[ns]	16	4096	384	1024	CLMUL	9.16968
create-total[ms]	16	4096	384	1024	CLMUL	38.46044
recover[ms]	16	4096	512	0	GENERIC	28.64593
recover[ms]	16	4096	512	0	CLMUL	21.08680
create[ns]	16	4096	512	1024	GENERIC	4.65418
create-total[ms]	16	4096	512	1024	GENERIC	19.52105
create[ns]	16	4096	512	1024	CLMUL	9.17655
create-total[ms]	16	4096	512	1024	CLMUL	38.48924
recover[ms]	16	4096	768	0	GENERIC	51.82820
recover[ms]	16	4096	768	0	CLMUL	37.44331
create[ns]	16	4096	768	1024	GENERIC	4.65456
create-total[ms]	16	4096	768	1024	GENERIC	19.52262
create[ns]	16	4096	768	1024	CLMUL	9.16802
create-total[ms]	16	4096	768	1024	CLMUL	38.45344
recover[ms]	16	4096	1024	0	GENERIC	78.06960
recover[ms]	16	4096	1024	0	CLMUL	57.51969
create[ns]	16	4096	1024	1024	GENERIC	4.65448
create-total[ms]	16	4096	1024	1024	GENERIC	19.52231
create[ns]	16	4096	1024	1024	CLMUL	9.16689
create-total[ms]	16	4096	1024	1024	CLMUL	38.44872
recover[ms]	16	4096	1536	0	GENERIC	139.76448
recover[ms]	16	4096	1536	0	CLMUL	105.98801
create[ns]	16	4096	1536	1024	GENERIC	4.65443
create-total[ms]	16	4096	1536	1024	GENERIC	19.52209
create[ns]	16	4096	1536	1024	CLMUL	9.16685
create-total[ms]	16	4096	1536	1024	CLMUL	38.44855
recover[ms]	16	4096	2048	0	GENERIC	215.95894
recover[ms]	16	4096	2048	0	CLMUL	166.72077
create[ns]	16	4096	2048	1024	GENERIC	4.65448
create-total[ms]	16	4096	2048	1024	GENERIC	19.52231
create[ns]	16	4096	2048	1024	CLMUL	9.17340
create-total[ms]	16	4096	2048	1024	CLMUL	38.47602
recover[ms]	16	5120	8	0	GENERIC	0.59443
recover[ms]	16	5120	8	0	CLMUL	0.22954
create[ns]	16	5120	8	1024	GENERIC	4.65253
create-total[ms]	16	5120	8	1024	GENERIC	24.39263
create[ns]	16	5120	8	1024	CLMUL	9.16978
create-total[ms]	16	5120	8	1024	CLMUL	48.07603
recover[ms]	16	5120	16	0	GENERIC	0.88373
recover[ms]	16	5120	16	0	CLMUL	0.44215
create[ns]	16	5120	16	1024	GENERIC	4.65282
create-total[ms]	16	5120	16	1024	GENERIC	24.39417
create[ns]	16	5120	16	1024	CLMUL	9.17039
create-total[ms]	16	5120	16	1024	CLMUL	48.07925
recover[ms]	16	5120	32	0	GENERIC	1.49992
recover[ms]	16	5120	32	0	CLMUL	0.89249
create[ns]	16	5120	32	1024	GENERIC	4.65254
create-total[ms]	16	5120	32	1024	GENERIC	24.39269
create[ns]	16	5120	32	1024	CLMUL	9.16778
create-total[ms]	16	5120	32	1024	CLMUL	48.06555
recover[ms]	16	5120	64	0	GENERIC	2.83521
recover[ms]	16	5120	64	0	CLMUL	1.87417
create[ns]	16	5120	64	1024	GENERIC	4.65251
create-total[ms]	16	5120	64	1024	GENERIC	24.39258
create[ns]	16	5120	64	1024	CLMUL	9.17120
create-total[ms]	16	5120	64	1024	CLMUL	48.08351
recover[ms]	16	5120	128	0	GENERIC	5.85152
recover[ms]	16	5120	128	0	CLMUL	4.09552
create[ns]	16	5120	128	1024	GENERIC	4.65259
create-total[ms]	16	5120	128	1024	GENERIC	24.39295
create[ns]	16	5120	128	1024	CLMUL	9.16765
create-total[ms]	16	5120	128	1024	CLMUL	48.06486
recover[ms]	16	5120	256	0	GENERIC	12.98667
recover[ms]	16	5120	256	0	CLMUL	9.48231
create[ns]	16	5120	256	1024	GENERIC	4.65252
create-total[ms]	16	5120	256	1024	GENERIC	24.39261
create[ns]	16	5120	256	1024	CLMUL	9.17054
create-total[ms]	16	5120	256	1024	CLMUL	48.08005
recover[ms]	16	5120	384	0	GENERIC	21.46184
recover[ms]	16	5120	384	0	CLMUL	15.91548
create[ns]	16	5120	384	1024	GENERIC	4.65271
create-total[ms]	16	5120	384	1024	GENERIC	24.39358
create[ns]	16	5120	384	1024	CLMUL	9.16805
create-total[ms]	16	5120	384	1024	CLMUL	48.06700
recover[ms]	16	5120	512	0	GENERIC	32.24422
recover[ms]	16	5120	512	0	CLMUL	23.52664
create[ns]	16	5120	512	1024	GENERIC	4.65248
create-total[ms]	16	5120	512	1024	GENERIC	24.39241
create[ns]	16	5120	512	1024	CLMUL	9.16808
create-total[ms]	16	5120	512	1024	CLMUL	48.06714
recover[ms]	16	5120	768	0	GENERIC	57.41695
recover[ms]	16	5120	768	0	CLMUL	41.11688
create[ns]	16	5120	768	1024	GENERIC	4.65243
create-total[ms]	16	5120	768	1024	GENERIC	24.39213
create[ns]	16	5120	768	1024	CLMUL	9.16895
create-total[ms]	16	5120	768	1024	CLMUL	48.07168
recover[ms]	16	5120	1024	0	GENERIC	85.59060
recover[ms]	16	5120	1024	0	CLMUL	62.41861
create[ns]	16	5120	1024	1024	GENERIC	4.65239
create-total[ms]	16	5120	1024	1024	GENERIC	24.39193
create[ns]	16	5120	1024	1024	CLMUL	9.16913
create-total[ms]	16	5120	1024	1024	CLMUL	48.07266
recover[ms]	16	5120	1536	0	GENERIC	150.74967
recover[ms]	16	5120	1536	0	CLMUL	113.38081
create[ns]	16	5120	1536	1024	GENERIC	4.65261
create-total[ms]	16	5120	1536	1024	GENERIC	24.39307
create[ns]	16	5120	1536	1024	CLMUL	9.16894
create-total[ms]	16	5120	1536	1024	CLMUL	48.07166
recover[ms]	16	5120	2048	0	GENERIC	231.92929
recover[ms]	16	5120	2048	0	CLMUL	176.74832
create[ns]	16	5120	2048	1024	GENERIC	4.65279
create-total[ms]	16	5120	2048	1024	GENERIC	24.39402
create[ns]	16	5120	2048	1024	CLMUL	9.16852
create-total[ms]	16	5120	2048	1024	CLMUL	48.06946
recover[ms]	16	6144	8	0	GENERIC	0.71514
recover[ms]	16	6144	8	0	CLMUL	0.27411
create[ns]	16	6144	8	1024	GENERIC	4.65167
create-total[ms]	16	6144	8	1024	GENERIC	29.26579
create[ns]	16	6144	8	1024	CLMUL	9.16885
create-total[ms]	16	6144	8	1024	CLMUL	57.68543
recover[ms]	16	6144	16	0	GENERIC	1.05092
recover[ms]	16	6144	16	0	CLMUL	0.52450
create[ns]	16	6144	16	1024	GENERIC	4.65147
create-total[ms]	16	6144	16	1024	GENERIC	29.26451
create[ns]	16	6144	16	1024	CLMUL	9.17130
create-total[ms]	16	6144	16	1024	CLMUL	57.70082
recover[ms]	16	6144	32	0	GENERIC	1.76687
recover[ms]	16	6144	32	0	CLMUL	1.05320
create[ns]	16	6144	32	1024	GENERIC	4.65153
create-total[ms]	16	6144	32	1024	GENERIC	29.26492
create[ns]	16	6144	32	1024	CLMUL	9.17083
create-total[ms]	16	6144	32	1024	CLMUL	57.69790
recover[ms]	16	6144	64	0	GENERIC	3.30953
recover[ms]	16	6144	64	0	CLMUL	2.18582
create[ns]	16	6144	64	1024	GENERIC	4.65154
create-total[ms]	16	6144	64	1024	GENERIC	29.26495
create[ns]	16	6144	64	1024	CLMUL	9.16944
create-total[ms]	16	6144	64	1024	CLMUL	57.68916
recover[ms]	16	6144	128	0	GENERIC	6.74458
recover[ms]	16	6144	128	0	CLMUL	4.71612
create[ns]	16	6144	128	1024	GENERIC	4.65142
create-total[ms]	16	6144	128	1024	GENERIC	29.26423
create[ns]	16	6144	128	1024	CLMUL	9.17033
create-total[ms]	16	6144	128	1024	CLMUL	57.69471
recover[ms]	16	6144	256	0	GENERIC	14.73262
recover[ms]	16	6144	256	0	CLMUL	10.71650
create[ns]	16	6144	256	1024	GENERIC	4.65156
create-total[ms]	16	6144	256	1024	GENERIC	29.26508
create[ns]	16	6144	256	1024	CLMUL	9.16823
create-total[ms]	16	6144	256	1024	CLMUL	57.68153
recover[ms]	16	6144	384	0	GENERIC	24.02459
recover[ms]	16	6144	384	0	CLMUL	17.75412
create[ns]	16	6144	384	1024	GENERIC	4.65110
create-total[ms]	16	6144	384	1024	GENERIC	29.26219
create[ns]	16	6144	384	1024	CLMUL	9.17030
create-total[ms]	16	6144	384	1024	CLMUL	57.69457
recover[ms]	16	6144	512	0	GENERIC	35.74409
recover[ms]	16	6144	512	0	CLMUL	25.99863
create[ns]	16	6144	512	1024	GENERIC	4.65155
create-total[ms]	16	6144	512	1024	GENERIC	29.26503
create[ns]	16	6144	512	1024	CLMUL	9.17001
create-total[ms]	16	6144	512	1024	CLMUL	57.69273
recover[ms]	16	6144	768	0	GENERIC	63.46112
recover[ms]	16	6144	768	0	CLMUL	44.83045
create[ns]	16	6144	768	1024	GENERIC	4.65137
create-total[ms]	16	6144	768	1024	GENERIC	29.26390
create[ns]	16	6144	768	1024	CLMUL	9.17005
create-total[ms]	16	6144	768	1024	CLMUL	57.69293
recover[ms]	16	6144	1024	0	GENERIC	93.72825
recover[ms]	16	6144	1024	0	CLMUL	67.38169
create[ns]	16	6144	1024	1024	GENERIC	4.65148
create-total[ms]	16	6144	1024	1024	GENERIC	29.26460
create[ns]	16	6144	1024	1024	CLMUL	9.16903
create-total[ms]	16	6144	1024	1024	CLMUL	57.68657
recover[ms]	16	6144	1536	0	GENERIC	163.60237
recover[ms]	16	6144	1536	0	CLMUL	120.83722
create[ns]	16	6144	1536	1024	GENERIC	4.65147
create-total[ms]	16	6144	1536	1024	GENERIC	29.26449
create[ns]	16	6144	1536	1024	CLMUL	9.16855
create-total[ms]	16	6144	1536	1024	CLMUL	57.68353
recover[ms]	16	6144	2048	0	GENERIC	246.99052
recover[ms]	16	6144	2048	0	CLMUL	186.43174
create[ns]	16	6144	2048	1024	GENERIC	4.65144
create-total[ms]	16	6144	2048	1024	GENERIC	29.26436
create[ns]	16	6144	2048	1024	CLMUL	9.16909
create-total[ms]	16	6144	2048	1024	CLMUL	57.68695
recover[ms]	16	7168	8	0	GENERIC	0.82427
recover[ms]	16	7168	8	0	CLMUL	0.31843
create[ns]	16	7168	8	1024	GENERIC	4.65066
create-total[ms]	16	7168	8	1024	GENERIC	34.13596
create[ns]	16	7168	8	1024	CLMUL	9.16913
create-total[ms]	16	7168	8	1024	CLMUL	67.30169
recover[ms]	16	7168	16	0	GENERIC	1.21640
recover[ms]	16	7168	16	0	CLMUL	0.60754
create[ns]	16	7168	16	1024	GENERIC	4.65059
create-total[ms]	16	7168	16	1024	GENERIC	34.13546
create[ns]	16	7168	16	1024	CLMUL	9.17174
create-total[ms]	16	7168	16	1024	CLMUL	67.32084
recover[ms]	16	7168	32	0	GENERIC	2.03569
recover[ms]	16	7168	32	0	CLMUL	1.21284
create[ns]	16	7168	32	1024	GENERIC	4.65043
create-total[ms]	16	7168	32	1024	GENERIC	34.13431
create[ns]	16	7168	32	1024	CLMUL	9.17179
create-total[ms]	16	7168	32	1024	CLMUL	67.32125
recover[ms]	16	7168	64	0	GENERIC	3.77916
recover[ms]	16	7168	64	0	CLMUL	2.50202
create[ns]	16	7168	64	1024	GENERIC	4.65036
create-total[ms]	16	7168	64	1024	GENERIC	34.13378
create[ns]	16	7168	64	1024	CLMUL	9.17191
create-total[ms]	16	7168	64	1024	CLMUL	67.32212
recover[ms]	16	7168	128	0	GENERIC	7.63703
recover[ms]	16	7168	128	0	CLMUL	5.33170
create[ns]	16	7168	128	1024	GENERIC	4.65048
create-total[ms]	16	7168	128	1024	GENERIC	34.13470
create[ns]	16	7168	128	1024	CLMUL	9.16870
create-total[ms]	16	7168	128	1024	CLMUL	67.29852
recover[ms]	16	7168	256	0	GENERIC	16.42928
recover[ms]	16	7168	256	0	CLMUL	11.95426
create[ns]	16	7168	256	1024	GENERIC	4.65061
create-total[ms]	16	7168	256	1024	GENERIC	34.13561
create[ns]	16	7168	256	1024	CLMUL	9.16921
create-total[ms]	16	7168	256	1024	CLMUL	67.30232
recover[ms]	16	7168	384	0	GENERIC	26.52474
recover[ms]	16	7168	384	0	CLMUL	19.58540
create[ns]	16	7168	384	1024	GENERIC	4.65067
create-total[ms]	16	7168	384	1024	GENERIC	34.13609
create[ns]	16	7168	384	1024	CLMUL	9.17147
create-total[ms]	16	7168	384	1024	CLMUL	67.31886
recover[ms]	16	7168	512	0	GENERIC	39.39116
recover[ms]	16	7168	512	0	CLMUL	28.42161
create[ns]	16	7168	512	1024	GENERIC	4.65080
create-total[ms]	16	7168	512	1024	GENERIC	34.13704
create[ns]	16	7168	512	1024	CLMUL	9.17177
create-total[ms]	16	7168	512	1024	CLMUL	67.32108
recover[ms]	16	7168	768	0	GENERIC	69.21015
recover[ms]	16	7168	768	0	CLMUL	48.51770
create[ns]	16	7168	768	1024	GENERIC	4.65044
create-total[ms]	16	7168	768	1024	GENERIC	34.13441
create[ns]	16	7168	768	1024	CLMUL	9.16936
create-total[ms]	16	7168	768	1024	CLMUL	67.30338
recover[ms]	16	7168	1024	0	GENERIC	101.38302
recover[ms]	16	7168	1024	0	CLMUL	72.34881
create[ns]	16	7168	1024	1024	GENERIC	4.65022
create-total[ms]	16	7168	1024	1024	GENERIC	34.13277
create[ns]	16	7168	1024	1024	CLMUL	9.17168
create-total[ms]	16	7168	1024	1024	CLMUL	67.32043
recover[ms]	16	7168	1536	0	GENERIC	174.45521
recover[ms]	16	7168	1536	0	CLMUL	128.17028
create[ns]	16	7168	1536	1024	GENERIC	4.65058
create-total[ms]	16	7168	1536	1024	GENERIC	34.13539
create[ns]	16	7168	1536	1024	CLMUL	9.16984
create-total[ms]	16	7168	1536	1024	CLMUL	67.30689
recover[ms]	16	7168	2048	0	GENERIC	262.35918
recover[ms]	16	7168	2048	0	CLMUL	196.38093
create[ns]	16	7168	2048	1024	GENERIC	4.65077
create-total[ms]	16	7168	2048	1024	GENERIC	34.13683
create[ns]	16	7168	2048	1024	CLMUL	9.16910
create-total[ms]	16	7168	2048	1024	CLMUL	67.30152
recover[ms]	16	8192	8	0	GENERIC	0.94429
recover[ms]	16	8192	8	0	CLMUL	0.36254
create[ns]	16	8192	8	1024	GENERIC	4.64981
create-total[ms]	16	8192	8	1024	GENERIC	39.00541
create[ns]	16	8192	8	1024	CLMUL	9.16960
create-total[ms]	16	8192	8	1024	CLMUL	76.92020
recover[ms]	16	8192	16	0	GENERIC	1.38233
recover[ms]	16	8192	16	0	CLMUL	0.69203
create[ns]	16	8192	16	1024	GENERIC	4.64992
create-total[ms]	16	8192	16	1024	GENERIC	39.00632
create[ns]	16	8192	16	1024	CLMUL	9.17349
create-total[ms]	16	8192	16	1024	CLMUL	76.95285
recover[ms]	16	8192	32	0	GENERIC	2.31121
recover[ms]	16	8192	32	0	CLMUL	1.37364
create[ns]	16	8192	32	1024	GENERIC	4.65015
create-total[ms]	16	8192	32	1024	GENERIC	39.00832
create[ns]	16	8192	32	1024	CLMUL	9.16908
create-total[ms]	16	8192	32	1024	CLMUL	76.91583
recover[ms]	16	8192	64	0	GENERIC	4.24698
recover[ms]	16	8192	64	0	CLMUL	2.81584
create[ns]	16	8192	64	1024	GENERIC	4.64966
create-total[ms]	16	8192	64	1024	GENERIC	39.00419
create[ns]	16	8192	64	1024	CLMUL	9.17183
create-total[ms]	16	8192	64	1024	CLMUL	76.93893
recover[ms]	16	8192	128	0	GENERIC	8.52530
recover[ms]	16	8192	128	0	CLMUL	5.97918
create[ns]	16	8192	128	1024	GENERIC	4.64977
create-total[ms]	16	8192	128	1024	GENERIC	39.00510
create[ns]	16	8192	128	1024	CLMUL	9.17021
create-total[ms]	16	8192	128	1024	CLMUL	76.92530
recover[ms]	16	8192	256	0	GENERIC	18.11085
recover[ms]	16	8192	256	0	CLMUL	13.18169
create[ns]	16	8192	256	1024	GENERIC	4.64990
create-total[ms]	16	8192	256	1024	GENERIC	39.00621
create[ns]	16	8192	256	1024	CLMUL	9.17144
create-total[ms]	16	8192	256	1024	CLMUL	76.93559
recover[ms]	16	8192	384	0	GENERIC	29.03073
recover[ms]	16	8192	384	0	CLMUL	21.44264
create[ns]	16	8192	384	1024	GENERIC	4.64998
create-total[ms]	16	8192	384	1024	GENERIC	39.00686
create[ns]	16	8192	384	1024	CLMUL	9.17367
create-total[ms]	16	8192	384	1024	CLMUL	76.95433
recover[ms]	16	8192	512	0	GENERIC	42.95762
recover[ms]	16	8192	512	0	CLMUL	30.94460
create[ns]	16	8192	512	1024	GENERIC	4.64987
create-total[ms]	16	8192	512	1024	GENERIC	39.00593
create[ns]	16	8192	512	1024	CLMUL	9.17002
create-total[ms]	16	8192	512	1024	CLMUL	76.92370
recover[ms]	16	8192	768	0	GENERIC	75.01461
recover[ms]	16	8192	768	0	CLMUL	52.18887
create[ns]	16	8192	768	1024	GENERIC	4.64977
create-total[ms]	16	8192	768	1024	GENERIC	39.00514
create[ns]	16	8192	768	1024	CLMUL	9.17154
create-total[ms]	16	8192	768	1024	CLMUL	76.93648
recover[ms]	16	8192	1024	0	GENERIC	108.91485
recover[ms]	16	8192	1024	0	CLMUL	77.24608
create[ns]	16	8192	1024	1024	GENERIC	4.64989
create-total[ms]	16	8192	1024	1024	GENERIC	39.00610
create[ns]	16	8192	1024	1024	CLMUL	9.17141
create-total[ms]	16	8192	1024	1024	CLMUL	76.93535
recover[ms]	16	8192	1536	0	GENERIC	185.73129
recover[ms]	16	8192	1536	0	CLMUL	135.40219
create[ns]	16	8192	1536	1024	GENERIC	4.65039
create-total[ms]	16	8192	1536	1024	GENERIC	39.01034
create[ns]	16	8192	1536	1024	CLMUL	9.16998
create-total[ms]	16	8192	1536	1024	CLMUL	76.92341
recover[ms]	16	8192	2048	0	GENERIC	277.82834
recover[ms]	16	8192	2048	0	CLMUL	206.17015
create[ns]	16	8192	2048	1024	GENERIC	4.64978
create-total[ms]	16	8192	2048	1024	GENERIC	39.00521
create[ns]	16	8192	2048	1024	CLMUL	9.17373
create-total[ms]	16	8192	2048	1024	CLMUL	76.95485
recover[ms]	29	128	8	0	GENERIC	0.06522
recover[ms]	29	128	8	0	CLMUL	0.01976
recover[ms]	29	128	8	0	CLMUL_TRI	0.02237
create[ns]	29	128	8	1024	GENERIC	5.52486
create-total[ms]	29	128	8	1024	GENERIC	0.72415
create[ns]	29	128	8	1024	CLMUL	9.42013
create-total[ms]	29	128	8	1024	CLMUL	1.23472
create[ns]	29	128	8	1024	CLMUL_TRI	9.45969
create-total[ms]	29	128	8	1024	CLMUL_TRI	1.23990
recover[ms]	29	128	16	0	GENERIC	0.16902
recover[ms]	29	128	16	0	CLMUL	0.05883
recover[ms]	29	128	16	0	CLMUL_TRI	0.06806
create[ns]	29	128	16	1024	GENERIC	5.52415
create-total[ms]	29	128	16	1024	GENERIC	0.72406
create[ns]	29	128	16	1024	CLMUL	9.40897
create-total[ms]	29	128	16	1024	CLMUL	1.23325
create[ns]	29	128	16	1024	CLMUL_TRI	9.44952
create-total[ms]	29	128	16	1024	CLMUL_TRI	1.23857
recover[ms]	29	128	32	0	GENERIC	0.46248
recover[ms]	29	128	32	0	CLMUL	0.18734
recover[ms]	29	128	32	0	CLMUL_TRI	0.21539
create[ns]	29	128	32	1024	GENERIC	5.52571
create-total[ms]	29	128	32	1024	GENERIC	0.72427
create[ns]	29	128	32	1024	CLMUL	9.40897
create-total[ms]	29	128	32	1024	CLMUL	1.23325
create[ns]	29	128	32	1024	CLMUL_TRI	9.45997
create-total[ms]	29	128	32	1024	CLMUL_TRI	1.23994
recover[ms]	29	128	64	0	GENERIC	1.35285
recover[ms]	29	128	64	0	CLMUL	0.62780
recover[ms]	29	128	64	0	CLMUL_TRI	0.72565
create[ns]	29	128	64	1024	GENERIC	5.52501
create-total[ms]	29	128	64	1024	GENERIC	0.72417
create[ns]	29	128	64	1024	CLMUL	9.40883
create-total[ms]	29	128	64	1024	CLMUL	1.23323
create[ns]	29	128	64	1024	CLMUL_TRI	9.44980
create-total[ms]	29	128	64	1024	CLMUL_TRI	1.23860
recover[ms]	29	128	128	0	GENERIC	4.14004
recover[ms]	29	128	128	0	CLMUL	2.13067
recover[ms]	29	128	128	0	CLMUL_TRI	2.51232
create[ns]	29	128	128	1024	GENERIC	5.52670
create-total[ms]	29	128	128	1024	GENERIC	0.72440
create[ns]	29	128	128	1024	CLMUL	9.40882
create-total[ms]	29	128	128	1024	CLMUL	1.23323
create[ns]	29	128	128	1024	CLMUL_TRI	9.45969
create-total[ms]	29	128	128	1024	CLMUL_TRI	1.23990
recover[ms]	29	256	8	0	GENERIC	0.08817
recover[ms]	29	256	8	0	CLMUL	0.02541
recover[ms]	29	256	8	0	CLMUL_TRI	0.02874
create[ns]	29	256	8	1024	GENERIC	5.32869
create-total[ms]	29	256	8	1024	GENERIC	1.39688
create[ns]	29	256	8	1024	CLMUL	9.49614
create-total[ms]	29	256	8	1024	CLMUL	2.48936
create[ns]	29	256	8	1024	CLMUL_TRI	9.52157
create-total[ms]	29	256	8	1024	CLMUL_TRI	2.49602
recover[ms]	29	256	16	0	GENERIC	0.19926
recover[ms]	29	256	16	0	CLMUL	0.06976
recover[ms]	29	256	16	0	CLMUL_TRI	0.08017
create[ns]	29	256	16	1024	GENERIC	5.32883
create-total[ms]	29	256	16	1024	GENERIC	1.39692
create[ns]	29	256	16	1024	CLMUL	9.50165
create-total[ms]	29	256	16	1024	CLMUL	2.49080
create[ns]	29	256	16	1024	CLMUL_TRI	9.52157
create-total[ms]	29	256	16	1024	CLMUL_TRI	2.49602
recover[ms]	29	256	32	0	GENERIC	0.51676
recover[ms]	29	256	32	0	CLMUL	0.21080
recover[ms]	29	256	32	0	CLMUL_TRI	0.24422
create[ns]	29	256	32	1024	GENERIC	5.32791
create-total[ms]	29	256	32	1024	GENERIC	1.39668
create[ns]	29	256	32	1024	CLMUL	9.49621
create-total[ms]	29	256	32	1024	CLMUL	2.48937
create[ns]	29	256	32	1024	CLMUL_TRI	9.52157
create-total[ms]	29	256	32	1024	CLMUL_TRI	2.49602
recover[ms]	29	256	64	0	GENERIC	1.42561
recover[ms]	29	256	64	0	CLMUL	0.66728
recover[ms]	29	256	64	0	CLMUL_TRI	0.77712
create[ns]	29	256	64	1024	GENERIC	5.32042
create-total[ms]	29	256	64	1024	GENERIC	1.39472
create[ns]	29	256	64	1024	CLMUL	9.50179
create-total[ms]	29	256	64	1024	CLMUL	2.49084
create[ns]	29	256	64	1024	CLMUL_TRI	9.52143
create-total[ms]	29	256	64	1024	CLMUL_TRI	2.49599
recover[ms]	29	256	128	0	GENERIC	4.29984
recover[ms]	29	256	128	0	CLMUL	2.21363
recover[ms]	29	256	128	0	CLMUL_TRI	2.61414
create[ns]	29	256	128	1024	GENERIC	5.33067
create-total[ms]	29	256	128	1024	GENERIC	1.39740
create[ns]	29	256	128	1024	CLMUL	9.50200
create-total[ms]	29	256	128	1024	CLMUL	2.49089
create[ns]	29	256	128	1024	CLMUL_TRI	9.52157
create-total[ms]	29	256	128	1024	CLMUL_TRI	2.49602
recover[ms]	29	256	256	0	GENERIC	13.98970
recover[ms]	29	256	256	0	CLMUL	7.76222
recover[ms]	29	256	256	0	CLMUL_TRI	9.20383
create[ns]	29	256	256	1024	GENERIC	5.32840
create-total[ms]	29	256	256	1024	GENERIC	1.39681
create[ns]	29	256	256	1024	CLMUL	9.50179
create-total[ms]	29	256	256	1024	CLMUL	2.49084
create[ns]	29	256	256	1024	CLMUL_TRI	9.52157
create-total[ms]	29	256	256	1024	CLMUL_TRI	2.49602
recover[ms]	29	512	8	0	GENERIC	0.13215
recover[ms]	29	512	8	0	CLMUL	0.03481
recover[ms]	29	512	8	0	CLMUL_TRI	0.04209
create[ns]	29	512	8	1024	GENERIC	5.17288
create-total[ms]	29	512	8	1024	GENERIC	2.71208
create[ns]	29	512	8	1024	CLMUL	9.55343
create-total[ms]	29	512	8	1024	CLMUL	5.00875
create[ns]	29	512	8	1024	CLMUL_TRI	9.56565
create-total[ms]	29	512	8	1024	CLMUL_TRI	5.01516
recover[ms]	29	512	16	0	GENERIC	0.26221
recover[ms]	29	512	16	0	CLMUL	0.09067
recover[ms]	29	512	16	0	CLMUL_TRI	0.10570
create[ns]	29	512	16	1024	GENERIC	5.16871
create-total[ms]	29	512	16	1024	GENERIC	2.70989
create[ns]	29	512	16	1024	CLMUL	9.55403
create-total[ms]	29	512	16	1024	CLMUL	5.00906
create[ns]	29	512	16	1024	CLMUL_TRI	9.56548
create-total[ms]	29	512	16	1024	CLMUL_TRI	5.01506
recover[ms]	29	512	32	0	GENERIC	0.59973
recover[ms]	29	512	32	0	CLMUL	0.24984
recover[ms]	29	512	32	0	CLMUL_TRI	0.29426
create[ns]	29	512	32	1024	GENERIC	5.16875
create-total[ms]	29	512	32	1024	GENERIC	2.70991
create[ns]	29	512	32	1024	CLMUL	9.55364
create-total[ms]	29	512	32	1024	CLMUL	5.00886
create[ns]	29	512	32	1024	CLMUL_TRI	9.56572
create-total[ms]	29	512	32	1024	CLMUL_TRI	5.01519
recover[ms]	29	512	64	0	GENERIC	1.59748
recover[ms]	29	512	64	0	CLMUL	0.74345
recover[ms]	29	512	64	0	CLMUL_TRI	0.86658
create[ns]	29	512	64	1024	GENERIC	5.17214
create-total[ms]	29	512	64	1024	GENERIC	2.71169
create[ns]	29	512	64	1024	CLMUL	9.55403
create-total[ms]	29	512	64	1024	CLMUL	5.00906
create[ns]	29	512	64	1024	CLMUL_TRI	9.56558
create-total[ms]	29	512	64	1024	CLMUL_TRI	5.01512
recover[ms]	29	512	128	0	GENERIC	4.60817
recover[ms]	29	512	128	0	CLMUL	2.36989
recover[ms]	29	512	128	0	CLMUL_TRI	2.78851
create[ns]	29	512	128	1024	GENERIC	5.17143
create-total[ms]	29	512	128	1024	GENERIC	2.71132
create[ns]	29	512	128	1024	CLMUL	9.55392
create-total[ms]	29	512	128	1024	CLMUL	5.00901
create[ns]	29	512	128	1024	CLMUL_TRI	9.56562
create-total[ms]	29	512	128	1024	CLMUL_TRI	5.01514
recover[ms]	29	512	256	0	GENERIC	14.88969
recover[ms]	29	512	256	0	CLMUL	8.04431
recover[ms]	29	512	256	0	CLMUL_TRI	9.59703
create[ns]	29	512	256	1024	GENERIC	5.17270
create-total[ms]	29	512	256	1024	GENERIC	2.71199
create[ns]	29	512	256	1024	CLMUL	9.55396
create-total[ms]	29	512	256	1024	CLMUL	5.00903
create[ns]	29	512	256	1024	CLMUL_TRI	9.56540
create-total[ms]	29	512	256	1024	CLMUL_TRI	5.01503
recover[ms]	29	512	384	0	GENERIC	29.35988
recover[ms]	29	512	384	0	CLMUL	16.70888
recover[ms]	29	512	384	0	CLMUL_TRI	20.05405
create[ns]	29	512	384	1024	GENERIC	5.17225
create-total[ms]	29	512	384	1024	GENERIC	2.71175
create[ns]	29	512	384	1024	CLMUL	9.55393
create-total[ms]	29	512	384	1024	CLMUL	5.00901
create[ns]	29	512	384	1024	CLMUL_TRI	9.56562
create-total[ms]	29	512	384	1024	CLMUL_TRI	5.01514
recover[ms]	29	512	512	0	GENERIC	48.69350
recover[ms]	29	512	512	0	CLMUL	28.49343
recover[ms]	29	512	512	0	CLMUL_TRI	34.19409
create[ns]	29	512	512	1024	GENERIC	5.23583
create-total[ms]	29	512	512	1024	GENERIC	2.74508
create[ns]	29	512	512	1024	CLMUL	9.55357
create-total[ms]	29	512	512	1024	CLMUL	5.00882
create[ns]	29	512	512	1024	CLMUL_TRI	9.56544
create-total[ms]	29	512	512	1024	CLMUL_TRI	5.01505
recover[ms]	29	1024	8	0	GENERIC	0.22373
recover[ms]	29	1024	8	0	CLMUL	0.05750
recover[ms]	29	1024	8	0	CLMUL_TRI	0.06795
create[ns]	29	1024	8	1024	GENERIC	5.11967
create-total[ms]	29	1024	8	1024	GENERIC	5.36836
create[ns]	29	1024	8	1024	CLMUL	9.57024
create-total[ms]	29	1024	8	1024	CLMUL	10.03513
create[ns]	29	1024	8	1024	CLMUL_TRI	9.57597
create-total[ms]	29	1024	8	1024	CLMUL_TRI	10.04113
recover[ms]	29	1024	16	0	GENERIC	0.38586
recover[ms]	29	1024	16	0	CLMUL	0.13128
recover[ms]	29	1024	16	0	CLMUL_TRI	0.15441
create[ns]	29	1024	16	1024	GENERIC	5.11833
create-total[ms]	29	1024	16	1024	GENERIC	5.36696
create[ns]	29	1024	16	1024	CLMUL	9.57028
create-total[ms]	29	1024	16	1024	CLMUL	10.03517
create[ns]	29	1024	16	1024	CLMUL_TRI	9.57669
create-total[ms]	29	1024	16	1024	CLMUL_TRI	10.04189
recover[ms]	29	1024	32	0	GENERIC	0.79062
recover[ms]	29	1024	32	0	CLMUL	0.32573
recover[ms]	29	1024	32	0	CLMUL_TRI	0.38798
create[ns]	29	1024	32	1024	GENERIC	5.11792
create-total[ms]	29	1024	32	1024	GENERIC	5.36653
create[ns]	29	1024	32	1024	CLMUL	9.57024
create-total[ms]	29	1024	32	1024	CLMUL	10.03513
create[ns]	29	1024	32	1024	CLMUL_TRI	9.57595
create-total[ms]	29	1024	32	1024	CLMUL_TRI	10.04111
recover[ms]	29	1024	64	0	GENERIC	1.89861
recover[ms]	29	1024	64	0	CLMUL	0.89792
recover[ms]	29	1024	64	0	CLMUL_TRI	1.05766
create[ns]	29	1024	64	1024	GENERIC	5.11635
create-total[ms]	29	1024	64	1024	GENERIC	5.36488
create[ns]	29	1024	64	1024	CLMUL	9.57028
create-total[ms]	29	1024	64	1024	CLMUL	10.03517
create[ns]	29	1024	64	1024	CLMUL_TRI	9.57607
create-total[ms]	29	1024	64	1024	CLMUL_TRI	10.04124
recover[ms]	29	1024	128	0	GENERIC	5.21184
recover[ms]	29	1024	128	0	CLMUL	2.68212
recover[ms]	29	1024	128	0	CLMUL_TRI	3.17058
create[ns]	29	1024	128	1024	GENERIC	5.11575
create-total[ms]	29	1024	128	1024	GENERIC	5.36425
create[ns]	29	1024	128	1024	CLMUL	9.57023
create-total[ms]	29	1024	128	1024	CLMUL	10.03511
create[ns]	29	1024	128	1024	CLMUL_TRI	9.57600
create-total[ms]	29	1024	128	1024	CLMUL_TRI	10.04117
recover[ms]	29	1024	256	0	GENERIC	16.65763
recover[ms]	29	1024	256	0	CLMUL	8.66067
recover[ms]	29	1024	256	0	CLMUL_TRI	10.32721
create[ns]	29	1024	256	1024	GENERIC	5.12034
create-total[ms]	29	1024	256	1024	GENERIC	5.36907
create[ns]	29	1024	256	1024	CLMUL	9.57028
create-total[ms]	29	1024	256	1024	CLMUL	10.03517
create[ns]	29	1024	256	1024	CLMUL_TRI	9.57598
create-total[ms]	29	1024	256	1024	CLMUL_TRI	10.04115
recover[ms]	29	1024	384	0	GENERIC	32.15320
recover[ms]	29	1024	384	0	CLMUL	17.64587
recover[ms]	29	1024	384	0	CLMUL_TRI	21.15201
create[ns]	29	1024	384	1024	GENERIC	5.11995
create-total[ms]	29	1024	384	1024	GENERIC	5.36866
create[ns]	29	1024	384	1024	CLMUL	9.57024
create-total[ms]	29	1024	384	1024	CLMUL	10.03513
create[ns]	29	1024	384	1024	CLMUL_TRI	9.57678
create-total[ms]	29	1024	384	1024	CLMUL_TRI	10.04198
recover[ms]	29	1024	512	0	GENERIC	52.33572
recover[ms]	29	1024	512	0	CLMUL	29.69820
recover[ms]	29	1024	512	0	CLMUL_TRI	35.69742
create[ns]	29	1024	512	1024	GENERIC	5.12257
create-total[ms]	29	1024	512	1024	GENERIC	5.37140
create[ns]	29	1024	512	1024	CLMUL	9.57023
create-total[ms]	29	1024	512	1024	CLMUL	10.03511
create[ns]	29	1024	512	1024	CLMUL_TRI	9.57671
create-total[ms]	29	1024	512	1024	CLMUL_TRI	10.04191
recover[ms]	29	1024	768	0	GENERIC	105.26474
recover[ms]	29	1024	768	0	CLMUL	62.08385
recover[ms]	29	1024	768	0	CLMUL_TRI	74.82911
create[ns]	29	1024	768	1024	GENERIC	5.12288
create-total[ms]	29	1024	768	1024	GENERIC	5.37173
create[ns]	29	1024	768	1024	CLMUL	9.57026
create-total[ms]	29	1024	768	1024	CLMUL	10.03515
create[ns]	29	1024	768	1024	CLMUL_TRI	9.57676
create-total[ms]	29	1024	768	1024	CLMUL_TRI	10.04196
recover[ms]	29	1024	1024	0	GENERIC	175.89432
recover[ms]	29	1024	1024	0	CLMUL	105.89236
recover[ms]	29	1024	1024	0	CLMUL_TRI	127.90625
create[ns]	29	1024	1024	1024	GENERIC	5.12071
create-total[ms]	29	1024	1024	1024	GENERIC	5.36946
create[ns]	29	1024	1024	1024	CLMUL	9.57028
create-total[ms]	29	1024	1024	1024	CLMUL	10.03517
create[ns]	29	1024	1024	1024	CLMUL_TRI	9.57614
create-total[ms]	29	1024	1024	1024	CLMUL_TRI	10.04131
recover[ms]	29	2048	8	0	GENERIC	0.39458
recover[ms]	29	2048	8	0	CLMUL	0.10084
recover[ms]	29	2048	8	0	CLMUL_TRI	0.11909
create[ns]	29	2048	8	1024	GENERIC	5.09325
create-total[ms]	29	2048	8	1024	GENERIC	10.68132
create[ns]	29	2048	8	1024	CLMUL	9.57917
create-total[ms]	29	2048	8	1024	CLMUL	20.08898
create[ns]	29	2048	8	1024	CLMUL_TRI	9.58203
create-total[ms]	29	2048	8	1024	CLMUL_TRI	20.09498
recover[ms]	29	2048	16	0	GENERIC	0.64145
recover[ms]	29	2048	16	0	CLMUL	0.21178
recover[ms]	29	2048	16	0	CLMUL_TRI	0.24871
create[ns]	29	2048	16	1024	GENERIC	5.09259
create-total[ms]	29	2048	16	1024	GENERIC	10.67993
create[ns]	29	2048	16	1024	CLMUL	9.57921
create-total[ms]	29	2048	16	1024	CLMUL	20.08905
create[ns]	29	2048	16	1024	CLMUL_TRI	9.58198
create-total[ms]	29	2048	16	1024	CLMUL_TRI	20.09487
recover[ms]	29	2048	32	0	GENERIC	1.18755
recover[ms]	29	2048	32	0	CLMUL	0.48576
recover[ms]	29	2048	32	0	CLMUL_TRI	0.57669
create[ns]	29	2048	32	1024	GENERIC	5.15882
create-total[ms]	29	2048	32	1024	GENERIC	10.81882
create[ns]	29	2048	32	1024	CLMUL	9.57913
create-total[ms]	29	2048	32	1024	CLMUL	20.08889
create[ns]	29	2048	32	1024	CLMUL_TRI	9.58200
create-total[ms]	29	2048	32	1024	CLMUL_TRI	20.09491
recover[ms]	29	2048	64	0	GENERIC	2.56902
recover[ms]	29	2048	64	0	CLMUL	1.21351
recover[ms]	29	2048	64	0	CLMUL_TRI	1.42866
create[ns]	29	2048	64	1024	GENERIC	5.15573
create-total[ms]	29	2048	64	1024	GENERIC	10.81236
create[ns]	29	2048	64	1024	CLMUL	9.57918
create-total[ms]	29	2048	64	1024	CLMUL	20.08900
create[ns]	29	2048	64	1024	CLMUL_TRI	9.58199
create-total[ms]	29	2048	64	1024	CLMUL_TRI	20.09489
recover[ms]	29	2048	128	0	GENERIC	6.45919
recover[ms]	29	2048	128	0	CLMUL	3.29042
recover[ms]	29	2048	128	0	CLMUL_TRI	3.91324
create[ns]	29	2048	128	1024	GENERIC	5.09326
create-total[ms]	29	2048	128	1024	GENERIC	10.68134
create[ns]	29	2048	128	1024	CLMUL	9.57915
create-total[ms]	29	2048	128	1024	CLMUL	20.08894
create[ns]	29	2048	128	1024	CLMUL_TRI	9.58202
create-total[ms]	29	2048	128	1024	CLMUL_TRI	20.09494
recover[ms]	29	2048	256	0	GENERIC	20.12765
recover[ms]	29	2048	256	0	CLMUL	9.88383
recover[ms]	29	2048	256	0	CLMUL_TRI	11.79022
create[ns]	29	2048	256	1024	GENERIC	5.09325
create-total[ms]	29	2048	256	1024	GENERIC	10.68132
create[ns]	29	2048	256	1024	CLMUL	9.57921
create-total[ms]	29	2048	256	1024	CLMUL	20.08905
create[ns]	29	2048	256	1024	CLMUL_TRI	9.58210
create-total[ms]	29	2048	256	1024	CLMUL_TRI	20.09513
recover[ms]	29	2048	384	0	GENERIC	37.32279
recover[ms]	29	2048	384	0	CLMUL	19.45492
recover[ms]	29	2048	384	0	CLMUL_TRI	23.38247
create[ns]	29	2048	384	1024	GENERIC	5.09276
create-total[ms]	29	2048	384	1024	GENERIC	10.68030
create[ns]	29	2048	384	1024	CLMUL	9.57916
create-total[ms]	29	2048	384	1024	CLMUL	20.08896
create[ns]	29	2048	384	1024	CLMUL_TRI	9.58210
create-total[ms]	29	2048	384	1024	CLMUL_TRI	20.09511
recover[ms]	29	2048	512	0	GENERIC	59.13936
recover[ms]	29	2048	512	0	CLMUL	32.12239
recover[ms]	29	2048	512	0	CLMUL_TRI	38.70649
create[ns]	29	2048	512	1024	GENERIC	5.15706
create-total[ms]	29	2048	512	1024	GENERIC	10.81514
create[ns]	29	2048	512	1024	CLMUL	9.57913
create-total[ms]	29	2048	512	1024	CLMUL	20.08889
create[ns]	29	2048	512	1024	CLMUL_TRI	9.58204
create-total[ms]	29	2048	512	1024	CLMUL_TRI	20.09500
recover[ms]	29	2048	768	0	GENERIC	115.62612
recover[ms]	29	2048	768	0	CLMUL	65.72255
recover[ms]	29	2048	768	0	CLMUL_TRI	79.15165
create[ns]	29	2048	768	1024	GENERIC	5.09460
create-total[ms]	29	2048	768	1024	GENERIC	10.68415
create[ns]	29	2048	768	1024	CLMUL	9.57914
create-total[ms]	29	2048	768	1024	CLMUL	20.08891
create[ns]	29	2048	768	1024	CLMUL_TRI	9.58200
create-total[ms]	29	2048	768	1024	CLMUL_TRI	20.09491
recover[ms]	29	2048	1024	0	GENERIC	191.88626
recover[ms]	29	2048	1024	0	CLMUL	110.89333
recover[ms]	29	2048	1024	0	CLMUL_TRI	133.93112
create[ns]	29	2048	1024	1024	GENERIC	5.09375
create-total[ms]	29	2048	1024	1024	GENERIC	10.68238
create[ns]	29	2048	1024	1024	CLMUL	9.57923
create-total[ms]	29	2048	1024	1024	CLMUL	20.08909
create[ns]	29	2048	1024	1024	CLMUL_TRI	9.58201
create-total[ms]	29	2048	1024	1024	CLMUL_TRI	20.09492
recover[ms]	29	2048	1536	0	GENERIC	392.73005
recover[ms]	29	2048	1536	0	CLMUL	232.28769
recover[ms]	29	2048	1536	0	CLMUL_TRI	281.27521
create[ns]	29	2048	1536	1024	GENERIC	5.09408
create-total[ms]	29	2048	1536	1024	GENERIC	10.68306
create[ns]	29	2048	1536	1024	CLMUL	9.57915
create-total[ms]	29	2048	1536	1024	CLMUL	20.08892
create[ns]	29	2048	1536	1024	CLMUL_TRI	9.58204
create-total[ms]	29	2048	1536	1024	CLMUL_TRI	20.09500
recover[ms]	29	2048	2048	0	GENERIC	653.35979
recover[ms]	29	2048	2048	0	CLMUL	397.48507
recover[ms]	29	2048	2048	0	CLMUL_TRI	481.58810
create[ns]	29	2048	2048	1024	GENERIC	5.09390
create-total[ms]	29	2048	2048	1024	GENERIC	10.68269
create[ns]	29	2048	2048	1024	CLMUL	9.57917
create-total[ms]	29	2048	2048	1024	CLMUL	20.08898
create[ns]	29	2048	2048	1024	CLMUL_TRI	9.58206
create-total[ms]	29	2048	2048	1024	CLMUL_TRI	20.09504
recover[ms]	29	3072	8	0	GENERIC	0.59121
recover[ms]	29	3072	8	0	CLMUL	0.14428
recover[ms]	29	3072	8	0	CLMUL_TRI	0.17113
create[ns]	29	3072	8	1024	GENERIC	5.08437
create-total[ms]	29	3072	8	1024	GENERIC	15.99405
create[ns]	29	3072	8	1024	CLMUL	9.58162
create-total[ms]	29	3072	8	1024	CLMUL	30.14118
create[ns]	29	3072	8	1024	CLMUL_TRI	9.58367
create-total[ms]	29	3072	8	1024	CLMUL_TRI	30.14763
recover[ms]	29	3072	16	0	GENERIC	0.90421
recover[ms]	29	3072	16	0	CLMUL	0.29559
recover[ms]	29	3072	16	0	CLMUL_TRI	0.34732
create[ns]	29	3072	16	1024	GENERIC	5.08528
create-total[ms]	29	3072	16	1024	GENERIC	15.99691
create[ns]	29	3072	16	1024	CLMUL	9.58191
create-total[ms]	29	3072	16	1024	CLMUL	30.14209
create[ns]	29	3072	16	1024	CLMUL_TRI	9.58356
create-total[ms]	29	3072	16	1024	CLMUL_TRI	30.14726
recover[ms]	29	3072	32	0	GENERIC	1.56898
recover[ms]	29	3072	32	0	CLMUL	0.64388
recover[ms]	29	3072	32	0	CLMUL_TRI	0.76112
create[ns]	29	3072	32	1024	GENERIC	5.08491
create-total[ms]	29	3072	32	1024	GENERIC	15.99574
create[ns]	29	3072	32	1024	CLMUL	9.58167
create-total[ms]	29	3072	32	1024	CLMUL	30.14133
create[ns]	29	3072	32	1024	CLMUL_TRI	9.58366
create-total[ms]	29	3072	32	1024	CLMUL_TRI	30.14759
recover[ms]	29	3072	64	0	GENERIC	3.19992
recover[ms]	29	3072	64	0	CLMUL	1.51468
recover[ms]	29	3072	64	0	CLMUL_TRI	1.80705
create[ns]	29	3072	64	1024	GENERIC	5.08221
create-total[ms]	29	3072	64	1024	GENERIC	15.98726
create[ns]	29	3072	64	1024	CLMUL	9.58188
create-total[ms]	29	3072	64	1024	CLMUL	30.14200
create[ns]	29	3072	64	1024	CLMUL_TRI	9.58376
create-total[ms]	29	3072	64	1024	CLMUL_TRI	30.14789
recover[ms]	29	3072	128	0	GENERIC	7.77015
recover[ms]	29	3072	128	0	CLMUL	3.90294
recover[ms]	29	3072	128	0	CLMUL_TRI	4.66978
create[ns]	29	3072	128	1024	GENERIC	5.08467
create-total[ms]	29	3072	128	1024	GENERIC	15.99500
create[ns]	29	3072	128	1024	CLMUL	9.58179
create-total[ms]	29	3072	128	1024	CLMUL	30.14170
create[ns]	29	3072	128	1024	CLMUL_TRI	9.58367
create-total[ms]	29	3072	128	1024	CLMUL_TRI	30.14763
recover[ms]	29	3072	256	0	GENERIC	23.81826
recover[ms]	29	3072	256	0	CLMUL	11.11414
recover[ms]	29	3072	256	0	CLMUL_TRI	13.34218
create[ns]	29	3072	256	1024	GENERIC	5.08559
create-total[ms]	29	3072	256	1024	GENERIC	15.99787
create[ns]	29	3072	256	1024	CLMUL	9.58167
create-total[ms]	29	3072	256	1024	CLMUL	30.14133
create[ns]	29	3072	256	1024	CLMUL_TRI	9.58363
create-total[ms]	29	3072	256	1024	CLMUL_TRI	30.14750
recover[ms]	29	3072	384	0	GENERIC	42.86228
recover[ms]	29	3072	384	0	CLMUL	21.31296
recover[ms]	29	3072	384	0	CLMUL_TRI	25.66640
create[ns]	29	3072	384	1024	GENERIC	5.08468
create-total[ms]	29	3072	384	1024	GENERIC	15.99502
create[ns]	29	3072	384	1024	CLMUL	9.58173
create-total[ms]	29	3072	384	1024	CLMUL	30.14152
create[ns]	29	3072	384	1024	CLMUL_TRI	9.58368
create-total[ms]	29	3072	384	1024	CLMUL_TRI	30.14766
recover[ms]	29	3072	512	0	GENERIC	66.27759
recover[ms]	29	3072	512	0	CLMUL	34.56376
recover[ms]	29	3072	512	0	CLMUL_TRI	41.65058
create[ns]	29	3072	512	1024	GENERIC	5.14856
create-total[ms]	29	3072	512	1024	GENERIC	16.19598
create[ns]	29	3072	512	1024	CLMUL	9.58166
create-total[ms]	29	3072	512	1024	CLMUL	30.14129
create[ns]	29	3072	512	1024	CLMUL_TRI	9.58358
create-total[ms]	29	3072	512	1024	CLMUL_TRI	30.14735
recover[ms]	29	3072	768	0	GENERIC	126.65407
recover[ms]	29	3072	768	0	CLMUL	69.35869
recover[ms]	29	3072	768	0	CLMUL_TRI	83.82470
create[ns]	29	3072	768	1024	GENERIC	5.14872
create-total[ms]	29	3072	768	1024	GENERIC	16.19648
create[ns]	29	3072	768	1024	CLMUL	9.58161
create-total[ms]	29	3072	768	1024	CLMUL	30.14115
create[ns]	29	3072	768	1024	CLMUL_TRI	9.58357
create-total[ms]	29	3072	768	1024	CLMUL_TRI	30.14731
recover[ms]	29	3072	1024	0	GENERIC	210.39236
recover[ms]	29	3072	1024	0	CLMUL	115.73038
recover[ms]	29	3072	1024	0	CLMUL_TRI	139.92475
create[ns]	29	3072	1024	1024	GENERIC	5.08470
create-total[ms]	29	3072	1024	1024	GENERIC	15.99509
create[ns]	29	3072	1024	1024	CLMUL	9.58168
create-total[ms]	29	3072	1024	1024	CLMUL	30.14135
create[ns]	29	3072	1024	1024	CLMUL_TRI	9.58367
create-total[ms]	29	3072	1024	1024	CLMUL_TRI	30.14761
recover[ms]	29	3072	1536	0	GENERIC	428.18856
recover[ms]	29	3072	1536	0	CLMUL	239.67173
recover[ms]	29	3072	1536	0	CLMUL_TRI	290.21914
create[ns]	29	3072	1536	1024	GENERIC	5.08498
create-total[ms]	29	3072	1536	1024	GENERIC	15.99596
create[ns]	29	3072	1536	1024	CLMUL	9.58162
create-total[ms]	29	3072	1536	1024	CLMUL	30.14118
create[ns]	29	3072	1536	1024	CLMUL_TRI	9.58367
create-total[ms]	29	3072	1536	1024	CLMUL_TRI	30.14763
recover[ms]	29	3072	2048	0	GENERIC	699.61542
recover[ms]	29	3072	2048	0	CLMUL	407.26738
recover[ms]	29	3072	2048	0	CLMUL_TRI	493.63529
create[ns]	29	3072	2048	1024	GENERIC	5.08550
create-total[ms]	29	3072	2048	1024	GENERIC	15.99759
create[ns]	29	3072	2048	1024	CLMUL	9.58172
create-total[ms]	29	3072	2048	1024	CLMUL	30.14148
create[ns]	29	3072	2048	1024	CLMUL_TRI	9.58370
create-total[ms]	29	3072	2048	1024	CLMUL_TRI	30.14770
recover[ms]	29	4096	8	0	GENERIC	0.82456
recover[ms]	29	4096	8	0	CLMUL	0.18758
recover[ms]	29	4096	8	0	CLMUL_TRI	0.22232
create[ns]	29	4096	8	1024	GENERIC	5.08082
create-total[ms]	29	4096	8	1024	GENERIC	21.31049
create[ns]	29	4096	8	1024	CLMUL	9.58335
create-total[ms]	29	4096	8	1024	CLMUL	40.19548
create[ns]	29	4096	8	1024	CLMUL_TRI	9.58493
create-total[ms]	29	4096	8	1024	CLMUL_TRI	40.20211
recover[ms]	29	4096	16	0	GENERIC	1.23029
recover[ms]	29	4096	16	0	CLMUL	0.37595
recover[ms]	29	4096	16	0	CLMUL_TRI	0.44606
create[ns]	29	4096	16	1024	GENERIC	5.07829
create-total[ms]	29	4096	16	1024	GENERIC	21.29988
create[ns]	29	4096	16	1024	CLMUL	9.58328
create-total[ms]	29	4096	16	1024	CLMUL	40.19518
create[ns]	29	4096	16	1024	CLMUL_TRI	9.58493
create-total[ms]	29	4096	16	1024	CLMUL_TRI	40.20213
recover[ms]	29	4096	32	0	GENERIC	1.95226
recover[ms]	29	4096	32	0	CLMUL	0.79884
recover[ms]	29	4096	32	0	CLMUL_TRI	0.96447
create[ns]	29	4096	32	1024	GENERIC	5.14432
create-total[ms]	29	4096	32	1024	GENERIC	21.57683
create[ns]	29	4096	32	1024	CLMUL	9.58330
create-total[ms]	29	4096	32	1024	CLMUL	40.19528
create[ns]	29	4096	32	1024	CLMUL_TRI	9.58487
create-total[ms]	29	4096	32	1024	CLMUL_TRI	40.20187
recover[ms]	29	4096	64	0	GENERIC	3.86507
recover[ms]	29	4096	64	0	CLMUL	1.82272
recover[ms]	29	4096	64	0	CLMUL_TRI	2.18917
create[ns]	29	4096	64	1024	GENERIC	5.08014
create-total[ms]	29	4096	64	1024	GENERIC	21.30764
create[ns]	29	4096	64	1024	CLMUL	9.58325
create-total[ms]	29	4096	64	1024	CLMUL	40.19507
create[ns]	29	4096	64	1024	CLMUL_TRI	9.58488
create-total[ms]	29	4096	64	1024	CLMUL_TRI	40.20191
recover[ms]	29	4096	128	0	GENERIC	9.33318
recover[ms]	29	4096	128	0	CLMUL	4.51706
recover[ms]	29	4096	128	0	CLMUL_TRI	5.41153
create[ns]	29	4096	128	1024	GENERIC	5.14297
create-total[ms]	29	4096	128	1024	GENERIC	21.57120
create[ns]	29	4096	128	1024	CLMUL	9.58329
create-total[ms]	29	4096	128	1024	CLMUL	40.19522
create[ns]	29	4096	128	1024	CLMUL_TRI	9.58489
create-total[ms]	29	4096	128	1024	CLMUL_TRI	40.20196
recover[ms]	29	4096	256	0	GENERIC	28.12461
recover[ms]	29	4096	256	0	CLMUL	12.34023
recover[ms]	29	4096	256	0	CLMUL_TRI	14.82247
create[ns]	29	4096	256	1024	GENERIC	5.08082
create-total[ms]	29	4096	256	1024	GENERIC	21.31051
create[ns]	29	4096	256	1024	CLMUL	9.58333
create-total[ms]	29	4096	256	1024	CLMUL	40.19541
create[ns]	29	4096	256	1024	CLMUL_TRI	9.58484
create-total[ms]	29	4096	256	1024	CLMUL_TRI	40.20172
recover[ms]	29	4096	384	0	GENERIC	48.85813
recover[ms]	29	4096	384	0	CLMUL	23.15443
recover[ms]	29	4096	384	0	CLMUL_TRI	27.91802
create[ns]	29	4096	384	1024	GENERIC	5.14374
create-total[ms]	29	4096	384	1024	GENERIC	21.57440
create[ns]	29	4096	384	1024	CLMUL	9.58332
create-total[ms]	29	4096	384	1024	CLMUL	40.19535
create[ns]	29	4096	384	1024	CLMUL_TRI	9.58480
create-total[ms]	29	4096	384	1024	CLMUL_TRI	40.20155
recover[ms]	29	4096	512	0	GENERIC	74.29739
recover[ms]	29	4096	512	0	CLMUL	37.03903
recover[ms]	29	4096	512	0	CLMUL_TRI	44.74295
create[ns]	29	4096	512	1024	GENERIC	5.07977
create-total[ms]	29	4096	512	1024	GENERIC	21.30610
create[ns]	29	4096	512	1024	CLMUL	9.58337
create-total[ms]	29	4096	512	1024	CLMUL	40.19557
create[ns]	29	4096	512	1024	CLMUL_TRI	9.58492
create-total[ms]	29	4096	512	1024	CLMUL_TRI	40.20205
recover[ms]	29	4096	768	0	GENERIC	140.39651
recover[ms]	29	4096	768	0	CLMUL	72.97963
recover[ms]	29	4096	768	0	CLMUL_TRI	88.21940
create[ns]	29	4096	768	1024	GENERIC	5.07960
create-total[ms]	29	4096	768	1024	GENERIC	21.30538
create[ns]	29	4096	768	1024	CLMUL	9.58332
create-total[ms]	29	4096	768	1024	CLMUL	40.19535
create[ns]	29	4096	768	1024	CLMUL_TRI	9.58488
create-total[ms]	29	4096	768	1024	CLMUL_TRI	40.20189
recover[ms]	29	4096	1024	0	GENERIC	232.87156
recover[ms]	29	4096	1024	0	CLMUL	120.57237
recover[ms]	29	4096	1024	0	CLMUL_TRI	145.96827
create[ns]	29	4096	1024	1024	GENERIC	5.08086
create-total[ms]	29	4096	1024	1024	GENERIC	21.31066
create[ns]	29	4096	1024	1024	CLMUL	9.58334
create-total[ms]	29	4096	1024	1024	CLMUL	40.19543
create[ns]	29	4096	1024	1024	CLMUL_TRI	9.58471
create-total[ms]	29	4096	1024	1024	CLMUL_TRI	40.20118
recover[ms]	29	4096	1536	0	GENERIC	465.93663
recover[ms]	29	4096	1536	0	CLMUL	246.81849
recover[ms]	29	4096	1536	0	CLMUL_TRI	299.02724
create[ns]	29	4096	1536	1024	GENERIC	5.08062
create-total[ms]	29	4096	1536	1024	GENERIC	21.30966
create[ns]	29	4096	1536	1024	CLMUL	9.58336
create-total[ms]	29	4096	1536	1024	CLMUL	40.19552
create[ns]	29	4096	1536	1024	CLMUL_TRI	9.58493
create-total[ms]	29	4096	1536	1024	CLMUL_TRI	40.20211
recover[ms]	29	4096	2048	0	GENERIC	746.87276
recover[ms]	29	4096	2048	0	CLMUL	416.91764
recover[ms]	29	4096	2048	0	CLMUL_TRI	505.72046
create[ns]	29	4096	2048	1024	GENERIC	5.14348
create-total[ms]	29	4096	2048	1024	GENERIC	21.57333
create[ns]	29	4096	2048	1024	CLMUL	9.58335
create-total[ms]	29	4096	2048	1024	CLMUL	40.19550
create[ns]	29	4096	2048	1024	CLMUL_TRI	9.58490
create-total[ms]	29	4096	2048	1024	CLMUL_TRI	40.20198
recover[ms]	29	5120	8	0	GENERIC	0.97084
recover[ms]	29	5120	8	0	CLMUL	0.22965
recover[ms]	29	5120	8	0	CLMUL_TRI	0.27458
create[ns]	29	5120	8	1024	GENERIC	5.07775
create-total[ms]	29	5120	8	1024	GENERIC	26.62204
create[ns]	29	5120	8	1024	CLMUL	9.58403
create-total[ms]	29	5120	8	1024	CLMUL	50.24792
create[ns]	29	5120	8	1024	CLMUL_TRI	9.58522
create-total[ms]	29	5120	8	1024	CLMUL_TRI	50.25415
recover[ms]	29	5120	16	0	GENERIC	1.52077
recover[ms]	29	5120	16	0	CLMUL	0.45582
recover[ms]	29	5120	16	0	CLMUL_TRI	0.54280
create[ns]	29	5120	16	1024	GENERIC	5.07903
create-total[ms]	29	5120	16	1024	GENERIC	26.62873
create[ns]	29	5120	16	1024	CLMUL	9.58406
create-total[ms]	29	5120	16	1024	CLMUL	50.24805
create[ns]	29	5120	16	1024	CLMUL_TRI	9.58513
create-total[ms]	29	5120	16	1024	CLMUL_TRI	50.25367
recover[ms]	29	5120	32	0	GENERIC	2.36623
recover[ms]	29	5120	32	0	CLMUL	0.95769
recover[ms]	29	5120	32	0	CLMUL_TRI	1.15875
create[ns]	29	5120	32	1024	GENERIC	5.07764
create-total[ms]	29	5120	32	1024	GENERIC	26.62147
create[ns]	29	5120	32	1024	CLMUL	9.58400
create-total[ms]	29	5120	32	1024	CLMUL	50.24774
create[ns]	29	5120	32	1024	CLMUL_TRI	9.58528
create-total[ms]	29	5120	32	1024	CLMUL_TRI	50.25450
recover[ms]	29	5120	64	0	GENERIC	4.50702
recover[ms]	29	5120	64	0	CLMUL	2.13215
recover[ms]	29	5120	64	0	CLMUL_TRI	2.56847
create[ns]	29	5120	64	1024	GENERIC	5.07637
create-total[ms]	29	5120	64	1024	GENERIC	26.61478
create[ns]	29	5120	64	1024	CLMUL	9.58413
create-total[ms]	29	5120	64	1024	CLMUL	50.24846
create[ns]	29	5120	64	1024	CLMUL_TRI	9.58517
create-total[ms]	29	5120	64	1024	CLMUL_TRI	50.25391
recover[ms]	29	5120	128	0	GENERIC	10.71756
recover[ms]	29	5120	128	0	CLMUL	5.13053
recover[ms]	29	5120	128	0	CLMUL_TRI	6.17498
create[ns]	29	5120	128	1024	GENERIC	5.08054
create-total[ms]	29	5120	128	1024	GENERIC	26.63667
create[ns]	29	5120	128	1024	CLMUL	9.58421
create-total[ms]	29	5120	128	1024	CLMUL	50.24887
create[ns]	29	5120	128	1024	CLMUL_TRI	9.58513
create-total[ms]	29	5120	128	1024	CLMUL_TRI	50.25367
recover[ms]	29	5120	256	0	GENERIC	32.04913
recover[ms]	29	5120	256	0	CLMUL	13.54927
recover[ms]	29	5120	256	0	CLMUL_TRI	16.30895
create[ns]	29	5120	256	1024	GENERIC	5.14045
create-total[ms]	29	5120	256	1024	GENERIC	26.95075
create[ns]	29	5120	256	1024	CLMUL	9.58403
create-total[ms]	29	5120	256	1024	CLMUL	50.24792
create[ns]	29	5120	256	1024	CLMUL_TRI	9.58507
create-total[ms]	29	5120	256	1024	CLMUL_TRI	50.25335
recover[ms]	29	5120	384	0	GENERIC	54.54580
recover[ms]	29	5120	384	0	CLMUL	24.97136
recover[ms]	29	5120	384	0	CLMUL_TRI	30.17452
create[ns]	29	5120	384	1024	GENERIC	5.07700
create-total[ms]	29	5120	384	1024	GENERIC	26.61811
create[ns]	29	5120	384	1024	CLMUL	9.58405
create-total[ms]	29	5120	384	1024	CLMUL	50.24802
create[ns]	29	5120	384	1024	CLMUL_TRI	9.58536
create-total[ms]	29	5120	384	1024	CLMUL_TRI	50.25491
recover[ms]	29	5120	512	0	GENERIC	81.72040
recover[ms]	29	5120	512	0	CLMUL	39.47266
recover[ms]	29	5120	512	0	CLMUL_TRI	47.71492
create[ns]	29	5120	512	1024	GENERIC	5.07845
create-total[ms]	29	5120	512	1024	GENERIC	26.62571
create[ns]	29	5120	512	1024	CLMUL	9.58425
create-total[ms]	29	5120	512	1024	CLMUL	50.24909
create[ns]	29	5120	512	1024	CLMUL_TRI	9.58510
create-total[ms]	29	5120	512	1024	CLMUL_TRI	50.25354
recover[ms]	29	5120	768	0	GENERIC	151.92612
recover[ms]	29	5120	768	0	CLMUL	76.65154
recover[ms]	29	5120	768	0	CLMUL_TRI	92.72644
create[ns]	29	5120	768	1024	GENERIC	5.07766
create-total[ms]	29	5120	768	1024	GENERIC	26.62154
create[ns]	29	5120	768	1024	CLMUL	9.58408
create-total[ms]	29	5120	768	1024	CLMUL	50.24817
create[ns]	29	5120	768	1024	CLMUL_TRI	9.58511
create-total[ms]	29	5120	768	1024	CLMUL_TRI	50.25357
recover[ms]	29	5120	1024	0	GENERIC	253.23260
recover[ms]	29	5120	1024	0	CLMUL	125.40956
recover[ms]	29	5120	1024	0	CLMUL_TRI	151.88467
create[ns]	29	5120	1024	1024	GENERIC	5.07855
create-total[ms]	29	5120	1024	1024	GENERIC	26.62623
create[ns]	29	5120	1024	1024	CLMUL	9.58409
create-total[ms]	29	5120	1024	1024	CLMUL	50.24826
create[ns]	29	5120	1024	1024	CLMUL_TRI	9.58504
create-total[ms]	29	5120	1024	1024	CLMUL_TRI	50.25320
recover[ms]	29	5120	1536	0	GENERIC	503.06129
recover[ms]	29	5120	1536	0	CLMUL	254.20889
recover[ms]	29	5120	1536	0	CLMUL_TRI	308.05401
create[ns]	29	5120	1536	1024	GENERIC	5.07775
create-total[ms]	29	5120	1536	1024	GENERIC	26.62206
create[ns]	29	5120	1536	1024	CLMUL	9.58394
create-total[ms]	29	5120	1536	1024	CLMUL	50.24746
create[ns]	29	5120	1536	1024	CLMUL_TRI	9.58514
create-total[ms]	29	5120	1536	1024	CLMUL_TRI	50.25374
recover[ms]	29	5120	2048	0	GENERIC	804.22306
recover[ms]	29	5120	2048	0	CLMUL	426.59716
recover[ms]	29	5120	2048	0	CLMUL_TRI	517.33890
create[ns]	29	5120	2048	1024	GENERIC	5.07739
create-total[ms]	29	5120	2048	1024	GENERIC	26.62013
create[ns]	29	5120	2048	1024	CLMUL	9.58393
create-total[ms]	29	5120	2048	1024	CLMUL	50.24741
create[ns]	29	5120	2048	1024	CLMUL_TRI	9.58515
create-total[ms]	29	5120	2048	1024	CLMUL_TRI	50.25381
recover[ms]	29	6144	8	0	GENERIC	1.17525
recover[ms]	29	6144	8	0	CLMUL	0.27459
recover[ms]	29	6144	8	0	CLMUL_TRI	0.32493
create[ns]	29	6144	8	1024	GENERIC	5.07631
create-total[ms]	29	6144	8	1024	GENERIC	31.93737
create[ns]	29	6144	8	1024	CLMUL	9.58471
create-total[ms]	29	6144	8	1024	CLMUL	60.30176
create[ns]	29	6144	8	1024	CLMUL_TRI	9.58561
create-total[ms]	29	6144	8	1024	CLMUL_TRI	60.30744
recover[ms]	29	6144	16	0	GENERIC	1.82196
recover[ms]	29	6144	16	0	CLMUL	0.53806
recover[ms]	29	6144	16	0	CLMUL_TRI	0.64938
create[ns]	29	6144	16	1024	GENERIC	5.07623
create-total[ms]	29	6144	16	1024	GENERIC	31.93687
create[ns]	29	6144	16	1024	CLMUL	9.58478
create-total[ms]	29	6144	16	1024	CLMUL	60.30224
create[ns]	29	6144	16	1024	CLMUL_TRI	9.58577
create-total[ms]	29	6144	16	1024	CLMUL_TRI	60.30848
recover[ms]	29	6144	32	0	GENERIC	2.77593
recover[ms]	29	6144	32	0	CLMUL	1.11570
recover[ms]	29	6144	32	0	CLMUL_TRI	1.34572
create[ns]	29	6144	32	1024	GENERIC	5.07626
create-total[ms]	29	6144	32	1024	GENERIC	31.93705
create[ns]	29	6144	32	1024	CLMUL	9.58471
create-total[ms]	29	6144	32	1024	CLMUL	60.30176
create[ns]	29	6144	32	1024	CLMUL_TRI	9.58562
create-total[ms]	29	6144	32	1024	CLMUL_TRI	60.30754
recover[ms]	29	6144	64	0	GENERIC	5.22821
recover[ms]	29	6144	64	0	CLMUL	2.44250
recover[ms]	29	6144	64	0	CLMUL_TRI	2.93718
create[ns]	29	6144	64	1024	GENERIC	5.07256
create-total[ms]	29	6144	64	1024	GENERIC	31.91377
create[ns]	29	6144	64	1024	CLMUL	9.58485
create-total[ms]	29	6144	64	1024	CLMUL	60.30268
create[ns]	29	6144	64	1024	CLMUL_TRI	9.58563
create-total[ms]	29	6144	64	1024	CLMUL_TRI	60.30759
recover[ms]	29	6144	128	0	GENERIC	12.13009
recover[ms]	29	6144	128	0	CLMUL	5.74711
recover[ms]	29	6144	128	0	CLMUL_TRI	6.93388
create[ns]	29	6144	128	1024	GENERIC	5.07648
create-total[ms]	29	6144	128	1024	GENERIC	31.93848
create[ns]	29	6144	128	1024	CLMUL	9.58472
create-total[ms]	29	6144	128	1024	CLMUL	60.30187
create[ns]	29	6144	128	1024	CLMUL_TRI	9.58564
create-total[ms]	29	6144	128	1024	CLMUL_TRI	60.30765
recover[ms]	29	6144	256	0	GENERIC	35.94670
recover[ms]	29	6144	256	0	CLMUL	14.78317
recover[ms]	29	6144	256	0	CLMUL_TRI	17.79840
create[ns]	29	6144	256	1024	GENERIC	5.07623
create-total[ms]	29	6144	256	1024	GENERIC	31.93687
create[ns]	29	6144	256	1024	CLMUL	9.58466
create-total[ms]	29	6144	256	1024	CLMUL	60.30150
create[ns]	29	6144	256	1024	CLMUL_TRI	9.58568
create-total[ms]	29	6144	256	1024	CLMUL_TRI	60.30791
recover[ms]	29	6144	384	0	GENERIC	60.14222
recover[ms]	29	6144	384	0	CLMUL	26.82441
recover[ms]	29	6144	384	0	CLMUL_TRI	32.43450
create[ns]	29	6144	384	1024	GENERIC	5.07593
create-total[ms]	29	6144	384	1024	GENERIC	31.93500
create[ns]	29	6144	384	1024	CLMUL	9.58469
create-total[ms]	29	6144	384	1024	CLMUL	60.30163
create[ns]	29	6144	384	1024	CLMUL_TRI	9.58581
create-total[ms]	29	6144	384	1024	CLMUL_TRI	60.30870
recover[ms]	29	6144	512	0	GENERIC	89.17147
recover[ms]	29	6144	512	0	CLMUL	41.93103
recover[ms]	29	6144	512	0	CLMUL_TRI	50.69552
create[ns]	29	6144	512	1024	GENERIC	5.13769
create-total[ms]	29	6144	512	1024	GENERIC	32.32354
create[ns]	29	6144	512	1024	CLMUL	9.58470
create-total[ms]	29	6144	512	1024	CLMUL	60.30174
create[ns]	29	6144	512	1024	CLMUL_TRI	9.58570
create-total[ms]	29	6144	512	1024	CLMUL_TRI	60.30800
recover[ms]	29	6144	768	0	GENERIC	163.38684
recover[ms]	29	6144	768	0	CLMUL	80.40294
recover[ms]	29	6144	768	0	CLMUL_TRI	97.18776
create[ns]	29	6144	768	1024	GENERIC	5.07575
create-total[ms]	29	6144	768	1024	GENERIC	31.93385
create[ns]	29	6144	768	1024	CLMUL	9.58466
create-total[ms]	29	6144	768	1024	CLMUL	60.30148
create[ns]	29	6144	768	1024	CLMUL_TRI	9.58567
create-total[ms]	29	6144	768	1024	CLMUL_TRI	60.30783
recover[ms]	29	6144	1024	0	GENERIC	271.02427
recover[ms]	29	6144	1024	0	CLMUL	130.29925
recover[ms]	29	6144	1024	0	CLMUL_TRI	157.86717
create[ns]	29	6144	1024	1024	GENERIC	5.07570
create-total[ms]	29	6144	1024	1024	GENERIC	31.93353
create[ns]	29	6144	1024	1024	CLMUL	9.58473
create-total[ms]	29	6144	1024	1024	CLMUL	60.30189
create[ns]	29	6144	1024	1024	CLMUL_TRI	9.58564
create-total[ms]	29	6144	1024	1024	CLMUL_TRI	60.30761
recover[ms]	29	6144	1536	0	GENERIC	535.19696
recover[ms]	29	6144	1536	0	CLMUL	261.61624
recover[ms]	29	6144	1536	0	CLMUL_TRI	317.11062
create[ns]	29	6144	1536	1024	GENERIC	5.07598
create-total[ms]	29	6144	1536	1024	GENERIC	31.93529
create[ns]	29	6144	1536	1024	CLMUL	9.58469
create-total[ms]	29	6144	1536	1024	CLMUL	60.30163
create[ns]	29	6144	1536	1024	CLMUL_TRI	9.58565
create-total[ms]	29	6144	1536	1024	CLMUL_TRI	60.30768
recover[ms]	29	6144	2048	0	GENERIC	836.07391
recover[ms]	29	6144	2048	0	CLMUL	436.36325
recover[ms]	29	6144	2048	0	CLMUL_TRI	529.31170
create[ns]	29	6144	2048	1024	GENERIC	5.07605
create-total[ms]	29	6144	2048	1024	GENERIC	31.93577
create[ns]	29	6144	2048	1024	CLMUL	9.58469
create-total[ms]	29	6144	2048	1024	CLMUL	60.30163
create[ns]	29	6144	2048	1024	CLMUL_TRI	9.58576
create-total[ms]	29	6144	2048	1024	CLMUL_TRI	60.30841
recover[ms]	29	7168	8	0	GENERIC	1.45153
recover[ms]	29	7168	8	0	CLMUL	0.31598
recover[ms]	29	7168	8	0	CLMUL_TRI	0.37637
create[ns]	29	7168	8	1024	GENERIC	5.07281
create-total[ms]	29	7168	8	1024	GENERIC	37.23462
create[ns]	29	7168	8	1024	CLMUL	9.58503
create-total[ms]	29	7168	8	1024	CLMUL	70.35446
create[ns]	29	7168	8	1024	CLMUL_TRI	9.58595
create-total[ms]	29	7168	8	1024	CLMUL_TRI	70.36116
recover[ms]	29	7168	16	0	GENERIC	2.09813
recover[ms]	29	7168	16	0	CLMUL	0.62064
recover[ms]	29	7168	16	0	CLMUL_TRI	0.73875
create[ns]	29	7168	16	1024	GENERIC	5.07245
create-total[ms]	29	7168	16	1024	GENERIC	37.23197
create[ns]	29	7168	16	1024	CLMUL	9.58501
create-total[ms]	29	7168	16	1024	CLMUL	70.35426
create[ns]	29	7168	16	1024	CLMUL_TRI	9.58593
create-total[ms]	29	7168	16	1024	CLMUL_TRI	70.36102
recover[ms]	29	7168	32	0	GENERIC	3.13408
recover[ms]	29	7168	32	0	CLMUL	1.27340
recover[ms]	29	7168	32	0	CLMUL_TRI	1.52153
create[ns]	29	7168	32	1024	GENERIC	5.07184
create-total[ms]	29	7168	32	1024	GENERIC	37.22747
create[ns]	29	7168	32	1024	CLMUL	9.58510
create-total[ms]	29	7168	32	1024	CLMUL	70.35494
create[ns]	29	7168	32	1024	CLMUL_TRI	9.58584
create-total[ms]	29	7168	32	1024	CLMUL_TRI	70.36035
recover[ms]	29	7168	64	0	GENERIC	5.81613
recover[ms]	29	7168	64	0	CLMUL	2.75301
recover[ms]	29	7168	64	0	CLMUL_TRI	3.33424
create[ns]	29	7168	64	1024	GENERIC	5.07461
create-total[ms]	29	7168	64	1024	GENERIC	37.24782
create[ns]	29	7168	64	1024	CLMUL	9.58504
create-total[ms]	29	7168	64	1024	CLMUL	70.35453
create[ns]	29	7168	64	1024	CLMUL_TRI	9.58590
create-total[ms]	29	7168	64	1024	CLMUL_TRI	70.36081
recover[ms]	29	7168	128	0	GENERIC	13.47507
recover[ms]	29	7168	128	0	CLMUL	6.35239
recover[ms]	29	7168	128	0	CLMUL_TRI	7.68040
create[ns]	29	7168	128	1024	GENERIC	5.07460
create-total[ms]	29	7168	128	1024	GENERIC	37.24769
create[ns]	29	7168	128	1024	CLMUL	9.58498
create-total[ms]	29	7168	128	1024	CLMUL	70.35404
create[ns]	29	7168	128	1024	CLMUL_TRI	9.58613
create-total[ms]	29	7168	128	1024	CLMUL_TRI	70.36252
recover[ms]	29	7168	256	0	GENERIC	39.14071
recover[ms]	29	7168	256	0	CLMUL	16.00504
recover[ms]	29	7168	256	0	CLMUL_TRI	19.28299
create[ns]	29	7168	256	1024	GENERIC	5.07975
create-total[ms]	29	7168	256	1024	GENERIC	37.28551
create[ns]	29	7168	256	1024	CLMUL	9.58509
create-total[ms]	29	7168	256	1024	CLMUL	70.35489
create[ns]	29	7168	256	1024	CLMUL_TRI	9.58597
create-total[ms]	29	7168	256	1024	CLMUL_TRI	70.36135
recover[ms]	29	7168	384	0	GENERIC	65.02178
recover[ms]	29	7168	384	0	CLMUL	28.66165
recover[ms]	29	7168	384	0	CLMUL_TRI	34.64910
create[ns]	29	7168	384	1024	GENERIC	5.07446
create-total[ms]	29	7168	384	1024	GENERIC	37.24673
create[ns]	29	7168	384	1024	CLMUL	9.58504
create-total[ms]	29	7168	384	1024	CLMUL	70.35452
create[ns]	29	7168	384	1024	CLMUL_TRI	9.58573
create-total[ms]	29	7168	384	1024	CLMUL_TRI	70.35959
recover[ms]	29	7168	512	0	GENERIC	95.30967
recover[ms]	29	7168	512	0	CLMUL	44.35802
recover[ms]	29	7168	512	0	CLMUL_TRI	53.72199
create[ns]	29	7168	512	1024	GENERIC	5.07508
create-total[ms]	29	7168	512	1024	GENERIC	37.25125
create[ns]	29	7168	512	1024	CLMUL	9.58516
create-total[ms]	29	7168	512	1024	CLMUL	70.35537
create[ns]	29	7168	512	1024	CLMUL_TRI	9.58589
create-total[ms]	29	7168	512	1024	CLMUL_TRI	70.36076
recover[ms]	29	7168	768	0	GENERIC	170.28077
recover[ms]	29	7168	768	0	CLMUL	84.00025
recover[ms]	29	7168	768	0	CLMUL_TRI	101.68099
create[ns]	29	7168	768	1024	GENERIC	5.07558
create-total[ms]	29	7168	768	1024	GENERIC	37.25495
create[ns]	29	7168	768	1024	CLMUL	9.58519
create-total[ms]	29	7168	768	1024	CLMUL	70.35563
create[ns]	29	7168	768	1024	CLMUL_TRI	9.58605
create-total[ms]	29	7168	768	1024	CLMUL_TRI	70.36191
recover[ms]	29	7168	1024	0	GENERIC	273.99593
recover[ms]	29	7168	1024	0	CLMUL	135.21761
recover[ms]	29	7168	1024	0	CLMUL_TRI	163.78079
create[ns]	29	7168	1024	1024	GENERIC	5.07374
create-total[ms]	29	7168	1024	1024	GENERIC	37.24140
create[ns]	29	7168	1024	1024	CLMUL	9.58503
create-total[ms]	29	7168	1024	1024	CLMUL	70.35444
create[ns]	29	7168	1024	1024	CLMUL_TRI	9.58583
create-total[ms]	29	7168	1024	1024	CLMUL_TRI	70.36033
recover[ms]	29	7168	1536	0	GENERIC	542.97474
recover[ms]	29	7168	1536	0	CLMUL	268.80112
recover[ms]	29	7168	1536	0	CLMUL_TRI	325.92003
create[ns]	29	7168	1536	1024	GENERIC	5.07545
create-total[ms]	29	7168	1536	1024	GENERIC	37.25393
create[ns]	29	7168	1536	1024	CLMUL	9.58508
create-total[ms]	29	7168	1536	1024	CLMUL	70.35476
create[ns]	29	7168	1536	1024	CLMUL_TRI	9.58590
create-total[ms]	29	7168	1536	1024	CLMUL_TRI	70.36078
recover[ms]	29	7168	2048	0	GENERIC	886.40621
recover[ms]	29	7168	2048	0	CLMUL	446.09503
recover[ms]	29	7168	2048	0	CLMUL_TRI	541.25944
create[ns]	29	7168	2048	1024	GENERIC	5.07512
create-total[ms]	29	7168	2048	1024	GENERIC	37.25153
create[ns]	29	7168	2048	1024	CLMUL	9.58509
create-total[ms]	29	7168	2048	1024	CLMUL	70.35487
create[ns]	29	7168	2048	1024	CLMUL_TRI	9.58590
create-total[ms]	29	7168	2048	1024	CLMUL_TRI	70.36078
recover[ms]	29	8192	8	0	GENERIC	1.59863
recover[ms]	29	8192	8	0	CLMUL	0.36010
recover[ms]	29	8192	8	0	CLMUL_TRI	0.42930
create[ns]	29	8192	8	1024	GENERIC	5.07401
create-total[ms]	29	8192	8	1024	GENERIC	42.56387
create[ns]	29	8192	8	1024	CLMUL	9.58543
create-total[ms]	29	8192	8	1024	CLMUL	80.40844
create[ns]	29	8192	8	1024	CLMUL_TRI	9.58621
create-total[ms]	29	8192	8	1024	CLMUL_TRI	80.41494
recover[ms]	29	8192	16	0	GENERIC	2.35998
recover[ms]	29	8192	16	0	CLMUL	0.70525
recover[ms]	29	8192	16	0	CLMUL_TRI	0.83217
create[ns]	29	8192	16	1024	GENERIC	5.07474
create-total[ms]	29	8192	16	1024	GENERIC	42.56998
create[ns]	29	8192	16	1024	CLMUL	9.58541
create-total[ms]	29	8192	16	1024	CLMUL	80.40822
create[ns]	29	8192	16	1024	CLMUL_TRI	9.58614
create-total[ms]	29	8192	16	1024	CLMUL_TRI	80.41441
recover[ms]	29	8192	32	0	GENERIC	3.53639
recover[ms]	29	8192	32	0	CLMUL	1.42879
recover[ms]	29	8192	32	0	CLMUL_TRI	1.73337
create[ns]	29	8192	32	1024	GENERIC	5.07220
create-total[ms]	29	8192	32	1024	GENERIC	42.54871
create[ns]	29	8192	32	1024	CLMUL	9.58544
create-total[ms]	29	8192	32	1024	CLMUL	80.40852
create[ns]	29	8192	32	1024	CLMUL_TRI	9.58608
create-total[ms]	29	8192	32	1024	CLMUL_TRI	80.41387
recover[ms]	29	8192	64	0	GENERIC	6.48825
recover[ms]	29	8192	64	0	CLMUL	3.06290
recover[ms]	29	8192	64	0	CLMUL_TRI	3.69381
create[ns]	29	8192	64	1024	GENERIC	5.07408
create-total[ms]	29	8192	64	1024	GENERIC	42.56443
create[ns]	29	8192	64	1024	CLMUL	9.58547
create-total[ms]	29	8192	64	1024	CLMUL	80.40872
create[ns]	29	8192	64	1024	CLMUL_TRI	9.58618
create-total[ms]	29	8192	64	1024	CLMUL_TRI	80.41472
recover[ms]	29	8192	128	0	GENERIC	14.85062
recover[ms]	29	8192	128	0	CLMUL	6.97153
recover[ms]	29	8192	128	0	CLMUL_TRI	8.43669
create[ns]	29	8192	128	1024	GENERIC	5.07396
create-total[ms]	29	8192	128	1024	GENERIC	42.56345
create[ns]	29	8192	128	1024	CLMUL	9.58537
create-total[ms]	29	8192	128	1024	CLMUL	80.40794
create[ns]	29	8192	128	1024	CLMUL_TRI	9.58609
create-total[ms]	29	8192	128	1024	CLMUL_TRI	80.41394
recover[ms]	29	8192	256	0	GENERIC	43.60866
recover[ms]	29	8192	256	0	CLMUL	17.20897
recover[ms]	29	8192	256	0	CLMUL_TRI	20.76108
create[ns]	29	8192	256	1024	GENERIC	5.13455
create-total[ms]	29	8192	256	1024	GENERIC	43.07169
create[ns]	29	8192	256	1024	CLMUL	9.58542
create-total[ms]	29	8192	256	1024	CLMUL	80.40831
create[ns]	29	8192	256	1024	CLMUL_TRI	9.58608
create-total[ms]	29	8192	256	1024	CLMUL_TRI	80.41385
recover[ms]	29	8192	384	0	GENERIC	71.40453
recover[ms]	29	8192	384	0	CLMUL	30.49961
recover[ms]	29	8192	384	0	CLMUL_TRI	36.93184
create[ns]	29	8192	384	1024	GENERIC	5.07418
create-total[ms]	29	8192	384	1024	GENERIC	42.56528
create[ns]	29	8192	384	1024	CLMUL	9.58535
create-total[ms]	29	8192	384	1024	CLMUL	80.40778
create[ns]	29	8192	384	1024	CLMUL_TRI	9.58608
create-total[ms]	29	8192	384	1024	CLMUL_TRI	80.41387
recover[ms]	29	8192	512	0	GENERIC	103.87868
recover[ms]	29	8192	512	0	CLMUL	46.81523
recover[ms]	29	8192	512	0	CLMUL_TRI	56.71047
create[ns]	29	8192	512	1024	GENERIC	5.07387
create-total[ms]	29	8192	512	1024	GENERIC	42.56269
create[ns]	29	8192	512	1024	CLMUL	9.58536
create-total[ms]	29	8192	512	1024	CLMUL	80.40785
create[ns]	29	8192	512	1024	CLMUL_TRI	9.58618
create-total[ms]	29	8192	512	1024	CLMUL_TRI	80.41472
recover[ms]	29	8192	768	0	GENERIC	186.90539
recover[ms]	29	8192	768	0	CLMUL	87.61466
recover[ms]	29	8192	768	0	CLMUL_TRI	106.23172
create[ns]	29	8192	768	1024	GENERIC	5.07463
create-total[ms]	29	8192	768	1024	GENERIC	42.56910
create[ns]	29	8192	768	1024	CLMUL	9.58535
create-total[ms]	29	8192	768	1024	CLMUL	80.40776
create[ns]	29	8192	768	1024	CLMUL_TRI	9.58609
create-total[ms]	29	8192	768	1024	CLMUL_TRI	80.41398
recover[ms]	29	8192	1024	0	GENERIC	309.12257
recover[ms]	29	8192	1024	0	CLMUL	140.10712
recover[ms]	29	8192	1024	0	CLMUL_TRI	169.96394
create[ns]	29	8192	1024	1024	GENERIC	5.07308
create-total[ms]	29	8192	1024	1024	GENERIC	42.55609
create[ns]	29	8192	1024	1024	CLMUL	9.58542
create-total[ms]	29	8192	1024	1024	CLMUL	80.40835
create[ns]	29	8192	1024	1024	CLMUL_TRI	9.58610
create-total[ms]	29	8192	1024	1024	CLMUL_TRI	80.41406
recover[ms]	29	8192	1536	0	GENERIC	616.15665
recover[ms]	29	8192	1536	0	CLMUL	276.08604
recover[ms]	29	8192	1536	0	CLMUL_TRI	335.14838
create[ns]	29	8192	1536	1024	GENERIC	5.07499
create-total[ms]	29	8192	1536	1024	GENERIC	42.57210
create[ns]	29	8192	1536	1024	CLMUL	9.58578
create-total[ms]	29	8192	1536	1024	CLMUL	80.41135
create[ns]	29	8192	1536	1024	CLMUL_TRI	9.58644
create-total[ms]	29	8192	1536	1024	CLMUL_TRI	80.41689
recover[ms]	29	8192	2048	0	GENERIC	967.80407
recover[ms]	29	8192	2048	0	CLMUL	455.97260
recover[ms]	29	8192	2048	0	CLMUL_TRI	553.37383
create[ns]	29	8192	2048	1024	GENERIC	5.07438
create-total[ms]	29	8192	2048	1024	GENERIC	42.56695
create[ns]	29	8192	2048	1024	CLMUL	9.58545
create-total[ms]	29	8192	2048	1024	CLMUL	80.40859
create[ns]	29	8192	2048	1024	CLMUL_TRI	9.58631
create-total[ms]	29	8192	2048	1024	CLMUL_TRI	80.41581
recover[ms]	32	128	8	0	GENERIC	0.06068
recover[ms]	32	128	8	0	CLMUL	0.02319
create[ns]	32	128	8	1024	GENERIC	5.41042
create-total[ms]	32	128	8	1024	GENERIC	0.70916
create[ns]	32	128	8	1024	CLMUL	9.00927
create-total[ms]	32	128	8	1024	CLMUL	1.18086
recover[ms]	32	128	16	0	GENERIC	0.16880
recover[ms]	32	128	16	0	CLMUL	0.06426
create[ns]	32	128	16	1024	GENERIC	5.42200
create-total[ms]	32	128	16	1024	GENERIC	0.71067
create[ns]	32	128	16	1024	CLMUL	9.00926
create-total[ms]	32	128	16	1024	CLMUL	1.18086
recover[ms]	32	128	32	0	GENERIC	0.48274
recover[ms]	32	128	32	0	CLMUL	0.20271
create[ns]	32	128	32	1024	GENERIC	5.41451
create-total[ms]	32	128	32	1024	GENERIC	0.70969
create[ns]	32	128	32	1024	CLMUL	9.00927
create-total[ms]	32	128	32	1024	CLMUL	1.18086
recover[ms]	32	128	64	0	GENERIC	1.43337
recover[ms]	32	128	64	0	CLMUL	0.68919
create[ns]	32	128	64	1024	GENERIC	5.41056
create-total[ms]	32	128	64	1024	GENERIC	0.70917
create[ns]	32	128	64	1024	CLMUL	9.00927
create-total[ms]	32	128	64	1024	CLMUL	1.18086
recover[ms]	32	128	128	0	GENERIC	4.51693
recover[ms]	32	128	128	0	CLMUL	2.38517
create[ns]	32	128	128	1024	GENERIC	5.41353
create-total[ms]	32	128	128	1024	GENERIC	0.70956
create[ns]	32	128	128	1024	CLMUL	9.00927
create-total[ms]	32	128	128	1024	CLMUL	1.18086
recover[ms]	32	256	8	0	GENERIC	0.08122
recover[ms]	32	256	8	0	CLMUL	0.02828
create[ns]	32	256	8	1024	GENERIC	5.24088
create-total[ms]	32	256	8	1024	GENERIC	1.37386
create[ns]	32	256	8	1024	CLMUL	9.08832
create-total[ms]	32	256	8	1024	CLMUL	2.38245
recover[ms]	32	256	16	0	GENERIC	0.20054
recover[ms]	32	256	16	0	CLMUL	0.07557
create[ns]	32	256	16	1024	GENERIC	5.34550
create-total[ms]	32	256	16	1024	GENERIC	1.40129
create[ns]	32	256	16	1024	CLMUL	9.08796
create-total[ms]	32	256	16	1024	CLMUL	2.38236
recover[ms]	32	256	32	0	GENERIC	0.52919
recover[ms]	32	256	32	0	CLMUL	0.22604
create[ns]	32	256	32	1024	GENERIC	5.29386
create-total[ms]	32	256	32	1024	GENERIC	1.38775
create[ns]	32	256	32	1024	CLMUL	9.08804
create-total[ms]	32	256	32	1024	CLMUL	2.38237
recover[ms]	32	256	64	0	GENERIC	1.51248
recover[ms]	32	256	64	0	CLMUL	0.72393
create[ns]	32	256	64	1024	GENERIC	5.23982
create-total[ms]	32	256	64	1024	GENERIC	1.37359
create[ns]	32	256	64	1024	CLMUL	9.08804
create-total[ms]	32	256	64	1024	CLMUL	2.38237
recover[ms]	32	256	128	0	GENERIC	4.64997
recover[ms]	32	256	128	0	CLMUL	2.45824
create[ns]	32	256	128	1024	GENERIC	5.24073
create-total[ms]	32	256	128	1024	GENERIC	1.37383
create[ns]	32	256	128	1024	CLMUL	9.08839
create-total[ms]	32	256	128	1024	CLMUL	2.38247
recover[ms]	32	256	256	0	GENERIC	15.34970
recover[ms]	32	256	256	0	CLMUL	8.66417
create[ns]	32	256	256	1024	GENERIC	5.24469
create-total[ms]	32	256	256	1024	GENERIC	1.37486
create[ns]	32	256	256	1024	CLMUL	9.08804
create-total[ms]	32	256	256	1024	CLMUL	2.38237
recover[ms]	32	512	8	0	GENERIC	0.12859
recover[ms]	32	512	8	0	CLMUL	0.04469
create[ns]	32	512	8	1024	GENERIC	5.18277
create-total[ms]	32	512	8	1024	GENERIC	2.71727
create[ns]	32	512	8	1024	CLMUL	9.13738
create-total[ms]	32	512	8	1024	CLMUL	4.79062
recover[ms]	32	512	16	0	GENERIC	0.25721
recover[ms]	32	512	16	0	CLMUL	0.09713
create[ns]	32	512	16	1024	GENERIC	5.17497
create-total[ms]	32	512	16	1024	GENERIC	2.71317
create[ns]	32	512	16	1024	CLMUL	9.13773
create-total[ms]	32	512	16	1024	CLMUL	4.79080
recover[ms]	32	512	32	0	GENERIC	0.62025
recover[ms]	32	512	32	0	CLMUL	0.26663
create[ns]	32	512	32	1024	GENERIC	5.18246
create-total[ms]	32	512	32	1024	GENERIC	2.71710
create[ns]	32	512	32	1024	CLMUL	9.13749
create-total[ms]	32	512	32	1024	CLMUL	4.79067
recover[ms]	32	512	64	0	GENERIC	1.68016
recover[ms]	32	512	64	0	CLMUL	0.80723
create[ns]	32	512	64	1024	GENERIC	5.16652
create-total[ms]	32	512	64	1024	GENERIC	2.70875
create[ns]	32	512	64	1024	CLMUL	9.13762
create-total[ms]	32	512	64	1024	CLMUL	4.79075
recover[ms]	32	512	128	0	GENERIC	4.97219
recover[ms]	32	512	128	0	CLMUL	2.61988
create[ns]	32	512	128	1024	GENERIC	5.18472
create-total[ms]	32	512	128	1024	GENERIC	2.71828
create[ns]	32	512	128	1024	CLMUL	9.13738
create-total[ms]	32	512	128	1024	CLMUL	4.79062
recover[ms]	32	512	256	0	GENERIC	16.21963
recover[ms]	32	512	256	0	CLMUL	8.98364
create[ns]	32	512	256	1024	GENERIC	5.16624
create-total[ms]	32	512	256	1024	GENERIC	2.70860
create[ns]	32	512	256	1024	CLMUL	9.13759
create-total[ms]	32	512	256	1024	CLMUL	4.79073
recover[ms]	32	512	384	0	GENERIC	32.64636
recover[ms]	32	512	384	0	CLMUL	18.80677
create[ns]	32	512	384	1024	GENERIC	5.16631
create-total[ms]	32	512	384	1024	GENERIC	2.70864
create[ns]	32	512	384	1024	CLMUL	9.13805
create-total[ms]	32	512	384	1024	CLMUL	4.79097
recover[ms]	32	512	512	0	GENERIC	54.21050
recover[ms]	32	512	512	0	CLMUL	32.17933
create[ns]	32	512	512	1024	GENERIC	5.18044
create-total[ms]	32	512	512	1024	GENERIC	2.71604
create[ns]	32	512	512	1024	CLMUL	9.13759
create-total[ms]	32	512	512	1024	CLMUL	4.79073
recover[ms]	32	1024	8	0	GENERIC	0.21313
recover[ms]	32	1024	8	0	CLMUL	0.07298
create[ns]	32	1024	8	1024	GENERIC	5.13364
create-total[ms]	32	1024	8	1024	GENERIC	5.38301
create[ns]	32	1024	8	1024	CLMUL	9.15372
create-total[ms]	32	1024	8	1024	CLMUL	9.59837
recover[ms]	32	1024	16	0	GENERIC	0.37552
recover[ms]	32	1024	16	0	CLMUL	0.13650
create[ns]	32	1024	16	1024	GENERIC	5.13216
create-total[ms]	32	1024	16	1024	GENERIC	5.38146
create[ns]	32	1024	16	1024	CLMUL	9.15379
create-total[ms]	32	1024	16	1024	CLMUL	9.59844
recover[ms]	32	1024	32	0	GENERIC	0.81458
recover[ms]	32	1024	32	0	CLMUL	0.34550
create[ns]	32	1024	32	1024	GENERIC	5.14311
create-total[ms]	32	1024	32	1024	GENERIC	5.39294
create[ns]	32	1024	32	1024	CLMUL	9.15372
create-total[ms]	32	1024	32	1024	CLMUL	9.59837
recover[ms]	32	1024	64	0	GENERIC	1.98391
recover[ms]	32	1024	64	0	CLMUL	0.95466
create[ns]	32	1024	64	1024	GENERIC	5.13378
create-total[ms]	32	1024	64	1024	GENERIC	5.38316
create[ns]	32	1024	64	1024	CLMUL	9.15370
create-total[ms]	32	1024	64	1024	CLMUL	9.59835
recover[ms]	32	1024	128	0	GENERIC	5.63650
recover[ms]	32	1024	128	0	CLMUL	2.92803
create[ns]	32	1024	128	1024	GENERIC	5.14116
create-total[ms]	32	1024	128	1024	GENERIC	5.39090
create[ns]	32	1024	128	1024	CLMUL	9.15370
create-total[ms]	32	1024	128	1024	CLMUL	9.59835
recover[ms]	32	1024	256	0	GENERIC	18.06869
recover[ms]	32	1024	256	0	CLMUL	9.57431
create[ns]	32	1024	256	1024	GENERIC	5.11981
create-total[ms]	32	1024	256	1024	GENERIC	5.36851
create[ns]	32	1024	256	1024	CLMUL	9.15370
create-total[ms]	32	1024	256	1024	CLMUL	9.59835
recover[ms]	32	1024	384	0	GENERIC	36.23063
recover[ms]	32	1024	384	0	CLMUL	19.74657
create[ns]	32	1024	384	1024	GENERIC	5.14155
create-total[ms]	32	1024	384	1024	GENERIC	5.39131
create[ns]	32	1024	384	1024	CLMUL	9.15373
create-total[ms]	32	1024	384	1024	CLMUL	9.59838
recover[ms]	32	1024	512	0	GENERIC	58.05942
recover[ms]	32	1024	512	0	CLMUL	33.40068
create[ns]	32	1024	512	1024	GENERIC	5.13793
create-total[ms]	32	1024	512	1024	GENERIC	5.38751
create[ns]	32	1024	512	1024	CLMUL	9.15368
create-total[ms]	32	1024	512	1024	CLMUL	9.59833
recover[ms]	32	1024	768	0	GENERIC	118.69250
recover[ms]	32	1024	768	0	CLMUL	70.39709
create[ns]	32	1024	768	1024	GENERIC	5.11914
create-total[ms]	32	1024	768	1024	GENERIC	5.36781
create[ns]	32	1024	768	1024	CLMUL	9.15375
create-total[ms]	32	1024	768	1024	CLMUL	9.59840
recover[ms]	32	1024	1024	0	GENERIC	199.23174
recover[ms]	32	1024	1024	0	CLMUL	120.78339
create[ns]	32	1024	1024	1024	GENERIC	5.13735
create-total[ms]	32	1024	1024	1024	GENERIC	5.38690
create[ns]	32	1024	1024	1024	CLMUL	9.15372
create-total[ms]	32	1024	1024	1024	CLMUL	9.59837
recover[ms]	32	2048	8	0	GENERIC	0.38663
recover[ms]	32	2048	8	0	CLMUL	0.12493
create[ns]	32	2048	8	1024	GENERIC	5.12071
create-total[ms]	32	2048	8	1024	GENERIC	10.73891
create[ns]	32	2048	8	1024	CLMUL	9.16184
create-total[ms]	32	2048	8	1024	CLMUL	19.21377
recover[ms]	32	2048	16	0	GENERIC	0.62988
recover[ms]	32	2048	16	0	CLMUL	0.21746
create[ns]	32	2048	16	1024	GENERIC	5.11758
create-total[ms]	32	2048	16	1024	GENERIC	10.73234
create[ns]	32	2048	16	1024	CLMUL	9.16202
create-total[ms]	32	2048	16	1024	CLMUL	19.21414
recover[ms]	32	2048	32	0	GENERIC	1.19220
recover[ms]	32	2048	32	0	CLMUL	0.50012
create[ns]	32	2048	32	1024	GENERIC	5.10979
create-total[ms]	32	2048	32	1024	GENERIC	10.71601
create[ns]	32	2048	32	1024	CLMUL	9.16180
create-total[ms]	32	2048	32	1024	CLMUL	19.21368
recover[ms]	32	2048	64	0	GENERIC	2.63499
recover[ms]	32	2048	64	0	CLMUL	1.26666
create[ns]	32	2048	64	1024	GENERIC	5.12188
create-total[ms]	32	2048	64	1024	GENERIC	10.74136
create[ns]	32	2048	64	1024	CLMUL	9.16180
create-total[ms]	32	2048	64	1024	CLMUL	19.21369
recover[ms]	32	2048	128	0	GENERIC	7.02675
recover[ms]	32	2048	128	0	CLMUL	3.52281
create[ns]	32	2048	128	1024	GENERIC	5.12085
create-total[ms]	32	2048	128	1024	GENERIC	10.73919
create[ns]	32	2048	128	1024	CLMUL	9.16190
create-total[ms]	32	2048	128	1024	CLMUL	19.21390
recover[ms]	32	2048	256	0	GENERIC	21.93326
recover[ms]	32	2048	256	0	CLMUL	10.79330
create[ns]	32	2048	256	1024	GENERIC	5.12014
create-total[ms]	32	2048	256	1024	GENERIC	10.73771
create[ns]	32	2048	256	1024	CLMUL	9.16192
create-total[ms]	32	2048	256	1024	CLMUL	19.21394
recover[ms]	32	2048	384	0	GENERIC	41.01378
recover[ms]	32	2048	384	0	CLMUL	21.61351
create[ns]	32	2048	384	1024	GENERIC	5.12237
create-total[ms]	32	2048	384	1024	GENERIC	10.74240
create[ns]	32	2048	384	1024	CLMUL	9.16181
create-total[ms]	32	2048	384	1024	CLMUL	19.21371
recover[ms]	32	2048	512	0	GENERIC	65.50053
recover[ms]	32	2048	512	0	CLMUL	35.79005
create[ns]	32	2048	512	1024	GENERIC	5.09688
create-total[ms]	32	2048	512	1024	GENERIC	10.68893
create[ns]	32	2048	512	1024	CLMUL	9.16180
create-total[ms]	32	2048	512	1024	CLMUL	19.21368
recover[ms]	32	2048	768	0	GENERIC	130.88500
recover[ms]	32	2048	768	0	CLMUL	74.04105
create[ns]	32	2048	768	1024	GENERIC	5.11785
create-total[ms]	32	2048	768	1024	GENERIC	10.73291
create[ns]	32	2048	768	1024	CLMUL	9.16180
create-total[ms]	32	2048	768	1024	CLMUL	19.21368
recover[ms]	32	2048	1024	0	GENERIC	218.11345
recover[ms]	32	2048	1024	0	CLMUL	125.56534
create[ns]	32	2048	1024	1024	GENERIC	5.12175
create-total[ms]	32	2048	1024	1024	GENERIC	10.74110
create[ns]	32	2048	1024	1024	CLMUL	9.16187
create-total[ms]	32	2048	1024	1024	CLMUL	19.21382
recover[ms]	32	2048	1536	0	GENERIC	450.84102
recover[ms]	32	2048	1536	0	CLMUL	265.61869
create[ns]	32	2048	1536	1024	GENERIC	5.11604
create-total[ms]	32	2048	1536	1024	GENERIC	10.72912
create[ns]	32	2048	1536	1024	CLMUL	9.16177
create-total[ms]	32	2048	1536	1024	CLMUL	19.21362
recover[ms]	32	2048	2048	0	GENERIC	752.19750
recover[ms]	32	2048	2048	0	CLMUL	456.37153
create[ns]	32	2048	2048	1024	GENERIC	5.12143
create-total[ms]	32	2048	2048	1024	GENERIC	10.74041
create[ns]	32	2048	2048	1024	CLMUL	9.16201
create-total[ms]	32	2048	2048	1024	CLMUL	19.21412
recover[ms]	32	3072	8	0	GENERIC	0.73928
recover[ms]	32	3072	8	0	CLMUL	0.18482
create[ns]	32	3072	8	1024	GENERIC	5.10603
create-total[ms]	32	3072	8	1024	GENERIC	16.06218
create[ns]	32	3072	8	1024	CLMUL	9.16500
create-total[ms]	32	3072	8	1024	CLMUL	28.83060
recover[ms]	32	3072	16	0	GENERIC	1.00640
recover[ms]	32	3072	16	0	CLMUL	0.29832
create[ns]	32	3072	16	1024	GENERIC	5.09085
create-total[ms]	32	3072	16	1024	GENERIC	16.01442
create[ns]	32	3072	16	1024	CLMUL	9.16499
create-total[ms]	32	3072	16	1024	CLMUL	28.83056
recover[ms]	32	3072	32	0	GENERIC	1.62081
recover[ms]	32	3072	32	0	CLMUL	0.65725
create[ns]	32	3072	32	1024	GENERIC	5.11219
create-total[ms]	32	3072	32	1024	GENERIC	16.08157
create[ns]	32	3072	32	1024	CLMUL	9.16518
create-total[ms]	32	3072	32	1024	CLMUL	28.83117
recover[ms]	32	3072	64	0	GENERIC	3.32575
recover[ms]	32	3072	64	0	CLMUL	1.57944
create[ns]	32	3072	64	1024	GENERIC	5.10222
create-total[ms]	32	3072	64	1024	GENERIC	16.05020
create[ns]	32	3072	64	1024	CLMUL	9.16499
create-total[ms]	32	3072	64	1024	CLMUL	28.83056
recover[ms]	32	3072	128	0	GENERIC	8.82490
recover[ms]	32	3072	128	0	CLMUL	4.12928
create[ns]	32	3072	128	1024	GENERIC	5.10611
create-total[ms]	32	3072	128	1024	GENERIC	16.06243
create[ns]	32	3072	128	1024	CLMUL	9.16498
create-total[ms]	32	3072	128	1024	CLMUL	28.83052
recover[ms]	32	3072	256	0	GENERIC	26.70497
recover[ms]	32	3072	256	0	CLMUL	12.00878
create[ns]	32	3072	256	1024	GENERIC	5.11135
create-total[ms]	32	3072	256	1024	GENERIC	16.07891
create[ns]	32	3072	256	1024	CLMUL	9.16504
create-total[ms]	32	3072	256	1024	CLMUL	28.83073
recover[ms]	32	3072	384	0	GENERIC	48.01653
recover[ms]	32	3072	384	0	CLMUL	23.38809
create[ns]	32	3072	384	1024	GENERIC	5.11416
create-total[ms]	32	3072	384	1024	GENERIC	16.08774
create[ns]	32	3072	384	1024	CLMUL	9.16515
create-total[ms]	32	3072	384	1024	CLMUL	28.83106
recover[ms]	32	3072	512	0	GENERIC	74.58063
recover[ms]	32	3072	512	0	CLMUL	38.22343
create[ns]	32	3072	512	1024	GENERIC	5.08998
create-total[ms]	32	3072	512	1024	GENERIC	16.01170
create[ns]	32	3072	512	1024	CLMUL	9.16507
create-total[ms]	32	3072	512	1024	CLMUL	28.83082
recover[ms]	32	3072	768	0	GENERIC	145.86862
recover[ms]	32	3072	768	0	CLMUL	77.60353
create[ns]	32	3072	768	1024	GENERIC	5.11192
create-total[ms]	32	3072	768	1024	GENERIC	16.08070
create[ns]	32	3072	768	1024	CLMUL	9.16512
create-total[ms]	32	3072	768	1024	CLMUL	28.83097
recover[ms]	32	3072	1024	0	GENERIC	240.54334
recover[ms]	32	3072	1024	0	CLMUL	130.43985
create[ns]	32	3072	1024	1024	GENERIC	5.11227
create-total[ms]	32	3072	1024	1024	GENERIC	16.08180
create[ns]	32	3072	1024	1024	CLMUL	9.16503
create-total[ms]	32	3072	1024	1024	CLMUL	28.83069
recover[ms]	32	3072	1536	0	GENERIC	493.30495
recover[ms]	32	3072	1536	0	CLMUL	272.78746
create[ns]	32	3072	1536	1024	GENERIC	5.11371
create-total[ms]	32	3072	1536	1024	GENERIC	16.08635
create[ns]	32	3072	1536	1024	CLMUL	9.16507
create-total[ms]	32	3072	1536	1024	CLMUL	28.83080
recover[ms]	32	3072	2048	0	GENERIC	814.11526
recover[ms]	32	3072	2048	0	CLMUL	465.99550
create[ns]	32	3072	2048	1024	GENERIC	5.11696
create-total[ms]	32	3072	2048	1024	GENERIC	16.09657
create[ns]	32	3072	2048	1024	CLMUL	9.16513
create-total[ms]	32	3072	2048	1024	CLMUL	28.83101
recover[ms]	32	4096	8	0	GENERIC	0.99040
recover[ms]	32	4096	8	0	CLMUL	0.23643
create[ns]	32	4096	8	1024	GENERIC	5.11141
create-total[ms]	32	4096	8	1024	GENERIC	21.43881
create[ns]	32	4096	8	1024	CLMUL	9.16628
create-total[ms]	32	4096	8	1024	CLMUL	38.44617
recover[ms]	32	4096	16	0	GENERIC	1.33112
recover[ms]	32	4096	16	0	CLMUL	0.38063
create[ns]	32	4096	16	1024	GENERIC	5.08597
create-total[ms]	32	4096	16	1024	GENERIC	21.33208
create[ns]	32	4096	16	1024	CLMUL	9.16631
create-total[ms]	32	4096	16	1024	CLMUL	38.44628
recover[ms]	32	4096	32	0	GENERIC	2.03272
recover[ms]	32	4096	32	0	CLMUL	0.81104
create[ns]	32	4096	32	1024	GENERIC	5.10981
create-total[ms]	32	4096	32	1024	GENERIC	21.43209
create[ns]	32	4096	32	1024	CLMUL	9.16648
create-total[ms]	32	4096	32	1024	CLMUL	38.44702
recover[ms]	32	4096	64	0	GENERIC	4.05693
recover[ms]	32	4096	64	0	CLMUL	1.88737
create[ns]	32	4096	64	1024	GENERIC	5.11103
create-total[ms]	32	4096	64	1024	GENERIC	21.43720
create[ns]	32	4096	64	1024	CLMUL	9.16629
create-total[ms]	32	4096	64	1024	CLMUL	38.44621
recover[ms]	32	4096	128	0	GENERIC	10.76239
recover[ms]	32	4096	128	0	CLMUL	4.73467
create[ns]	32	4096	128	1024	GENERIC	5.08603
create-total[ms]	32	4096	128	1024	GENERIC	21.33235
create[ns]	32	4096	128	1024	CLMUL	9.16630
create-total[ms]	32	4096	128	1024	CLMUL	38.44624
recover[ms]	32	4096	256	0	GENERIC	31.75755
recover[ms]	32	4096	256	0	CLMUL	13.17860
create[ns]	32	4096	256	1024	GENERIC	5.10983
create-total[ms]	32	4096	256	1024	GENERIC	21.43216
create[ns]	32	4096	256	1024	CLMUL	9.16625
create-total[ms]	32	4096	256	1024	CLMUL	38.44602
recover[ms]	32	4096	384	0	GENERIC	55.23234
recover[ms]	32	4096	384	0	CLMUL	25.23781
create[ns]	32	4096	384	1024	GENERIC	5.11216
create-total[ms]	32	4096	384	1024	GENERIC	21.44196
create[ns]	32	4096	384	1024	CLMUL	9.16642
create-total[ms]	32	4096	384	1024	CLMUL	38.44676
recover[ms]	32	4096	512	0	GENERIC	84.78591
recover[ms]	32	4096	512	0	CLMUL	40.63684
create[ns]	32	4096	512	1024	GENERIC	5.10886
create-total[ms]	32	4096	512	1024	GENERIC	21.42812
create[ns]	32	4096	512	1024	CLMUL	9.16629
create-total[ms]	32	4096	512	1024	CLMUL	38.44621
recover[ms]	32	4096	768	0	GENERIC	163.12822
recover[ms]	32	4096	768	0	CLMUL	81.26527
create[ns]	32	4096	768	1024	GENERIC	5.11066
create-total[ms]	32	4096	768	1024	GENERIC	21.43564
create[ns]	32	4096	768	1024	CLMUL	9.16627
create-total[ms]	32	4096	768	1024	CLMUL	38.44611
recover[ms]	32	4096	1024	0	GENERIC	266.88003
recover[ms]	32	4096	1024	0	CLMUL	135.20467
create[ns]	32	4096	1024	1024	GENERIC	5.10631
create-total[ms]	32	4096	1024	1024	GENERIC	21.41740
create[ns]	32	4096	1024	1024	CLMUL	9.16645
create-total[ms]	32	4096	1024	1024	CLMUL	38.44689
recover[ms]	32	4096	1536	0	GENERIC	534.76689
recover[ms]	32	4096	1536	0	CLMUL	279.95330
create[ns]	32	4096	1536	1024	GENERIC	5.11032
create-total[ms]	32	4096	1536	1024	GENERIC	21.43424
create[ns]	32	4096	1536	1024	CLMUL	9.16624
create-total[ms]	32	4096	1536	1024	CLMUL	38.44600
recover[ms]	32	4096	2048	0	GENERIC	874.04088
recover[ms]	32	4096	2048	0	CLMUL	475.79833
create[ns]	32	4096	2048	1024	GENERIC	5.11141
create-total[ms]	32	4096	2048	1024	GENERIC	21.43883
create[ns]	32	4096	2048	1024	CLMUL	9.16631
create-total[ms]	32	4096	2048	1024	CLMUL	38.44628
recover[ms]	32	5120	8	0	GENERIC	1.40223
recover[ms]	32	5120	8	0	CLMUL	0.29806
create[ns]	32	5120	8	1024	GENERIC	5.11094
create-total[ms]	32	5120	8	1024	GENERIC	26.79602
create[ns]	32	5120	8	1024	CLMUL	9.16733
create-total[ms]	32	5120	8	1024	CLMUL	48.06320
recover[ms]	32	5120	16	0	GENERIC	1.77178
recover[ms]	32	5120	16	0	CLMUL	0.45921
create[ns]	32	5120	16	1024	GENERIC	5.10654
create-total[ms]	32	5120	16	1024	GENERIC	26.77297
create[ns]	32	5120	16	1024	CLMUL	9.16732
create-total[ms]	32	5120	16	1024	CLMUL	48.06315
recover[ms]	32	5120	32	0	GENERIC	2.43999
recover[ms]	32	5120	32	0	CLMUL	0.96786
create[ns]	32	5120	32	1024	GENERIC	5.11002
create-total[ms]	32	5120	32	1024	GENERIC	26.79125
create[ns]	32	5120	32	1024	CLMUL	9.16730
create-total[ms]	32	5120	32	1024	CLMUL	48.06307
recover[ms]	32	5120	64	0	GENERIC	4.66176
recover[ms]	32	5120	64	0	CLMUL	2.19259
create[ns]	32	5120	64	1024	GENERIC	5.11042
create-total[ms]	32	5120	64	1024	GENERIC	26.79334
create[ns]	32	5120	64	1024	CLMUL	9.16731
create-total[ms]	32	5120	64	1024	CLMUL	48.06313
recover[ms]	32	5120	128	0	GENERIC	12.14933
recover[ms]	32	5120	128	0	CLMUL	5.34740
create[ns]	32	5120	128	1024	GENERIC	5.11221
create-total[ms]	32	5120	128	1024	GENERIC	26.80269
create[ns]	32	5120	128	1024	CLMUL	9.16730
create-total[ms]	32	5120	128	1024	CLMUL	48.06305
recover[ms]	32	5120	256	0	GENERIC	34.07907
recover[ms]	32	5120	256	0	CLMUL	14.40104
create[ns]	32	5120	256	1024	GENERIC	5.10502
create-total[ms]	32	5120	256	1024	GENERIC	26.76502
create[ns]	32	5120	256	1024	CLMUL	9.16731
create-total[ms]	32	5120	256	1024	CLMUL	48.06313
recover[ms]	32	5120	384	0	GENERIC	58.77510
recover[ms]	32	5120	384	0	CLMUL	27.03786
create[ns]	32	5120	384	1024	GENERIC	5.10969
create-total[ms]	32	5120	384	1024	GENERIC	26.78949
create[ns]	32	5120	384	1024	CLMUL	9.16736
create-total[ms]	32	5120	384	1024	CLMUL	48.06339
recover[ms]	32	5120	512	0	GENERIC	88.78852
recover[ms]	32	5120	512	0	CLMUL	43.07658
create[ns]	32	5120	512	1024	GENERIC	5.11056
create-total[ms]	32	5120	512	1024	GENERIC	26.79404
create[ns]	32	5120	512	1024	CLMUL	9.16731
create-total[ms]	32	5120	512	1024	CLMUL	48.06311
recover[ms]	32	5120	768	0	GENERIC	168.10610
recover[ms]	32	5120	768	0	CLMUL	84.90241
create[ns]	32	5120	768	1024	GENERIC	5.11191
create-total[ms]	32	5120	768	1024	GENERIC	26.80116
create[ns]	32	5120	768	1024	CLMUL	9.16731
create-total[ms]	32	5120	768	1024	CLMUL	48.06309
recover[ms]	32	5120	1024	0	GENERIC	278.65853
recover[ms]	32	5120	1024	0	CLMUL	140.06538
create[ns]	32	5120	1024	1024	GENERIC	5.11212
create-total[ms]	32	5120	1024	1024	GENERIC	26.80221
create[ns]	32	5120	1024	1024	CLMUL	9.16728
create-total[ms]	32	5120	1024	1024	CLMUL	48.06296
recover[ms]	32	5120	1536	0	GENERIC	570.16112
recover[ms]	32	5120	1536	0	CLMUL	287.20961
create[ns]	32	5120	1536	1024	GENERIC	5.10632
create-total[ms]	32	5120	1536	1024	GENERIC	26.77184
create[ns]	32	5120	1536	1024	CLMUL	9.16737
create-total[ms]	32	5120	1536	1024	CLMUL	48.06341
recover[ms]	32	5120	2048	0	GENERIC	935.09589
recover[ms]	32	5120	2048	0	CLMUL	485.21858
create[ns]	32	5120	2048	1024	GENERIC	5.10989
create-total[ms]	32	5120	2048	1024	GENERIC	26.79052
create[ns]	32	5120	2048	1024	CLMUL	9.16727
create-total[ms]	32	5120	2048	1024	CLMUL	48.06289
recover[ms]	32	6144	8	0	GENERIC	1.48648
recover[ms]	32	6144	8	0	CLMUL	0.35471
create[ns]	32	6144	8	1024	GENERIC	5.08375
create-total[ms]	32	6144	8	1024	GENERIC	31.98420
create[ns]	32	6144	8	1024	CLMUL	9.16777
create-total[ms]	32	6144	8	1024	CLMUL	57.67864
recover[ms]	32	6144	16	0	GENERIC	2.14467
recover[ms]	32	6144	16	0	CLMUL	0.54071
create[ns]	32	6144	16	1024	GENERIC	5.10194
create-total[ms]	32	6144	16	1024	GENERIC	32.09861
create[ns]	32	6144	16	1024	CLMUL	9.16780
create-total[ms]	32	6144	16	1024	CLMUL	57.67879
recover[ms]	32	6144	32	0	GENERIC	2.80636
recover[ms]	32	6144	32	0	CLMUL	1.12421
create[ns]	32	6144	32	1024	GENERIC	5.08520
create-total[ms]	32	6144	32	1024	GENERIC	31.99331
create[ns]	32	6144	32	1024	CLMUL	9.16781
create-total[ms]	32	6144	32	1024	CLMUL	57.67885
recover[ms]	32	6144	64	0	GENERIC	5.34846
recover[ms]	32	6144	64	0	CLMUL	2.49347
create[ns]	32	6144	64	1024	GENERIC	5.11088
create-total[ms]	32	6144	64	1024	GENERIC	32.15485
create[ns]	32	6144	64	1024	CLMUL	9.16783
create-total[ms]	32	6144	64	1024	CLMUL	57.67899
recover[ms]	32	6144	128	0	GENERIC	13.61527
recover[ms]	32	6144	128	0	CLMUL	5.95996
create[ns]	32	6144	128	1024	GENERIC	5.08257
create-total[ms]	32	6144	128	1024	GENERIC	31.97674
create[ns]	32	6144	128	1024	CLMUL	9.16794
create-total[ms]	32	6144	128	1024	CLMUL	57.67970
recover[ms]	32	6144	256	0	GENERIC	38.07692
recover[ms]	32	6144	256	0	CLMUL	15.60364
create[ns]	32	6144	256	1024	GENERIC	5.10877
create-total[ms]	32	6144	256	1024	GENERIC	32.14163
create[ns]	32	6144	256	1024	CLMUL	9.16783
create-total[ms]	32	6144	256	1024	CLMUL	57.67898
recover[ms]	32	6144	384	0	GENERIC	64.66543
recover[ms]	32	6144	384	0	CLMUL	28.86186
create[ns]	32	6144	384	1024	GENERIC	5.10995
create-total[ms]	32	6144	384	1024	GENERIC	32.14906
create[ns]	32	6144	384	1024	CLMUL	9.16785
create-total[ms]	32	6144	384	1024	CLMUL	57.67911
recover[ms]	32	6144	512	0	GENERIC	96.83028
recover[ms]	32	6144	512	0	CLMUL	45.53005
create[ns]	32	6144	512	1024	GENERIC	5.11013
create-total[ms]	32	6144	512	1024	GENERIC	32.15019
create[ns]	32	6144	512	1024	CLMUL	9.16782
create-total[ms]	32	6144	512	1024	CLMUL	57.67892
recover[ms]	32	6144	768	0	GENERIC	179.19034
recover[ms]	32	6144	768	0	CLMUL	88.50593
create[ns]	32	6144	768	1024	GENERIC	5.08388
create-total[ms]	32	6144	768	1024	GENERIC	31.98504
create[ns]	32	6144	768	1024	CLMUL	9.16785
create-total[ms]	32	6144	768	1024	CLMUL	57.67910
recover[ms]	32	6144	1024	0	GENERIC	297.69797
recover[ms]	32	6144	1024	0	CLMUL	144.86082
create[ns]	32	6144	1024	1024	GENERIC	5.10856
create-total[ms]	32	6144	1024	1024	GENERIC	32.14030
create[ns]	32	6144	1024	1024	CLMUL	9.16784
create-total[ms]	32	6144	1024	1024	CLMUL	57.67903
recover[ms]	32	6144	1536	0	GENERIC	609.93503
recover[ms]	32	6144	1536	0	CLMUL	294.46236
create[ns]	32	6144	1536	1024	GENERIC	5.10814
create-total[ms]	32	6144	1536	1024	GENERIC	32.13761
create[ns]	32	6144	1536	1024	CLMUL	9.16782
create-total[ms]	32	6144	1536	1024	CLMUL	57.67894
recover[ms]	32	6144	2048	0	GENERIC	997.97188
recover[ms]	32	6144	2048	0	CLMUL	494.88080
create[ns]	32	6144	2048	1024	GENERIC	5.11227
create-total[ms]	32	6144	2048	1024	GENERIC	32.16359
create[ns]	32	6144	2048	1024	CLMUL	9.16788
create-total[ms]	32	6144	2048	1024	CLMUL	57.67929
recover[ms]	32	7168	8	0	GENERIC	1.76322
recover[ms]	32	7168	8	0	CLMUL	0.39863
create[ns]	32	7168	8	1024	GENERIC	5.10695
create-total[ms]	32	7168	8	1024	GENERIC	37.48518
create[ns]	32	7168	8	1024	CLMUL	9.16814
create-total[ms]	32	7168	8	1024	CLMUL	67.29443
recover[ms]	32	7168	16	0	GENERIC	2.51310
recover[ms]	32	7168	16	0	CLMUL	0.62488
create[ns]	32	7168	16	1024	GENERIC	5.09861
create-total[ms]	32	7168	16	1024	GENERIC	37.42399
create[ns]	32	7168	16	1024	CLMUL	9.16828
create-total[ms]	32	7168	16	1024	CLMUL	67.29545
recover[ms]	32	7168	32	0	GENERIC	3.13562
recover[ms]	32	7168	32	0	CLMUL	1.28097
create[ns]	32	7168	32	1024	GENERIC	5.08681
create-total[ms]	32	7168	32	1024	GENERIC	37.33736
create[ns]	32	7168	32	1024	CLMUL	9.16837
create-total[ms]	32	7168	32	1024	CLMUL	67.29610
recover[ms]	32	7168	64	0	GENERIC	6.08306
recover[ms]	32	7168	64	0	CLMUL	2.79638
create[ns]	32	7168	64	1024	GENERIC	5.11242
create-total[ms]	32	7168	64	1024	GENERIC	37.52529
create[ns]	32	7168	64	1024	CLMUL	9.16837
create-total[ms]	32	7168	64	1024	CLMUL	67.29616
recover[ms]	32	7168	128	0	GENERIC	15.45114
recover[ms]	32	7168	128	0	CLMUL	6.55819
create[ns]	32	7168	128	1024	GENERIC	5.11000
create-total[ms]	32	7168	128	1024	GENERIC	37.50755
create[ns]	32	7168	128	1024	CLMUL	9.16878
create-total[ms]	32	7168	128	1024	CLMUL	67.29912
recover[ms]	32	7168	256	0	GENERIC	43.69551
recover[ms]	32	7168	256	0	CLMUL	16.82564
create[ns]	32	7168	256	1024	GENERIC	5.11141
create-total[ms]	32	7168	256	1024	GENERIC	37.51794
create[ns]	32	7168	256	1024	CLMUL	9.16863
create-total[ms]	32	7168	256	1024	CLMUL	67.29803
recover[ms]	32	7168	384	0	GENERIC	72.97754
recover[ms]	32	7168	384	0	CLMUL	30.69080
create[ns]	32	7168	384	1024	GENERIC	5.08504
create-total[ms]	32	7168	384	1024	GENERIC	37.32438
create[ns]	32	7168	384	1024	CLMUL	9.16812
create-total[ms]	32	7168	384	1024	CLMUL	67.29432
recover[ms]	32	7168	512	0	GENERIC	107.14927
recover[ms]	32	7168	512	0	CLMUL	47.96518
create[ns]	32	7168	512	1024	GENERIC	5.11115
create-total[ms]	32	7168	512	1024	GENERIC	37.51599
create[ns]	32	7168	512	1024	CLMUL	9.16814
create-total[ms]	32	7168	512	1024	CLMUL	67.29447
recover[ms]	32	7168	768	0	GENERIC	197.01539
recover[ms]	32	7168	768	0	CLMUL	92.14659
create[ns]	32	7168	768	1024	GENERIC	5.11026
create-total[ms]	32	7168	768	1024	GENERIC	37.50946
create[ns]	32	7168	768	1024	CLMUL	9.16809
create-total[ms]	32	7168	768	1024	CLMUL	67.29408
recover[ms]	32	7168	1024	0	GENERIC	322.67442
recover[ms]	32	7168	1024	0	CLMUL	149.72769
create[ns]	32	7168	1024	1024	GENERIC	5.11122
create-total[ms]	32	7168	1024	1024	GENERIC	37.51653
create[ns]	32	7168	1024	1024	CLMUL	9.16830
create-total[ms]	32	7168	1024	1024	CLMUL	67.29564
recover[ms]	32	7168	1536	0	GENERIC	653.53849
recover[ms]	32	7168	1536	0	CLMUL	301.69371
create[ns]	32	7168	1536	1024	GENERIC	5.11052
create-total[ms]	32	7168	1536	1024	GENERIC	37.51140
create[ns]	32	7168	1536	1024	CLMUL	9.16836
create-total[ms]	32	7168	1536	1024	CLMUL	67.29603
recover[ms]	32	7168	2048	0	GENERIC	1055.88660
recover[ms]	32	7168	2048	0	CLMUL	504.63967
create[ns]	32	7168	2048	1024	GENERIC	5.11092
create-total[ms]	32	7168	2048	1024	GENERIC	37.51429
create[ns]	32	7168	2048	1024	CLMUL	9.16834
create-total[ms]	32	7168	2048	1024	CLMUL	67.29590
recover[ms]	32	8192	8	0	GENERIC	1.84531
recover[ms]	32	8192	8	0	CLMUL	0.46330
create[ns]	32	8192	8	1024	GENERIC	5.10002
create-total[ms]	32	8192	8	1024	GENERIC	42.78206
create[ns]	32	8192	8	1024	CLMUL	9.16854
create-total[ms]	32	8192	8	1024	CLMUL	76.91132
recover[ms]	32	8192	16	0	GENERIC	2.75188
recover[ms]	32	8192	16	0	CLMUL	0.70451
create[ns]	32	8192	16	1024	GENERIC	5.10864
create-total[ms]	32	8192	16	1024	GENERIC	42.85436
create[ns]	32	8192	16	1024	CLMUL	9.16867
create-total[ms]	32	8192	16	1024	CLMUL	76.91241
recover[ms]	32	8192	32	0	GENERIC	3.68937
recover[ms]	32	8192	32	0	CLMUL	1.43531
create[ns]	32	8192	32	1024	GENERIC	5.10641
create-total[ms]	32	8192	32	1024	GENERIC	42.83567
create[ns]	32	8192	32	1024	CLMUL	9.16865
create-total[ms]	32	8192	32	1024	CLMUL	76.91221
recover[ms]	32	8192	64	0	GENERIC	6.83601
recover[ms]	32	8192	64	0	CLMUL	3.10990
create[ns]	32	8192	64	1024	GENERIC	5.10465
create-total[ms]	32	8192	64	1024	GENERIC	42.82090
create[ns]	32	8192	64	1024	CLMUL	9.16864
create-total[ms]	32	8192	64	1024	CLMUL	76.91212
recover[ms]	32	8192	128	0	GENERIC	17.34883
recover[ms]	32	8192	128	0	CLMUL	7.16475
create[ns]	32	8192	128	1024	GENERIC	5.10870
create-total[ms]	32	8192	128	1024	GENERIC	42.85488
create[ns]	32	8192	128	1024	CLMUL	9.16855
create-total[ms]	32	8192	128	1024	CLMUL	76.91134
recover[ms]	32	8192	256	0	GENERIC	49.35173
recover[ms]	32	8192	256	0	CLMUL	17.99826
create[ns]	32	8192	256	1024	GENERIC	5.11080
create-total[ms]	32	8192	256	1024	GENERIC	42.87249
create[ns]	32	8192	256	1024	CLMUL	9.16856
create-total[ms]	32	8192	256	1024	CLMUL	76.91147
recover[ms]	32	8192	384	0	GENERIC	80.82850
recover[ms]	32	8192	384	0	CLMUL	32.50224
create[ns]	32	8192	384	1024	GENERIC	5.08438
create-total[ms]	32	8192	384	1024	GENERIC	42.65087
create[ns]	32	8192	384	1024	CLMUL	9.16865
create-total[ms]	32	8192	384	1024	CLMUL	76.91225
recover[ms]	32	8192	512	0	GENERIC	118.84008
recover[ms]	32	8192	512	0	CLMUL	50.34930
create[ns]	32	8192	512	1024	GENERIC	5.11213
create-total[ms]	32	8192	512	1024	GENERIC	42.88369
create[ns]	32	8192	512	1024	CLMUL	9.16855
create-total[ms]	32	8192	512	1024	CLMUL	76.91136
recover[ms]	32	8192	768	0	GENERIC	219.07287
recover[ms]	32	8192	768	0	CLMUL	95.76359
create[ns]	32	8192	768	1024	GENERIC	5.11234
create-total[ms]	32	8192	768	1024	GENERIC	42.88545
create[ns]	32	8192	768	1024	CLMUL	9.16858
create-total[ms]	32	8192	768	1024	CLMUL	76.91162
recover[ms]	32	8192	1024	0	GENERIC	354.58308
recover[ms]	32	8192	1024	0	CLMUL	154.52048
create[ns]	32	8192	1024	1024	GENERIC	5.11115
create-total[ms]	32	8192	1024	1024	GENERIC	42.87541
create[ns]	32	8192	1024	1024	CLMUL	9.16857
create-total[ms]	32	8192	1024	1024	CLMUL	76.91151
recover[ms]	32	8192	1536	0	GENERIC	710.45923
recover[ms]	32	8192	1536	0	CLMUL	308.94283
create[ns]	32	8192	1536	1024	GENERIC	5.10961
create-total[ms]	32	8192	1536	1024	GENERIC	42.86249
create[ns]	32	8192	1536	1024	CLMUL	9.16871
create-total[ms]	32	8192	1536	1024	CLMUL	76.91273
recover[ms]	32	8192	2048	0	GENERIC	1130.31483
recover[ms]	32	8192	2048	0	CLMUL	514.42328
create[ns]	32	8192	2048	1024	GENERIC	5.08576
create-total[ms]	32	8192	2048	1024	GENERIC	42.66243
create[ns]	32	8192	2048	1024	CLMUL	9.16867
create-total[ms]	32	8192	2048	1024	CLMUL	76.91239
recover[ms]	48	128	8	0	GENERIC	0.16758
recover[ms]	48	128	8	0	CLMUL	0.02778
create[ns]	48	128	8	1024	GENERIC	6.90736
create-total[ms]	48	128	8	1024	GENERIC	0.90536
create[ns]	48	128	8	1024	CLMUL	9.41518
create-total[ms]	48	128	8	1024	CLMUL	1.23407
recover[ms]	48	128	16	0	GENERIC	0.44575
recover[ms]	48	128	16	0	CLMUL	0.10213
create[ns]	48	128	16	1024	GENERIC	6.90947
create-total[ms]	48	128	16	1024	GENERIC	0.90564
create[ns]	48	128	16	1024	CLMUL	9.43214
create-total[ms]	48	128	16	1024	CLMUL	1.23629
recover[ms]	48	128	32	0	GENERIC	1.25499
recover[ms]	48	128	32	0	CLMUL	0.33200
create[ns]	48	128	32	1024	GENERIC	6.90876
create-total[ms]	48	128	32	1024	GENERIC	0.90555
create[ns]	48	128	32	1024	CLMUL	9.41518
create-total[ms]	48	128	32	1024	CLMUL	1.23407
recover[ms]	48	128	64	0	GENERIC	3.67635
recover[ms]	48	128	64	0	CLMUL	1.14107
create[ns]	48	128	64	1024	GENERIC	6.90918
create-total[ms]	48	128	64	1024	GENERIC	0.90560
create[ns]	48	128	64	1024	CLMUL	9.41532
create-total[ms]	48	128	64	1024	CLMUL	1.23409
recover[ms]	48	128	128	0	GENERIC	11.63172
recover[ms]	48	128	128	0	CLMUL	3.98515
create[ns]	48	128	128	1024	GENERIC	6.90919
create-total[ms]	48	128	128	1024	GENERIC	0.90560
create[ns]	48	128	128	1024	CLMUL	9.43199
create-total[ms]	48	128	128	1024	CLMUL	1.23627
recover[ms]	48	256	8	0	GENERIC	0.21108
recover[ms]	48	256	8	0	CLMUL	0.03450
create[ns]	48	256	8	1024	GENERIC	6.47678
create-total[ms]	48	256	8	1024	GENERIC	1.69785
create[ns]	48	256	8	1024	CLMUL	9.49974
create-total[ms]	48	256	8	1024	CLMUL	2.49030
recover[ms]	48	256	16	0	GENERIC	0.50071
recover[ms]	48	256	16	0	CLMUL	0.10945
create[ns]	48	256	16	1024	GENERIC	6.47685
create-total[ms]	48	256	16	1024	GENERIC	1.69787
create[ns]	48	256	16	1024	CLMUL	9.50003
create-total[ms]	48	256	16	1024	CLMUL	2.49037
recover[ms]	48	256	32	0	GENERIC	1.35853
recover[ms]	48	256	32	0	CLMUL	0.34054
create[ns]	48	256	32	1024	GENERIC	6.47473
create-total[ms]	48	256	32	1024	GENERIC	1.69731
create[ns]	48	256	32	1024	CLMUL	9.49989
create-total[ms]	48	256	32	1024	CLMUL	2.49034
recover[ms]	48	256	64	0	GENERIC	3.90905
recover[ms]	48	256	64	0	CLMUL	1.16044
create[ns]	48	256	64	1024	GENERIC	6.47607
create-total[ms]	48	256	64	1024	GENERIC	1.69766
create[ns]	48	256	64	1024	CLMUL	9.49996
create-total[ms]	48	256	64	1024	CLMUL	2.49036
recover[ms]	48	256	128	0	GENERIC	11.99596
recover[ms]	48	256	128	0	CLMUL	4.02285
create[ns]	48	256	128	1024	GENERIC	6.47536
create-total[ms]	48	256	128	1024	GENERIC	1.69748
create[ns]	48	256	128	1024	CLMUL	9.49989
create-total[ms]	48	256	128	1024	CLMUL	2.49034
recover[ms]	48	256	256	0	GENERIC	38.66160
recover[ms]	48	256	256	0	CLMUL	14.63519
create[ns]	48	256	256	1024	GENERIC	6.47685
create-total[ms]	48	256	256	1024	GENERIC	1.69787
create[ns]	48	256	256	1024	CLMUL	9.49989
create-total[ms]	48	256	256	1024	CLMUL	2.49034
recover[ms]	48	512	8	0	GENERIC	0.33197
recover[ms]	48	512	8	0	CLMUL	0.04739
create[ns]	48	512	8	1024	GENERIC	6.26888
create-total[ms]	48	512	8	1024	GENERIC	3.28670
create[ns]	48	512	8	1024	CLMUL	9.54877
create-total[ms]	48	512	8	1024	CLMUL	5.00631
recover[ms]	48	512	16	0	GENERIC	0.63338
recover[ms]	48	512	16	0	CLMUL	0.13211
create[ns]	48	512	16	1024	GENERIC	6.26690
create-total[ms]	48	512	16	1024	GENERIC	3.28566
create[ns]	48	512	16	1024	CLMUL	9.54877
create-total[ms]	48	512	16	1024	CLMUL	5.00631
recover[ms]	48	512	32	0	GENERIC	1.50159
recover[ms]	48	512	32	0	CLMUL	0.38289
create[ns]	48	512	32	1024	GENERIC	6.26881
create-total[ms]	48	512	32	1024	GENERIC	3.28666
create[ns]	48	512	32	1024	CLMUL	9.55241
create-total[ms]	48	512	32	1024	CLMUL	5.00821
recover[ms]	48	512	64	0	GENERIC	4.23867
recover[ms]	48	512	64	0	CLMUL	1.24164
create[ns]	48	512	64	1024	GENERIC	6.26902
create-total[ms]	48	512	64	1024	GENERIC	3.28677
create[ns]	48	512	64	1024	CLMUL	9.54884
create-total[ms]	48	512	64	1024	CLMUL	5.00634
recover[ms]	48	512	128	0	GENERIC	12.86516
recover[ms]	48	512	128	0	CLMUL	4.19776
create[ns]	48	512	128	1024	GENERIC	6.26905
create-total[ms]	48	512	128	1024	GENERIC	3.28679
create[ns]	48	512	128	1024	CLMUL	9.54888
create-total[ms]	48	512	128	1024	CLMUL	5.00636
recover[ms]	48	512	256	0	GENERIC	40.46126
recover[ms]	48	512	256	0	CLMUL	14.98656
create[ns]	48	512	256	1024	GENERIC	6.26976
create-total[ms]	48	512	256	1024	GENERIC	3.28716
create[ns]	48	512	256	1024	CLMUL	9.54881
create-total[ms]	48	512	256	1024	CLMUL	5.00632
recover[ms]	48	512	384	0	GENERIC	82.00083
recover[ms]	48	512	384	0	CLMUL	32.01085
create[ns]	48	512	384	1024	GENERIC	6.26757
create-total[ms]	48	512	384	1024	GENERIC	3.28601
create[ns]	48	512	384	1024	CLMUL	9.55138
create-total[ms]	48	512	384	1024	CLMUL	5.00767
recover[ms]	48	512	512	0	GENERIC	136.65785
recover[ms]	48	512	512	0	CLMUL	55.26034
create[ns]	48	512	512	1024	GENERIC	6.26828
create-total[ms]	48	512	512	1024	GENERIC	3.28638
create[ns]	48	512	512	1024	CLMUL	9.54891
create-total[ms]	48	512	512	1024	CLMUL	5.00638
recover[ms]	48	1024	8	0	GENERIC	0.73406
recover[ms]	48	1024	8	0	CLMUL	0.07007
create[ns]	48	1024	8	1024	GENERIC	6.15375
create-total[ms]	48	1024	8	1024	GENERIC	6.45267
create[ns]	48	1024	8	1024	CLMUL	9.56775
create-total[ms]	48	1024	8	1024	CLMUL	10.03252
recover[ms]	48	1024	16	0	GENERIC	1.08094
recover[ms]	48	1024	16	0	CLMUL	0.17137
create[ns]	48	1024	16	1024	GENERIC	6.15500
create-total[ms]	48	1024	16	1024	GENERIC	6.45399
create[ns]	48	1024	16	1024	CLMUL	9.56784
create-total[ms]	48	1024	16	1024	CLMUL	10.03261
recover[ms]	48	1024	32	0	GENERIC	2.17252
recover[ms]	48	1024	32	0	CLMUL	0.46171
create[ns]	48	1024	32	1024	GENERIC	6.15504
create-total[ms]	48	1024	32	1024	GENERIC	6.45402
create[ns]	48	1024	32	1024	CLMUL	9.56783
create-total[ms]	48	1024	32	1024	CLMUL	10.03259
recover[ms]	48	1024	64	0	GENERIC	5.35585
recover[ms]	48	1024	64	0	CLMUL	1.39357
create[ns]	48	1024	64	1024	GENERIC	6.15507
create-total[ms]	48	1024	64	1024	GENERIC	6.45406
create[ns]	48	1024	64	1024	CLMUL	9.56770
create-total[ms]	48	1024	64	1024	CLMUL	10.03246
recover[ms]	48	1024	128	0	GENERIC	14.64565
recover[ms]	48	1024	128	0	CLMUL	4.49599
create[ns]	48	1024	128	1024	GENERIC	6.15322
create-total[ms]	48	1024	128	1024	GENERIC	6.45211
create[ns]	48	1024	128	1024	CLMUL	9.56767
create-total[ms]	48	1024	128	1024	CLMUL	10.03243
recover[ms]	48	1024	256	0	GENERIC	44.43006
recover[ms]	48	1024	256	0	CLMUL	15.56376
create[ns]	48	1024	256	1024	GENERIC	6.15507
create-total[ms]	48	1024	256	1024	GENERIC	6.45406
create[ns]	48	1024	256	1024	CLMUL	9.56784
create-total[ms]	48	1024	256	1024	CLMUL	10.03261
recover[ms]	48	1024	384	0	GENERIC	90.25996
recover[ms]	48	1024	384	0	CLMUL	32.98908
create[ns]	48	1024	384	1024	GENERIC	6.15491
create-total[ms]	48	1024	384	1024	GENERIC	6.45389
create[ns]	48	1024	384	1024	CLMUL	9.56779
create-total[ms]	48	1024	384	1024	CLMUL	10.03256
recover[ms]	48	1024	512	0	GENERIC	152.87513
recover[ms]	48	1024	512	0	CLMUL	56.49635
create[ns]	48	1024	512	1024	GENERIC	6.15530
create-total[ms]	48	1024	512	1024	GENERIC	6.45430
create[ns]	48	1024	512	1024	CLMUL	9.56774
create-total[ms]	48	1024	512	1024	CLMUL	10.03250
recover[ms]	48	1024	768	0	GENERIC	312.63090
recover[ms]	48	1024	768	0	CLMUL	121.61310
create[ns]	48	1024	768	1024	GENERIC	6.15482
create-total[ms]	48	1024	768	1024	GENERIC	6.45380
create[ns]	48	1024	768	1024	CLMUL	9.56777
create-total[ms]	48	1024	768	1024	CLMUL	10.03254
recover[ms]	48	1024	1024	0	GENERIC	514.26787
recover[ms]	48	1024	1024	0	CLMUL	210.95228
create[ns]	48	1024	1024	1024	GENERIC	6.15526
create-total[ms]	48	1024	1024	1024	GENERIC	6.45426
create[ns]	48	1024	1024	1024	CLMUL	9.56793
create-total[ms]	48	1024	1024	1024	CLMUL	10.03270
recover[ms]	48	2048	8	0	GENERIC	1.55824
recover[ms]	48	2048	8	0	CLMUL	0.11567
create[ns]	48	2048	8	1024	GENERIC	6.09806
create-total[ms]	48	2048	8	1024	GENERIC	12.78856
create[ns]	48	2048	8	1024	CLMUL	9.57798
create-total[ms]	48	2048	8	1024	CLMUL	20.08648
recover[ms]	48	2048	16	0	GENERIC	2.02150
recover[ms]	48	2048	16	0	CLMUL	0.25528
create[ns]	48	2048	16	1024	GENERIC	6.09799
create-total[ms]	48	2048	16	1024	GENERIC	12.78841
create[ns]	48	2048	16	1024	CLMUL	9.57807
create-total[ms]	48	2048	16	1024	CLMUL	20.08667
recover[ms]	48	2048	32	0	GENERIC	3.18036
recover[ms]	48	2048	32	0	CLMUL	0.62493
create[ns]	48	2048	32	1024	GENERIC	6.09802
create-total[ms]	48	2048	32	1024	GENERIC	12.78847
create[ns]	48	2048	32	1024	CLMUL	9.57802
create-total[ms]	48	2048	32	1024	CLMUL	20.08657
recover[ms]	48	2048	64	0	GENERIC	7.15482
recover[ms]	48	2048	64	0	CLMUL	1.70046
create[ns]	48	2048	64	1024	GENERIC	6.09842
create-total[ms]	48	2048	64	1024	GENERIC	12.78932
create[ns]	48	2048	64	1024	CLMUL	9.57805
create-total[ms]	48	2048	64	1024	CLMUL	20.08663
recover[ms]	48	2048	128	0	GENERIC	18.27295
recover[ms]	48	2048	128	0	CLMUL	5.13208
create[ns]	48	2048	128	1024	GENERIC	6.09823
create-total[ms]	48	2048	128	1024	GENERIC	12.78891
create[ns]	48	2048	128	1024	CLMUL	9.57834
create-total[ms]	48	2048	128	1024	CLMUL	20.08724
recover[ms]	48	2048	256	0	GENERIC	51.93429
recover[ms]	48	2048	256	0	CLMUL	16.80569
create[ns]	48	2048	256	1024	GENERIC	6.09763
create-total[ms]	48	2048	256	1024	GENERIC	12.78766
create[ns]	48	2048	256	1024	CLMUL	9.57805
create-total[ms]	48	2048	256	1024	CLMUL	20.08663
recover[ms]	48	2048	384	0	GENERIC	106.15700
recover[ms]	48	2048	384	0	CLMUL	34.74315
create[ns]	48	2048	384	1024	GENERIC	6.09768
create-total[ms]	48	2048	384	1024	GENERIC	12.78777
create[ns]	48	2048	384	1024	CLMUL	9.57816
create-total[ms]	48	2048	384	1024	CLMUL	20.08685
recover[ms]	48	2048	512	0	GENERIC	183.20886
recover[ms]	48	2048	512	0	CLMUL	58.90432
create[ns]	48	2048	512	1024	GENERIC	6.09816
create-total[ms]	48	2048	512	1024	GENERIC	12.78877
create[ns]	48	2048	512	1024	CLMUL	9.57821
create-total[ms]	48	2048	512	1024	CLMUL	20.08696
recover[ms]	48	2048	768	0	GENERIC	377.84137
recover[ms]	48	2048	768	0	CLMUL	125.24725
create[ns]	48	2048	768	1024	GENERIC	6.09851
create-total[ms]	48	2048	768	1024	GENERIC	12.78951
create[ns]	48	2048	768	1024	CLMUL	9.57793
create-total[ms]	48	2048	768	1024	CLMUL	20.08637
recover[ms]	48	2048	1024	0	GENERIC	614.06611
recover[ms]	48	2048	1024	0	CLMUL	215.72567
create[ns]	48	2048	1024	1024	GENERIC	6.09796
create-total[ms]	48	2048	1024	1024	GENERIC	12.78836
create[ns]	48	2048	1024	1024	CLMUL	9.57804
create-total[ms]	48	2048	1024	1024	CLMUL	20.08661
recover[ms]	48	2048	1536	0	GENERIC	1216.17451
recover[ms]	48	2048	1536	0	CLMUL	466.76347
create[ns]	48	2048	1536	1024	GENERIC	6.09845
create-total[ms]	48	2048	1536	1024	GENERIC	12.78938
create[ns]	48	2048	1536	1024	CLMUL	9.57807
create-total[ms]	48	2048	1536	1024	CLMUL	20.08667
recover[ms]	48	2048	2048	0	GENERIC	1987.08427
recover[ms]	48	2048	2048	0	CLMUL	812.19129
create[ns]	48	2048	2048	1024	GENERIC	6.09831
create-total[ms]	48	2048	2048	1024	GENERIC	12.78908
create[ns]	48	2048	2048	1024	CLMUL	9.57795
create-total[ms]	48	2048	2048	1024	CLMUL	20.08643
recover[ms]	48	3072	8	0	GENERIC	2.21206
recover[ms]	48	3072	8	0	CLMUL	0.16102
create[ns]	48	3072	8	1024	GENERIC	6.07894
create-total[ms]	48	3072	8	1024	GENERIC	19.12268
create[ns]	48	3072	8	1024	CLMUL	9.58135
create-total[ms]	48	3072	8	1024	CLMUL	30.14033
recover[ms]	48	3072	16	0	GENERIC	2.86934
recover[ms]	48	3072	16	0	CLMUL	0.33817
create[ns]	48	3072	16	1024	GENERIC	6.07869
create-total[ms]	48	3072	16	1024	GENERIC	19.12192
create[ns]	48	3072	16	1024	CLMUL	9.58111
create-total[ms]	48	3072	16	1024	CLMUL	30.13956
recover[ms]	48	3072	32	0	GENERIC	4.21369
recover[ms]	48	3072	32	0	CLMUL	0.78708
create[ns]	48	3072	32	1024	GENERIC	6.07944
create-total[ms]	48	3072	32	1024	GENERIC	19.12427
create[ns]	48	3072	32	1024	CLMUL	9.58116
create-total[ms]	48	3072	32	1024	CLMUL	30.13972
recover[ms]	48	3072	64	0	GENERIC	9.04455
recover[ms]	48	3072	64	0	CLMUL	2.00896
create[ns]	48	3072	64	1024	GENERIC	6.07954
create-total[ms]	48	3072	64	1024	GENERIC	19.12457
create[ns]	48	3072	64	1024	CLMUL	9.58098
create-total[ms]	48	3072	64	1024	CLMUL	30.13917
recover[ms]	48	3072	128	0	GENERIC	21.83755
recover[ms]	48	3072	128	0	CLMUL	5.75242
create[ns]	48	3072	128	1024	GENERIC	6.07946
create-total[ms]	48	3072	128	1024	GENERIC	19.12432
create[ns]	48	3072	128	1024	CLMUL	9.58093
create-total[ms]	48	3072	128	1024	CLMUL	30.13900
recover[ms]	48	3072	256	0	GENERIC	58.83365
recover[ms]	48	3072	256	0	CLMUL	18.11200
create[ns]	48	3072	256	1024	GENERIC	6.07861
create-total[ms]	48	3072	256	1024	GENERIC	19.12166
create[ns]	48	3072	256	1024	CLMUL	9.58116
create-total[ms]	48	3072	256	1024	CLMUL	30.13972
recover[ms]	48	3072	384	0	GENERIC	121.01077
recover[ms]	48	3072	384	0	CLMUL	36.61376
create[ns]	48	3072	384	1024	GENERIC	6.07908
create-total[ms]	48	3072	384	1024	GENERIC	19.12314
create[ns]	48	3072	384	1024	CLMUL	9.58096
create-total[ms]	48	3072	384	1024	CLMUL	30.13909
recover[ms]	48	3072	512	0	GENERIC	214.31875
recover[ms]	48	3072	512	0	CLMUL	61.39501
create[ns]	48	3072	512	1024	GENERIC	6.07875
create-total[ms]	48	3072	512	1024	GENERIC	19.12210
create[ns]	48	3072	512	1024	CLMUL	9.58099
create-total[ms]	48	3072	512	1024	CLMUL	30.13918
recover[ms]	48	3072	768	0	GENERIC	443.08740
recover[ms]	48	3072	768	0	CLMUL	128.94861
create[ns]	48	3072	768	1024	GENERIC	6.07938
create-total[ms]	48	3072	768	1024	GENERIC	19.12408
create[ns]	48	3072	768	1024	CLMUL	9.58136
create-total[ms]	48	3072	768	1024	CLMUL	30.14035
recover[ms]	48	3072	1024	0	GENERIC	712.31000
recover[ms]	48	3072	1024	0	CLMUL	220.73931
create[ns]	48	3072	1024	1024	GENERIC	6.07932
create-total[ms]	48	3072	1024	1024	GENERIC	19.12388
create[ns]	48	3072	1024	1024	CLMUL	9.58092
create-total[ms]	48	3072	1024	1024	CLMUL	30.13896
recover[ms]	48	3072	1536	0	GENERIC	1384.30647
recover[ms]	48	3072	1536	0	CLMUL	474.04145
create[ns]	48	3072	1536	1024	GENERIC	6.07903
create-total[ms]	48	3072	1536	1024	GENERIC	19.12297
create[ns]	48	3072	1536	1024	CLMUL	9.58125
create-total[ms]	48	3072	1536	1024	CLMUL	30.14002
recover[ms]	48	3072	2048	0	GENERIC	2249.22519
recover[ms]	48	3072	2048	0	CLMUL	822.14227
create[ns]	48	3072	2048	1024	GENERIC	6.07905
create-total[ms]	48	3072	2048	1024	GENERIC	19.12303
create[ns]	48	3072	2048	1024	CLMUL	9.58114
create-total[ms]	48	3072	2048	1024	CLMUL	30.13967
recover[ms]	48	4096	8	0	GENERIC	3.03031
recover[ms]	48	4096	8	0	CLMUL	0.20319
create[ns]	48	4096	8	1024	GENERIC	6.06925
create-total[ms]	48	4096	8	1024	GENERIC	25.45629
create[ns]	48	4096	8	1024	CLMUL	9.58280
create-total[ms]	48	4096	8	1024	CLMUL	40.19317
recover[ms]	48	4096	16	0	GENERIC	3.76274
recover[ms]	48	4096	16	0	CLMUL	0.42165
create[ns]	48	4096	16	1024	GENERIC	6.06944
create-total[ms]	48	4096	16	1024	GENERIC	25.45709
create[ns]	48	4096	16	1024	CLMUL	9.58290
create-total[ms]	48	4096	16	1024	CLMUL	40.19361
recover[ms]	48	4096	32	0	GENERIC	5.26629
recover[ms]	48	4096	32	0	CLMUL	0.94118
create[ns]	48	4096	32	1024	GENERIC	6.06950
create-total[ms]	48	4096	32	1024	GENERIC	25.45731
create[ns]	48	4096	32	1024	CLMUL	9.58290
create-total[ms]	48	4096	32	1024	CLMUL	40.19361
recover[ms]	48	4096	64	0	GENERIC	10.99416
recover[ms]	48	4096	64	0	CLMUL	2.32059
create[ns]	48	4096	64	1024	GENERIC	6.06930
create-total[ms]	48	4096	64	1024	GENERIC	25.45649
create[ns]	48	4096	64	1024	CLMUL	9.58284
create-total[ms]	48	4096	64	1024	CLMUL	40.19335
recover[ms]	48	4096	128	0	GENERIC	25.98204
recover[ms]	48	4096	128	0	CLMUL	6.34645
create[ns]	48	4096	128	1024	GENERIC	6.06939
create-total[ms]	48	4096	128	1024	GENERIC	25.45686
create[ns]	48	4096	128	1024	CLMUL	9.58338
create-total[ms]	48	4096	128	1024	CLMUL	40.19563
recover[ms]	48	4096	256	0	GENERIC	67.46640
recover[ms]	48	4096	256	0	CLMUL	19.24794
create[ns]	48	4096	256	1024	GENERIC	6.06998
create-total[ms]	48	4096	256	1024	GENERIC	25.45933
create[ns]	48	4096	256	1024	CLMUL	9.58287
create-total[ms]	48	4096	256	1024	CLMUL	40.19348
recover[ms]	48	4096	384	0	GENERIC	137.73357
recover[ms]	48	4096	384	0	CLMUL	38.45995
create[ns]	48	4096	384	1024	GENERIC	6.06896
create-total[ms]	48	4096	384	1024	GENERIC	25.45507
create[ns]	48	4096	384	1024	CLMUL	9.58293
create-total[ms]	48	4096	384	1024	CLMUL	40.19372
recover[ms]	48	4096	512	0	GENERIC	247.02681
recover[ms]	48	4096	512	0	CLMUL	63.86648
create[ns]	48	4096	512	1024	GENERIC	6.07011
create-total[ms]	48	4096	512	1024	GENERIC	25.45988
create[ns]	48	4096	512	1024	CLMUL	9.58292
create-total[ms]	48	4096	512	1024	CLMUL	40.19369
recover[ms]	48	4096	768	0	GENERIC	515.93998
recover[ms]	48	4096	768	0	CLMUL	132.55891
create[ns]	48	4096	768	1024	GENERIC	6.06986
create-total[ms]	48	4096	768	1024	GENERIC	25.45883
create[ns]	48	4096	768	1024	CLMUL	9.58292
create-total[ms]	48	4096	768	1024	CLMUL	40.19369
recover[ms]	48	4096	1024	0	GENERIC	819.78088
recover[ms]	48	4096	1024	0	CLMUL	225.87071
create[ns]	48	4096	1024	1024	GENERIC	6.07066
create-total[ms]	48	4096	1024	1024	GENERIC	25.46218
create[ns]	48	4096	1024	1024	CLMUL	9.58344
create-total[ms]	48	4096	1024	1024	CLMUL	40.19587
recover[ms]	48	4096	1536	0	GENERIC	1567.74133
recover[ms]	48	4096	1536	0	CLMUL	481.24079
create[ns]	48	4096	1536	1024	GENERIC	6.06988
create-total[ms]	48	4096	1536	1024	GENERIC	25.45892
create[ns]	48	4096	1536	1024	CLMUL	9.58290
create-total[ms]	48	4096	1536	1024	CLMUL	40.19361
recover[ms]	48	4096	2048	0	GENERIC	2521.15478
recover[ms]	48	4096	2048	0	CLMUL	831.68399
create[ns]	48	4096	2048	1024	GENERIC	6.06970
create-total[ms]	48	4096	2048	1024	GENERIC	25.45816
create[ns]	48	4096	2048	1024	CLMUL	9.58292
create-total[ms]	48	4096	2048	1024	CLMUL	40.19367
recover[ms]	48	5120	8	0	GENERIC	3.79653
recover[ms]	48	5120	8	0	CLMUL	0.24969
create[ns]	48	5120	8	1024	GENERIC	6.06511
create-total[ms]	48	5120	8	1024	GENERIC	31.79866
create[ns]	48	5120	8	1024	CLMUL	9.58372
create-total[ms]	48	5120	8	1024	CLMUL	50.24630
recover[ms]	48	5120	16	0	GENERIC	4.65130
recover[ms]	48	5120	16	0	CLMUL	0.50178
create[ns]	48	5120	16	1024	GENERIC	6.06446
create-total[ms]	48	5120	16	1024	GENERIC	31.79524
create[ns]	48	5120	16	1024	CLMUL	9.58403
create-total[ms]	48	5120	16	1024	CLMUL	50.24795
recover[ms]	48	5120	32	0	GENERIC	6.34300
recover[ms]	48	5120	32	0	CLMUL	1.10351
create[ns]	48	5120	32	1024	GENERIC	6.06397
create-total[ms]	48	5120	32	1024	GENERIC	31.79265
create[ns]	48	5120	32	1024	CLMUL	9.58393
create-total[ms]	48	5120	32	1024	CLMUL	50.24737
recover[ms]	48	5120	64	0	GENERIC	12.69638
recover[ms]	48	5120	64	0	CLMUL	2.63402
create[ns]	48	5120	64	1024	GENERIC	6.06536
create-total[ms]	48	5120	64	1024	GENERIC	31.79994
create[ns]	48	5120	64	1024	CLMUL	9.58393
create-total[ms]	48	5120	64	1024	CLMUL	50.24741
recover[ms]	48	5120	128	0	GENERIC	29.21983
recover[ms]	48	5120	128	0	CLMUL	6.99625
create[ns]	48	5120	128	1024	GENERIC	6.06499
create-total[ms]	48	5120	128	1024	GENERIC	31.79803
create[ns]	48	5120	128	1024	CLMUL	9.58437
create-total[ms]	48	5120	128	1024	CLMUL	50.24972
recover[ms]	48	5120	256	0	GENERIC	74.65174
recover[ms]	48	5120	256	0	CLMUL	20.42306
create[ns]	48	5120	256	1024	GENERIC	6.06418
create-total[ms]	48	5120	256	1024	GENERIC	31.79378
create[ns]	48	5120	256	1024	CLMUL	9.58384
create-total[ms]	48	5120	256	1024	CLMUL	50.24691
recover[ms]	48	5120	384	0	GENERIC	154.34263
recover[ms]	48	5120	384	0	CLMUL	40.31969
create[ns]	48	5120	384	1024	GENERIC	6.06450
create-total[ms]	48	5120	384	1024	GENERIC	31.79542
create[ns]	48	5120	384	1024	CLMUL	9.58369
create-total[ms]	48	5120	384	1024	CLMUL	50.24613
recover[ms]	48	5120	512	0	GENERIC	276.44796
recover[ms]	48	5120	512	0	CLMUL	66.69634
create[ns]	48	5120	512	1024	GENERIC	6.06541
create-total[ms]	48	5120	512	1024	GENERIC	31.80024
create[ns]	48	5120	512	1024	CLMUL	9.58396
create-total[ms]	48	5120	512	1024	CLMUL	50.24758
recover[ms]	48	5120	768	0	GENERIC	576.53028
recover[ms]	48	5120	768	0	CLMUL	136.15196
create[ns]	48	5120	768	1024	GENERIC	6.06651
create-total[ms]	48	5120	768	1024	GENERIC	31.80596
create[ns]	48	5120	768	1024	CLMUL	9.58460
create-total[ms]	48	5120	768	1024	CLMUL	50.25089
recover[ms]	48	5120	1024	0	GENERIC	913.32602
recover[ms]	48	5120	1024	0	CLMUL	230.35098
create[ns]	48	5120	1024	1024	GENERIC	6.06509
create-total[ms]	48	5120	1024	1024	GENERIC	31.79851
create[ns]	48	5120	1024	1024	CLMUL	9.58438
create-total[ms]	48	5120	1024	1024	CLMUL	50.24978
recover[ms]	48	5120	1536	0	GENERIC	1735.28216
recover[ms]	48	5120	1536	0	CLMUL	488.56832
create[ns]	48	5120	1536	1024	GENERIC	6.06424
create-total[ms]	48	5120	1536	1024	GENERIC	31.79407
create[ns]	48	5120	1536	1024	CLMUL	9.58384
create-total[ms]	48	5120	1536	1024	CLMUL	50.24693
recover[ms]	48	5120	2048	0	GENERIC	2774.57054
recover[ms]	48	5120	2048	0	CLMUL	841.87177
create[ns]	48	5120	2048	1024	GENERIC	6.06434
create-total[ms]	48	5120	2048	1024	GENERIC	31.79459
create[ns]	48	5120	2048	1024	CLMUL	9.58404
create-total[ms]	48	5120	2048	1024	CLMUL	50.24796
recover[ms]	48	6144	8	0	GENERIC	4.51754
recover[ms]	48	6144	8	0	CLMUL	0.29239
create[ns]	48	6144	8	1024	GENERIC	6.06857
create-total[ms]	48	6144	8	1024	GENERIC	38.18013
create[ns]	48	6144	8	1024	CLMUL	9.58489
create-total[ms]	48	6144	8	1024	CLMUL	60.30294
recover[ms]	48	6144	16	0	GENERIC	5.51794
recover[ms]	48	6144	16	0	CLMUL	0.58632
create[ns]	48	6144	16	1024	GENERIC	6.06824
create-total[ms]	48	6144	16	1024	GENERIC	38.17807
create[ns]	48	6144	16	1024	CLMUL	9.58495
create-total[ms]	48	6144	16	1024	CLMUL	60.30332
recover[ms]	48	6144	32	0	GENERIC	7.29225
recover[ms]	48	6144	32	0	CLMUL	1.26647
create[ns]	48	6144	32	1024	GENERIC	6.06828
create-total[ms]	48	6144	32	1024	GENERIC	38.17830
create[ns]	48	6144	32	1024	CLMUL	9.58518
create-total[ms]	48	6144	32	1024	CLMUL	60.30472
recover[ms]	48	6144	64	0	GENERIC	14.61245
recover[ms]	48	6144	64	0	CLMUL	2.94821
create[ns]	48	6144	64	1024	GENERIC	6.06866
create-total[ms]	48	6144	64	1024	GENERIC	38.18070
create[ns]	48	6144	64	1024	CLMUL	9.58482
create-total[ms]	48	6144	64	1024	CLMUL	60.30248
recover[ms]	48	6144	128	0	GENERIC	32.82599
recover[ms]	48	6144	128	0	CLMUL	7.56307
create[ns]	48	6144	128	1024	GENERIC	6.06885
create-total[ms]	48	6144	128	1024	GENERIC	38.18189
create[ns]	48	6144	128	1024	CLMUL	9.58482
create-total[ms]	48	6144	128	1024	CLMUL	60.30250
recover[ms]	48	6144	256	0	GENERIC	82.68410
recover[ms]	48	6144	256	0	CLMUL	21.65918
create[ns]	48	6144	256	1024	GENERIC	6.06838
create-total[ms]	48	6144	256	1024	GENERIC	38.17893
create[ns]	48	6144	256	1024	CLMUL	9.58506
create-total[ms]	48	6144	256	1024	CLMUL	60.30396
recover[ms]	48	6144	384	0	GENERIC	170.36818
recover[ms]	48	6144	384	0	CLMUL	42.10713
create[ns]	48	6144	384	1024	GENERIC	6.06895
create-total[ms]	48	6144	384	1024	GENERIC	38.18254
create[ns]	48	6144	384	1024	CLMUL	9.58488
create-total[ms]	48	6144	384	1024	CLMUL	60.30287
recover[ms]	48	6144	512	0	GENERIC	308.40614
recover[ms]	48	6144	512	0	CLMUL	68.69104
create[ns]	48	6144	512	1024	GENERIC	6.06858
create-total[ms]	48	6144	512	1024	GENERIC	38.18022
create[ns]	48	6144	512	1024	CLMUL	9.58515
create-total[ms]	48	6144	512	1024	CLMUL	60.30457
recover[ms]	48	6144	768	0	GENERIC	643.07299
recover[ms]	48	6144	768	0	CLMUL	139.88512
create[ns]	48	6144	768	1024	GENERIC	6.06903
create-total[ms]	48	6144	768	1024	GENERIC	38.18302
create[ns]	48	6144	768	1024	CLMUL	9.58475
create-total[ms]	48	6144	768	1024	CLMUL	60.30206
recover[ms]	48	6144	1024	0	GENERIC	1012.94846
recover[ms]	48	6144	1024	0	CLMUL	235.31917
create[ns]	48	6144	1024	1024	GENERIC	6.06896
create-total[ms]	48	6144	1024	1024	GENERIC	38.18259
create[ns]	48	6144	1024	1024	CLMUL	9.58500
create-total[ms]	48	6144	1024	1024	CLMUL	60.30359
recover[ms]	48	6144	1536	0	GENERIC	1906.22302
recover[ms]	48	6144	1536	0	CLMUL	495.80830
create[ns]	48	6144	1536	1024	GENERIC	6.06896
create-total[ms]	48	6144	1536	1024	GENERIC	38.18257
create[ns]	48	6144	1536	1024	CLMUL	9.58494
create-total[ms]	48	6144	1536	1024	CLMUL	60.30322
recover[ms]	48	6144	2048	0	GENERIC	3036.63261
recover[ms]	48	6144	2048	0	CLMUL	851.61010
create[ns]	48	6144	2048	1024	GENERIC	6.06922
create-total[ms]	48	6144	2048	1024	GENERIC	38.18422
create[ns]	48	6144	2048	1024	CLMUL	9.58482
create-total[ms]	48	6144	2048	1024	CLMUL	60.30250
recover[ms]	48	7168	8	0	GENERIC	5.26425
recover[ms]	48	7168	8	0	CLMUL	0.33978
create[ns]	48	7168	8	1024	GENERIC	6.06755
create-total[ms]	48	7168	8	1024	GENERIC	44.53604
create[ns]	48	7168	8	1024	CLMUL	9.58570
create-total[ms]	48	7168	8	1024	CLMUL	70.35937
recover[ms]	48	7168	16	0	GENERIC	6.48643
recover[ms]	48	7168	16	0	CLMUL	0.67160
create[ns]	48	7168	16	1024	GENERIC	6.06705
create-total[ms]	48	7168	16	1024	GENERIC	44.53236
create[ns]	48	7168	16	1024	CLMUL	9.58683
create-total[ms]	48	7168	16	1024	CLMUL	70.36765
recover[ms]	48	7168	32	0	GENERIC	8.50643
recover[ms]	48	7168	32	0	CLMUL	1.41833
create[ns]	48	7168	32	1024	GENERIC	6.06756
create-total[ms]	48	7168	32	1024	GENERIC	44.53610
create[ns]	48	7168	32	1024	CLMUL	9.58636
create-total[ms]	48	7168	32	1024	CLMUL	70.36417
recover[ms]	48	7168	64	0	GENERIC	16.73760
recover[ms]	48	7168	64	0	CLMUL	3.25794
create[ns]	48	7168	64	1024	GENERIC	6.06774
create-total[ms]	48	7168	64	1024	GENERIC	44.53739
create[ns]	48	7168	64	1024	CLMUL	9.58543
create-total[ms]	48	7168	64	1024	CLMUL	70.35737
recover[ms]	48	7168	128	0	GENERIC	36.41013
recover[ms]	48	7168	128	0	CLMUL	8.18450
create[ns]	48	7168	128	1024	GENERIC	6.06796
create-total[ms]	48	7168	128	1024	GENERIC	44.53899
create[ns]	48	7168	128	1024	CLMUL	9.58555
create-total[ms]	48	7168	128	1024	CLMUL	70.35828
recover[ms]	48	7168	256	0	GENERIC	90.26126
recover[ms]	48	7168	256	0	CLMUL	22.90323
create[ns]	48	7168	256	1024	GENERIC	6.06723
create-total[ms]	48	7168	256	1024	GENERIC	44.53367
create[ns]	48	7168	256	1024	CLMUL	9.58554
create-total[ms]	48	7168	256	1024	CLMUL	70.35819
recover[ms]	48	7168	384	0	GENERIC	187.20386
recover[ms]	48	7168	384	0	CLMUL	43.97826
create[ns]	48	7168	384	1024	GENERIC	6.06762
create-total[ms]	48	7168	384	1024	GENERIC	44.53650
create[ns]	48	7168	384	1024	CLMUL	9.58540
create-total[ms]	48	7168	384	1024	CLMUL	70.35717
recover[ms]	48	7168	512	0	GENERIC	339.85621
recover[ms]	48	7168	512	0	CLMUL	71.18271
create[ns]	48	7168	512	1024	GENERIC	6.06803
create-total[ms]	48	7168	512	1024	GENERIC	44.53956
create[ns]	48	7168	512	1024	CLMUL	9.58537
create-total[ms]	48	7168	512	1024	CLMUL	70.35691
recover[ms]	48	7168	768	0	GENERIC	708.24876
recover[ms]	48	7168	768	0	CLMUL	143.59284
create[ns]	48	7168	768	1024	GENERIC	6.06788
create-total[ms]	48	7168	768	1024	GENERIC	44.53841
create[ns]	48	7168	768	1024	CLMUL	9.58541
create-total[ms]	48	7168	768	1024	CLMUL	70.35719
recover[ms]	48	7168	1024	0	GENERIC	1115.00177
recover[ms]	48	7168	1024	0	CLMUL	240.09538
create[ns]	48	7168	1024	1024	GENERIC	6.06739
create-total[ms]	48	7168	1024	1024	GENERIC	44.53484
create[ns]	48	7168	1024	1024	CLMUL	9.58590
create-total[ms]	48	7168	1024	1024	CLMUL	70.36082
recover[ms]	48	7168	1536	0	GENERIC	2083.15015
recover[ms]	48	7168	1536	0	CLMUL	503.07081
create[ns]	48	7168	1536	1024	GENERIC	6.06765
create-total[ms]	48	7168	1536	1024	GENERIC	44.53674
create[ns]	48	7168	1536	1024	CLMUL	9.58534
create-total[ms]	48	7168	1536	1024	CLMUL	70.35669
recover[ms]	48	7168	2048	0	GENERIC	3304.71100
recover[ms]	48	7168	2048	0	CLMUL	860.93554
create[ns]	48	7168	2048	1024	GENERIC	6.06817
create-total[ms]	48	7168	2048	1024	GENERIC	44.54054
create[ns]	48	7168	2048	1024	CLMUL	9.58582
create-total[ms]	48	7168	2048	1024	CLMUL	70.36026
recover[ms]	48	8192	8	0	GENERIC	5.94965
recover[ms]	48	8192	8	0	CLMUL	0.38526
create[ns]	48	8192	8	1024	GENERIC	6.06920
create-total[ms]	48	8192	8	1024	GENERIC	50.91215
create[ns]	48	8192	8	1024	CLMUL	9.58682
create-total[ms]	48	8192	8	1024	CLMUL	80.42011
recover[ms]	48	8192	16	0	GENERIC	7.33646
recover[ms]	48	8192	16	0	CLMUL	0.75453
create[ns]	48	8192	16	1024	GENERIC	6.06905
create-total[ms]	48	8192	16	1024	GENERIC	50.91089
create[ns]	48	8192	16	1024	CLMUL	9.58684
create-total[ms]	48	8192	16	1024	CLMUL	80.42024
recover[ms]	48	8192	32	0	GENERIC	9.44696
recover[ms]	48	8192	32	0	CLMUL	1.57370
create[ns]	48	8192	32	1024	GENERIC	6.06866
create-total[ms]	48	8192	32	1024	GENERIC	50.90758
create[ns]	48	8192	32	1024	CLMUL	9.58659
create-total[ms]	48	8192	32	1024	CLMUL	80.41819
recover[ms]	48	8192	64	0	GENERIC	18.49947
recover[ms]	48	8192	64	0	CLMUL	3.57618
create[ns]	48	8192	64	1024	GENERIC	6.06838
create-total[ms]	48	8192	64	1024	GENERIC	50.90528
create[ns]	48	8192	64	1024	CLMUL	9.58666
create-total[ms]	48	8192	64	1024	CLMUL	80.41872
recover[ms]	48	8192	128	0	GENERIC	40.11500
recover[ms]	48	8192	128	0	CLMUL	8.82823
create[ns]	48	8192	128	1024	GENERIC	6.06936
create-total[ms]	48	8192	128	1024	GENERIC	50.91351
create[ns]	48	8192	128	1024	CLMUL	9.58673
create-total[ms]	48	8192	128	1024	CLMUL	80.41935
recover[ms]	48	8192	256	0	GENERIC	98.43089
recover[ms]	48	8192	256	0	CLMUL	24.14283
create[ns]	48	8192	256	1024	GENERIC	6.06872
create-total[ms]	48	8192	256	1024	GENERIC	50.90814
create[ns]	48	8192	256	1024	CLMUL	9.58684
create-total[ms]	48	8192	256	1024	CLMUL	80.42022
recover[ms]	48	8192	384	0	GENERIC	203.47249
recover[ms]	48	8192	384	0	CLMUL	45.84016
create[ns]	48	8192	384	1024	GENERIC	6.06827
create-total[ms]	48	8192	384	1024	GENERIC	50.90438
create[ns]	48	8192	384	1024	CLMUL	9.58677
create-total[ms]	48	8192	384	1024	CLMUL	80.41967
recover[ms]	48	8192	512	0	GENERIC	370.71661
recover[ms]	48	8192	512	0	CLMUL	73.72938
create[ns]	48	8192	512	1024	GENERIC	6.06839
create-total[ms]	48	8192	512	1024	GENERIC	50.90536
create[ns]	48	8192	512	1024	CLMUL	9.58690
create-total[ms]	48	8192	512	1024	CLMUL	80.42071
recover[ms]	48	8192	768	0	GENERIC	774.94345
recover[ms]	48	8192	768	0	CLMUL	147.13695
create[ns]	48	8192	768	1024	GENERIC	6.06802
create-total[ms]	48	8192	768	1024	GENERIC	50.90223
create[ns]	48	8192	768	1024	CLMUL	9.58677
create-total[ms]	48	8192	768	1024	CLMUL	80.41965
recover[ms]	48	8192	1024	0	GENERIC	1212.34239
recover[ms]	48	8192	1024	0	CLMUL	245.26049
create[ns]	48	8192	1024	1024	GENERIC	6.06850
create-total[ms]	48	8192	1024	1024	GENERIC	50.90629
create[ns]	48	8192	1024	1024	CLMUL	9.58657
create-total[ms]	48	8192	1024	1024	CLMUL	80.41795
recover[ms]	48	8192	1536	0	GENERIC	2259.10202
recover[ms]	48	8192	1536	0	CLMUL	510.24130
create[ns]	48	8192	1536	1024	GENERIC	6.06803
create-total[ms]	48	8192	1536	1024	GENERIC	50.90232
create[ns]	48	8192	1536	1024	CLMUL	9.58678
create-total[ms]	48	8192	1536	1024	CLMUL	80.41976
recover[ms]	48	8192	2048	0	GENERIC	3568.66713
recover[ms]	48	8192	2048	0	CLMUL	870.65865
create[ns]	48	8192	2048	1024	GENERIC	6.06909
create-total[ms]	48	8192	2048	1024	GENERIC	50.91119
create[ns]	48	8192	2048	1024	CLMUL	9.58670
create-total[ms]	48	8192	2048	1024	CLMUL	80.41908
recover[ms]	58	128	8	0	GENERIC	0.22041
recover[ms]	58	128	8	0	CLMUL	0.04470
recover[ms]	58	128	8	0	CLMUL_TRI	0.04944
create[ns]	58	128	8	1024	GENERIC	7.97250
create-total[ms]	58	128	8	1024	GENERIC	1.04497
create[ns]	58	128	8	1024	CLMUL	10.06271
create-total[ms]	58	128	8	1024	CLMUL	1.31894
create[ns]	58	128	8	1024	CLMUL_TRI	11.62773
create-total[ms]	58	128	8	1024	CLMUL_TRI	1.52407
recover[ms]	58	128	16	0	GENERIC	0.60928
recover[ms]	58	128	16	0	CLMUL	0.14433
recover[ms]	58	128	16	0	CLMUL_TRI	0.18228
create[ns]	58	128	16	1024	GENERIC	7.97364
create-total[ms]	58	128	16	1024	GENERIC	1.04512
create[ns]	58	128	16	1024	CLMUL	10.06044
create-total[ms]	58	128	16	1024	CLMUL	1.31864
create[ns]	58	128	16	1024	CLMUL_TRI	11.62759
create-total[ms]	58	128	16	1024	CLMUL_TRI	1.52405
recover[ms]	58	128	32	0	GENERIC	1.77922
recover[ms]	58	128	32	0	CLMUL	0.52302
recover[ms]	58	128	32	0	CLMUL_TRI	0.68736
create[ns]	58	128	32	1024	GENERIC	7.97237
create-total[ms]	58	128	32	1024	GENERIC	1.04495
create[ns]	58	128	32	1024	CLMUL	10.05917
create-total[ms]	58	128	32	1024	CLMUL	1.31847
create[ns]	58	128	32	1024	CLMUL_TRI	11.62787
create-total[ms]	58	128	32	1024	CLMUL_TRI	1.52409
recover[ms]	58	128	64	0	GENERIC	5.38570
recover[ms]	58	128	64	0	CLMUL	1.82798
recover[ms]	58	128	64	0	CLMUL_TRI	2.49162
create[ns]	58	128	64	1024	GENERIC	7.97180
create-total[ms]	58	128	64	1024	GENERIC	1.04488
create[ns]	58	128	64	1024	CLMUL	10.06284
create-total[ms]	58	128	64	1024	CLMUL	1.31896
create[ns]	58	128	64	1024	CLMUL_TRI	11.65966
create-total[ms]	58	128	64	1024	CLMUL_TRI	1.52826
recover[ms]	58	128	128	0	GENERIC	16.77571
recover[ms]	58	128	128	0	CLMUL	6.63045
recover[ms]	58	128	128	0	CLMUL_TRI	9.13018
create[ns]	58	128	128	1024	GENERIC	7.97180
create-total[ms]	58	128	128	1024	GENERIC	1.04488
create[ns]	58	128	128	1024	CLMUL	10.06242
create-total[ms]	58	128	128	1024	CLMUL	1.31890
create[ns]	58	128	128	1024	CLMUL_TRI	11.62745
create-total[ms]	58	128	128	1024	CLMUL_TRI	1.52403
recover[ms]	58	256	8	0	GENERIC	0.26661
recover[ms]	58	256	8	0	CLMUL	0.04915
recover[ms]	58	256	8	0	CLMUL_TRI	0.06507
create[ns]	58	256	8	1024	GENERIC	7.46564
create-total[ms]	58	256	8	1024	GENERIC	1.95707
create[ns]	58	256	8	1024	CLMUL	10.03148
create-total[ms]	58	256	8	1024	CLMUL	2.62969
create[ns]	58	256	8	1024	CLMUL_TRI	11.64708
create-total[ms]	58	256	8	1024	CLMUL_TRI	3.05321
recover[ms]	58	256	16	0	GENERIC	0.69499
recover[ms]	58	256	16	0	CLMUL	0.16495
recover[ms]	58	256	16	0	CLMUL_TRI	0.20370
create[ns]	58	256	16	1024	GENERIC	7.46359
create-total[ms]	58	256	16	1024	GENERIC	1.95654
create[ns]	58	256	16	1024	CLMUL	10.03105
create-total[ms]	58	256	16	1024	CLMUL	2.62958
create[ns]	58	256	16	1024	CLMUL_TRI	11.64638
create-total[ms]	58	256	16	1024	CLMUL_TRI	3.05303
recover[ms]	58	256	32	0	GENERIC	1.89904
recover[ms]	58	256	32	0	CLMUL	0.55784
recover[ms]	58	256	32	0	CLMUL_TRI	0.71923
create[ns]	58	256	32	1024	GENERIC	7.46501
create-total[ms]	58	256	32	1024	GENERIC	1.95691
create[ns]	58	256	32	1024	CLMUL	10.03098
create-total[ms]	58	256	32	1024	CLMUL	2.62956
create[ns]	58	256	32	1024	CLMUL_TRI	11.65457
create-total[ms]	58	256	32	1024	CLMUL_TRI	3.05518
recover[ms]	58	256	64	0	GENERIC	5.66437
recover[ms]	58	256	64	0	CLMUL	1.87954
recover[ms]	58	256	64	0	CLMUL_TRI	2.57725
create[ns]	58	256	64	1024	GENERIC	7.46465
create-total[ms]	58	256	64	1024	GENERIC	1.95681
create[ns]	58	256	64	1024	CLMUL	10.03162
create-total[ms]	58	256	64	1024	CLMUL	2.62973
create[ns]	58	256	64	1024	CLMUL_TRI	11.64680
create-total[ms]	58	256	64	1024	CLMUL_TRI	3.05314
recover[ms]	58	256	128	0	GENERIC	17.19586
recover[ms]	58	256	128	0	CLMUL	6.78317
recover[ms]	58	256	128	0	CLMUL_TRI	9.28038
create[ns]	58	256	128	1024	GENERIC	7.46381
create-total[ms]	58	256	128	1024	GENERIC	1.95659
create[ns]	58	256	128	1024	CLMUL	10.03091
create-total[ms]	58	256	128	1024	CLMUL	2.62954
create[ns]	58	256	128	1024	CLMUL_TRI	11.64673
create-total[ms]	58	256	128	1024	CLMUL_TRI	3.05312
recover[ms]	58	256	256	0	GENERIC	56.53469
recover[ms]	58	256	256	0	CLMUL	25.13288
recover[ms]	58	256	256	0	CLMUL_TRI	35.69659
create[ns]	58	256	256	1024	GENERIC	7.46494
create-total[ms]	58	256	256	1024	GENERIC	1.95689
create[ns]	58	256	256	1024	CLMUL	10.03077
create-total[ms]	58	256	256	1024	CLMUL	2.62950
create[ns]	58	256	256	1024	CLMUL_TRI	11.64687
create-total[ms]	58	256	256	1024	CLMUL_TRI	3.05316
recover[ms]	58	512	8	0	GENERIC	0.41374
recover[ms]	58	512	8	0	CLMUL	0.06785
recover[ms]	58	512	8	0	CLMUL_TRI	0.08539
create[ns]	58	512	8	1024	GENERIC	7.22228
create-total[ms]	58	512	8	1024	GENERIC	3.78655
create[ns]	58	512	8	1024	CLMUL	10.01848
create-total[ms]	58	512	8	1024	CLMUL	5.25257
create[ns]	58	512	8	1024	CLMUL_TRI	11.66778
create-total[ms]	58	512	8	1024	CLMUL_TRI	6.11728
recover[ms]	58	512	16	0	GENERIC	0.85617
recover[ms]	58	512	16	0	CLMUL	0.19193
recover[ms]	58	512	16	0	CLMUL_TRI	0.24204
create[ns]	58	512	16	1024	GENERIC	7.22344
create-total[ms]	58	512	16	1024	GENERIC	3.78716
create[ns]	58	512	16	1024	CLMUL	10.01876
create-total[ms]	58	512	16	1024	CLMUL	5.25272
create[ns]	58	512	16	1024	CLMUL_TRI	11.66764
create-total[ms]	58	512	16	1024	CLMUL_TRI	6.11720
recover[ms]	58	512	32	0	GENERIC	2.13137
recover[ms]	58	512	32	0	CLMUL	0.59888
recover[ms]	58	512	32	0	CLMUL_TRI	0.79338
create[ns]	58	512	32	1024	GENERIC	7.22510
create-total[ms]	58	512	32	1024	GENERIC	3.78803
create[ns]	58	512	32	1024	CLMUL	10.01851
create-total[ms]	58	512	32	1024	CLMUL	5.25258
create[ns]	58	512	32	1024	CLMUL_TRI	11.66761
create-total[ms]	58	512	32	1024	CLMUL_TRI	6.11719
recover[ms]	58	512	64	0	GENERIC	6.01185
recover[ms]	58	512	64	0	CLMUL	1.96665
recover[ms]	58	512	64	0	CLMUL_TRI	2.68430
create[ns]	58	512	64	1024	GENERIC	7.22574
create-total[ms]	58	512	64	1024	GENERIC	3.78837
create[ns]	58	512	64	1024	CLMUL	10.01887
create-total[ms]	58	512	64	1024	CLMUL	5.25277
create[ns]	58	512	64	1024	CLMUL_TRI	11.66810
create-total[ms]	58	512	64	1024	CLMUL_TRI	6.11745
recover[ms]	58	512	128	0	GENERIC	18.24069
recover[ms]	58	512	128	0	CLMUL	7.00275
recover[ms]	58	512	128	0	CLMUL_TRI	9.58035
create[ns]	58	512	128	1024	GENERIC	7.22556
create-total[ms]	58	512	128	1024	GENERIC	3.78828
create[ns]	58	512	128	1024	CLMUL	10.01872
create-total[ms]	58	512	128	1024	CLMUL	5.25270
create[ns]	58	512	128	1024	CLMUL_TRI	11.66803
create-total[ms]	58	512	128	1024	CLMUL_TRI	6.11741
recover[ms]	58	512	256	0	GENERIC	58.63245
recover[ms]	58	512	256	0	CLMUL	25.52099
recover[ms]	58	512	256	0	CLMUL_TRI	36.11994
create[ns]	58	512	256	1024	GENERIC	7.22563
create-total[ms]	58	512	256	1024	GENERIC	3.78831
create[ns]	58	512	256	1024	CLMUL	10.01858
create-total[ms]	58	512	256	1024	CLMUL	5.25262
create[ns]	58	512	256	1024	CLMUL_TRI	11.66771
create-total[ms]	58	512	256	1024	CLMUL_TRI	6.11724
recover[ms]	58	512	384	0	GENERIC	119.93637
recover[ms]	58	512	384	0	CLMUL	55.86529
recover[ms]	58	512	384	0	CLMUL_TRI	77.61474
create[ns]	58	512	384	1024	GENERIC	7.22489
create-total[ms]	58	512	384	1024	GENERIC	3.78792
create[ns]	58	512	384	1024	CLMUL	10.01883
create-total[ms]	58	512	384	1024	CLMUL	5.25275
create[ns]	58	512	384	1024	CLMUL_TRI	11.66969
create-total[ms]	58	512	384	1024	CLMUL_TRI	6.11828
recover[ms]	58	512	512	0	GENERIC	200.63487
recover[ms]	58	512	512	0	CLMUL	97.19268
recover[ms]	58	512	512	0	CLMUL_TRI	137.55473
create[ns]	58	512	512	1024	GENERIC	7.22528
create-total[ms]	58	512	512	1024	GENERIC	3.78813
create[ns]	58	512	512	1024	CLMUL	10.01844
create-total[ms]	58	512	512	1024	CLMUL	5.25255
create[ns]	58	512	512	1024	CLMUL_TRI	11.66856
create-total[ms]	58	512	512	1024	CLMUL_TRI	6.11769
recover[ms]	58	1024	8	0	GENERIC	0.92138
recover[ms]	58	1024	8	0	CLMUL	0.09996
recover[ms]	58	1024	8	0	CLMUL_TRI	0.12407
create[ns]	58	1024	8	1024	GENERIC	7.09297
create-total[ms]	58	1024	8	1024	GENERIC	7.43751
create[ns]	58	1024	8	1024	CLMUL	10.01108
create-total[ms]	58	1024	8	1024	CLMUL	10.49737
create[ns]	58	1024	8	1024	CLMUL_TRI	11.67100
create-total[ms]	58	1024	8	1024	CLMUL_TRI	12.23793
recover[ms]	58	1024	16	0	GENERIC	1.34796
recover[ms]	58	1024	16	0	CLMUL	0.25224
recover[ms]	58	1024	16	0	CLMUL_TRI	0.33289
create[ns]	58	1024	16	1024	GENERIC	7.09217
create-total[ms]	58	1024	16	1024	GENERIC	7.43668
create[ns]	58	1024	16	1024	CLMUL	10.01090
create-total[ms]	58	1024	16	1024	CLMUL	10.49719
create[ns]	58	1024	16	1024	CLMUL_TRI	11.67123
create-total[ms]	58	1024	16	1024	CLMUL_TRI	12.23817
recover[ms]	58	1024	32	0	GENERIC	2.82708
recover[ms]	58	1024	32	0	CLMUL	0.71293
recover[ms]	58	1024	32	0	CLMUL_TRI	0.95921
create[ns]	58	1024	32	1024	GENERIC	7.09191
create-total[ms]	58	1024	32	1024	GENERIC	7.43640
create[ns]	58	1024	32	1024	CLMUL	10.01120
create-total[ms]	58	1024	32	1024	CLMUL	10.49751
create[ns]	58	1024	32	1024	CLMUL_TRI	11.67132
create-total[ms]	58	1024	32	1024	CLMUL_TRI	12.23826
recover[ms]	58	1024	64	0	GENERIC	7.30083
recover[ms]	58	1024	64	0	CLMUL	2.22898
recover[ms]	58	1024	64	0	CLMUL_TRI	3.03870
create[ns]	58	1024	64	1024	GENERIC	7.09134
create-total[ms]	58	1024	64	1024	GENERIC	7.43581
create[ns]	58	1024	64	1024	CLMUL	10.01104
create-total[ms]	58	1024	64	1024	CLMUL	10.49734
create[ns]	58	1024	64	1024	CLMUL_TRI	11.67107
create-total[ms]	58	1024	64	1024	CLMUL_TRI	12.23800
recover[ms]	58	1024	128	0	GENERIC	20.88749
recover[ms]	58	1024	128	0	CLMUL	7.40146
recover[ms]	58	1024	128	0	CLMUL_TRI	10.22822
create[ns]	58	1024	128	1024	GENERIC	7.09251
create-total[ms]	58	1024	128	1024	GENERIC	7.43703
create[ns]	58	1024	128	1024	CLMUL	10.01085
create-total[ms]	58	1024	128	1024	CLMUL	10.49713
create[ns]	58	1024	128	1024	CLMUL_TRI	11.67096
create-total[ms]	58	1024	128	1024	CLMUL_TRI	12.23789
recover[ms]	58	1024	256	0	GENERIC	64.21578
recover[ms]	58	1024	256	0	CLMUL	26.43063
recover[ms]	58	1024	256	0	CLMUL_TRI	37.46301
create[ns]	58	1024	256	1024	GENERIC	7.09191
create-total[ms]	58	1024	256	1024	GENERIC	7.43640
create[ns]	58	1024	256	1024	CLMUL	10.01099
create-total[ms]	58	1024	256	1024	CLMUL	10.49728
create[ns]	58	1024	256	1024	CLMUL_TRI	11.67114
create-total[ms]	58	1024	256	1024	CLMUL_TRI	12.23808
recover[ms]	58	1024	384	0	GENERIC	132.53713
recover[ms]	58	1024	384	0	CLMUL	57.24643
recover[ms]	58	1024	384	0	CLMUL_TRI	79.38460
create[ns]	58	1024	384	1024	GENERIC	7.09222
create-total[ms]	58	1024	384	1024	GENERIC	7.43673
create[ns]	58	1024	384	1024	CLMUL	10.01099
create-total[ms]	58	1024	384	1024	CLMUL	10.49728
create[ns]	58	1024	384	1024	CLMUL_TRI	11.67093
create-total[ms]	58	1024	384	1024	CLMUL_TRI	12.23785
recover[ms]	58	1024	512	0	GENERIC	224.28429
recover[ms]	58	1024	512	0	CLMUL	99.00264
recover[ms]	58	1024	512	0	CLMUL_TRI	140.08753
create[ns]	58	1024	512	1024	GENERIC	7.09245
create-total[ms]	58	1024	512	1024	GENERIC	7.43698
create[ns]	58	1024	512	1024	CLMUL	10.01097
create-total[ms]	58	1024	512	1024	CLMUL	10.49726
create[ns]	58	1024	512	1024	CLMUL_TRI	11.67082
create-total[ms]	58	1024	512	1024	CLMUL_TRI	12.23774
recover[ms]	58	1024	768	0	GENERIC	455.71052
recover[ms]	58	1024	768	0	CLMUL	216.16814
recover[ms]	58	1024	768	0	CLMUL_TRI	302.61539
create[ns]	58	1024	768	1024	GENERIC	7.09157
create-total[ms]	58	1024	768	1024	GENERIC	7.43605
create[ns]	58	1024	768	1024	CLMUL	10.01087
create-total[ms]	58	1024	768	1024	CLMUL	10.49715
create[ns]	58	1024	768	1024	CLMUL_TRI	11.67117
create-total[ms]	58	1024	768	1024	CLMUL_TRI	12.23811
recover[ms]	58	1024	1024	0	GENERIC	754.10485
recover[ms]	58	1024	1024	0	CLMUL	378.62553
recover[ms]	58	1024	1024	0	CLMUL_TRI	533.31503
create[ns]	58	1024	1024	1024	GENERIC	7.09205
create-total[ms]	58	1024	1024	1024	GENERIC	7.43655
create[ns]	58	1024	1024	1024	CLMUL	10.01092
create-total[ms]	58	1024	1024	1024	CLMUL	10.49721
create[ns]	58	1024	1024	1024	CLMUL_TRI	11.67126
create-total[ms]	58	1024	1024	1024	CLMUL_TRI	12.23821
recover[ms]	58	2048	8	0	GENERIC	1.83731
recover[ms]	58	2048	8	0	CLMUL	0.16159
recover[ms]	58	2048	8	0	CLMUL_TRI	0.20815
create[ns]	58	2048	8	1024	GENERIC	7.02644
create-total[ms]	58	2048	8	1024	GENERIC	14.73551
create[ns]	58	2048	8	1024	CLMUL	10.00785
create-total[ms]	58	2048	8	1024	CLMUL	20.98799
create[ns]	58	2048	8	1024	CLMUL_TRI	11.67245
create-total[ms]	58	2048	8	1024	CLMUL_TRI	24.47889
recover[ms]	58	2048	16	0	GENERIC	2.46019
recover[ms]	58	2048	16	0	CLMUL	0.37689
recover[ms]	58	2048	16	0	CLMUL_TRI	0.48562
create[ns]	58	2048	16	1024	GENERIC	7.02649
create-total[ms]	58	2048	16	1024	GENERIC	14.73562
create[ns]	58	2048	16	1024	CLMUL	10.00798
create-total[ms]	58	2048	16	1024	CLMUL	20.98825
create[ns]	58	2048	16	1024	CLMUL_TRI	11.67220
create-total[ms]	58	2048	16	1024	CLMUL_TRI	24.47837
recover[ms]	58	2048	32	0	GENERIC	4.13958
recover[ms]	58	2048	32	0	CLMUL	0.94506
recover[ms]	58	2048	32	0	CLMUL_TRI	1.26281
create[ns]	58	2048	32	1024	GENERIC	7.02696
create-total[ms]	58	2048	32	1024	GENERIC	14.73660
create[ns]	58	2048	32	1024	CLMUL	10.00779
create-total[ms]	58	2048	32	1024	CLMUL	20.98786
create[ns]	58	2048	32	1024	CLMUL_TRI	11.67239
create-total[ms]	58	2048	32	1024	CLMUL_TRI	24.47878
recover[ms]	58	2048	64	0	GENERIC	9.69431
recover[ms]	58	2048	64	0	CLMUL	2.68134
recover[ms]	58	2048	64	0	CLMUL_TRI	3.64168
create[ns]	58	2048	64	1024	GENERIC	7.02649
create-total[ms]	58	2048	64	1024	GENERIC	14.73562
create[ns]	58	2048	64	1024	CLMUL	10.00782
create-total[ms]	58	2048	64	1024	CLMUL	20.98792
create[ns]	58	2048	64	1024	CLMUL_TRI	11.67268
create-total[ms]	58	2048	64	1024	CLMUL_TRI	24.47937
recover[ms]	58	2048	128	0	GENERIC	25.24786
recover[ms]	58	2048	128	0	CLMUL	8.32978
recover[ms]	58	2048	128	0	CLMUL_TRI	11.36757
create[ns]	58	2048	128	1024	GENERIC	7.02683
create-total[ms]	58	2048	128	1024	GENERIC	14.73634
create[ns]	58	2048	128	1024	CLMUL	10.00797
create-total[ms]	58	2048	128	1024	CLMUL	20.98823
create[ns]	58	2048	128	1024	CLMUL_TRI	11.67172
create-total[ms]	58	2048	128	1024	CLMUL_TRI	24.47737
recover[ms]	58	2048	256	0	GENERIC	73.41003
recover[ms]	58	2048	256	0	CLMUL	28.27600
recover[ms]	58	2048	256	0	CLMUL_TRI	39.96985
create[ns]	58	2048	256	1024	GENERIC	7.02675
create-total[ms]	58	2048	256	1024	GENERIC	14.73617
create[ns]	58	2048	256	1024	CLMUL	10.00779
create-total[ms]	58	2048	256	1024	CLMUL	20.98786
create[ns]	58	2048	256	1024	CLMUL_TRI	11.67201
create-total[ms]	58	2048	256	1024	CLMUL_TRI	24.47799
recover[ms]	58	2048	384	0	GENERIC	155.39380
recover[ms]	58	2048	384	0	CLMUL	59.97183
recover[ms]	58	2048	384	0	CLMUL_TRI	82.86763
create[ns]	58	2048	384	1024	GENERIC	7.02628
create-total[ms]	58	2048	384	1024	GENERIC	14.73517
create[ns]	58	2048	384	1024	CLMUL	10.00780
create-total[ms]	58	2048	384	1024	CLMUL	20.98788
create[ns]	58	2048	384	1024	CLMUL_TRI	11.67174
create-total[ms]	58	2048	384	1024	CLMUL_TRI	24.47741
recover[ms]	58	2048	512	0	GENERIC	267.61677
recover[ms]	58	2048	512	0	CLMUL	102.65004
recover[ms]	58	2048	512	0	CLMUL_TRI	145.23073
create[ns]	58	2048	512	1024	GENERIC	7.02670
create-total[ms]	58	2048	512	1024	GENERIC	14.73606
create[ns]	58	2048	512	1024	CLMUL	10.00791
create-total[ms]	58	2048	512	1024	CLMUL	20.98810
create[ns]	58	2048	512	1024	CLMUL_TRI	11.67250
create-total[ms]	58	2048	512	1024	CLMUL_TRI	24.47900
recover[ms]	58	2048	768	0	GENERIC	540.26704
recover[ms]	58	2048	768	0	CLMUL	221.14699
recover[ms]	58	2048	768	0	CLMUL_TRI	310.19347
create[ns]	58	2048	768	1024	GENERIC	7.02706
create-total[ms]	58	2048	768	1024	GENERIC	14.73682
create[ns]	58	2048	768	1024	CLMUL	10.00777
create-total[ms]	58	2048	768	1024	CLMUL	20.98782
create[ns]	58	2048	768	1024	CLMUL_TRI	11.67260
create-total[ms]	58	2048	768	1024	CLMUL_TRI	24.47923
recover[ms]	58	2048	1024	0	GENERIC	880.07840
recover[ms]	58	2048	1024	0	CLMUL	385.53087
recover[ms]	58	2048	1024	0	CLMUL_TRI	542.90470
create[ns]	58	2048	1024	1024	GENERIC	7.02646
create-total[ms]	58	2048	1024	1024	GENERIC	14.73556
create[ns]	58	2048	1024	1024	CLMUL	10.00777
create-total[ms]	58	2048	1024	1024	CLMUL	20.98782
create[ns]	58	2048	1024	1024	CLMUL_TRI	11.67184
create-total[ms]	58	2048	1024	1024	CLMUL_TRI	24.47762
recover[ms]	58	2048	1536	0	GENERIC	1766.51135
recover[ms]	58	2048	1536	0	CLMUL	842.36013
recover[ms]	58	2048	1536	0	CLMUL_TRI	1181.40792
create[ns]	58	2048	1536	1024	GENERIC	7.02645
create-total[ms]	58	2048	1536	1024	GENERIC	14.73554
create[ns]	58	2048	1536	1024	CLMUL	10.00778
create-total[ms]	58	2048	1536	1024	CLMUL	20.98784
create[ns]	58	2048	1536	1024	CLMUL_TRI	11.67218
create-total[ms]	58	2048	1536	1024	CLMUL_TRI	24.47834
recover[ms]	58	2048	2048	0	GENERIC	2915.15978
recover[ms]	58	2048	2048	0	CLMUL	1478.29065
recover[ms]	58	2048	2048	0	CLMUL_TRI	2075.78516
create[ns]	58	2048	2048	1024	GENERIC	7.02660
create-total[ms]	58	2048	2048	1024	GENERIC	14.73584
create[ns]	58	2048	2048	1024	CLMUL	10.00795
create-total[ms]	58	2048	2048	1024	CLMUL	20.98819
create[ns]	58	2048	2048	1024	CLMUL_TRI	11.67302
create-total[ms]	58	2048	2048	1024	CLMUL_TRI	24.48010
recover[ms]	58	3072	8	0	GENERIC	2.70784
recover[ms]	58	3072	8	0	CLMUL	0.22713
recover[ms]	58	3072	8	0	CLMUL_TRI	0.29971
create[ns]	58	3072	8	1024	GENERIC	7.00551
create-total[ms]	58	3072	8	1024	GENERIC	22.03743
create[ns]	58	3072	8	1024	CLMUL	10.00679
create-total[ms]	58	3072	8	1024	CLMUL	31.47864
create[ns]	58	3072	8	1024	CLMUL_TRI	11.67299
create-total[ms]	58	3072	8	1024	CLMUL_TRI	36.72004
recover[ms]	58	3072	16	0	GENERIC	3.28296
recover[ms]	58	3072	16	0	CLMUL	0.49304
recover[ms]	58	3072	16	0	CLMUL_TRI	0.64208
create[ns]	58	3072	16	1024	GENERIC	7.00481
create-total[ms]	58	3072	16	1024	GENERIC	22.03524
create[ns]	58	3072	16	1024	CLMUL	10.00640
create-total[ms]	58	3072	16	1024	CLMUL	31.47740
create[ns]	58	3072	16	1024	CLMUL_TRI	11.67254
create-total[ms]	58	3072	16	1024	CLMUL_TRI	36.71863
recover[ms]	58	3072	32	0	GENERIC	5.32588
recover[ms]	58	3072	32	0	CLMUL	1.16925
recover[ms]	58	3072	32	0	CLMUL_TRI	1.56738
create[ns]	58	3072	32	1024	GENERIC	7.00448
create-total[ms]	58	3072	32	1024	GENERIC	22.03420
create[ns]	58	3072	32	1024	CLMUL	10.00666
create-total[ms]	58	3072	32	1024	CLMUL	31.47824
create[ns]	58	3072	32	1024	CLMUL_TRI	11.67208
create-total[ms]	58	3072	32	1024	CLMUL_TRI	36.71719
recover[ms]	58	3072	64	0	GENERIC	11.76416
recover[ms]	58	3072	64	0	CLMUL	3.12486
recover[ms]	58	3072	64	0	CLMUL_TRI	4.25921
create[ns]	58	3072	64	1024	GENERIC	7.00512
create-total[ms]	58	3072	64	1024	GENERIC	22.03620
create[ns]	58	3072	64	1024	CLMUL	10.00633
create-total[ms]	58	3072	64	1024	CLMUL	31.47720
create[ns]	58	3072	64	1024	CLMUL_TRI	11.67369
create-total[ms]	58	3072	64	1024	CLMUL_TRI	36.72226
recover[ms]	58	3072	128	0	GENERIC	29.57201
recover[ms]	58	3072	128	0	CLMUL	9.28070
recover[ms]	58	3072	128	0	CLMUL_TRI	12.83993
create[ns]	58	3072	128	1024	GENERIC	7.00453
create-total[ms]	58	3072	128	1024	GENERIC	22.03433
create[ns]	58	3072	128	1024	CLMUL	10.00647
create-total[ms]	58	3072	128	1024	CLMUL	31.47764
create[ns]	58	3072	128	1024	CLMUL_TRI	11.67181
create-total[ms]	58	3072	128	1024	CLMUL_TRI	36.71634
recover[ms]	58	3072	256	0	GENERIC	83.09247
recover[ms]	58	3072	256	0	CLMUL	29.95524
recover[ms]	58	3072	256	0	CLMUL_TRI	42.19111
create[ns]	58	3072	256	1024	GENERIC	7.00479
create-total[ms]	58	3072	256	1024	GENERIC	22.03517
create[ns]	58	3072	256	1024	CLMUL	10.00679
create-total[ms]	58	3072	256	1024	CLMUL	31.47862
create[ns]	58	3072	256	1024	CLMUL_TRI	11.67242
create-total[ms]	58	3072	256	1024	CLMUL_TRI	36.71825
recover[ms]	58	3072	384	0	GENERIC	178.01012
recover[ms]	58	3072	384	0	CLMUL	62.37613
recover[ms]	58	3072	384	0	CLMUL_TRI	86.32091
create[ns]	58	3072	384	1024	GENERIC	7.00497
create-total[ms]	58	3072	384	1024	GENERIC	22.03572
create[ns]	58	3072	384	1024	CLMUL	10.00641
create-total[ms]	58	3072	384	1024	CLMUL	31.47744
create[ns]	58	3072	384	1024	CLMUL_TRI	11.67305
create-total[ms]	58	3072	384	1024	CLMUL_TRI	36.72023
recover[ms]	58	3072	512	0	GENERIC	311.07922
recover[ms]	58	3072	512	0	CLMUL	106.18776
recover[ms]	58	3072	512	0	CLMUL_TRI	149.65853
create[ns]	58	3072	512	1024	GENERIC	7.00476
create-total[ms]	58	3072	512	1024	GENERIC	22.03507
create[ns]	58	3072	512	1024	CLMUL	10.00657
create-total[ms]	58	3072	512	1024	CLMUL	31.47796
create[ns]	58	3072	512	1024	CLMUL_TRI	11.67265
create-total[ms]	58	3072	512	1024	CLMUL_TRI	36.71897
recover[ms]	58	3072	768	0	GENERIC	622.77486
recover[ms]	58	3072	768	0	CLMUL	226.85961
recover[ms]	58	3072	768	0	CLMUL_TRI	317.06661
create[ns]	58	3072	768	1024	GENERIC	7.00488
create-total[ms]	58	3072	768	1024	GENERIC	22.03546
create[ns]	58	3072	768	1024	CLMUL	10.00684
create-total[ms]	58	3072	768	1024	CLMUL	31.47879
create[ns]	58	3072	768	1024	CLMUL_TRI	11.67292
create-total[ms]	58	3072	768	1024	CLMUL_TRI	36.71984
recover[ms]	58	3072	1024	0	GENERIC	1002.68655
recover[ms]	58	3072	1024	0	CLMUL	392.59825
recover[ms]	58	3072	1024	0	CLMUL_TRI	553.05122
create[ns]	58	3072	1024	1024	GENERIC	7.00478
create-total[ms]	58	3072	1024	1024	GENERIC	22.03515
create[ns]	58	3072	1024	1024	CLMUL	10.00681
create-total[ms]	58	3072	1024	1024	CLMUL	31.47870
create[ns]	58	3072	1024	1024	CLMUL_TRI	11.67320
create-total[ms]	58	3072	1024	1024	CLMUL_TRI	36.72071
recover[ms]	58	3072	1536	0	GENERIC	1982.91373
recover[ms]	58	3072	1536	0	CLMUL	853.00276
recover[ms]	58	3072	1536	0	CLMUL_TRI	1198.24093
create[ns]	58	3072	1536	1024	GENERIC	7.00547
create-total[ms]	58	3072	1536	1024	GENERIC	22.03730
create[ns]	58	3072	1536	1024	CLMUL	10.00677
create-total[ms]	58	3072	1536	1024	CLMUL	31.47859
create[ns]	58	3072	1536	1024	CLMUL_TRI	11.67302
create-total[ms]	58	3072	1536	1024	CLMUL_TRI	36.72015
recover[ms]	58	3072	2048	0	GENERIC	3262.33853
recover[ms]	58	3072	2048	0	CLMUL	1491.96918
recover[ms]	58	3072	2048	0	CLMUL_TRI	2098.00789
create[ns]	58	3072	2048	1024	GENERIC	7.00444
create-total[ms]	58	3072	2048	1024	GENERIC	22.03405
create[ns]	58	3072	2048	1024	CLMUL	10.00637
create-total[ms]	58	3072	2048	1024	CLMUL	31.47733
create[ns]	58	3072	2048	1024	CLMUL_TRI	11.67420
create-total[ms]	58	3072	2048	1024	CLMUL_TRI	36.72386
recover[ms]	58	4096	8	0	GENERIC	3.61424
recover[ms]	58	4096	8	0	CLMUL	0.28750
recover[ms]	58	4096	8	0	CLMUL_TRI	0.38517
create[ns]	58	4096	8	1024	GENERIC	6.99359
create-total[ms]	58	4096	8	1024	GENERIC	29.33325
create[ns]	58	4096	8	1024	CLMUL	10.00607
create-total[ms]	58	4096	8	1024	CLMUL	41.96848
create[ns]	58	4096	8	1024	CLMUL_TRI	11.67324
create-total[ms]	58	4096	8	1024	CLMUL_TRI	48.96110
recover[ms]	58	4096	16	0	GENERIC	4.37552
recover[ms]	58	4096	16	0	CLMUL	0.60638
recover[ms]	58	4096	16	0	CLMUL_TRI	0.80164
create[ns]	58	4096	16	1024	GENERIC	6.99388
create-total[ms]	58	4096	16	1024	GENERIC	29.33444
create[ns]	58	4096	16	1024	CLMUL	10.00604
create-total[ms]	58	4096	16	1024	CLMUL	41.96837
create[ns]	58	4096	16	1024	CLMUL_TRI	11.67479
create-total[ms]	58	4096	16	1024	CLMUL_TRI	48.96764
recover[ms]	58	4096	32	0	GENERIC	6.61839
recover[ms]	58	4096	32	0	CLMUL	1.40081
recover[ms]	58	4096	32	0	CLMUL_TRI	1.88330
create[ns]	58	4096	32	1024	GENERIC	6.99380
create-total[ms]	58	4096	32	1024	GENERIC	29.33414
create[ns]	58	4096	32	1024	CLMUL	10.00617
create-total[ms]	58	4096	32	1024	CLMUL	41.96891
create[ns]	58	4096	32	1024	CLMUL_TRI	11.67289
create-total[ms]	58	4096	32	1024	CLMUL_TRI	48.95964
recover[ms]	58	4096	64	0	GENERIC	14.55043
recover[ms]	58	4096	64	0	CLMUL	3.56570
recover[ms]	58	4096	64	0	CLMUL_TRI	4.88797
create[ns]	58	4096	64	1024	GENERIC	6.99408
create-total[ms]	58	4096	64	1024	GENERIC	29.33531
create[ns]	58	4096	64	1024	CLMUL	10.00625
create-total[ms]	58	4096	64	1024	CLMUL	41.96924
create[ns]	58	4096	64	1024	CLMUL_TRI	11.67490
create-total[ms]	58	4096	64	1024	CLMUL_TRI	48.96810
recover[ms]	58	4096	128	0	GENERIC	35.17208
recover[ms]	58	4096	128	0	CLMUL	10.18193
recover[ms]	58	4096	128	0	CLMUL_TRI	14.08243
create[ns]	58	4096	128	1024	GENERIC	6.99405
create-total[ms]	58	4096	128	1024	GENERIC	29.33516
create[ns]	58	4096	128	1024	CLMUL	10.00605
create-total[ms]	58	4096	128	1024	CLMUL	41.96841
create[ns]	58	4096	128	1024	CLMUL_TRI	11.67276
create-total[ms]	58	4096	128	1024	CLMUL_TRI	48.95910
recover[ms]	58	4096	256	0	GENERIC	95.26403
recover[ms]	58	4096	256	0	CLMUL	31.76346
recover[ms]	58	4096	256	0	CLMUL_TRI	44.61715
create[ns]	58	4096	256	1024	GENERIC	6.99401
create-total[ms]	58	4096	256	1024	GENERIC	29.33501
create[ns]	58	4096	256	1024	CLMUL	10.00604
create-total[ms]	58	4096	256	1024	CLMUL	41.96837
create[ns]	58	4096	256	1024	CLMUL_TRI	11.67321
create-total[ms]	58	4096	256	1024	CLMUL_TRI	48.96097
recover[ms]	58	4096	384	0	GENERIC	205.74994
recover[ms]	58	4096	384	0	CLMUL	65.49103
recover[ms]	58	4096	384	0	CLMUL_TRI	89.78837
create[ns]	58	4096	384	1024	GENERIC	6.99414
create-total[ms]	58	4096	384	1024	GENERIC	29.33557
create[ns]	58	4096	384	1024	CLMUL	10.00603
create-total[ms]	58	4096	384	1024	CLMUL	41.96833
create[ns]	58	4096	384	1024	CLMUL_TRI	11.67362
create-total[ms]	58	4096	384	1024	CLMUL_TRI	48.96271
recover[ms]	58	4096	512	0	GENERIC	361.01191
recover[ms]	58	4096	512	0	CLMUL	109.74625
recover[ms]	58	4096	512	0	CLMUL_TRI	154.25152
create[ns]	58	4096	512	1024	GENERIC	6.99398
create-total[ms]	58	4096	512	1024	GENERIC	29.33488
create[ns]	58	4096	512	1024	CLMUL	10.00620
create-total[ms]	58	4096	512	1024	CLMUL	41.96904
create[ns]	58	4096	512	1024	CLMUL_TRI	11.67255
create-total[ms]	58	4096	512	1024	CLMUL_TRI	48.95823
recover[ms]	58	4096	768	0	GENERIC	715.26838
recover[ms]	58	4096	768	0	CLMUL	232.53261
recover[ms]	58	4096	768	0	CLMUL_TRI	323.99794
create[ns]	58	4096	768	1024	GENERIC	6.99396
create-total[ms]	58	4096	768	1024	GENERIC	29.33479
create[ns]	58	4096	768	1024	CLMUL	10.00643
create-total[ms]	58	4096	768	1024	CLMUL	41.97000
create[ns]	58	4096	768	1024	CLMUL_TRI	11.67443
create-total[ms]	58	4096	768	1024	CLMUL_TRI	48.96612
recover[ms]	58	4096	1024	0	GENERIC	1137.47574
recover[ms]	58	4096	1024	0	CLMUL	399.45408
recover[ms]	58	4096	1024	0	CLMUL_TRI	563.13679
create[ns]	58	4096	1024	1024	GENERIC	6.99406
create-total[ms]	58	4096	1024	1024	GENERIC	29.33523
create[ns]	58	4096	1024	1024	CLMUL	10.00603
create-total[ms]	58	4096	1024	1024	CLMUL	41.96833
create[ns]	58	4096	1024	1024	CLMUL_TRI	11.67382
create-total[ms]	58	4096	1024	1024	CLMUL_TRI	48.96354
recover[ms]	58	4096	1536	0	GENERIC	2219.04782
recover[ms]	58	4096	1536	0	CLMUL	864.16231
recover[ms]	58	4096	1536	0	CLMUL_TRI	1209.73285
create[ns]	58	4096	1536	1024	GENERIC	6.99424
create-total[ms]	58	4096	1536	1024	GENERIC	29.33596
create[ns]	58	4096	1536	1024	CLMUL	10.00611
create-total[ms]	58	4096	1536	1024	CLMUL	41.96867
create[ns]	58	4096	1536	1024	CLMUL_TRI	11.67409
create-total[ms]	58	4096	1536	1024	CLMUL_TRI	48.96467
recover[ms]	58	4096	2048	0	GENERIC	3612.96871
recover[ms]	58	4096	2048	0	CLMUL	1506.29119
recover[ms]	58	4096	2048	0	CLMUL_TRI	2118.05198
create[ns]	58	4096	2048	1024	GENERIC	6.99433
create-total[ms]	58	4096	2048	1024	GENERIC	29.33635
create[ns]	58	4096	2048	1024	CLMUL	10.00597
create-total[ms]	58	4096	2048	1024	CLMUL	41.96809
create[ns]	58	4096	2048	1024	CLMUL_TRI	11.67353
create-total[ms]	58	4096	2048	1024	CLMUL_TRI	48.96232
recover[ms]	58	5120	8	0	GENERIC	4.48189
recover[ms]	58	5120	8	0	CLMUL	0.34686
recover[ms]	58	5120	8	0	CLMUL_TRI	0.46610
create[ns]	58	5120	8	1024	GENERIC	6.98752
create-total[ms]	58	5120	8	1024	GENERIC	36.63471
create[ns]	58	5120	8	1024	CLMUL	10.00598
create-total[ms]	58	5120	8	1024	CLMUL	52.46017
create[ns]	58	5120	8	1024	CLMUL_TRI	11.67401
create-total[ms]	58	5120	8	1024	CLMUL_TRI	61.20544
recover[ms]	58	5120	16	0	GENERIC	5.33418
recover[ms]	58	5120	16	0	CLMUL	0.73628
recover[ms]	58	5120	16	0	CLMUL_TRI	0.97149
create[ns]	58	5120	16	1024	GENERIC	6.98783
create-total[ms]	58	5120	16	1024	GENERIC	36.63638
create[ns]	58	5120	16	1024	CLMUL	10.00600
create-total[ms]	58	5120	16	1024	CLMUL	52.46024
create[ns]	58	5120	16	1024	CLMUL_TRI	11.67559
create-total[ms]	58	5120	16	1024	CLMUL_TRI	61.21373
recover[ms]	58	5120	32	0	GENERIC	7.93333
recover[ms]	58	5120	32	0	CLMUL	1.62546
recover[ms]	58	5120	32	0	CLMUL_TRI	2.18028
create[ns]	58	5120	32	1024	GENERIC	6.98731
create-total[ms]	58	5120	32	1024	GENERIC	36.63365
create[ns]	58	5120	32	1024	CLMUL	10.00587
create-total[ms]	58	5120	32	1024	CLMUL	52.45958
create[ns]	58	5120	32	1024	CLMUL_TRI	11.67570
create-total[ms]	58	5120	32	1024	CLMUL_TRI	61.21429
recover[ms]	58	5120	64	0	GENERIC	16.62300
recover[ms]	58	5120	64	0	CLMUL	4.03613
recover[ms]	58	5120	64	0	CLMUL_TRI	5.49255
create[ns]	58	5120	64	1024	GENERIC	6.98817
create-total[ms]	58	5120	64	1024	GENERIC	36.63812
create[ns]	58	5120	64	1024	CLMUL	10.00588
create-total[ms]	58	5120	64	1024	CLMUL	52.45961
create[ns]	58	5120	64	1024	CLMUL_TRI	11.67469
create-total[ms]	58	5120	64	1024	CLMUL_TRI	61.20899
recover[ms]	58	5120	128	0	GENERIC	38.86445
recover[ms]	58	5120	128	0	CLMUL	10.98736
recover[ms]	58	5120	128	0	CLMUL_TRI	15.05447
create[ns]	58	5120	128	1024	GENERIC	6.98863
create-total[ms]	58	5120	128	1024	GENERIC	36.64056
create[ns]	58	5120	128	1024	CLMUL	10.00600
create-total[ms]	58	5120	128	1024	CLMUL	52.46026
create[ns]	58	5120	128	1024	CLMUL_TRI	11.67529
create-total[ms]	58	5120	128	1024	CLMUL_TRI	61.21214
recover[ms]	58	5120	256	0	GENERIC	103.96429
recover[ms]	58	5120	256	0	CLMUL	33.53403
recover[ms]	58	5120	256	0	CLMUL_TRI	46.94216
create[ns]	58	5120	256	1024	GENERIC	6.98797
create-total[ms]	58	5120	256	1024	GENERIC	36.63708
create[ns]	58	5120	256	1024	CLMUL	10.00588
create-total[ms]	58	5120	256	1024	CLMUL	52.45965
create[ns]	58	5120	256	1024	CLMUL_TRI	11.67394
create-total[ms]	58	5120	256	1024	CLMUL_TRI	61.20508
recover[ms]	58	5120	384	0	GENERIC	227.78566
recover[ms]	58	5120	384	0	CLMUL	67.54451
recover[ms]	58	5120	384	0	CLMUL_TRI	93.68568
create[ns]	58	5120	384	1024	GENERIC	6.98788
create-total[ms]	58	5120	384	1024	GENERIC	36.63663
create[ns]	58	5120	384	1024	CLMUL	10.00594
create-total[ms]	58	5120	384	1024	CLMUL	52.45996
create[ns]	58	5120	384	1024	CLMUL_TRI	11.67413
create-total[ms]	58	5120	384	1024	CLMUL_TRI	61.20605
recover[ms]	58	5120	512	0	GENERIC	401.13470
recover[ms]	58	5120	512	0	CLMUL	113.21262
recover[ms]	58	5120	512	0	CLMUL_TRI	159.38066
create[ns]	58	5120	512	1024	GENERIC	6.98784
create-total[ms]	58	5120	512	1024	GENERIC	36.63641
create[ns]	58	5120	512	1024	CLMUL	10.00594
create-total[ms]	58	5120	512	1024	CLMUL	52.45995
create[ns]	58	5120	512	1024	CLMUL_TRI	11.67490
create-total[ms]	58	5120	512	1024	CLMUL_TRI	61.21010
recover[ms]	58	5120	768	0	GENERIC	796.58452
recover[ms]	58	5120	768	0	CLMUL	237.38565
recover[ms]	58	5120	768	0	CLMUL_TRI	331.76610
create[ns]	58	5120	768	1024	GENERIC	6.98784
create-total[ms]	58	5120	768	1024	GENERIC	36.63641
create[ns]	58	5120	768	1024	CLMUL	10.00615
create-total[ms]	58	5120	768	1024	CLMUL	52.46106
create[ns]	58	5120	768	1024	CLMUL_TRI	11.67426
create-total[ms]	58	5120	768	1024	CLMUL_TRI	61.20677
recover[ms]	58	5120	1024	0	GENERIC	1255.93039
recover[ms]	58	5120	1024	0	CLMUL	407.07702
recover[ms]	58	5120	1024	0	CLMUL_TRI	573.17974
create[ns]	58	5120	1024	1024	GENERIC	6.98787
create-total[ms]	58	5120	1024	1024	GENERIC	36.63654
create[ns]	58	5120	1024	1024	CLMUL	10.00611
create-total[ms]	58	5120	1024	1024	CLMUL	52.46086
create[ns]	58	5120	1024	1024	CLMUL_TRI	11.67453
create-total[ms]	58	5120	1024	1024	CLMUL_TRI	61.20818
recover[ms]	58	5120	1536	0	GENERIC	2429.87564
recover[ms]	58	5120	1536	0	CLMUL	874.79210
recover[ms]	58	5120	1536	0	CLMUL_TRI	1224.66088
create[ns]	58	5120	1536	1024	GENERIC	6.98743
create-total[ms]	58	5120	1536	1024	GENERIC	36.63428
create[ns]	58	5120	1536	1024	CLMUL	10.00585
create-total[ms]	58	5120	1536	1024	CLMUL	52.45947
create[ns]	58	5120	1536	1024	CLMUL_TRI	11.67458
create-total[ms]	58	5120	1536	1024	CLMUL_TRI	61.20842
recover[ms]	58	5120	2048	0	GENERIC	3935.44760
recover[ms]	58	5120	2048	0	CLMUL	1519.12621
recover[ms]	58	5120	2048	0	CLMUL_TRI	2134.85116
create[ns]	58	5120	2048	1024	GENERIC	6.98834
create-total[ms]	58	5120	2048	1024	GENERIC	36.63904
create[ns]	58	5120	2048	1024	CLMUL	10.00594
create-total[ms]	58	5120	2048	1024	CLMUL	52.45993
create[ns]	58	5120	2048	1024	CLMUL_TRI	11.67425
create-total[ms]	58	5120	2048	1024	CLMUL_TRI	61.20668
recover[ms]	58	6144	8	0	GENERIC	5.38546
recover[ms]	58	6144	8	0	CLMUL	0.40550
recover[ms]	58	6144	8	0	CLMUL_TRI	0.54730
create[ns]	58	6144	8	1024	GENERIC	6.99145
create-total[ms]	58	6144	8	1024	GENERIC	43.98641
create[ns]	58	6144	8	1024	CLMUL	10.00573
create-total[ms]	58	6144	8	1024	CLMUL	62.95058
create[ns]	58	6144	8	1024	CLMUL_TRI	11.67580
create-total[ms]	58	6144	8	1024	CLMUL_TRI	73.45779
recover[ms]	58	6144	16	0	GENERIC	6.26321
recover[ms]	58	6144	16	0	CLMUL	0.84519
recover[ms]	58	6144	16	0	CLMUL_TRI	1.12881
create[ns]	58	6144	16	1024	GENERIC	6.99182
create-total[ms]	58	6144	16	1024	GENERIC	43.98872
create[ns]	58	6144	16	1024	CLMUL	10.00585
create-total[ms]	58	6144	16	1024	CLMUL	62.95138
create[ns]	58	6144	16	1024	CLMUL_TRI	11.67587
create-total[ms]	58	6144	16	1024	CLMUL_TRI	73.45820
recover[ms]	58	6144	32	0	GENERIC	8.89636
recover[ms]	58	6144	32	0	CLMUL	1.84020
recover[ms]	58	6144	32	0	CLMUL_TRI	2.49439
create[ns]	58	6144	32	1024	GENERIC	6.99195
create-total[ms]	58	6144	32	1024	GENERIC	43.98952
create[ns]	58	6144	32	1024	CLMUL	10.00587
create-total[ms]	58	6144	32	1024	CLMUL	62.95151
create[ns]	58	6144	32	1024	CLMUL_TRI	11.67588
create-total[ms]	58	6144	32	1024	CLMUL_TRI	73.45827
recover[ms]	58	6144	64	0	GENERIC	19.13207
recover[ms]	58	6144	64	0	CLMUL	4.50123
recover[ms]	58	6144	64	0	CLMUL_TRI	6.09445
create[ns]	58	6144	64	1024	GENERIC	6.99248
create-total[ms]	58	6144	64	1024	GENERIC	43.99289
create[ns]	58	6144	64	1024	CLMUL	10.00564
create-total[ms]	58	6144	64	1024	CLMUL	62.95006
create[ns]	58	6144	64	1024	CLMUL_TRI	11.67407
create-total[ms]	58	6144	64	1024	CLMUL_TRI	73.44690
recover[ms]	58	6144	128	0	GENERIC	43.44831
recover[ms]	58	6144	128	0	CLMUL	11.89094
recover[ms]	58	6144	128	0	CLMUL_TRI	16.27259
create[ns]	58	6144	128	1024	GENERIC	6.99220
create-total[ms]	58	6144	128	1024	GENERIC	43.99115
create[ns]	58	6144	128	1024	CLMUL	10.00608
create-total[ms]	58	6144	128	1024	CLMUL	62.95284
create[ns]	58	6144	128	1024	CLMUL_TRI	11.67632
create-total[ms]	58	6144	128	1024	CLMUL_TRI	73.46107
recover[ms]	58	6144	256	0	GENERIC	114.00476
recover[ms]	58	6144	256	0	CLMUL	35.36418
recover[ms]	58	6144	256	0	CLMUL_TRI	49.75244
create[ns]	58	6144	256	1024	GENERIC	6.99213
create-total[ms]	58	6144	256	1024	GENERIC	43.99065
create[ns]	58	6144	256	1024	CLMUL	10.00621
create-total[ms]	58	6144	256	1024	CLMUL	62.95365
create[ns]	58	6144	256	1024	CLMUL_TRI	11.67503
create-total[ms]	58	6144	256	1024	CLMUL_TRI	73.45294
recover[ms]	58	6144	384	0	GENERIC	252.71433
recover[ms]	58	6144	384	0	CLMUL	70.14596
recover[ms]	58	6144	384	0	CLMUL_TRI	96.97728
create[ns]	58	6144	384	1024	GENERIC	6.99210
create-total[ms]	58	6144	384	1024	GENERIC	43.99048
create[ns]	58	6144	384	1024	CLMUL	10.00558
create-total[ms]	58	6144	384	1024	CLMUL	62.94969
create[ns]	58	6144	384	1024	CLMUL_TRI	11.67612
create-total[ms]	58	6144	384	1024	CLMUL_TRI	73.45979
recover[ms]	58	6144	512	0	GENERIC	446.15090
recover[ms]	58	6144	512	0	CLMUL	117.01688
recover[ms]	58	6144	512	0	CLMUL_TRI	164.51178
create[ns]	58	6144	512	1024	GENERIC	6.99200
create-total[ms]	58	6144	512	1024	GENERIC	43.98989
create[ns]	58	6144	512	1024	CLMUL	10.00603
create-total[ms]	58	6144	512	1024	CLMUL	62.95247
create[ns]	58	6144	512	1024	CLMUL_TRI	11.67526
create-total[ms]	58	6144	512	1024	CLMUL_TRI	73.45436
recover[ms]	58	6144	768	0	GENERIC	880.78326
recover[ms]	58	6144	768	0	CLMUL	243.04060
recover[ms]	58	6144	768	0	CLMUL_TRI	338.94246
create[ns]	58	6144	768	1024	GENERIC	6.99185
create-total[ms]	58	6144	768	1024	GENERIC	43.98894
create[ns]	58	6144	768	1024	CLMUL	10.00566
create-total[ms]	58	6144	768	1024	CLMUL	62.95019
create[ns]	58	6144	768	1024	CLMUL_TRI	11.67533
create-total[ms]	58	6144	768	1024	CLMUL_TRI	73.45485
recover[ms]	58	6144	1024	0	GENERIC	1382.91577
recover[ms]	58	6144	1024	0	CLMUL	414.13721
recover[ms]	58	6144	1024	0	CLMUL_TRI	582.53199
create[ns]	58	6144	1024	1024	GENERIC	6.99187
create-total[ms]	58	6144	1024	1024	GENERIC	43.98904
create[ns]	58	6144	1024	1024	CLMUL	10.00564
create-total[ms]	58	6144	1024	1024	CLMUL	62.95003
create[ns]	58	6144	1024	1024	CLMUL_TRI	11.67451
create-total[ms]	58	6144	1024	1024	CLMUL_TRI	73.44966
recover[ms]	58	6144	1536	0	GENERIC	2655.44733
recover[ms]	58	6144	1536	0	CLMUL	885.45782
recover[ms]	58	6144	1536	0	CLMUL_TRI	1239.56624
create[ns]	58	6144	1536	1024	GENERIC	6.99192
create-total[ms]	58	6144	1536	1024	GENERIC	43.98933
create[ns]	58	6144	1536	1024	CLMUL	10.00559
create-total[ms]	58	6144	1536	1024	CLMUL	62.94971
create[ns]	58	6144	1536	1024	CLMUL_TRI	11.67485
create-total[ms]	58	6144	1536	1024	CLMUL_TRI	73.45183
recover[ms]	58	6144	2048	0	GENERIC	4276.56499
recover[ms]	58	6144	2048	0	CLMUL	1535.54690
recover[ms]	58	6144	2048	0	CLMUL_TRI	2155.12557
create[ns]	58	6144	2048	1024	GENERIC	6.99188
create-total[ms]	58	6144	2048	1024	GENERIC	43.98913
create[ns]	58	6144	2048	1024	CLMUL	10.00561
create-total[ms]	58	6144	2048	1024	CLMUL	62.94988
create[ns]	58	6144	2048	1024	CLMUL_TRI	11.67600
create-total[ms]	58	6144	2048	1024	CLMUL_TRI	73.45901
recover[ms]	58	7168	8	0	GENERIC	6.29045
recover[ms]	58	7168	8	0	CLMUL	0.47421
recover[ms]	58	7168	8	0	CLMUL_TRI	0.63097
create[ns]	58	7168	8	1024	GENERIC	6.99119
create-total[ms]	58	7168	8	1024	GENERIC	51.31555
create[ns]	58	7168	8	1024	CLMUL	10.00628
create-total[ms]	58	7168	8	1024	CLMUL	73.44638
create[ns]	58	7168	8	1024	CLMUL_TRI	11.67778
create-total[ms]	58	7168	8	1024	CLMUL_TRI	85.71529
recover[ms]	58	7168	16	0	GENERIC	7.20605
recover[ms]	58	7168	16	0	CLMUL	0.97669
recover[ms]	58	7168	16	0	CLMUL_TRI	1.28773
create[ns]	58	7168	16	1024	GENERIC	6.99085
create-total[ms]	58	7168	16	1024	GENERIC	51.31303
create[ns]	58	7168	16	1024	CLMUL	10.00649
create-total[ms]	58	7168	16	1024	CLMUL	73.44797
create[ns]	58	7168	16	1024	CLMUL_TRI	11.67667
create-total[ms]	58	7168	16	1024	CLMUL_TRI	85.70712
recover[ms]	58	7168	32	0	GENERIC	10.23013
recover[ms]	58	7168	32	0	CLMUL	2.07837
recover[ms]	58	7168	32	0	CLMUL_TRI	2.84127
create[ns]	58	7168	32	1024	GENERIC	6.99055
create-total[ms]	58	7168	32	1024	GENERIC	51.31088
create[ns]	58	7168	32	1024	CLMUL	10.00637
create-total[ms]	58	7168	32	1024	CLMUL	73.44705
create[ns]	58	7168	32	1024	CLMUL_TRI	11.67904
create-total[ms]	58	7168	32	1024	CLMUL_TRI	85.72455
recover[ms]	58	7168	64	0	GENERIC	21.52257
recover[ms]	58	7168	64	0	CLMUL	4.94242
recover[ms]	58	7168	64	0	CLMUL_TRI	6.68567
create[ns]	58	7168	64	1024	GENERIC	6.99022
create-total[ms]	58	7168	64	1024	GENERIC	51.30847
create[ns]	58	7168	64	1024	CLMUL	10.00621
create-total[ms]	58	7168	64	1024	CLMUL	73.44592
create[ns]	58	7168	64	1024	CLMUL_TRI	11.67841
create-total[ms]	58	7168	64	1024	CLMUL_TRI	85.71992
recover[ms]	58	7168	128	0	GENERIC	47.88285
recover[ms]	58	7168	128	0	CLMUL	12.75008
recover[ms]	58	7168	128	0	CLMUL_TRI	17.62429
create[ns]	58	7168	128	1024	GENERIC	6.99110
create-total[ms]	58	7168	128	1024	GENERIC	51.31486
create[ns]	58	7168	128	1024	CLMUL	10.00646
create-total[ms]	58	7168	128	1024	CLMUL	73.44777
create[ns]	58	7168	128	1024	CLMUL_TRI	11.67751
create-total[ms]	58	7168	128	1024	CLMUL_TRI	85.71329
recover[ms]	58	7168	256	0	GENERIC	123.97276
recover[ms]	58	7168	256	0	CLMUL	37.03169
recover[ms]	58	7168	256	0	CLMUL_TRI	51.73038
create[ns]	58	7168	256	1024	GENERIC	6.99113
create-total[ms]	58	7168	256	1024	GENERIC	51.31514
create[ns]	58	7168	256	1024	CLMUL	10.00614
create-total[ms]	58	7168	256	1024	CLMUL	73.44542
create[ns]	58	7168	256	1024	CLMUL_TRI	11.67973
create-total[ms]	58	7168	256	1024	CLMUL_TRI	85.72961
recover[ms]	58	7168	384	0	GENERIC	276.62202
recover[ms]	58	7168	384	0	CLMUL	72.75649
recover[ms]	58	7168	384	0	CLMUL_TRI	100.58348
create[ns]	58	7168	384	1024	GENERIC	6.99084
create-total[ms]	58	7168	384	1024	GENERIC	51.31296
create[ns]	58	7168	384	1024	CLMUL	10.00643
create-total[ms]	58	7168	384	1024	CLMUL	73.44755
create[ns]	58	7168	384	1024	CLMUL_TRI	11.67928
create-total[ms]	58	7168	384	1024	CLMUL_TRI	85.72631
recover[ms]	58	7168	512	0	GENERIC	489.99727
recover[ms]	58	7168	512	0	CLMUL	120.43343
recover[ms]	58	7168	512	0	CLMUL_TRI	169.11288
create[ns]	58	7168	512	1024	GENERIC	6.99052
create-total[ms]	58	7168	512	1024	GENERIC	51.31062
create[ns]	58	7168	512	1024	CLMUL	10.00609
create-total[ms]	58	7168	512	1024	CLMUL	73.44499
create[ns]	58	7168	512	1024	CLMUL_TRI	11.67823
create-total[ms]	58	7168	512	1024	CLMUL_TRI	85.71861
recover[ms]	58	7168	768	0	GENERIC	965.40843
recover[ms]	58	7168	768	0	CLMUL	248.14649
recover[ms]	58	7168	768	0	CLMUL_TRI	345.92758
create[ns]	58	7168	768	1024	GENERIC	6.99101
create-total[ms]	58	7168	768	1024	GENERIC	51.31423
create[ns]	58	7168	768	1024	CLMUL	10.00635
create-total[ms]	58	7168	768	1024	CLMUL	73.44692
create[ns]	58	7168	768	1024	CLMUL_TRI	11.67760
create-total[ms]	58	7168	768	1024	CLMUL_TRI	85.71394
recover[ms]	58	7168	1024	0	GENERIC	1507.69398
recover[ms]	58	7168	1024	0	CLMUL	421.37380
recover[ms]	58	7168	1024	0	CLMUL_TRI	591.55776
create[ns]	58	7168	1024	1024	GENERIC	6.99050
create-total[ms]	58	7168	1024	1024	GENERIC	51.31053
create[ns]	58	7168	1024	1024	CLMUL	10.00625
create-total[ms]	58	7168	1024	1024	CLMUL	73.44618
create[ns]	58	7168	1024	1024	CLMUL_TRI	11.67865
create-total[ms]	58	7168	1024	1024	CLMUL_TRI	85.72166
recover[ms]	58	7168	1536	0	GENERIC	2880.22973
recover[ms]	58	7168	1536	0	CLMUL	895.24551
recover[ms]	58	7168	1536	0	CLMUL_TRI	1252.94272
create[ns]	58	7168	1536	1024	GENERIC	6.99084
create-total[ms]	58	7168	1536	1024	GENERIC	51.31299
create[ns]	58	7168	1536	1024	CLMUL	10.00615
create-total[ms]	58	7168	1536	1024	CLMUL	73.44548
create[ns]	58	7168	1536	1024	CLMUL_TRI	11.67856
create-total[ms]	58	7168	1536	1024	CLMUL_TRI	85.72101
recover[ms]	58	7168	2048	0	GENERIC	4621.66727
recover[ms]	58	7168	2048	0	CLMUL	1546.99697
recover[ms]	58	7168	2048	0	CLMUL_TRI	2173.48229
create[ns]	58	7168	2048	1024	GENERIC	6.99116
create-total[ms]	58	7168	2048	1024	GENERIC	51.31531
create[ns]	58	7168	2048	1024	CLMUL	10.00645
create-total[ms]	58	7168	2048	1024	CLMUL	73.44764
create[ns]	58	7168	2048	1024	CLMUL_TRI	11.67624
create-total[ms]	58	7168	2048	1024	CLMUL_TRI	85.70394
recover[ms]	58	8192	8	0	GENERIC	7.17455
recover[ms]	58	8192	8	0	CLMUL	0.53326
recover[ms]	58	8192	8	0	CLMUL_TRI	0.72025
create[ns]	58	8192	8	1024	GENERIC	6.99166
create-total[ms]	58	8192	8	1024	GENERIC	58.65030
create[ns]	58	8192	8	1024	CLMUL	10.00684
create-total[ms]	58	8192	8	1024	CLMUL	83.94344
create[ns]	58	8192	8	1024	CLMUL_TRI	11.67789
create-total[ms]	58	8192	8	1024	CLMUL_TRI	97.96122
recover[ms]	58	8192	16	0	GENERIC	8.12259
recover[ms]	58	8192	16	0	CLMUL	1.07508
recover[ms]	58	8192	16	0	CLMUL_TRI	1.44866
create[ns]	58	8192	16	1024	GENERIC	6.99151
create-total[ms]	58	8192	16	1024	GENERIC	58.64904
create[ns]	58	8192	16	1024	CLMUL	10.00710
create-total[ms]	58	8192	16	1024	CLMUL	83.94565
create[ns]	58	8192	16	1024	CLMUL_TRI	11.67908
create-total[ms]	58	8192	16	1024	CLMUL_TRI	97.97126
recover[ms]	58	8192	32	0	GENERIC	11.57374
recover[ms]	58	8192	32	0	CLMUL	2.33141
recover[ms]	58	8192	32	0	CLMUL_TRI	3.12051
create[ns]	58	8192	32	1024	GENERIC	6.99159
create-total[ms]	58	8192	32	1024	GENERIC	58.64971
create[ns]	58	8192	32	1024	CLMUL	10.00704
create-total[ms]	58	8192	32	1024	CLMUL	83.94511
create[ns]	58	8192	32	1024	CLMUL_TRI	11.67930
create-total[ms]	58	8192	32	1024	CLMUL_TRI	97.97307
recover[ms]	58	8192	64	0	GENERIC	23.78259
recover[ms]	58	8192	64	0	CLMUL	5.41987
recover[ms]	58	8192	64	0	CLMUL_TRI	7.27283
create[ns]	58	8192	64	1024	GENERIC	6.99134
create-total[ms]	58	8192	64	1024	GENERIC	58.64758
create[ns]	58	8192	64	1024	CLMUL	10.00695
create-total[ms]	58	8192	64	1024	CLMUL	83.94435
create[ns]	58	8192	64	1024	CLMUL_TRI	11.67799
create-total[ms]	58	8192	64	1024	CLMUL_TRI	97.96209
recover[ms]	58	8192	128	0	GENERIC	52.73421
recover[ms]	58	8192	128	0	CLMUL	13.65331
recover[ms]	58	8192	128	0	CLMUL_TRI	18.57236
create[ns]	58	8192	128	1024	GENERIC	6.99105
create-total[ms]	58	8192	128	1024	GENERIC	58.64517
create[ns]	58	8192	128	1024	CLMUL	10.00691
create-total[ms]	58	8192	128	1024	CLMUL	83.94405
create[ns]	58	8192	128	1024	CLMUL_TRI	11.67899
create-total[ms]	58	8192	128	1024	CLMUL_TRI	97.97044
recover[ms]	58	8192	256	0	GENERIC	134.72149
recover[ms]	58	8192	256	0	CLMUL	38.84851
recover[ms]	58	8192	256	0	CLMUL_TRI	54.23463
create[ns]	58	8192	256	1024	GENERIC	6.99144
create-total[ms]	58	8192	256	1024	GENERIC	58.64847
create[ns]	58	8192	256	1024	CLMUL	10.00723
create-total[ms]	58	8192	256	1024	CLMUL	83.94670
create[ns]	58	8192	256	1024	CLMUL_TRI	11.67947
create-total[ms]	58	8192	256	1024	CLMUL_TRI	97.97452
recover[ms]	58	8192	384	0	GENERIC	300.87504
recover[ms]	58	8192	384	0	CLMUL	75.35868
recover[ms]	58	8192	384	0	CLMUL_TRI	104.18109
create[ns]	58	8192	384	1024	GENERIC	6.99126
create-total[ms]	58	8192	384	1024	GENERIC	58.64695
create[ns]	58	8192	384	1024	CLMUL	10.00698
create-total[ms]	58	8192	384	1024	CLMUL	83.94461
create[ns]	58	8192	384	1024	CLMUL_TRI	11.67777
create-total[ms]	58	8192	384	1024	CLMUL_TRI	97.96024
recover[ms]	58	8192	512	0	GENERIC	534.77838
recover[ms]	58	8192	512	0	CLMUL	124.16659
recover[ms]	58	8192	512	0	CLMUL_TRI	173.54690
create[ns]	58	8192	512	1024	GENERIC	6.99193
create-total[ms]	58	8192	512	1024	GENERIC	58.65254
create[ns]	58	8192	512	1024	CLMUL	10.00692
create-total[ms]	58	8192	512	1024	CLMUL	83.94409
create[ns]	58	8192	512	1024	CLMUL_TRI	11.67843
create-total[ms]	58	8192	512	1024	CLMUL_TRI	97.96576
recover[ms]	58	8192	768	0	GENERIC	1050.79876
recover[ms]	58	8192	768	0	CLMUL	253.62097
recover[ms]	58	8192	768	0	CLMUL_TRI	354.14844
create[ns]	58	8192	768	1024	GENERIC	6.99200
create-total[ms]	58	8192	768	1024	GENERIC	58.65312
create[ns]	58	8192	768	1024	CLMUL	10.00704
create-total[ms]	58	8192	768	1024	CLMUL	83.94513
create[ns]	58	8192	768	1024	CLMUL_TRI	11.67905
create-total[ms]	58	8192	768	1024	CLMUL_TRI	97.97098
recover[ms]	58	8192	1024	0	GENERIC	1636.22435
recover[ms]	58	8192	1024	0	CLMUL	428.42720
recover[ms]	58	8192	1024	0	CLMUL_TRI	601.24237
create[ns]	58	8192	1024	1024	GENERIC	6.99148
create-total[ms]	58	8192	1024	1024	GENERIC	58.64875
create[ns]	58	8192	1024	1024	CLMUL	10.00696
create-total[ms]	58	8192	1024	1024	CLMUL	83.94442
create[ns]	58	8192	1024	1024	CLMUL_TRI	11.67806
create-total[ms]	58	8192	1024	1024	CLMUL_TRI	97.96270
recover[ms]	58	8192	1536	0	GENERIC	3104.37639
recover[ms]	58	8192	1536	0	CLMUL	905.53573
recover[ms]	58	8192	1536	0	CLMUL_TRI	1268.53992
create[ns]	58	8192	1536	1024	GENERIC	6.99176
create-total[ms]	58	8192	1536	1024	GENERIC	58.65113
create[ns]	58	8192	1536	1024	CLMUL	10.00690
create-total[ms]	58	8192	1536	1024	CLMUL	83.94398
create[ns]	58	8192	1536	1024	CLMUL_TRI	11.67808
create-total[ms]	58	8192	1536	1024	CLMUL_TRI	97.96281
recover[ms]	58	8192	2048	0	GENERIC	4964.69922
recover[ms]	58	8192	2048	0	CLMUL	1563.19216
recover[ms]	58	8192	2048	0	CLMUL_TRI	2194.87751
create[ns]	58	8192	2048	1024	GENERIC	6.99123
create-total[ms]	58	8192	2048	1024	GENERIC	58.64667
create[ns]	58	8192	2048	1024	CLMUL	10.00692
create-total[ms]	58	8192	2048	1024	CLMUL	83.94409
create[ns]	58	8192	2048	1024	CLMUL_TRI	11.67679
create-total[ms]	58	8192	2048	1024	CLMUL_TRI	97.95202
recover[ms]	64	128	8	0	GENERIC	0.23819
recover[ms]	64	128	8	0	CLMUL	0.05146
create[ns]	64	128	8	1024	GENERIC	8.01434
create-total[ms]	64	128	8	1024	GENERIC	1.05046
create[ns]	64	128	8	1024	CLMUL	11.92373
create-total[ms]	64	128	8	1024	CLMUL	1.56287
recover[ms]	64	128	16	0	GENERIC	0.72064
recover[ms]	64	128	16	0	CLMUL	0.17211
create[ns]	64	128	16	1024	GENERIC	8.01575
create-total[ms]	64	128	16	1024	GENERIC	1.05064
create[ns]	64	128	16	1024	CLMUL	11.91920
create-total[ms]	64	128	16	1024	CLMUL	1.56227
recover[ms]	64	128	32	0	GENERIC	2.16380
recover[ms]	64	128	32	0	CLMUL	0.59017
create[ns]	64	128	32	1024	GENERIC	8.01603
create-total[ms]	64	128	32	1024	GENERIC	1.05068
create[ns]	64	128	32	1024	CLMUL	11.90889
create-total[ms]	64	128	32	1024	CLMUL	1.56092
recover[ms]	64	128	64	0	GENERIC	6.36571
recover[ms]	64	128	64	0	CLMUL	2.16207
create[ns]	64	128	64	1024	GENERIC	8.01546
create-total[ms]	64	128	64	1024	GENERIC	1.05060
create[ns]	64	128	64	1024	CLMUL	11.92980
create-total[ms]	64	128	64	1024	CLMUL	1.56366
recover[ms]	64	128	128	0	GENERIC	19.96129
recover[ms]	64	128	128	0	CLMUL	7.94639
create[ns]	64	128	128	1024	GENERIC	8.01490
create-total[ms]	64	128	128	1024	GENERIC	1.05053
create[ns]	64	128	128	1024	CLMUL	11.92839
create-total[ms]	64	128	128	1024	CLMUL	1.56348
recover[ms]	64	256	8	0	GENERIC	0.30452
recover[ms]	64	256	8	0	CLMUL	0.05511
create[ns]	64	256	8	1024	GENERIC	7.44339
create-total[ms]	64	256	8	1024	GENERIC	1.95124
create[ns]	64	256	8	1024	CLMUL	11.99316
create-total[ms]	64	256	8	1024	CLMUL	3.14394
recover[ms]	64	256	16	0	GENERIC	0.79786
recover[ms]	64	256	16	0	CLMUL	0.19289
create[ns]	64	256	16	1024	GENERIC	7.44141
create-total[ms]	64	256	16	1024	GENERIC	1.95072
create[ns]	64	256	16	1024	CLMUL	11.99634
create-total[ms]	64	256	16	1024	CLMUL	3.14477
recover[ms]	64	256	32	0	GENERIC	2.24104
recover[ms]	64	256	32	0	CLMUL	0.62986
create[ns]	64	256	32	1024	GENERIC	7.44445
create-total[ms]	64	256	32	1024	GENERIC	1.95152
create[ns]	64	256	32	1024	CLMUL	12.00023
create-total[ms]	64	256	32	1024	CLMUL	3.14579
recover[ms]	64	256	64	0	GENERIC	6.64630
recover[ms]	64	256	64	0	CLMUL	2.19750
create[ns]	64	256	64	1024	GENERIC	7.44156
create-total[ms]	64	256	64	1024	GENERIC	1.95076
create[ns]	64	256	64	1024	CLMUL	11.99733
create-total[ms]	64	256	64	1024	CLMUL	3.14503
recover[ms]	64	256	128	0	GENERIC	20.65984
recover[ms]	64	256	128	0	CLMUL	8.07733
create[ns]	64	256	128	1024	GENERIC	7.44360
create-total[ms]	64	256	128	1024	GENERIC	1.95130
create[ns]	64	256	128	1024	CLMUL	11.98737
create-total[ms]	64	256	128	1024	CLMUL	3.14242
recover[ms]	64	256	256	0	GENERIC	67.27555
recover[ms]	64	256	256	0	CLMUL	30.11417
create[ns]	64	256	256	1024	GENERIC	7.44233
create-total[ms]	64	256	256	1024	GENERIC	1.95096
create[ns]	64	256	256	1024	CLMUL	12.00404
create-total[ms]	64	256	256	1024	CLMUL	3.14679
recover[ms]	64	512	8	0	GENERIC	0.50280
recover[ms]	64	512	8	0	CLMUL	0.07804
create[ns]	64	512	8	1024	GENERIC	7.16922
create-total[ms]	64	512	8	1024	GENERIC	3.75874
create[ns]	64	512	8	1024	CLMUL	11.90380
create-total[ms]	64	512	8	1024	CLMUL	6.24102
recover[ms]	64	512	16	0	GENERIC	1.00819
recover[ms]	64	512	16	0	CLMUL	0.22330
create[ns]	64	512	16	1024	GENERIC	7.17000
create-total[ms]	64	512	16	1024	GENERIC	3.75915
create[ns]	64	512	16	1024	CLMUL	11.92323
create-total[ms]	64	512	16	1024	CLMUL	6.25121
recover[ms]	64	512	32	0	GENERIC	2.51126
recover[ms]	64	512	32	0	CLMUL	0.69110
create[ns]	64	512	32	1024	GENERIC	7.16923
create-total[ms]	64	512	32	1024	GENERIC	3.75874
create[ns]	64	512	32	1024	CLMUL	12.00913
create-total[ms]	64	512	32	1024	CLMUL	6.29624
recover[ms]	64	512	64	0	GENERIC	7.25594
recover[ms]	64	512	64	0	CLMUL	2.36939
create[ns]	64	512	64	1024	GENERIC	7.17106
create-total[ms]	64	512	64	1024	GENERIC	3.75970
create[ns]	64	512	64	1024	CLMUL	11.93308
create-total[ms]	64	512	64	1024	CLMUL	6.25637
recover[ms]	64	512	128	0	GENERIC	21.86500
recover[ms]	64	512	128	0	CLMUL	8.32997
create[ns]	64	512	128	1024	GENERIC	7.16682
create-total[ms]	64	512	128	1024	GENERIC	3.75748
create[ns]	64	512	128	1024	CLMUL	11.88861
create-total[ms]	64	512	128	1024	CLMUL	6.23306
recover[ms]	64	512	256	0	GENERIC	69.77863
recover[ms]	64	512	256	0	CLMUL	30.53486
create[ns]	64	512	256	1024	GENERIC	7.16809
create-total[ms]	64	512	256	1024	GENERIC	3.75815
create[ns]	64	512	256	1024	CLMUL	11.91521
create-total[ms]	64	512	256	1024	CLMUL	6.24700
recover[ms]	64	512	384	0	GENERIC	143.02534
recover[ms]	64	512	384	0	CLMUL	66.23002
create[ns]	64	512	384	1024	GENERIC	7.17021
create-total[ms]	64	512	384	1024	GENERIC	3.75926
create[ns]	64	512	384	1024	CLMUL	11.92443
create-total[ms]	64	512	384	1024	CLMUL	6.25184
recover[ms]	64	512	512	0	GENERIC	238.76048
recover[ms]	64	512	512	0	CLMUL	115.36807
create[ns]	64	512	512	1024	GENERIC	7.16997
create-total[ms]	64	512	512	1024	GENERIC	3.75913
create[ns]	64	512	512	1024	CLMUL	11.92464
create-total[ms]	64	512	512	1024	CLMUL	6.25195
recover[ms]	64	1024	8	0	GENERIC	1.18440
recover[ms]	64	1024	8	0	CLMUL	0.11134
create[ns]	64	1024	8	1024	GENERIC	7.02024
create-total[ms]	64	1024	8	1024	GENERIC	7.36125
create[ns]	64	1024	8	1024	CLMUL	11.92983
create-total[ms]	64	1024	8	1024	CLMUL	12.50934
recover[ms]	64	1024	16	0	GENERIC	1.69383
recover[ms]	64	1024	16	0	CLMUL	0.28443
create[ns]	64	1024	16	1024	GENERIC	7.02109
create-total[ms]	64	1024	16	1024	GENERIC	7.36214
create[ns]	64	1024	16	1024	CLMUL	11.72712
create-total[ms]	64	1024	16	1024	CLMUL	12.29678
recover[ms]	64	1024	32	0	GENERIC	3.36914
recover[ms]	64	1024	32	0	CLMUL	0.81436
create[ns]	64	1024	32	1024	GENERIC	7.01978
create-total[ms]	64	1024	32	1024	GENERIC	7.36077
create[ns]	64	1024	32	1024	CLMUL	11.95797
create-total[ms]	64	1024	32	1024	CLMUL	12.53884
recover[ms]	64	1024	64	0	GENERIC	8.72958
recover[ms]	64	1024	64	0	CLMUL	2.60204
create[ns]	64	1024	64	1024	GENERIC	7.02022
create-total[ms]	64	1024	64	1024	GENERIC	7.36123
create[ns]	64	1024	64	1024	CLMUL	11.94471
create-total[ms]	64	1024	64	1024	CLMUL	12.52493
recover[ms]	64	1024	128	0	GENERIC	24.38315
recover[ms]	64	1024	128	0	CLMUL	8.83290
create[ns]	64	1024	128	1024	GENERIC	7.02052
create-total[ms]	64	1024	128	1024	GENERIC	7.36155
create[ns]	64	1024	128	1024	CLMUL	12.00906
create-total[ms]	64	1024	128	1024	CLMUL	12.59241
recover[ms]	64	1024	256	0	GENERIC	76.92010
recover[ms]	64	1024	256	0	CLMUL	31.56796
create[ns]	64	1024	256	1024	GENERIC	7.02123
create-total[ms]	64	1024	256	1024	GENERIC	7.36229
create[ns]	64	1024	256	1024	CLMUL	11.99740
create-total[ms]	64	1024	256	1024	CLMUL	12.58019
recover[ms]	64	1024	384	0	GENERIC	159.64483
recover[ms]	64	1024	384	0	CLMUL	67.62425
create[ns]	64	1024	384	1024	GENERIC	7.01978
create-total[ms]	64	1024	384	1024	GENERIC	7.36077
create[ns]	64	1024	384	1024	CLMUL	12.04975
create-total[ms]	64	1024	384	1024	CLMUL	12.63508
recover[ms]	64	1024	512	0	GENERIC	267.40275
recover[ms]	64	1024	512	0	CLMUL	117.28305
create[ns]	64	1024	512	1024	GENERIC	7.02091
create-total[ms]	64	1024	512	1024	GENERIC	7.36196
create[ns]	64	1024	512	1024	CLMUL	11.78855
create-total[ms]	64	1024	512	1024	CLMUL	12.36119
recover[ms]	64	1024	768	0	GENERIC	538.98475
recover[ms]	64	1024	768	0	CLMUL	255.24182
create[ns]	64	1024	768	1024	GENERIC	7.01978
create-total[ms]	64	1024	768	1024	GENERIC	7.36077
create[ns]	64	1024	768	1024	CLMUL	11.93411
create-total[ms]	64	1024	768	1024	CLMUL	12.51382
recover[ms]	64	1024	1024	0	GENERIC	894.85267
recover[ms]	64	1024	1024	0	CLMUL	446.43901
create[ns]	64	1024	1024	1024	GENERIC	7.02042
create-total[ms]	64	1024	1024	1024	GENERIC	7.36144
create[ns]	64	1024	1024	1024	CLMUL	11.96538
create-total[ms]	64	1024	1024	1024	CLMUL	12.54662
recover[ms]	64	2048	8	0	GENERIC	2.03424
recover[ms]	64	2048	8	0	CLMUL	0.18130
create[ns]	64	2048	8	1024	GENERIC	6.94612
create-total[ms]	64	2048	8	1024	GENERIC	14.56708
create[ns]	64	2048	8	1024	CLMUL	11.96738
create-total[ms]	64	2048	8	1024	CLMUL	25.09742
recover[ms]	64	2048	16	0	GENERIC	2.79115
recover[ms]	64	2048	16	0	CLMUL	0.41463
create[ns]	64	2048	16	1024	GENERIC	6.94581
create-total[ms]	64	2048	16	1024	GENERIC	14.56641
create[ns]	64	2048	16	1024	CLMUL	11.92071
create-total[ms]	64	2048	16	1024	CLMUL	24.99955
recover[ms]	64	2048	32	0	GENERIC	5.00160
recover[ms]	64	2048	32	0	CLMUL	1.09060
create[ns]	64	2048	32	1024	GENERIC	6.94635
create-total[ms]	64	2048	32	1024	GENERIC	14.56754
create[ns]	64	2048	32	1024	CLMUL	12.04111
create-total[ms]	64	2048	32	1024	CLMUL	25.25205
recover[ms]	64	2048	64	0	GENERIC	11.41412
recover[ms]	64	2048	64	0	CLMUL	3.10638
create[ns]	64	2048	64	1024	GENERIC	6.94563
create-total[ms]	64	2048	64	1024	GENERIC	14.56604
create[ns]	64	2048	64	1024	CLMUL	11.96003
create-total[ms]	64	2048	64	1024	CLMUL	25.08201
recover[ms]	64	2048	128	0	GENERIC	29.44518
recover[ms]	64	2048	128	0	CLMUL	9.80759
create[ns]	64	2048	128	1024	GENERIC	6.94534
create-total[ms]	64	2048	128	1024	GENERIC	14.56543
create[ns]	64	2048	128	1024	CLMUL	11.94638
create-total[ms]	64	2048	128	1024	CLMUL	25.05338
recover[ms]	64	2048	256	0	GENERIC	88.21080
recover[ms]	64	2048	256	0	CLMUL	33.53825
create[ns]	64	2048	256	1024	GENERIC	6.94613
create-total[ms]	64	2048	256	1024	GENERIC	14.56710
create[ns]	64	2048	256	1024	CLMUL	11.96117
create-total[ms]	64	2048	256	1024	CLMUL	25.08440
recover[ms]	64	2048	384	0	GENERIC	189.69184
recover[ms]	64	2048	384	0	CLMUL	70.63339
create[ns]	64	2048	384	1024	GENERIC	6.94599
create-total[ms]	64	2048	384	1024	GENERIC	14.56680
create[ns]	64	2048	384	1024	CLMUL	11.91702
create-total[ms]	64	2048	384	1024	CLMUL	24.99180
recover[ms]	64	2048	512	0	GENERIC	324.03281
recover[ms]	64	2048	512	0	CLMUL	121.25906
create[ns]	64	2048	512	1024	GENERIC	6.94643
create-total[ms]	64	2048	512	1024	GENERIC	14.56773
create[ns]	64	2048	512	1024	CLMUL	12.04796
create-total[ms]	64	2048	512	1024	CLMUL	25.26640
recover[ms]	64	2048	768	0	GENERIC	636.45671
recover[ms]	64	2048	768	0	CLMUL	261.42936
create[ns]	64	2048	768	1024	GENERIC	6.94599
create-total[ms]	64	2048	768	1024	GENERIC	14.56680
create[ns]	64	2048	768	1024	CLMUL	12.06062
create-total[ms]	64	2048	768	1024	CLMUL	25.29296
recover[ms]	64	2048	1024	0	GENERIC	1040.32388
recover[ms]	64	2048	1024	0	CLMUL	454.38796
create[ns]	64	2048	1024	1024	GENERIC	6.94574
create-total[ms]	64	2048	1024	1024	GENERIC	14.56628
create[ns]	64	2048	1024	1024	CLMUL	11.94943
create-total[ms]	64	2048	1024	1024	CLMUL	25.05977
recover[ms]	64	2048	1536	0	GENERIC	2094.61568
recover[ms]	64	2048	1536	0	CLMUL	993.60810
create[ns]	64	2048	1536	1024	GENERIC	6.94615
create-total[ms]	64	2048	1536	1024	GENERIC	14.56714
create[ns]	64	2048	1536	1024	CLMUL	11.95296
create-total[ms]	64	2048	1536	1024	CLMUL	25.06718
recover[ms]	64	2048	2048	0	GENERIC	3454.80505
recover[ms]	64	2048	2048	0	CLMUL	1740.19261
create[ns]	64	2048	2048	1024	GENERIC	6.94657
create-total[ms]	64	2048	2048	1024	GENERIC	14.56802
create[ns]	64	2048	2048	1024	CLMUL	11.92346
create-total[ms]	64	2048	2048	1024	CLMUL	25.00531
recover[ms]	64	3072	8	0	GENERIC	2.97995
recover[ms]	64	3072	8	0	CLMUL	0.24830
create[ns]	64	3072	8	1024	GENERIC	6.92180
create-total[ms]	64	3072	8	1024	GENERIC	21.77409
create[ns]	64	3072	8	1024	CLMUL	11.86018
create-total[ms]	64	3072	8	1024	CLMUL	37.30891
recover[ms]	64	3072	16	0	GENERIC	3.85534
recover[ms]	64	3072	16	0	CLMUL	0.54562
create[ns]	64	3072	16	1024	GENERIC	6.92237
create-total[ms]	64	3072	16	1024	GENERIC	21.77591
create[ns]	64	3072	16	1024	CLMUL	11.94348
create-total[ms]	64	3072	16	1024	CLMUL	37.57093
recover[ms]	64	3072	32	0	GENERIC	6.57906
recover[ms]	64	3072	32	0	CLMUL	1.33051
create[ns]	64	3072	32	1024	GENERIC	6.92224
create-total[ms]	64	3072	32	1024	GENERIC	21.77550
create[ns]	64	3072	32	1024	CLMUL	11.99036
create-total[ms]	64	3072	32	1024	CLMUL	37.71842
recover[ms]	64	3072	64	0	GENERIC	14.00667
recover[ms]	64	3072	64	0	CLMUL	3.61059
create[ns]	64	3072	64	1024	GENERIC	6.92118
create-total[ms]	64	3072	64	1024	GENERIC	21.77215
create[ns]	64	3072	64	1024	CLMUL	11.88251
create-total[ms]	64	3072	64	1024	CLMUL	37.37913
recover[ms]	64	3072	128	0	GENERIC	34.38914
recover[ms]	64	3072	128	0	CLMUL	10.82083
create[ns]	64	3072	128	1024	GENERIC	6.92240
create-total[ms]	64	3072	128	1024	GENERIC	21.77600
create[ns]	64	3072	128	1024	CLMUL	11.96816
create-total[ms]	64	3072	128	1024	CLMUL	37.64858
recover[ms]	64	3072	256	0	GENERIC	99.86890
recover[ms]	64	3072	256	0	CLMUL	35.38011
create[ns]	64	3072	256	1024	GENERIC	6.92151
create-total[ms]	64	3072	256	1024	GENERIC	21.77320
create[ns]	64	3072	256	1024	CLMUL	11.98400
create-total[ms]	64	3072	256	1024	CLMUL	37.69839
recover[ms]	64	3072	384	0	GENERIC	219.40920
recover[ms]	64	3072	384	0	CLMUL	73.56860
create[ns]	64	3072	384	1024	GENERIC	6.92189
create-total[ms]	64	3072	384	1024	GENERIC	21.77438
create[ns]	64	3072	384	1024	CLMUL	11.96652
create-total[ms]	64	3072	384	1024	CLMUL	37.64343
recover[ms]	64	3072	512	0	GENERIC	374.21686
recover[ms]	64	3072	512	0	CLMUL	125.19243
create[ns]	64	3072	512	1024	GENERIC	6.92182
create-total[ms]	64	3072	512	1024	GENERIC	21.77416
create[ns]	64	3072	512	1024	CLMUL	11.97527
create-total[ms]	64	3072	512	1024	CLMUL	37.67094
recover[ms]	64	3072	768	0	GENERIC	733.15864
recover[ms]	64	3072	768	0	CLMUL	267.35377
create[ns]	64	3072	768	1024	GENERIC	6.92176
create-total[ms]	64	3072	768	1024	GENERIC	21.77399
create[ns]	64	3072	768	1024	CLMUL	12.03630
create-total[ms]	64	3072	768	1024	CLMUL	37.86294
recover[ms]	64	3072	1024	0	GENERIC	1180.76108
recover[ms]	64	3072	1024	0	CLMUL	462.33429
create[ns]	64	3072	1024	1024	GENERIC	6.92176
create-total[ms]	64	3072	1024	1024	GENERIC	21.77396
create[ns]	64	3072	1024	1024	CLMUL	11.96975
create-total[ms]	64	3072	1024	1024	CLMUL	37.65357
recover[ms]	64	3072	1536	0	GENERIC	2350.68668
recover[ms]	64	3072	1536	0	CLMUL	1005.28386
create[ns]	64	3072	1536	1024	GENERIC	6.92168
create-total[ms]	64	3072	1536	1024	GENERIC	21.77373
create[ns]	64	3072	1536	1024	CLMUL	12.06737
create-total[ms]	64	3072	1536	1024	CLMUL	37.96067
recover[ms]	64	3072	2048	0	GENERIC	3852.24868
recover[ms]	64	3072	2048	0	CLMUL	1755.84045
create[ns]	64	3072	2048	1024	GENERIC	6.92248
create-total[ms]	64	3072	2048	1024	GENERIC	21.77625
create[ns]	64	3072	2048	1024	CLMUL	11.99477
create-total[ms]	64	3072	2048	1024	CLMUL	37.73228
recover[ms]	64	4096	8	0	GENERIC	4.23337
recover[ms]	64	4096	8	0	CLMUL	0.31501
create[ns]	64	4096	8	1024	GENERIC	6.91019
create-total[ms]	64	4096	8	1024	GENERIC	28.98345
create[ns]	64	4096	8	1024	CLMUL	11.97142
create-total[ms]	64	4096	8	1024	CLMUL	50.21178
recover[ms]	64	4096	16	0	GENERIC	5.25936
recover[ms]	64	4096	16	0	CLMUL	0.68127
create[ns]	64	4096	16	1024	GENERIC	6.91054
create-total[ms]	64	4096	16	1024	GENERIC	28.98491
create[ns]	64	4096	16	1024	CLMUL	11.97176
create-total[ms]	64	4096	16	1024	CLMUL	50.21320
recover[ms]	64	4096	32	0	GENERIC	8.37172
recover[ms]	64	4096	32	0	CLMUL	1.58094
create[ns]	64	4096	32	1024	GENERIC	6.91043
create-total[ms]	64	4096	32	1024	GENERIC	28.98445
create[ns]	64	4096	32	1024	CLMUL	11.97934
create-total[ms]	64	4096	32	1024	CLMUL	50.24498
recover[ms]	64	4096	64	0	GENERIC	16.98921
recover[ms]	64	4096	64	0	CLMUL	4.10615
create[ns]	64	4096	64	1024	GENERIC	6.90992
create-total[ms]	64	4096	64	1024	GENERIC	28.98232
create[ns]	64	4096	64	1024	CLMUL	11.97138
create-total[ms]	64	4096	64	1024	CLMUL	50.21161
recover[ms]	64	4096	128	0	GENERIC	40.26873
recover[ms]	64	4096	128	0	CLMUL	11.74386
create[ns]	64	4096	128	1024	GENERIC	6.91016
create-total[ms]	64	4096	128	1024	GENERIC	28.98330
create[ns]	64	4096	128	1024	CLMUL	11.88129
create-total[ms]	64	4096	128	1024	CLMUL	49.83373
recover[ms]	64	4096	256	0	GENERIC	114.18952
recover[ms]	64	4096	256	0	CLMUL	37.39417
create[ns]	64	4096	256	1024	GENERIC	6.91060
create-total[ms]	64	4096	256	1024	GENERIC	28.98515
create[ns]	64	4096	256	1024	CLMUL	12.06723
create-total[ms]	64	4096	256	1024	CLMUL	50.61362
recover[ms]	64	4096	384	0	GENERIC	255.56417
recover[ms]	64	4096	384	0	CLMUL	76.44669
create[ns]	64	4096	384	1024	GENERIC	6.91035
create-total[ms]	64	4096	384	1024	GENERIC	28.98409
create[ns]	64	4096	384	1024	CLMUL	11.95951
create-total[ms]	64	4096	384	1024	CLMUL	50.16181
recover[ms]	64	4096	512	0	GENERIC	433.68448
recover[ms]	64	4096	512	0	CLMUL	129.08770
create[ns]	64	4096	512	1024	GENERIC	6.91049
create-total[ms]	64	4096	512	1024	GENERIC	28.98470
create[ns]	64	4096	512	1024	CLMUL	12.07414
create-total[ms]	64	4096	512	1024	CLMUL	50.64261
recover[ms]	64	4096	768	0	GENERIC	838.77854
recover[ms]	64	4096	768	0	CLMUL	273.14659
create[ns]	64	4096	768	1024	GENERIC	6.91007
create-total[ms]	64	4096	768	1024	GENERIC	28.98292
create[ns]	64	4096	768	1024	CLMUL	11.97205
create-total[ms]	64	4096	768	1024	CLMUL	50.21441
recover[ms]	64	4096	1024	0	GENERIC	1334.16767
recover[ms]	64	4096	1024	0	CLMUL	470.15012
create[ns]	64	4096	1024	1024	GENERIC	6.91058
create-total[ms]	64	4096	1024	1024	GENERIC	28.98506
create[ns]	64	4096	1024	1024	CLMUL	11.97295
create-total[ms]	64	4096	1024	1024	CLMUL	50.21817
recover[ms]	64	4096	1536	0	GENERIC	2623.49913
recover[ms]	64	4096	1536	0	CLMUL	1016.55632
create[ns]	64	4096	1536	1024	GENERIC	6.90988
create-total[ms]	64	4096	1536	1024	GENERIC	28.98214
create[ns]	64	4096	1536	1024	CLMUL	11.97084
create-total[ms]	64	4096	1536	1024	CLMUL	50.20935
recover[ms]	64	4096	2048	0	GENERIC	4270.25166
recover[ms]	64	4096	2048	0	CLMUL	1771.42302
create[ns]	64	4096	2048	1024	GENERIC	6.90964
create-total[ms]	64	4096	2048	1024	GENERIC	28.98112
create[ns]	64	4096	2048	1024	CLMUL	11.92678
create-total[ms]	64	4096	2048	1024	CLMUL	50.02454
recover[ms]	64	5120	8	0	GENERIC	5.09505
recover[ms]	64	5120	8	0	CLMUL	0.38451
create[ns]	64	5120	8	1024	GENERIC	6.90321
create-total[ms]	64	5120	8	1024	GENERIC	36.19270
create[ns]	64	5120	8	1024	CLMUL	12.00322
create-total[ms]	64	5120	8	1024	CLMUL	62.93145
recover[ms]	64	5120	16	0	GENERIC	6.18101
recover[ms]	64	5120	16	0	CLMUL	0.80279
create[ns]	64	5120	16	1024	GENERIC	6.90282
create-total[ms]	64	5120	16	1024	GENERIC	36.19066
create[ns]	64	5120	16	1024	CLMUL	11.96508
create-total[ms]	64	5120	16	1024	CLMUL	62.73148
recover[ms]	64	5120	32	0	GENERIC	10.13713
recover[ms]	64	5120	32	0	CLMUL	1.81786
create[ns]	64	5120	32	1024	GENERIC	6.90330
create-total[ms]	64	5120	32	1024	GENERIC	36.19318
create[ns]	64	5120	32	1024	CLMUL	12.07953
create-total[ms]	64	5120	32	1024	CLMUL	63.33154
recover[ms]	64	5120	64	0	GENERIC	19.42133
recover[ms]	64	5120	64	0	CLMUL	4.57889
create[ns]	64	5120	64	1024	GENERIC	6.90308
create-total[ms]	64	5120	64	1024	GENERIC	36.19201
create[ns]	64	5120	64	1024	CLMUL	12.05906
create-total[ms]	64	5120	64	1024	CLMUL	63.22419
recover[ms]	64	5120	128	0	GENERIC	44.66154
recover[ms]	64	5120	128	0	CLMUL	12.70563
create[ns]	64	5120	128	1024	GENERIC	6.90283
create-total[ms]	64	5120	128	1024	GENERIC	36.19070
create[ns]	64	5120	128	1024	CLMUL	12.08206
create-total[ms]	64	5120	128	1024	CLMUL	63.34476
recover[ms]	64	5120	256	0	GENERIC	126.20330
recover[ms]	64	5120	256	0	CLMUL	39.37504
create[ns]	64	5120	256	1024	GENERIC	6.90398
create-total[ms]	64	5120	256	1024	GENERIC	36.19673
create[ns]	64	5120	256	1024	CLMUL	11.97854
create-total[ms]	64	5120	256	1024	CLMUL	62.80203
recover[ms]	64	5120	384	0	GENERIC	283.77615
recover[ms]	64	5120	384	0	CLMUL	79.41963
create[ns]	64	5120	384	1024	GENERIC	6.90310
create-total[ms]	64	5120	384	1024	GENERIC	36.19212
create[ns]	64	5120	384	1024	CLMUL	11.99937
create-total[ms]	64	5120	384	1024	CLMUL	62.91123
recover[ms]	64	5120	512	0	GENERIC	483.56441
recover[ms]	64	5120	512	0	CLMUL	132.74290
create[ns]	64	5120	512	1024	GENERIC	6.90289
create-total[ms]	64	5120	512	1024	GENERIC	36.19104
create[ns]	64	5120	512	1024	CLMUL	12.00518
create-total[ms]	64	5120	512	1024	CLMUL	62.94173
recover[ms]	64	5120	768	0	GENERIC	931.01477
recover[ms]	64	5120	768	0	CLMUL	279.03989
create[ns]	64	5120	768	1024	GENERIC	6.90326
create-total[ms]	64	5120	768	1024	GENERIC	36.19298
create[ns]	64	5120	768	1024	CLMUL	11.97710
create-total[ms]	64	5120	768	1024	CLMUL	62.79450
recover[ms]	64	5120	1024	0	GENERIC	1472.60674
recover[ms]	64	5120	1024	0	CLMUL	477.45044
create[ns]	64	5120	1024	1024	GENERIC	6.90401
create-total[ms]	64	5120	1024	1024	GENERIC	36.19692
create[ns]	64	5120	1024	1024	CLMUL	12.00870
create-total[ms]	64	5120	1024	1024	CLMUL	62.96015
recover[ms]	64	5120	1536	0	GENERIC	2874.30235
recover[ms]	64	5120	1536	0	CLMUL	1028.51499
create[ns]	64	5120	1536	1024	GENERIC	6.90308
create-total[ms]	64	5120	1536	1024	GENERIC	36.19200
create[ns]	64	5120	1536	1024	CLMUL	12.08465
create-total[ms]	64	5120	1536	1024	CLMUL	63.35836
recover[ms]	64	5120	2048	0	GENERIC	4646.15985
recover[ms]	64	5120	2048	0	CLMUL	1786.66452
create[ns]	64	5120	2048	1024	GENERIC	6.90311
create-total[ms]	64	5120	2048	1024	GENERIC	36.19220
create[ns]	64	5120	2048	1024	CLMUL	11.99723
create-total[ms]	64	5120	2048	1024	CLMUL	62.90004
recover[ms]	64	6144	8	0	GENERIC	5.98120
recover[ms]	64	6144	8	0	CLMUL	0.45577
create[ns]	64	6144	8	1024	GENERIC	6.91197
create-total[ms]	64	6144	8	1024	GENERIC	43.48638
create[ns]	64	6144	8	1024	CLMUL	11.98537
create-total[ms]	64	6144	8	1024	CLMUL	75.40544
recover[ms]	64	6144	16	0	GENERIC	7.23935
recover[ms]	64	6144	16	0	CLMUL	0.93933
create[ns]	64	6144	16	1024	GENERIC	6.91154
create-total[ms]	64	6144	16	1024	GENERIC	43.48364
create[ns]	64	6144	16	1024	CLMUL	12.06605
create-total[ms]	64	6144	16	1024	CLMUL	75.91302
recover[ms]	64	6144	32	0	GENERIC	11.67480
recover[ms]	64	6144	32	0	CLMUL	2.08859
create[ns]	64	6144	32	1024	GENERIC	6.91207
create-total[ms]	64	6144	32	1024	GENERIC	43.48699
create[ns]	64	6144	32	1024	CLMUL	11.95718
create-total[ms]	64	6144	32	1024	CLMUL	75.22807
recover[ms]	64	6144	64	0	GENERIC	21.84573
recover[ms]	64	6144	64	0	CLMUL	5.06006
create[ns]	64	6144	64	1024	GENERIC	6.91184
create-total[ms]	64	6144	64	1024	GENERIC	43.48553
create[ns]	64	6144	64	1024	CLMUL	12.12666
create-total[ms]	64	6144	64	1024	CLMUL	76.29432
recover[ms]	64	6144	128	0	GENERIC	49.87693
recover[ms]	64	6144	128	0	CLMUL	13.71498
create[ns]	64	6144	128	1024	GENERIC	6.91159
create-total[ms]	64	6144	128	1024	GENERIC	43.48397
create[ns]	64	6144	128	1024	CLMUL	12.13345
create-total[ms]	64	6144	128	1024	CLMUL	76.33706
recover[ms]	64	6144	256	0	GENERIC	138.34856
recover[ms]	64	6144	256	0	CLMUL	41.36138
create[ns]	64	6144	256	1024	GENERIC	6.91173
create-total[ms]	64	6144	256	1024	GENERIC	43.48484
create[ns]	64	6144	256	1024	CLMUL	12.02354
create-total[ms]	64	6144	256	1024	CLMUL	75.64557
recover[ms]	64	6144	384	0	GENERIC	314.74276
recover[ms]	64	6144	384	0	CLMUL	82.29839
create[ns]	64	6144	384	1024	GENERIC	6.91167
create-total[ms]	64	6144	384	1024	GENERIC	43.48445
create[ns]	64	6144	384	1024	CLMUL	12.05671
create-total[ms]	64	6144	384	1024	CLMUL	75.85427
recover[ms]	64	6144	512	0	GENERIC	536.49331
recover[ms]	64	6144	512	0	CLMUL	136.70258
create[ns]	64	6144	512	1024	GENERIC	6.91158
create-total[ms]	64	6144	512	1024	GENERIC	43.48393
create[ns]	64	6144	512	1024	CLMUL	11.94791
create-total[ms]	64	6144	512	1024	CLMUL	75.16972
recover[ms]	64	6144	768	0	GENERIC	1028.38387
recover[ms]	64	6144	768	0	CLMUL	284.81741
create[ns]	64	6144	768	1024	GENERIC	6.91209
create-total[ms]	64	6144	768	1024	GENERIC	43.48709
create[ns]	64	6144	768	1024	CLMUL	12.05786
create-total[ms]	64	6144	768	1024	CLMUL	75.86147
recover[ms]	64	6144	1024	0	GENERIC	1620.51867
recover[ms]	64	6144	1024	0	CLMUL	485.48426
create[ns]	64	6144	1024	1024	GENERIC	6.91133
create-total[ms]	64	6144	1024	1024	GENERIC	43.48230
create[ns]	64	6144	1024	1024	CLMUL	12.10157
create-total[ms]	64	6144	1024	1024	CLMUL	76.13647
recover[ms]	64	6144	1536	0	GENERIC	3136.01840
recover[ms]	64	6144	1536	0	CLMUL	1040.12574
create[ns]	64	6144	1536	1024	GENERIC	6.91167
create-total[ms]	64	6144	1536	1024	GENERIC	43.48446
create[ns]	64	6144	1536	1024	CLMUL	12.07815
create-total[ms]	64	6144	1536	1024	CLMUL	75.98913
recover[ms]	64	6144	2048	0	GENERIC	5045.20959
recover[ms]	64	6144	2048	0	CLMUL	1802.08174
create[ns]	64	6144	2048	1024	GENERIC	6.91187
create-total[ms]	64	6144	2048	1024	GENERIC	43.48572
create[ns]	64	6144	2048	1024	CLMUL	12.06448
create-total[ms]	64	6144	2048	1024	CLMUL	75.90318
recover[ms]	64	7168	8	0	GENERIC	6.99932
recover[ms]	64	7168	8	0	CLMUL	0.52610
create[ns]	64	7168	8	1024	GENERIC	6.90880
create-total[ms]	64	7168	8	1024	GENERIC	50.71084
create[ns]	64	7168	8	1024	CLMUL	12.14167
create-total[ms]	64	7168	8	1024	CLMUL	89.12026
recover[ms]	64	7168	16	0	GENERIC	8.37732
recover[ms]	64	7168	16	0	CLMUL	1.06377
create[ns]	64	7168	16	1024	GENERIC	6.90853
create-total[ms]	64	7168	16	1024	GENERIC	50.70883
create[ns]	64	7168	16	1024	CLMUL	12.06169
create-total[ms]	64	7168	16	1024	CLMUL	88.53316
recover[ms]	64	7168	32	0	GENERIC	13.05740
recover[ms]	64	7168	32	0	CLMUL	2.33090
create[ns]	64	7168	32	1024	GENERIC	6.90881
create-total[ms]	64	7168	32	1024	GENERIC	50.71087
create[ns]	64	7168	32	1024	CLMUL	12.12571
create-total[ms]	64	7168	32	1024	CLMUL	89.00309
recover[ms]	64	7168	64	0	GENERIC	24.83609
recover[ms]	64	7168	64	0	CLMUL	5.58628
create[ns]	64	7168	64	1024	GENERIC	6.90821
create-total[ms]	64	7168	64	1024	GENERIC	50.70646
create[ns]	64	7168	64	1024	CLMUL	12.15568
create-total[ms]	64	7168	64	1024	CLMUL	89.22311
recover[ms]	64	7168	128	0	GENERIC	54.75281
recover[ms]	64	7168	128	0	CLMUL	14.74790
create[ns]	64	7168	128	1024	GENERIC	6.90923
create-total[ms]	64	7168	128	1024	GENERIC	50.71398
create[ns]	64	7168	128	1024	CLMUL	12.17480
create-total[ms]	64	7168	128	1024	CLMUL	89.36341
recover[ms]	64	7168	256	0	GENERIC	151.72845
recover[ms]	64	7168	256	0	CLMUL	43.41323
create[ns]	64	7168	256	1024	GENERIC	6.90992
create-total[ms]	64	7168	256	1024	GENERIC	50.71900
create[ns]	64	7168	256	1024	CLMUL	12.10213
create-total[ms]	64	7168	256	1024	CLMUL	88.82999
recover[ms]	64	7168	384	0	GENERIC	345.76625
recover[ms]	64	7168	384	0	CLMUL	85.36531
create[ns]	64	7168	384	1024	GENERIC	6.90912
create-total[ms]	64	7168	384	1024	GENERIC	50.71314
create[ns]	64	7168	384	1024	CLMUL	12.02000
create-total[ms]	64	7168	384	1024	CLMUL	88.22719
recover[ms]	64	7168	512	0	GENERIC	590.50736
recover[ms]	64	7168	512	0	CLMUL	140.69005
create[ns]	64	7168	512	1024	GENERIC	6.90817
create-total[ms]	64	7168	512	1024	GENERIC	50.70616
create[ns]	64	7168	512	1024	CLMUL	12.09044
create-total[ms]	64	7168	512	1024	CLMUL	88.74424
recover[ms]	64	7168	768	0	GENERIC	1127.66728
recover[ms]	64	7168	768	0	CLMUL	290.69137
create[ns]	64	7168	768	1024	GENERIC	6.90886
create-total[ms]	64	7168	768	1024	GENERIC	50.71129
create[ns]	64	7168	768	1024	CLMUL	12.17502
create-total[ms]	64	7168	768	1024	CLMUL	89.36500
recover[ms]	64	7168	1024	0	GENERIC	1765.23910
recover[ms]	64	7168	1024	0	CLMUL	493.32531
create[ns]	64	7168	1024	1024	GENERIC	6.90852
create-total[ms]	64	7168	1024	1024	GENERIC	50.70874
create[ns]	64	7168	1024	1024	CLMUL	12.16928
create-total[ms]	64	7168	1024	1024	CLMUL	89.32288
recover[ms]	64	7168	1536	0	GENERIC	3400.27878
recover[ms]	64	7168	1536	0	CLMUL	1051.70148
create[ns]	64	7168	1536	1024	GENERIC	6.90971
create-total[ms]	64	7168	1536	1024	GENERIC	50.71749
create[ns]	64	7168	1536	1024	CLMUL	12.16293
create-total[ms]	64	7168	1536	1024	CLMUL	89.27630
recover[ms]	64	7168	2048	0	GENERIC	5444.30034
recover[ms]	64	7168	2048	0	CLMUL	1817.54071
create[ns]	64	7168	2048	1024	GENERIC	6.90894
create-total[ms]	64	7168	2048	1024	GENERIC	50.71181
create[ns]	64	7168	2048	1024	CLMUL	12.18227
create-total[ms]	64	7168	2048	1024	CLMUL	89.41828
recover[ms]	64	8192	8	0	GENERIC	9.46003
recover[ms]	64	8192	8	0	CLMUL	0.59877
create[ns]	64	8192	8	1024	GENERIC	6.91188
create-total[ms]	64	8192	8	1024	GENERIC	57.98107
create[ns]	64	8192	8	1024	CLMUL	12.10055
create-total[ms]	64	8192	8	1024	CLMUL	101.50675
recover[ms]	64	8192	16	0	GENERIC	10.99360
recover[ms]	64	8192	16	0	CLMUL	1.18659
create[ns]	64	8192	16	1024	GENERIC	6.91250
create-total[ms]	64	8192	16	1024	GENERIC	57.98627
create[ns]	64	8192	16	1024	CLMUL	12.16543
create-total[ms]	64	8192	16	1024	CLMUL	102.05101
recover[ms]	64	8192	32	0	GENERIC	15.10058
recover[ms]	64	8192	32	0	CLMUL	2.58890
create[ns]	64	8192	32	1024	GENERIC	6.91220
create-total[ms]	64	8192	32	1024	GENERIC	57.98370
create[ns]	64	8192	32	1024	CLMUL	12.25710
create-total[ms]	64	8192	32	1024	CLMUL	102.81997
recover[ms]	64	8192	64	0	GENERIC	27.52088
recover[ms]	64	8192	64	0	CLMUL	6.07406
create[ns]	64	8192	64	1024	GENERIC	6.91213
create-total[ms]	64	8192	64	1024	GENERIC	57.98318
create[ns]	64	8192	64	1024	CLMUL	12.17520
create-total[ms]	64	8192	64	1024	CLMUL	102.13301
recover[ms]	64	8192	128	0	GENERIC	60.58336
recover[ms]	64	8192	128	0	CLMUL	15.78285
create[ns]	64	8192	128	1024	GENERIC	6.91208
create-total[ms]	64	8192	128	1024	GENERIC	57.98271
create[ns]	64	8192	128	1024	CLMUL	12.22985
create-total[ms]	64	8192	128	1024	CLMUL	102.59139
recover[ms]	64	8192	256	0	GENERIC	167.59906
recover[ms]	64	8192	256	0	CLMUL	45.18466
create[ns]	64	8192	256	1024	GENERIC	6.91219
create-total[ms]	64	8192	256	1024	GENERIC	57.98364
create[ns]	64	8192	256	1024	CLMUL	12.11528
create-total[ms]	64	8192	256	1024	CLMUL	101.63030
recover[ms]	64	8192	384	0	GENERIC	380.30179
recover[ms]	64	8192	384	0	CLMUL	88.13915
create[ns]	64	8192	384	1024	GENERIC	6.91245
create-total[ms]	64	8192	384	1024	GENERIC	57.98584
create[ns]	64	8192	384	1024	CLMUL	12.17102
create-total[ms]	64	8192	384	1024	CLMUL	102.09790
recover[ms]	64	8192	512	0	GENERIC	649.83987
recover[ms]	64	8192	512	0	CLMUL	144.82524
create[ns]	64	8192	512	1024	GENERIC	6.91200
create-total[ms]	64	8192	512	1024	GENERIC	57.98206
create[ns]	64	8192	512	1024	CLMUL	12.11596
create-total[ms]	64	8192	512	1024	CLMUL	101.63603
recover[ms]	64	8192	768	0	GENERIC	1230.36121
recover[ms]	64	8192	768	0	CLMUL	296.33748
create[ns]	64	8192	768	1024	GENERIC	6.91135
create-total[ms]	64	8192	768	1024	GENERIC	57.97661
create[ns]	64	8192	768	1024	CLMUL	12.11119
create-total[ms]	64	8192	768	1024	CLMUL	101.59601
recover[ms]	64	8192	1024	0	GENERIC	1921.32275
recover[ms]	64	8192	1024	0	CLMUL	501.15803
create[ns]	64	8192	1024	1024	GENERIC	6.91072
create-total[ms]	64	8192	1024	1024	GENERIC	57.97135
create[ns]	64	8192	1024	1024	CLMUL	12.09173
create-total[ms]	64	8192	1024	1024	CLMUL	101.43281
recover[ms]	64	8192	1536	0	GENERIC	3652.84745
recover[ms]	64	8192	1536	0	CLMUL	1063.91991
create[ns]	64	8192	1536	1024	GENERIC	6.91050
create-total[ms]	64	8192	1536	1024	GENERIC	57.96947
create[ns]	64	8192	1536	1024	CLMUL	12.11077
create-total[ms]	64	8192	1536	1024	CLMUL	101.59248
recover[ms]	64	8192	2048	0	GENERIC	5815.09039
recover[ms]	64	8192	2048	0	CLMUL	1833.33071
create[ns]	64	8192	2048	1024	GENERIC	6.91198
create-total[ms]	64	8192	2048	1024	GENERIC	57.98190
create[ns]	64	8192	2048	1024	CLMUL	12.11953
create-total[ms]	64	8192	2048	1024	CLMUL	101.66598
