metric	bits	capacity	errors	data_len	implementation	value
recover[ms]	16	128	8	0	GENERIC	0.05804
recover[ms]	16	128	8	0	CLMUL	0.03354
create[ns]	16	128	8	1024	GENERIC	7.04502
create-total[ms]	16	128	8	1024	GENERIC	0.92340
create[ns]	16	128	8	1024	CLMUL	17.10076
create-total[ms]	16	128	8	1024	CLMUL	2.24143
recover[ms]	16	128	16	0	GENERIC	0.13387
recover[ms]	16	128	16	0	CLMUL	0.08954
create[ns]	16	128	16	1024	GENERIC	7.04502
create-total[ms]	16	128	16	1024	GENERIC	0.92340
create[ns]	16	128	16	1024	CLMUL	17.09853
create-total[ms]	16	128	16	1024	CLMUL	2.24114
recover[ms]	16	128	32	0	GENERIC	0.35466
recover[ms]	16	128	32	0	CLMUL	0.26075
create[ns]	16	128	32	1024	GENERIC	7.04502
create-total[ms]	16	128	32	1024	GENERIC	0.92340
create[ns]	16	128	32	1024	CLMUL	17.10076
create-total[ms]	16	128	32	1024	CLMUL	2.24143
recover[ms]	16	128	64	0	GENERIC	1.00828
recover[ms]	16	128	64	0	CLMUL	0.81199
create[ns]	16	128	64	1024	GENERIC	7.04502
create-total[ms]	16	128	64	1024	GENERIC	0.92340
create[ns]	16	128	64	1024	CLMUL	17.09854
create-total[ms]	16	128	64	1024	CLMUL	2.24114
recover[ms]	16	128	128	0	GENERIC	2.97234
recover[ms]	16	128	128	0	CLMUL	2.61447
create[ns]	16	128	128	1024	GENERIC	7.04502
create-total[ms]	16	128	128	1024	GENERIC	0.92340
create[ns]	16	128	128	1024	CLMUL	17.10077
create-total[ms]	16	128	128	1024	CLMUL	2.24143
recover[ms]	16	256	8	0	GENERIC	0.08867
recover[ms]	16	256	8	0	CLMUL	0.04637
create[ns]	16	256	8	1024	GENERIC	6.76020
create-total[ms]	16	256	8	1024	GENERIC	1.77215
create[ns]	16	256	8	1024	CLMUL	17.28991
create-total[ms]	16	256	8	1024	CLMUL	4.53245
recover[ms]	16	256	16	0	GENERIC	0.17208
recover[ms]	16	256	16	0	CLMUL	0.11958
create[ns]	16	256	16	1024	GENERIC	6.76020
create-total[ms]	16	256	16	1024	GENERIC	1.77214
create[ns]	16	256	16	1024	CLMUL	17.28657
create-total[ms]	16	256	16	1024	CLMUL	4.53157
recover[ms]	16	256	32	0	GENERIC	0.42700
recover[ms]	16	256	32	0	CLMUL	0.31500
create[ns]	16	256	32	1024	GENERIC	6.76020
create-total[ms]	16	256	32	1024	GENERIC	1.77214
create[ns]	16	256	32	1024	CLMUL	17.29325
create-total[ms]	16	256	32	1024	CLMUL	4.53332
recover[ms]	16	256	64	0	GENERIC	1.13428
recover[ms]	16	256	64	0	CLMUL	0.92020
create[ns]	16	256	64	1024	GENERIC	6.76020
create-total[ms]	16	256	64	1024	GENERIC	1.77214
create[ns]	16	256	64	1024	CLMUL	17.29213
create-total[ms]	16	256	64	1024	CLMUL	4.53303
recover[ms]	16	256	128	0	GENERIC	3.22375
recover[ms]	16	256	128	0	CLMUL	2.84167
create[ns]	16	256	128	1024	GENERIC	6.76020
create-total[ms]	16	256	128	1024	GENERIC	1.77214
create[ns]	16	256	128	1024	CLMUL	17.29213
create-total[ms]	16	256	128	1024	CLMUL	4.53303
recover[ms]	16	256	256	0	GENERIC	9.73747
recover[ms]	16	256	256	0	CLMUL	9.13314
create[ns]	16	256	256	1024	GENERIC	6.76020
create-total[ms]	16	256	256	1024	GENERIC	1.77215
create[ns]	16	256	256	1024	CLMUL	17.29547
create-total[ms]	16	256	256	1024	CLMUL	4.53390
recover[ms]	16	512	8	0	GENERIC	0.14350
recover[ms]	16	512	8	0	CLMUL	0.07758
create[ns]	16	512	8	1024	GENERIC	6.62279
create-total[ms]	16	512	8	1024	GENERIC	3.47225
create[ns]	16	512	8	1024	CLMUL	17.33385
create-total[ms]	16	512	8	1024	CLMUL	9.08793
recover[ms]	16	512	16	0	GENERIC	0.25987
recover[ms]	16	512	16	0	CLMUL	0.17033
create[ns]	16	512	16	1024	GENERIC	6.62279
create-total[ms]	16	512	16	1024	GENERIC	3.47225
create[ns]	16	512	16	1024	CLMUL	17.34331
create-total[ms]	16	512	16	1024	CLMUL	9.09289
recover[ms]	16	512	32	0	GENERIC	0.55153
recover[ms]	16	512	32	0	CLMUL	0.42116
create[ns]	16	512	32	1024	GENERIC	6.62279
create-total[ms]	16	512	32	1024	GENERIC	3.47225
create[ns]	16	512	32	1024	CLMUL	17.34943
create-total[ms]	16	512	32	1024	CLMUL	9.09610
recover[ms]	16	512	64	0	GENERIC	1.37607
recover[ms]	16	512	64	0	CLMUL	1.13574
create[ns]	16	512	64	1024	GENERIC	6.62279
create-total[ms]	16	512	64	1024	GENERIC	3.47225
create[ns]	16	512	64	1024	CLMUL	17.35110
create-total[ms]	16	512	64	1024	CLMUL	9.09697
recover[ms]	16	512	128	0	GENERIC	3.73737
recover[ms]	16	512	128	0	CLMUL	3.25846
create[ns]	16	512	128	1024	GENERIC	6.62279
create-total[ms]	16	512	128	1024	GENERIC	3.47225
create[ns]	16	512	128	1024	CLMUL	17.35166
create-total[ms]	16	512	128	1024	CLMUL	9.09727
recover[ms]	16	512	256	0	GENERIC	10.78629
recover[ms]	16	512	256	0	CLMUL	10.00434
create[ns]	16	512	256	1024	GENERIC	6.62223
create-total[ms]	16	512	256	1024	GENERIC	3.47196
create[ns]	16	512	256	1024	CLMUL	17.33942
create-total[ms]	16	512	256	1024	CLMUL	9.09085
recover[ms]	16	512	384	0	GENERIC	20.35634
recover[ms]	16	512	384	0	CLMUL	19.49535
create[ns]	16	512	384	1024	GENERIC	6.62223
create-total[ms]	16	512	384	1024	GENERIC	3.47196
create[ns]	16	512	384	1024	CLMUL	17.34888
create-total[ms]	16	512	384	1024	CLMUL	9.09581
recover[ms]	16	512	512	0	GENERIC	32.57236
recover[ms]	16	512	512	0	CLMUL	31.98378
create[ns]	16	512	512	1024	GENERIC	6.62279
create-total[ms]	16	512	512	1024	GENERIC	3.47225
create[ns]	16	512	512	1024	CLMUL	17.34943
create-total[ms]	16	512	512	1024	CLMUL	9.09610
recover[ms]	16	1024	8	0	GENERIC	0.27241
recover[ms]	16	1024	8	0	CLMUL	0.13475
create[ns]	16	1024	8	1024	GENERIC	6.55548
create-total[ms]	16	1024	8	1024	GENERIC	6.87392
create[ns]	16	1024	8	1024	CLMUL	17.40729
create-total[ms]	16	1024	8	1024	CLMUL	18.25286
recover[ms]	16	1024	16	0	GENERIC	0.44129
recover[ms]	16	1024	16	0	CLMUL	0.28408
create[ns]	16	1024	16	1024	GENERIC	6.55520
create-total[ms]	16	1024	16	1024	GENERIC	6.87363
create[ns]	16	1024	16	1024	CLMUL	17.40645
create-total[ms]	16	1024	16	1024	CLMUL	18.25199
recover[ms]	16	1024	32	0	GENERIC	0.84582
recover[ms]	16	1024	32	0	CLMUL	0.64195
create[ns]	16	1024	32	1024	GENERIC	6.55520
create-total[ms]	16	1024	32	1024	GENERIC	6.87363
create[ns]	16	1024	32	1024	CLMUL	17.40478
create-total[ms]	16	1024	32	1024	CLMUL	18.25024
recover[ms]	16	1024	64	0	GENERIC	1.86694
recover[ms]	16	1024	64	0	CLMUL	1.56769
create[ns]	16	1024	64	1024	GENERIC	6.55520
create-total[ms]	16	1024	64	1024	GENERIC	6.87363
create[ns]	16	1024	64	1024	CLMUL	17.40590
create-total[ms]	16	1024	64	1024	CLMUL	18.25140
recover[ms]	16	1024	128	0	GENERIC	4.75003
recover[ms]	16	1024	128	0	CLMUL	4.12353
create[ns]	16	1024	128	1024	GENERIC	6.55604
create-total[ms]	16	1024	128	1024	GENERIC	6.87450
create[ns]	16	1024	128	1024	CLMUL	17.40617
create-total[ms]	16	1024	128	1024	CLMUL	18.25170
recover[ms]	16	1024	256	0	GENERIC	13.06155
recover[ms]	16	1024	256	0	CLMUL	11.67148
create[ns]	16	1024	256	1024	GENERIC	6.55548
create-total[ms]	16	1024	256	1024	GENERIC	6.87392
create[ns]	16	1024	256	1024	CLMUL	17.40840
create-total[ms]	16	1024	256	1024	CLMUL	18.25403
recover[ms]	16	1024	384	0	GENERIC	23.98550
recover[ms]	16	1024	384	0	CLMUL	22.03544
create[ns]	16	1024	384	1024	GENERIC	6.55909
create-total[ms]	16	1024	384	1024	GENERIC	6.87771
create[ns]	16	1024	384	1024	CLMUL	17.41229
create-total[ms]	16	1024	384	1024	CLMUL	18.25811
recover[ms]	16	1024	512	0	GENERIC	37.66888
recover[ms]	16	1024	512	0	CLMUL	35.30641
create[ns]	16	1024	512	1024	GENERIC	6.55603
create-total[ms]	16	1024	512	1024	GENERIC	6.87450
create[ns]	16	1024	512	1024	CLMUL	17.40562
create-total[ms]	16	1024	512	1024	CLMUL	18.25111
recover[ms]	16	1024	768	0	GENERIC	69.96591
recover[ms]	16	1024	768	0	CLMUL	68.73305
create[ns]	16	1024	768	1024	GENERIC	6.55548
create-total[ms]	16	1024	768	1024	GENERIC	6.87392
create[ns]	16	1024	768	1024	CLMUL	17.38448
create-total[ms]	16	1024	768	1024	CLMUL	18.22895
recover[ms]	16	1024	1024	0	GENERIC	111.83882
recover[ms]	16	1024	1024	0	CLMUL	111.70611
create[ns]	16	1024	1024	1024	GENERIC	6.55548
create-total[ms]	16	1024	1024	1024	GENERIC	6.87392
create[ns]	16	1024	1024	1024	CLMUL	17.40645
create-total[ms]	16	1024	1024	1024	CLMUL	18.25199
recover[ms]	16	2048	8	0	GENERIC	0.49699
recover[ms]	16	2048	8	0	CLMUL	0.25725
create[ns]	16	2048	8	1024	GENERIC	6.52307
create-total[ms]	16	2048	8	1024	GENERIC	13.67988
create[ns]	16	2048	8	1024	CLMUL	17.11773
create-total[ms]	16	2048	8	1024	CLMUL	35.89848
recover[ms]	16	2048	16	0	GENERIC	0.76999
recover[ms]	16	2048	16	0	CLMUL	0.50633
create[ns]	16	2048	16	1024	GENERIC	6.52252
create-total[ms]	16	2048	16	1024	GENERIC	13.67871
create[ns]	16	2048	16	1024	CLMUL	17.09909
create-total[ms]	16	2048	16	1024	CLMUL	35.85940
recover[ms]	16	2048	32	0	GENERIC	1.38044
recover[ms]	16	2048	32	0	CLMUL	1.06719
create[ns]	16	2048	32	1024	GENERIC	6.52266
create-total[ms]	16	2048	32	1024	GENERIC	13.67900
create[ns]	16	2048	32	1024	CLMUL	17.10521
create-total[ms]	16	2048	32	1024	CLMUL	35.87223
recover[ms]	16	2048	64	0	GENERIC	2.86880
recover[ms]	16	2048	64	0	CLMUL	2.44268
create[ns]	16	2048	64	1024	GENERIC	6.52252
create-total[ms]	16	2048	64	1024	GENERIC	13.67871
create[ns]	16	2048	64	1024	CLMUL	17.10758
create-total[ms]	16	2048	64	1024	CLMUL	35.87719
recover[ms]	16	2048	128	0	GENERIC	6.66975
recover[ms]	16	2048	128	0	CLMUL	5.82801
create[ns]	16	2048	128	1024	GENERIC	6.52280
create-total[ms]	16	2048	128	1024	GENERIC	13.67929
create[ns]	16	2048	128	1024	CLMUL	17.10285
create-total[ms]	16	2048	128	1024	CLMUL	35.86728
recover[ms]	16	2048	256	0	GENERIC	17.34900
recover[ms]	16	2048	256	0	CLMUL	15.07111
create[ns]	16	2048	256	1024	GENERIC	6.52238
create-total[ms]	16	2048	256	1024	GENERIC	13.67842
create[ns]	16	2048	256	1024	CLMUL	17.09951
create-total[ms]	16	2048	256	1024	CLMUL	35.86028
recover[ms]	16	2048	384	0	GENERIC	30.90871
recover[ms]	16	2048	384	0	CLMUL	27.10221
create[ns]	16	2048	384	1024	GENERIC	6.52293
create-total[ms]	16	2048	384	1024	GENERIC	13.67958
create[ns]	16	2048	384	1024	CLMUL	17.11704
create-total[ms]	16	2048	384	1024	CLMUL	35.89703
recover[ms]	16	2048	512	0	GENERIC	46.89214
recover[ms]	16	2048	512	0	CLMUL	42.14824
create[ns]	16	2048	512	1024	GENERIC	6.52266
create-total[ms]	16	2048	512	1024	GENERIC	13.67900
create[ns]	16	2048	512	1024	CLMUL	17.11481
create-total[ms]	16	2048	512	1024	CLMUL	35.89236
recover[ms]	16	2048	768	0	GENERIC	85.32051
recover[ms]	16	2048	768	0	CLMUL	78.86192
create[ns]	16	2048	768	1024	GENERIC	6.52266
create-total[ms]	16	2048	768	1024	GENERIC	13.67900
create[ns]	16	2048	768	1024	CLMUL	17.12023
create-total[ms]	16	2048	768	1024	CLMUL	35.90373
recover[ms]	16	2048	1024	0	GENERIC	130.92350
recover[ms]	16	2048	1024	0	CLMUL	125.36236
create[ns]	16	2048	1024	1024	GENERIC	6.52293
create-total[ms]	16	2048	1024	1024	GENERIC	13.67958
create[ns]	16	2048	1024	1024	CLMUL	17.12427
create-total[ms]	16	2048	1024	1024	CLMUL	35.91219
recover[ms]	16	2048	1536	0	GENERIC	240.94614
recover[ms]	16	2048	1536	0	CLMUL	239.68965
create[ns]	16	2048	1536	1024	GENERIC	6.52419
create-total[ms]	16	2048	1536	1024	GENERIC	13.68221
create[ns]	16	2048	1536	1024	CLMUL	17.11912
create-total[ms]	16	2048	1536	1024	CLMUL	35.90140
recover[ms]	16	2048	2048	0	GENERIC	381.50006
recover[ms]	16	2048	2048	0	CLMUL	387.36162
create[ns]	16	2048	2048	1024	GENERIC	6.52321
create-total[ms]	16	2048	2048	1024	GENERIC	13.68017
create[ns]	16	2048	2048	1024	CLMUL	17.10188
create-total[ms]	16	2048	2048	1024	CLMUL	35.86523
recover[ms]	16	3072	8	0	GENERIC	0.75191
recover[ms]	16	3072	8	0	CLMUL	0.36983
create[ns]	16	3072	8	1024	GENERIC	6.50217
create-total[ms]	16	3072	8	1024	GENERIC	20.45405
create[ns]	16	3072	8	1024	CLMUL	17.26228
create-total[ms]	16	3072	8	1024	CLMUL	54.30243
recover[ms]	16	3072	16	0	GENERIC	1.16024
recover[ms]	16	3072	16	0	CLMUL	0.73178
create[ns]	16	3072	16	1024	GENERIC	6.50977
create-total[ms]	16	3072	16	1024	GENERIC	20.47796
create[ns]	16	3072	16	1024	CLMUL	17.26024
create-total[ms]	16	3072	16	1024	CLMUL	54.29601
recover[ms]	16	3072	32	0	GENERIC	1.97748
recover[ms]	16	3072	32	0	CLMUL	1.49623
create[ns]	16	3072	32	1024	GENERIC	6.50152
create-total[ms]	16	3072	32	1024	GENERIC	20.45200
create[ns]	16	3072	32	1024	CLMUL	17.27136
create-total[ms]	16	3072	32	1024	CLMUL	54.33101
recover[ms]	16	3072	64	0	GENERIC	3.97887
recover[ms]	16	3072	64	0	CLMUL	3.31796
create[ns]	16	3072	64	1024	GENERIC	6.50912
create-total[ms]	16	3072	64	1024	GENERIC	20.47592
create[ns]	16	3072	64	1024	CLMUL	17.25903
create-total[ms]	16	3072	64	1024	CLMUL	54.29222
recover[ms]	16	3072	128	0	GENERIC	8.83856
recover[ms]	16	3072	128	0	CLMUL	7.54766
create[ns]	16	3072	128	1024	GENERIC	6.50931
create-total[ms]	16	3072	128	1024	GENERIC	20.47650
create[ns]	16	3072	128	1024	CLMUL	17.25050
create-total[ms]	16	3072	128	1024	CLMUL	54.26539
recover[ms]	16	3072	256	0	GENERIC	22.22182
recover[ms]	16	3072	256	0	CLMUL	18.47803
create[ns]	16	3072	256	1024	GENERIC	6.48919
create-total[ms]	16	3072	256	1024	GENERIC	20.41321
create[ns]	16	3072	256	1024	CLMUL	17.29389
create-total[ms]	16	3072	256	1024	CLMUL	54.40189
recover[ms]	16	3072	384	0	GENERIC	38.61853
recover[ms]	16	3072	384	0	CLMUL	32.18824
create[ns]	16	3072	384	1024	GENERIC	6.51236
create-total[ms]	16	3072	384	1024	GENERIC	20.48613
create[ns]	16	3072	384	1024	CLMUL	17.28230
create-total[ms]	16	3072	384	1024	CLMUL	54.36543
recover[ms]	16	3072	512	0	GENERIC	57.59706
recover[ms]	16	3072	512	0	CLMUL	48.83929
create[ns]	16	3072	512	1024	GENERIC	6.50986
create-total[ms]	16	3072	512	1024	GENERIC	20.47825
create[ns]	16	3072	512	1024	CLMUL	17.25579
create-total[ms]	16	3072	512	1024	CLMUL	54.28201
recover[ms]	16	3072	768	0	GENERIC	100.45637
recover[ms]	16	3072	768	0	CLMUL	88.98147
create[ns]	16	3072	768	1024	GENERIC	6.50884
create-total[ms]	16	3072	768	1024	GENERIC	20.47504
create[ns]	16	3072	768	1024	CLMUL	17.27136
create-total[ms]	16	3072	768	1024	CLMUL	54.33101
recover[ms]	16	3072	1024	0	GENERIC	149.82969
recover[ms]	16	3072	1024	0	CLMUL	138.79549
create[ns]	16	3072	1024	1024	GENERIC	6.50337
create-total[ms]	16	3072	1024	1024	GENERIC	20.45784
create[ns]	16	3072	1024	1024	CLMUL	17.26052
create-total[ms]	16	3072	1024	1024	CLMUL	54.29689
recover[ms]	16	3072	1536	0	GENERIC	271.57952
recover[ms]	16	3072	1536	0	CLMUL	259.94157
create[ns]	16	3072	1536	1024	GENERIC	6.50393
create-total[ms]	16	3072	1536	1024	GENERIC	20.45959
create[ns]	16	3072	1536	1024	CLMUL	17.25783
create-total[ms]	16	3072	1536	1024	CLMUL	54.28843
recover[ms]	16	3072	2048	0	GENERIC	419.81498
recover[ms]	16	3072	2048	0	CLMUL	414.36642
create[ns]	16	3072	2048	1024	GENERIC	6.50986
create-total[ms]	16	3072	2048	1024	GENERIC	20.47825
create[ns]	16	3072	2048	1024	CLMUL	17.26571
create-total[ms]	16	3072	2048	1024	CLMUL	54.31322
recover[ms]	16	4096	8	0	GENERIC	0.99545
recover[ms]	16	4096	8	0	CLMUL	0.49466
create[ns]	16	4096	8	1024	GENERIC	6.50437
create-total[ms]	16	4096	8	1024	GENERIC	27.28130
create[ns]	16	4096	8	1024	CLMUL	17.19297
create-total[ms]	16	4096	8	1024	CLMUL	72.11255
recover[ms]	16	4096	16	0	GENERIC	1.53415
recover[ms]	16	4096	16	0	CLMUL	0.95170
create[ns]	16	4096	16	1024	GENERIC	6.50180
create-total[ms]	16	4096	16	1024	GENERIC	27.27050
create[ns]	16	4096	16	1024	CLMUL	17.19214
create-total[ms]	16	4096	16	1024	CLMUL	72.10905
recover[ms]	16	4096	32	0	GENERIC	2.54505
recover[ms]	16	4096	32	0	CLMUL	1.92673
create[ns]	16	4096	32	1024	GENERIC	6.50451
create-total[ms]	16	4096	32	1024	GENERIC	27.28188
create[ns]	16	4096	32	1024	CLMUL	17.18762
create-total[ms]	16	4096	32	1024	CLMUL	72.09009
recover[ms]	16	4096	64	0	GENERIC	5.08281
recover[ms]	16	4096	64	0	CLMUL	4.19091
create[ns]	16	4096	64	1024	GENERIC	6.49936
create-total[ms]	16	4096	64	1024	GENERIC	27.26030
create[ns]	16	4096	64	1024	CLMUL	17.18184
create-total[ms]	16	4096	64	1024	CLMUL	72.06588
recover[ms]	16	4096	128	0	GENERIC	11.06774
recover[ms]	16	4096	128	0	CLMUL	9.26964
create[ns]	16	4096	128	1024	GENERIC	6.50381
create-total[ms]	16	4096	128	1024	GENERIC	27.27896
create[ns]	16	4096	128	1024	CLMUL	17.18526
create-total[ms]	16	4096	128	1024	CLMUL	72.08019
recover[ms]	16	4096	256	0	GENERIC	27.15326
recover[ms]	16	4096	256	0	CLMUL	21.87678
create[ns]	16	4096	256	1024	GENERIC	6.50166
create-total[ms]	16	4096	256	1024	GENERIC	27.26993
create[ns]	16	4096	256	1024	CLMUL	17.18679
create-total[ms]	16	4096	256	1024	CLMUL	72.08660
recover[ms]	16	4096	384	0	GENERIC	46.09241
recover[ms]	16	4096	384	0	CLMUL	37.25677
create[ns]	16	4096	384	1024	GENERIC	6.50075
create-total[ms]	16	4096	384	1024	GENERIC	27.26614
create[ns]	16	4096	384	1024	CLMUL	17.19172
create-total[ms]	16	4096	384	1024	CLMUL	72.10731
recover[ms]	16	4096	512	0	GENERIC	67.55474
recover[ms]	16	4096	512	0	CLMUL	55.63680
create[ns]	16	4096	512	1024	GENERIC	6.49422
create-total[ms]	16	4096	512	1024	GENERIC	27.23872
create[ns]	16	4096	512	1024	CLMUL	17.18741
create-total[ms]	16	4096	512	1024	CLMUL	72.08923
recover[ms]	16	4096	768	0	GENERIC	115.23672
recover[ms]	16	4096	768	0	CLMUL	99.17366
create[ns]	16	4096	768	1024	GENERIC	6.50326
create-total[ms]	16	4096	768	1024	GENERIC	27.27663
create[ns]	16	4096	768	1024	CLMUL	17.18456
create-total[ms]	16	4096	768	1024	CLMUL	72.07727
recover[ms]	16	4096	1024	0	GENERIC	171.52451
recover[ms]	16	4096	1024	0	CLMUL	152.29807
create[ns]	16	4096	1024	1024	GENERIC	6.50340
create-total[ms]	16	4096	1024	1024	GENERIC	27.27722
create[ns]	16	4096	1024	1024	CLMUL	17.18915
create-total[ms]	16	4096	1024	1024	CLMUL	72.09652
recover[ms]	16	4096	1536	0	GENERIC	300.22060
recover[ms]	16	4096	1536	0	CLMUL	280.00718
create[ns]	16	4096	1536	1024	GENERIC	6.50180
create-total[ms]	16	4096	1536	1024	GENERIC	27.27051
create[ns]	16	4096	1536	1024	CLMUL	17.18623
create-total[ms]	16	4096	1536	1024	CLMUL	72.08427
recover[ms]	16	4096	2048	0	GENERIC	459.06680
recover[ms]	16	4096	2048	0	CLMUL	441.02510
create[ns]	16	4096	2048	1024	GENERIC	6.50409
create-total[ms]	16	4096	2048	1024	GENERIC	27.28013
create[ns]	16	4096	2048	1024	CLMUL	17.18386
create-total[ms]	16	4096	2048	1024	CLMUL	72.07435
recover[ms]	16	5120	8	0	GENERIC	1.21186
recover[ms]	16	5120	8	0	CLMUL	0.61687
create[ns]	16	5120	8	1024	GENERIC	6.50079
create-total[ms]	16	5120	8	1024	GENERIC	34.08289
create[ns]	16	5120	8	1024	CLMUL	17.14038
create-total[ms]	16	5120	8	1024	CLMUL	89.86493
recover[ms]	16	5120	16	0	GENERIC	1.79373
recover[ms]	16	5120	16	0	CLMUL	1.17540
create[ns]	16	5120	16	1024	GENERIC	6.47660
create-total[ms]	16	5120	16	1024	GENERIC	33.95601
create[ns]	16	5120	16	1024	CLMUL	17.12975
create-total[ms]	16	5120	16	1024	CLMUL	89.80923
recover[ms]	16	5120	32	0	GENERIC	3.03330
recover[ms]	16	5120	32	0	CLMUL	2.35810
create[ns]	16	5120	32	1024	GENERIC	6.50207
create-total[ms]	16	5120	32	1024	GENERIC	34.08960
create[ns]	16	5120	32	1024	CLMUL	17.14321
create-total[ms]	16	5120	32	1024	CLMUL	89.87981
recover[ms]	16	5120	64	0	GENERIC	5.87993
recover[ms]	16	5120	64	0	CLMUL	5.06152
create[ns]	16	5120	64	1024	GENERIC	6.49990
create-total[ms]	16	5120	64	1024	GENERIC	34.07822
create[ns]	16	5120	64	1024	CLMUL	17.13809
create-total[ms]	16	5120	64	1024	CLMUL	89.85298
recover[ms]	16	5120	128	0	GENERIC	12.76901
recover[ms]	16	5120	128	0	CLMUL	10.97820
create[ns]	16	5120	128	1024	GENERIC	6.50013
create-total[ms]	16	5120	128	1024	GENERIC	34.07939
create[ns]	16	5120	128	1024	CLMUL	17.14510
create-total[ms]	16	5120	128	1024	CLMUL	89.88972
recover[ms]	16	5120	256	0	GENERIC	31.08955
recover[ms]	16	5120	256	0	CLMUL	25.28487
create[ns]	16	5120	256	1024	GENERIC	6.49968
create-total[ms]	16	5120	256	1024	GENERIC	34.07705
create[ns]	16	5120	256	1024	CLMUL	17.14349
create-total[ms]	16	5120	256	1024	CLMUL	89.88127
recover[ms]	16	5120	384	0	GENERIC	52.58658
recover[ms]	16	5120	384	0	CLMUL	42.33025
create[ns]	16	5120	384	1024	GENERIC	6.50002
create-total[ms]	16	5120	384	1024	GENERIC	34.07880
create[ns]	16	5120	384	1024	CLMUL	17.16574
create-total[ms]	16	5120	384	1024	CLMUL	89.99793
recover[ms]	16	5120	512	0	GENERIC	76.65084
recover[ms]	16	5120	512	0	CLMUL	62.36138
create[ns]	16	5120	512	1024	GENERIC	6.49985
create-total[ms]	16	5120	512	1024	GENERIC	34.07793
create[ns]	16	5120	512	1024	CLMUL	17.15178
create-total[ms]	16	5120	512	1024	CLMUL	89.92472
recover[ms]	16	5120	768	0	GENERIC	129.24588
recover[ms]	16	5120	768	0	CLMUL	109.19929
create[ns]	16	5120	768	1024	GENERIC	6.50258
create-total[ms]	16	5120	768	1024	GENERIC	34.09222
create[ns]	16	5120	768	1024	CLMUL	17.13837
create-total[ms]	16	5120	768	1024	CLMUL	89.85443
recover[ms]	16	5120	1024	0	GENERIC	190.23412
recover[ms]	16	5120	1024	0	CLMUL	165.68249
create[ns]	16	5120	1024	1024	GENERIC	6.50085
create-total[ms]	16	5120	1024	1024	GENERIC	34.08318
create[ns]	16	5120	1024	1024	CLMUL	17.13604
create-total[ms]	16	5120	1024	1024	CLMUL	89.84218
recover[ms]	16	5120	1536	0	GENERIC	329.12909
recover[ms]	16	5120	1536	0	CLMUL	300.14915
create[ns]	16	5120	1536	1024	GENERIC	6.50385
create-total[ms]	16	5120	1536	1024	GENERIC	34.09893
create[ns]	16	5120	1536	1024	CLMUL	17.17487
create-total[ms]	16	5120	1536	1024	CLMUL	90.04576
recover[ms]	16	5120	2048	0	GENERIC	498.15784
recover[ms]	16	5120	2048	0	CLMUL	467.82661
create[ns]	16	5120	2048	1024	GENERIC	6.50124
create-total[ms]	16	5120	2048	1024	GENERIC	34.08522
create[ns]	16	5120	2048	1024	CLMUL	17.15573
create-total[ms]	16	5120	2048	1024	CLMUL	89.94543
recover[ms]	16	6144	8	0	GENERIC	1.42682
recover[ms]	16	6144	8	0	CLMUL	0.73033
create[ns]	16	6144	8	1024	GENERIC	6.49730
create-total[ms]	16	6144	8	1024	GENERIC	40.87747
create[ns]	16	6144	8	1024	CLMUL	17.19121
create-total[ms]	16	6144	8	1024	CLMUL	108.15776
recover[ms]	16	6144	16	0	GENERIC	2.14577
recover[ms]	16	6144	16	0	CLMUL	1.39619
create[ns]	16	6144	16	1024	GENERIC	6.49818
create-total[ms]	16	6144	16	1024	GENERIC	40.88302
create[ns]	16	6144	16	1024	CLMUL	17.19432
create-total[ms]	16	6144	16	1024	CLMUL	108.17730
recover[ms]	16	6144	32	0	GENERIC	3.60817
recover[ms]	16	6144	32	0	CLMUL	2.79501
create[ns]	16	6144	32	1024	GENERIC	6.49994
create-total[ms]	16	6144	32	1024	GENERIC	40.89410
create[ns]	16	6144	32	1024	CLMUL	17.18560
create-total[ms]	16	6144	32	1024	CLMUL	108.12247
recover[ms]	16	6144	64	0	GENERIC	6.89813
recover[ms]	16	6144	64	0	CLMUL	5.93797
create[ns]	16	6144	64	1024	GENERIC	6.50031
create-total[ms]	16	6144	64	1024	GENERIC	40.89643
create[ns]	16	6144	64	1024	CLMUL	17.20429
create-total[ms]	16	6144	64	1024	CLMUL	108.24001
recover[ms]	16	6144	128	0	GENERIC	14.77537
recover[ms]	16	6144	128	0	CLMUL	12.69114
create[ns]	16	6144	128	1024	GENERIC	6.49799
create-total[ms]	16	6144	128	1024	GENERIC	40.88185
create[ns]	16	6144	128	1024	CLMUL	17.19905
create-total[ms]	16	6144	128	1024	CLMUL	108.20705
recover[ms]	16	6144	256	0	GENERIC	35.37758
recover[ms]	16	6144	256	0	CLMUL	28.67429
create[ns]	16	6144	256	1024	GENERIC	6.50036
create-total[ms]	16	6144	256	1024	GENERIC	40.89672
create[ns]	16	6144	256	1024	CLMUL	17.19826
create-total[ms]	16	6144	256	1024	CLMUL	108.20209
recover[ms]	16	6144	384	0	GENERIC	59.20267
recover[ms]	16	6144	384	0	CLMUL	47.40927
create[ns]	16	6144	384	1024	GENERIC	6.49781
create-total[ms]	16	6144	384	1024	GENERIC	40.88068
create[ns]	16	6144	384	1024	CLMUL	17.19589
create-total[ms]	16	6144	384	1024	CLMUL	108.18722
recover[ms]	16	6144	512	0	GENERIC	85.45265
recover[ms]	16	6144	512	0	CLMUL	69.16618
create[ns]	16	6144	512	1024	GENERIC	6.49809
create-total[ms]	16	6144	512	1024	GENERIC	40.88243
create[ns]	16	6144	512	1024	CLMUL	17.19603
create-total[ms]	16	6144	512	1024	CLMUL	108.18809
recover[ms]	16	6144	768	0	GENERIC	142.34448
recover[ms]	16	6144	768	0	CLMUL	119.31912
create[ns]	16	6144	768	1024	GENERIC	6.49786
create-total[ms]	16	6144	768	1024	GENERIC	40.88097
create[ns]	16	6144	768	1024	CLMUL	17.19715
create-total[ms]	16	6144	768	1024	CLMUL	108.19509
recover[ms]	16	6144	1024	0	GENERIC	207.47316
recover[ms]	16	6144	1024	0	CLMUL	179.16433
create[ns]	16	6144	1024	1024	GENERIC	6.49790
create-total[ms]	16	6144	1024	1024	GENERIC	40.88126
create[ns]	16	6144	1024	1024	CLMUL	17.26655
create-total[ms]	16	6144	1024	1024	CLMUL	108.63171
recover[ms]	16	6144	1536	0	GENERIC	355.65965
recover[ms]	16	6144	1536	0	CLMUL	320.43024
create[ns]	16	6144	1536	1024	GENERIC	6.49841
create-total[ms]	16	6144	1536	1024	GENERIC	40.88447
create[ns]	16	6144	1536	1024	CLMUL	17.19636
create-total[ms]	16	6144	1536	1024	CLMUL	108.19013
recover[ms]	16	6144	2048	0	GENERIC	540.46417
recover[ms]	16	6144	2048	0	CLMUL	494.97696
create[ns]	16	6144	2048	1024	GENERIC	6.49799
create-total[ms]	16	6144	2048	1024	GENERIC	40.88185
create[ns]	16	6144	2048	1024	CLMUL	17.23052
create-total[ms]	16	6144	2048	1024	CLMUL	108.40509
recover[ms]	16	7168	8	0	GENERIC	1.70185
recover[ms]	16	7168	8	0	CLMUL	0.86303
create[ns]	16	7168	8	1024	GENERIC	6.49901
create-total[ms]	16	7168	8	1024	GENERIC	47.70298
create[ns]	16	7168	8	1024	CLMUL	17.20166
create-total[ms]	16	7168	8	1024	CLMUL	126.26071
recover[ms]	16	7168	16	0	GENERIC	2.46105
recover[ms]	16	7168	16	0	CLMUL	1.62048
create[ns]	16	7168	16	1024	GENERIC	6.49842
create-total[ms]	16	7168	16	1024	GENERIC	47.69860
create[ns]	16	7168	16	1024	CLMUL	17.20281
create-total[ms]	16	7168	16	1024	CLMUL	126.26917
recover[ms]	16	7168	32	0	GENERIC	4.17312
recover[ms]	16	7168	32	0	CLMUL	3.21238
create[ns]	16	7168	32	1024	GENERIC	6.49496
create-total[ms]	16	7168	32	1024	GENERIC	47.67323
create[ns]	16	7168	32	1024	CLMUL	17.20579
create-total[ms]	16	7168	32	1024	CLMUL	126.29104
recover[ms]	16	7168	64	0	GENERIC	7.89445
recover[ms]	16	7168	64	0	CLMUL	6.80800
create[ns]	16	7168	64	1024	GENERIC	6.49484
create-total[ms]	16	7168	64	1024	GENERIC	47.67235
create[ns]	16	7168	64	1024	CLMUL	17.19589
create-total[ms]	16	7168	64	1024	CLMUL	126.21842
recover[ms]	16	7168	128	0	GENERIC	16.85901
recover[ms]	16	7168	128	0	CLMUL	14.38950
create[ns]	16	7168	128	1024	GENERIC	6.49528
create-total[ms]	16	7168	128	1024	GENERIC	47.67556
create[ns]	16	7168	128	1024	CLMUL	17.20086
create-total[ms]	16	7168	128	1024	CLMUL	126.25488
recover[ms]	16	7168	256	0	GENERIC	40.32244
recover[ms]	16	7168	256	0	CLMUL	32.07858
create[ns]	16	7168	256	1024	GENERIC	6.49802
create-total[ms]	16	7168	256	1024	GENERIC	47.69568
create[ns]	16	7168	256	1024	CLMUL	17.19244
create-total[ms]	16	7168	256	1024	CLMUL	126.19304
recover[ms]	16	7168	384	0	GENERIC	66.93233
recover[ms]	16	7168	384	0	CLMUL	52.44104
create[ns]	16	7168	384	1024	GENERIC	6.48658
create-total[ms]	16	7168	384	1024	GENERIC	47.61168
create[ns]	16	7168	384	1024	CLMUL	17.19808
create-total[ms]	16	7168	384	1024	CLMUL	126.23446
recover[ms]	16	7168	512	0	GENERIC	95.96711
recover[ms]	16	7168	512	0	CLMUL	75.91235
create[ns]	16	7168	512	1024	GENERIC	6.49238
create-total[ms]	16	7168	512	1024	GENERIC	47.65427
create[ns]	16	7168	512	1024	CLMUL	17.19911
create-total[ms]	16	7168	512	1024	CLMUL	126.24204
recover[ms]	16	7168	768	0	GENERIC	158.57145
recover[ms]	16	7168	768	0	CLMUL	129.51626
create[ns]	16	7168	768	1024	GENERIC	6.49500
create-total[ms]	16	7168	768	1024	GENERIC	47.67352
create[ns]	16	7168	768	1024	CLMUL	17.20031
create-total[ms]	16	7168	768	1024	CLMUL	126.25079
recover[ms]	16	7168	1024	0	GENERIC	229.25661
recover[ms]	16	7168	1024	0	CLMUL	192.55255
create[ns]	16	7168	1024	1024	GENERIC	6.49746
create-total[ms]	16	7168	1024	1024	GENERIC	47.69160
create[ns]	16	7168	1024	1024	CLMUL	17.20448
create-total[ms]	16	7168	1024	1024	CLMUL	126.28142
recover[ms]	16	7168	1536	0	GENERIC	387.87473
recover[ms]	16	7168	1536	0	CLMUL	340.70083
create[ns]	16	7168	1536	1024	GENERIC	6.49262
create-total[ms]	16	7168	1536	1024	GENERIC	47.65602
create[ns]	16	7168	1536	1024	CLMUL	17.09254
create-total[ms]	16	7168	1536	1024	CLMUL	125.45980
recover[ms]	16	7168	2048	0	GENERIC	575.97125
recover[ms]	16	7168	2048	0	CLMUL	522.21480
create[ns]	16	7168	2048	1024	GENERIC	6.49158
create-total[ms]	16	7168	2048	1024	GENERIC	47.64843
create[ns]	16	7168	2048	1024	CLMUL	17.09898
create-total[ms]	16	7168	2048	1024	CLMUL	125.50705
recover[ms]	16	8192	8	0	GENERIC	1.89814
recover[ms]	16	8192	8	0	CLMUL	0.98436
create[ns]	16	8192	8	1024	GENERIC	6.49338
create-total[ms]	16	8192	8	1024	GENERIC	54.47044
create[ns]	16	8192	8	1024	CLMUL	17.15532
create-total[ms]	16	8192	8	1024	CLMUL	143.90925
recover[ms]	16	8192	16	0	GENERIC	2.80172
recover[ms]	16	8192	16	0	CLMUL	1.84156
create[ns]	16	8192	16	1024	GENERIC	6.49067
create-total[ms]	16	8192	16	1024	GENERIC	54.44769
create[ns]	16	8192	16	1024	CLMUL	17.15556
create-total[ms]	16	8192	16	1024	CLMUL	143.91129
recover[ms]	16	8192	32	0	GENERIC	4.70686
recover[ms]	16	8192	32	0	CLMUL	3.64871
create[ns]	16	8192	32	1024	GENERIC	6.49123
create-total[ms]	16	8192	32	1024	GENERIC	54.45235
create[ns]	16	8192	32	1024	CLMUL	17.16140
create-total[ms]	16	8192	32	1024	CLMUL	143.96029
recover[ms]	16	8192	64	0	GENERIC	8.88844
recover[ms]	16	8192	64	0	CLMUL	7.67949
create[ns]	16	8192	64	1024	GENERIC	6.49300
create-total[ms]	16	8192	64	1024	GENERIC	54.46723
create[ns]	16	8192	64	1024	CLMUL	17.16231
create-total[ms]	16	8192	64	1024	CLMUL	143.96787
recover[ms]	16	8192	128	0	GENERIC	18.81519
recover[ms]	16	8192	128	0	CLMUL	16.11235
create[ns]	16	8192	128	1024	GENERIC	6.49220
create-total[ms]	16	8192	128	1024	GENERIC	54.46052
create[ns]	16	8192	128	1024	CLMUL	17.16554
create-total[ms]	16	8192	128	1024	CLMUL	143.99500
recover[ms]	16	8192	256	0	GENERIC	44.80268
recover[ms]	16	8192	256	0	CLMUL	35.46858
create[ns]	16	8192	256	1024	GENERIC	6.49262
create-total[ms]	16	8192	256	1024	GENERIC	54.46402
create[ns]	16	8192	256	1024	CLMUL	17.15504
create-total[ms]	16	8192	256	1024	CLMUL	143.90692
recover[ms]	16	8192	384	0	GENERIC	74.22566
recover[ms]	16	8192	384	0	CLMUL	57.53407
create[ns]	16	8192	384	1024	GENERIC	6.49397
create-total[ms]	16	8192	384	1024	GENERIC	54.47540
create[ns]	16	8192	384	1024	CLMUL	17.16172
create-total[ms]	16	8192	384	1024	CLMUL	143.96292
recover[ms]	16	8192	512	0	GENERIC	106.00703
recover[ms]	16	8192	512	0	CLMUL	82.67252
create[ns]	16	8192	512	1024	GENERIC	6.49467
create-total[ms]	16	8192	512	1024	GENERIC	54.48123
create[ns]	16	8192	512	1024	CLMUL	17.16213
create-total[ms]	16	8192	512	1024	CLMUL	143.96642
recover[ms]	16	8192	768	0	GENERIC	173.31532
recover[ms]	16	8192	768	0	CLMUL	139.61043
create[ns]	16	8192	768	1024	GENERIC	6.49171
create-total[ms]	16	8192	768	1024	GENERIC	54.45644
create[ns]	16	8192	768	1024	CLMUL	17.16099
create-total[ms]	16	8192	768	1024	CLMUL	143.95679
recover[ms]	16	8192	1024	0	GENERIC	248.79046
recover[ms]	16	8192	1024	0	CLMUL	206.21989
create[ns]	16	8192	1024	1024	GENERIC	6.48911
create-total[ms]	16	8192	1024	1024	GENERIC	54.43456
create[ns]	16	8192	1024	1024	CLMUL	17.20792
create-total[ms]	16	8192	1024	1024	CLMUL	144.35054
recover[ms]	16	8192	1536	0	GENERIC	416.76776
recover[ms]	16	8192	1536	0	CLMUL	360.88072
create[ns]	16	8192	1536	1024	GENERIC	6.49648
create-total[ms]	16	8192	1536	1024	GENERIC	54.49639
create[ns]	16	8192	1536	1024	CLMUL	17.20518
create-total[ms]	16	8192	1536	1024	CLMUL	144.32749
recover[ms]	16	8192	2048	0	GENERIC	614.68166
recover[ms]	16	8192	2048	0	CLMUL	548.17312
create[ns]	16	8192	2048	1024	GENERIC	6.48514
create-total[ms]	16	8192	2048	1024	GENERIC	54.40131
create[ns]	16	8192	2048	1024	CLMUL	17.09305
create-total[ms]	16	8192	2048	1024	CLMUL	143.38688
recover[ms]	29	128	8	0	GENERIC	0.10704
recover[ms]	29	128	8	0	CLMUL	0.04317
recover[ms]	29	128	8	0	CLMUL_TRI	0.05221
create[ns]	29	128	8	1024	GENERIC	8.50476
create-total[ms]	29	128	8	1024	GENERIC	1.11474
create[ns]	29	128	8	1024	CLMUL	17.69044
create-total[ms]	29	128	8	1024	CLMUL	2.31872
create[ns]	29	128	8	1024	CLMUL_TRI	20.50979
create-total[ms]	29	128	8	1024	CLMUL_TRI	2.68826
recover[ms]	29	128	16	0	GENERIC	0.26804
recover[ms]	29	128	16	0	CLMUL	0.13358
recover[ms]	29	128	16	0	CLMUL_TRI	0.16421
create[ns]	29	128	16	1024	GENERIC	8.50254
create-total[ms]	29	128	16	1024	GENERIC	1.11444
create[ns]	29	128	16	1024	CLMUL	17.69267
create-total[ms]	29	128	16	1024	CLMUL	2.31901
create[ns]	29	128	16	1024	CLMUL_TRI	20.51202
create-total[ms]	29	128	16	1024	CLMUL_TRI	2.68855
recover[ms]	29	128	32	0	GENERIC	0.79157
recover[ms]	29	128	32	0	CLMUL	0.41620
recover[ms]	29	128	32	0	CLMUL_TRI	0.53666
create[ns]	29	128	32	1024	GENERIC	8.50254
create-total[ms]	29	128	32	1024	GENERIC	1.11444
create[ns]	29	128	32	1024	CLMUL	17.69044
create-total[ms]	29	128	32	1024	CLMUL	2.31872
create[ns]	29	128	32	1024	CLMUL_TRI	20.50980
create-total[ms]	29	128	32	1024	CLMUL_TRI	2.68826
recover[ms]	29	128	64	0	GENERIC	2.43393
recover[ms]	29	128	64	0	CLMUL	1.40932
recover[ms]	29	128	64	0	CLMUL_TRI	1.82056
create[ns]	29	128	64	1024	GENERIC	8.50254
create-total[ms]	29	128	64	1024	GENERIC	1.11444
create[ns]	29	128	64	1024	CLMUL	17.68822
create-total[ms]	29	128	64	1024	CLMUL	2.31843
create[ns]	29	128	64	1024	CLMUL_TRI	20.50979
create-total[ms]	29	128	64	1024	CLMUL_TRI	2.68826
recover[ms]	29	128	128	0	GENERIC	7.84457
recover[ms]	29	128	128	0	CLMUL	4.86844
recover[ms]	29	128	128	0	CLMUL_TRI	6.38830
create[ns]	29	128	128	1024	GENERIC	8.50254
create-total[ms]	29	128	128	1024	GENERIC	1.11444
create[ns]	29	128	128	1024	CLMUL	17.68600
create-total[ms]	29	128	128	1024	CLMUL	2.31814
create[ns]	29	128	128	1024	CLMUL_TRI	20.50980
create-total[ms]	29	128	128	1024	CLMUL_TRI	2.68826
recover[ms]	29	256	8	0	GENERIC	0.13242
recover[ms]	29	256	8	0	CLMUL	0.05396
recover[ms]	29	256	8	0	CLMUL_TRI	0.06621
create[ns]	29	256	8	1024	GENERIC	8.14094
create-total[ms]	29	256	8	1024	GENERIC	2.13410
create[ns]	29	256	8	1024	CLMUL	17.73495
create-total[ms]	29	256	8	1024	CLMUL	4.64911
create[ns]	29	256	8	1024	CLMUL_TRI	20.54985
create-total[ms]	29	256	8	1024	CLMUL_TRI	5.38702
recover[ms]	29	256	16	0	GENERIC	0.33279
recover[ms]	29	256	16	0	CLMUL	0.15575
recover[ms]	29	256	16	0	CLMUL_TRI	0.19921
create[ns]	29	256	16	1024	GENERIC	8.14094
create-total[ms]	29	256	16	1024	GENERIC	2.13410
create[ns]	29	256	16	1024	CLMUL	17.73050
create-total[ms]	29	256	16	1024	CLMUL	4.64794
create[ns]	29	256	16	1024	CLMUL_TRI	20.54873
create-total[ms]	29	256	16	1024	CLMUL_TRI	5.38673
recover[ms]	29	256	32	0	GENERIC	0.92982
recover[ms]	29	256	32	0	CLMUL	0.47483
recover[ms]	29	256	32	0	CLMUL_TRI	0.60724
create[ns]	29	256	32	1024	GENERIC	8.14094
create-total[ms]	29	256	32	1024	GENERIC	2.13410
create[ns]	29	256	32	1024	CLMUL	17.73495
create-total[ms]	29	256	32	1024	CLMUL	4.64911
create[ns]	29	256	32	1024	CLMUL_TRI	20.54985
create-total[ms]	29	256	32	1024	CLMUL_TRI	5.38702
recover[ms]	29	256	64	0	GENERIC	2.76438
recover[ms]	29	256	64	0	CLMUL	1.50586
recover[ms]	29	256	64	0	CLMUL_TRI	1.94160
create[ns]	29	256	64	1024	GENERIC	8.14206
create-total[ms]	29	256	64	1024	GENERIC	2.13439
create[ns]	29	256	64	1024	CLMUL	17.73384
create-total[ms]	29	256	64	1024	CLMUL	4.64882
create[ns]	29	256	64	1024	CLMUL_TRI	20.54985
create-total[ms]	29	256	64	1024	CLMUL_TRI	5.38702
recover[ms]	29	256	128	0	GENERIC	8.59531
recover[ms]	29	256	128	0	CLMUL	5.06940
recover[ms]	29	256	128	0	CLMUL_TRI	6.64525
create[ns]	29	256	128	1024	GENERIC	8.14094
create-total[ms]	29	256	128	1024	GENERIC	2.13410
create[ns]	29	256	128	1024	CLMUL	17.72717
create-total[ms]	29	256	128	1024	CLMUL	4.64707
create[ns]	29	256	128	1024	CLMUL_TRI	20.54985
create-total[ms]	29	256	128	1024	CLMUL_TRI	5.38702
recover[ms]	29	256	256	0	GENERIC	27.55051
recover[ms]	29	256	256	0	CLMUL	17.73021
recover[ms]	29	256	256	0	CLMUL_TRI	23.64543
create[ns]	29	256	256	1024	GENERIC	8.14094
create-total[ms]	29	256	256	1024	GENERIC	2.13410
create[ns]	29	256	256	1024	CLMUL	17.73606
create-total[ms]	29	256	256	1024	CLMUL	4.64940
create[ns]	29	256	256	1024	CLMUL_TRI	20.54873
create-total[ms]	29	256	256	1024	CLMUL_TRI	5.38673
recover[ms]	29	512	8	0	GENERIC	0.21321
recover[ms]	29	512	8	0	CLMUL	0.08837
recover[ms]	29	512	8	0	CLMUL_TRI	0.10150
create[ns]	29	512	8	1024	GENERIC	7.96849
create-total[ms]	29	512	8	1024	GENERIC	4.17778
create[ns]	29	512	8	1024	CLMUL	17.74218
create-total[ms]	29	512	8	1024	CLMUL	9.30201
create[ns]	29	512	8	1024	CLMUL_TRI	20.55708
create-total[ms]	29	512	8	1024	CLMUL_TRI	10.77783
recover[ms]	29	512	16	0	GENERIC	0.44420
recover[ms]	29	512	16	0	CLMUL	0.20971
recover[ms]	29	512	16	0	CLMUL_TRI	0.26221
create[ns]	29	512	16	1024	GENERIC	7.96849
create-total[ms]	29	512	16	1024	GENERIC	4.17778
create[ns]	29	512	16	1024	CLMUL	17.74552
create-total[ms]	29	512	16	1024	CLMUL	9.30376
create[ns]	29	512	16	1024	CLMUL_TRI	20.56598
create-total[ms]	29	512	16	1024	CLMUL_TRI	10.78250
recover[ms]	29	512	32	0	GENERIC	1.12115
recover[ms]	29	512	32	0	CLMUL	0.56204
recover[ms]	29	512	32	0	CLMUL_TRI	0.73207
create[ns]	29	512	32	1024	GENERIC	7.96849
create-total[ms]	29	512	32	1024	GENERIC	4.17778
create[ns]	29	512	32	1024	CLMUL	17.73607
create-total[ms]	29	512	32	1024	CLMUL	9.29881
create[ns]	29	512	32	1024	CLMUL_TRI	20.55819
create-total[ms]	29	512	32	1024	CLMUL_TRI	10.77841
recover[ms]	29	512	64	0	GENERIC	3.27859
recover[ms]	29	512	64	0	CLMUL	1.69981
recover[ms]	29	512	64	0	CLMUL_TRI	2.20935
create[ns]	29	512	64	1024	GENERIC	7.96905
create-total[ms]	29	512	64	1024	GENERIC	4.17807
create[ns]	29	512	64	1024	CLMUL	17.74719
create-total[ms]	29	512	64	1024	CLMUL	9.30464
create[ns]	29	512	64	1024	CLMUL_TRI	20.55875
create-total[ms]	29	512	64	1024	CLMUL_TRI	10.77870
recover[ms]	29	512	128	0	GENERIC	10.11692
recover[ms]	29	512	128	0	CLMUL	5.45527
recover[ms]	29	512	128	0	CLMUL_TRI	7.15392
create[ns]	29	512	128	1024	GENERIC	7.96849
create-total[ms]	29	512	128	1024	GENERIC	4.17778
create[ns]	29	512	128	1024	CLMUL	17.74107
create-total[ms]	29	512	128	1024	CLMUL	9.30143
create[ns]	29	512	128	1024	CLMUL_TRI	20.55764
create-total[ms]	29	512	128	1024	CLMUL_TRI	10.77812
recover[ms]	29	512	256	0	GENERIC	30.95830
recover[ms]	29	512	256	0	CLMUL	18.53520
recover[ms]	29	512	256	0	CLMUL_TRI	24.66596
create[ns]	29	512	256	1024	GENERIC	7.96849
create-total[ms]	29	512	256	1024	GENERIC	4.17778
create[ns]	29	512	256	1024	CLMUL	17.74219
create-total[ms]	29	512	256	1024	CLMUL	9.30202
create[ns]	29	512	256	1024	CLMUL_TRI	20.55819
create-total[ms]	29	512	256	1024	CLMUL_TRI	10.77841
recover[ms]	29	512	384	0	GENERIC	60.53207
recover[ms]	29	512	384	0	CLMUL	38.69729
recover[ms]	29	512	384	0	CLMUL_TRI	51.70518
create[ns]	29	512	384	1024	GENERIC	7.96849
create-total[ms]	29	512	384	1024	GENERIC	4.17778
create[ns]	29	512	384	1024	CLMUL	17.73718
create-total[ms]	29	512	384	1024	CLMUL	9.29939
create[ns]	29	512	384	1024	CLMUL_TRI	20.55819
create-total[ms]	29	512	384	1024	CLMUL_TRI	10.77841
recover[ms]	29	512	512	0	GENERIC	99.00216
recover[ms]	29	512	512	0	CLMUL	66.14630
recover[ms]	29	512	512	0	CLMUL_TRI	88.72336
create[ns]	29	512	512	1024	GENERIC	7.96793
create-total[ms]	29	512	512	1024	GENERIC	4.17749
create[ns]	29	512	512	1024	CLMUL	17.74441
create-total[ms]	29	512	512	1024	CLMUL	9.30318
create[ns]	29	512	512	1024	CLMUL_TRI	20.55875
create-total[ms]	29	512	512	1024	CLMUL_TRI	10.77871
recover[ms]	29	1024	8	0	GENERIC	0.37129
recover[ms]	29	1024	8	0	CLMUL	0.13562
recover[ms]	29	1024	8	0	CLMUL_TRI	0.17471
create[ns]	29	1024	8	1024	GENERIC	7.87837
create-total[ms]	29	1024	8	1024	GENERIC	8.26107
create[ns]	29	1024	8	1024	CLMUL	17.71771
create-total[ms]	29	1024	8	1024	CLMUL	18.57836
create[ns]	29	1024	8	1024	CLMUL_TRI	20.56904
create-total[ms]	29	1024	8	1024	CLMUL_TRI	21.56820
recover[ms]	29	1024	16	0	GENERIC	0.66499
recover[ms]	29	1024	16	0	CLMUL	0.30596
recover[ms]	29	1024	16	0	CLMUL_TRI	0.39783
create[ns]	29	1024	16	1024	GENERIC	7.87837
create-total[ms]	29	1024	16	1024	GENERIC	8.26107
create[ns]	29	1024	16	1024	CLMUL	17.72077
create-total[ms]	29	1024	16	1024	CLMUL	18.58157
create[ns]	29	1024	16	1024	CLMUL_TRI	20.56932
create-total[ms]	29	1024	16	1024	CLMUL_TRI	21.56849
recover[ms]	29	1024	32	0	GENERIC	1.55777
recover[ms]	29	1024	32	0	CLMUL	0.76357
recover[ms]	29	1024	32	0	CLMUL_TRI	0.98261
create[ns]	29	1024	32	1024	GENERIC	7.87809
create-total[ms]	29	1024	32	1024	GENERIC	8.26078
create[ns]	29	1024	32	1024	CLMUL	17.71910
create-total[ms]	29	1024	32	1024	CLMUL	18.57982
create[ns]	29	1024	32	1024	CLMUL_TRI	20.56988
create-total[ms]	29	1024	32	1024	CLMUL_TRI	21.56908
recover[ms]	29	1024	64	0	GENERIC	4.46886
recover[ms]	29	1024	64	0	CLMUL	2.07693
recover[ms]	29	1024	64	0	CLMUL_TRI	2.70693
create[ns]	29	1024	64	1024	GENERIC	7.87865
create-total[ms]	29	1024	64	1024	GENERIC	8.26136
create[ns]	29	1024	64	1024	CLMUL	17.71854
create-total[ms]	29	1024	64	1024	CLMUL	18.57924
create[ns]	29	1024	64	1024	CLMUL_TRI	20.57182
create-total[ms]	29	1024	64	1024	CLMUL_TRI	21.57112
recover[ms]	29	1024	128	0	GENERIC	13.31413
recover[ms]	29	1024	128	0	CLMUL	6.22030
recover[ms]	29	1024	128	0	CLMUL_TRI	8.14470
create[ns]	29	1024	128	1024	GENERIC	7.87809
create-total[ms]	29	1024	128	1024	GENERIC	8.26078
create[ns]	29	1024	128	1024	CLMUL	17.73495
create-total[ms]	29	1024	128	1024	CLMUL	18.59645
create[ns]	29	1024	128	1024	CLMUL_TRI	20.57127
create-total[ms]	29	1024	128	1024	CLMUL_TRI	21.57054
recover[ms]	29	1024	256	0	GENERIC	38.25571
recover[ms]	29	1024	256	0	CLMUL	20.04018
recover[ms]	29	1024	256	0	CLMUL_TRI	26.59648
create[ns]	29	1024	256	1024	GENERIC	7.87809
create-total[ms]	29	1024	256	1024	GENERIC	8.26078
create[ns]	29	1024	256	1024	CLMUL	17.72132
create-total[ms]	29	1024	256	1024	CLMUL	18.58215
create[ns]	29	1024	256	1024	CLMUL_TRI	20.57015
create-total[ms]	29	1024	256	1024	CLMUL_TRI	21.56937
recover[ms]	29	1024	384	0	GENERIC	71.22503
recover[ms]	29	1024	384	0	CLMUL	40.97722
recover[ms]	29	1024	384	0	CLMUL_TRI	54.55444
create[ns]	29	1024	384	1024	GENERIC	7.87809
create-total[ms]	29	1024	384	1024	GENERIC	8.26078
create[ns]	29	1024	384	1024	CLMUL	17.72438
create-total[ms]	29	1024	384	1024	CLMUL	18.58536
create[ns]	29	1024	384	1024	CLMUL_TRI	20.56960
create-total[ms]	29	1024	384	1024	CLMUL_TRI	21.56879
recover[ms]	29	1024	512	0	GENERIC	113.08132
recover[ms]	29	1024	512	0	CLMUL	68.96114
recover[ms]	29	1024	512	0	CLMUL_TRI	92.35720
create[ns]	29	1024	512	1024	GENERIC	7.87726
create-total[ms]	29	1024	512	1024	GENERIC	8.25990
create[ns]	29	1024	512	1024	CLMUL	17.72772
create-total[ms]	29	1024	512	1024	CLMUL	18.58886
create[ns]	29	1024	512	1024	CLMUL_TRI	20.57043
create-total[ms]	29	1024	512	1024	CLMUL_TRI	21.56966
recover[ms]	29	1024	768	0	GENERIC	221.46279
recover[ms]	29	1024	768	0	CLMUL	144.52058
recover[ms]	29	1024	768	0	CLMUL_TRI	194.48773
create[ns]	29	1024	768	1024	GENERIC	7.87809
create-total[ms]	29	1024	768	1024	GENERIC	8.26078
create[ns]	29	1024	768	1024	CLMUL	17.72383
create-total[ms]	29	1024	768	1024	CLMUL	18.58478
create[ns]	29	1024	768	1024	CLMUL_TRI	20.57015
create-total[ms]	29	1024	768	1024	CLMUL_TRI	21.56937
recover[ms]	29	1024	1024	0	GENERIC	363.25690
recover[ms]	29	1024	1024	0	CLMUL	247.04165
recover[ms]	29	1024	1024	0	CLMUL_TRI	332.99305
create[ns]	29	1024	1024	1024	GENERIC	7.87837
create-total[ms]	29	1024	1024	1024	GENERIC	8.26107
create[ns]	29	1024	1024	1024	CLMUL	17.72883
create-total[ms]	29	1024	1024	1024	CLMUL	18.59003
create[ns]	29	1024	1024	1024	CLMUL_TRI	20.56932
create-total[ms]	29	1024	1024	1024	CLMUL_TRI	21.56849
recover[ms]	29	2048	8	0	GENERIC	0.97678
recover[ms]	29	2048	8	0	CLMUL	0.24704
recover[ms]	29	2048	8	0	CLMUL_TRI	0.31441
create[ns]	29	2048	8	1024	GENERIC	7.83233
create-total[ms]	29	2048	8	1024	GENERIC	16.42560
create[ns]	29	2048	8	1024	CLMUL	17.42718
create-total[ms]	29	2048	8	1024	CLMUL	36.54744
create[ns]	29	2048	8	1024	CLMUL_TRI	20.57391
create-total[ms]	29	2048	8	1024	CLMUL_TRI	43.14661
recover[ms]	29	2048	16	0	GENERIC	1.47786
recover[ms]	29	2048	16	0	CLMUL	0.50720
recover[ms]	29	2048	16	0	CLMUL_TRI	0.65537
create[ns]	29	2048	16	1024	GENERIC	7.83289
create-total[ms]	29	2048	16	1024	GENERIC	16.42676
create[ns]	29	2048	16	1024	CLMUL	17.50756
create-total[ms]	29	2048	16	1024	CLMUL	36.71602
create[ns]	29	2048	16	1024	CLMUL_TRI	20.57433
create-total[ms]	29	2048	16	1024	CLMUL_TRI	43.14749
recover[ms]	29	2048	32	0	GENERIC	2.80463
recover[ms]	29	2048	32	0	CLMUL	1.14974
recover[ms]	29	2048	32	0	CLMUL_TRI	1.48923
create[ns]	29	2048	32	1024	GENERIC	7.83261
create-total[ms]	29	2048	32	1024	GENERIC	16.42618
create[ns]	29	2048	32	1024	CLMUL	17.23400
create-total[ms]	29	2048	32	1024	CLMUL	36.14232
create[ns]	29	2048	32	1024	CLMUL_TRI	20.57474
create-total[ms]	29	2048	32	1024	CLMUL_TRI	43.14836
recover[ms]	29	2048	64	0	GENERIC	7.13117
recover[ms]	29	2048	64	0	CLMUL	2.86763
recover[ms]	29	2048	64	0	CLMUL_TRI	3.70558
create[ns]	29	2048	64	1024	GENERIC	7.83192
create-total[ms]	29	2048	64	1024	GENERIC	16.42472
create[ns]	29	2048	64	1024	CLMUL	17.51841
create-total[ms]	29	2048	64	1024	CLMUL	36.73877
create[ns]	29	2048	64	1024	CLMUL_TRI	20.57349
create-total[ms]	29	2048	64	1024	CLMUL_TRI	43.14574
recover[ms]	29	2048	128	0	GENERIC	19.53589
recover[ms]	29	2048	128	0	CLMUL	7.71624
recover[ms]	29	2048	128	0	CLMUL_TRI	10.08892
create[ns]	29	2048	128	1024	GENERIC	7.83220
create-total[ms]	29	2048	128	1024	GENERIC	16.42531
create[ns]	29	2048	128	1024	CLMUL	17.42996
create-total[ms]	29	2048	128	1024	CLMUL	36.55327
create[ns]	29	2048	128	1024	CLMUL_TRI	20.57433
create-total[ms]	29	2048	128	1024	CLMUL_TRI	43.14749
recover[ms]	29	2048	256	0	GENERIC	51.50335
recover[ms]	29	2048	256	0	CLMUL	23.05802
recover[ms]	29	2048	256	0	CLMUL_TRI	30.51701
create[ns]	29	2048	256	1024	GENERIC	7.83220
create-total[ms]	29	2048	256	1024	GENERIC	16.42531
create[ns]	29	2048	256	1024	CLMUL	17.44498
create-total[ms]	29	2048	256	1024	CLMUL	36.58477
create[ns]	29	2048	256	1024	CLMUL_TRI	20.57460
create-total[ms]	29	2048	256	1024	CLMUL_TRI	43.14807
recover[ms]	29	2048	384	0	GENERIC	91.16867
recover[ms]	29	2048	384	0	CLMUL	45.44638
recover[ms]	29	2048	384	0	CLMUL_TRI	60.40257
create[ns]	29	2048	384	1024	GENERIC	7.83206
create-total[ms]	29	2048	384	1024	GENERIC	16.42501
create[ns]	29	2048	384	1024	CLMUL	17.50603
create-total[ms]	29	2048	384	1024	CLMUL	36.71281
create[ns]	29	2048	384	1024	CLMUL_TRI	20.57391
create-total[ms]	29	2048	384	1024	CLMUL_TRI	43.14661
recover[ms]	29	2048	512	0	GENERIC	139.76151
recover[ms]	29	2048	512	0	CLMUL	74.92390
recover[ms]	29	2048	512	0	CLMUL_TRI	100.19944
create[ns]	29	2048	512	1024	GENERIC	7.83220
create-total[ms]	29	2048	512	1024	GENERIC	16.42531
create[ns]	29	2048	512	1024	CLMUL	17.54011
create-total[ms]	29	2048	512	1024	CLMUL	36.78427
create[ns]	29	2048	512	1024	CLMUL_TRI	20.57530
create-total[ms]	29	2048	512	1024	CLMUL_TRI	43.14953
recover[ms]	29	2048	768	0	GENERIC	261.26927
recover[ms]	29	2048	768	0	CLMUL	153.43293
recover[ms]	29	2048	768	0	CLMUL_TRI	205.85735
create[ns]	29	2048	768	1024	GENERIC	7.83289
create-total[ms]	29	2048	768	1024	GENERIC	16.42676
create[ns]	29	2048	768	1024	CLMUL	17.43761
create-total[ms]	29	2048	768	1024	CLMUL	36.56932
create[ns]	29	2048	768	1024	CLMUL_TRI	20.57446
create-total[ms]	29	2048	768	1024	CLMUL_TRI	43.14778
recover[ms]	29	2048	1024	0	GENERIC	420.25839
recover[ms]	29	2048	1024	0	CLMUL	258.88230
recover[ms]	29	2048	1024	0	CLMUL_TRI	348.56991
create[ns]	29	2048	1024	1024	GENERIC	7.83233
create-total[ms]	29	2048	1024	1024	GENERIC	16.42560
create[ns]	29	2048	1024	1024	CLMUL	17.45166
create-total[ms]	29	2048	1024	1024	CLMUL	36.59877
create[ns]	29	2048	1024	1024	CLMUL_TRI	20.57683
create-total[ms]	29	2048	1024	1024	CLMUL_TRI	43.15274
recover[ms]	29	2048	1536	0	GENERIC	823.58368
recover[ms]	29	2048	1536	0	CLMUL	543.95567
recover[ms]	29	2048	1536	0	CLMUL_TRI	734.20991
create[ns]	29	2048	1536	1024	GENERIC	7.83247
create-total[ms]	29	2048	1536	1024	GENERIC	16.42589
create[ns]	29	2048	1536	1024	CLMUL	17.46403
create-total[ms]	29	2048	1536	1024	CLMUL	36.62473
create[ns]	29	2048	1536	1024	CLMUL_TRI	20.57446
create-total[ms]	29	2048	1536	1024	CLMUL_TRI	43.14778
recover[ms]	29	2048	2048	0	GENERIC	1369.73295
recover[ms]	29	2048	2048	0	CLMUL	936.54426
recover[ms]	29	2048	2048	0	CLMUL_TRI	1267.25417
create[ns]	29	2048	2048	1024	GENERIC	7.83220
create-total[ms]	29	2048	2048	1024	GENERIC	16.42531
create[ns]	29	2048	2048	1024	CLMUL	17.50423
create-total[ms]	29	2048	2048	1024	CLMUL	36.70902
create[ns]	29	2048	2048	1024	CLMUL_TRI	20.57711
create-total[ms]	29	2048	2048	1024	CLMUL_TRI	43.15332
recover[ms]	29	3072	8	0	GENERIC	1.28332
recover[ms]	29	3072	8	0	CLMUL	0.35612
recover[ms]	29	3072	8	0	CLMUL_TRI	0.44683
create[ns]	29	3072	8	1024	GENERIC	7.81764
create-total[ms]	29	3072	8	1024	GENERIC	24.59217
create[ns]	29	3072	8	1024	CLMUL	17.42518
create-total[ms]	29	3072	8	1024	CLMUL	54.81489
create[ns]	29	3072	8	1024	CLMUL_TRI	20.57720
create-total[ms]	29	3072	8	1024	CLMUL_TRI	64.73027
recover[ms]	29	3072	16	0	GENERIC	1.87189
recover[ms]	29	3072	16	0	CLMUL	0.71078
recover[ms]	29	3072	16	0	CLMUL_TRI	0.90445
create[ns]	29	3072	16	1024	GENERIC	7.81699
create-total[ms]	29	3072	16	1024	GENERIC	24.59012
create[ns]	29	3072	16	1024	CLMUL	17.44280
create-total[ms]	29	3072	16	1024	CLMUL	54.87031
create[ns]	29	3072	16	1024	CLMUL_TRI	20.57655
create-total[ms]	29	3072	16	1024	CLMUL_TRI	64.72823
recover[ms]	29	3072	32	0	GENERIC	3.69771
recover[ms]	29	3072	32	0	CLMUL	1.52657
recover[ms]	29	3072	32	0	CLMUL_TRI	1.99877
create[ns]	29	3072	32	1024	GENERIC	7.81745
create-total[ms]	29	3072	32	1024	GENERIC	24.59158
create[ns]	29	3072	32	1024	CLMUL	17.57539
create-total[ms]	29	3072	32	1024	CLMUL	55.28739
create[ns]	29	3072	32	1024	CLMUL_TRI	20.58026
create-total[ms]	29	3072	32	1024	CLMUL_TRI	64.73990
recover[ms]	29	3072	64	0	GENERIC	9.84888
recover[ms]	29	3072	64	0	CLMUL	3.65337
recover[ms]	29	3072	64	0	CLMUL_TRI	4.73953
create[ns]	29	3072	64	1024	GENERIC	7.81718
create-total[ms]	29	3072	64	1024	GENERIC	24.59071
create[ns]	29	3072	64	1024	CLMUL	17.24086
create-total[ms]	29	3072	64	1024	CLMUL	54.23506
create[ns]	29	3072	64	1024	CLMUL_TRI	20.57739
create-total[ms]	29	3072	64	1024	CLMUL_TRI	64.73086
recover[ms]	29	3072	128	0	GENERIC	26.83126
recover[ms]	29	3072	128	0	CLMUL	9.24864
recover[ms]	29	3072	128	0	CLMUL_TRI	12.07252
create[ns]	29	3072	128	1024	GENERIC	7.81690
create-total[ms]	29	3072	128	1024	GENERIC	24.58983
create[ns]	29	3072	128	1024	CLMUL	17.43279
create-total[ms]	29	3072	128	1024	CLMUL	54.83881
create[ns]	29	3072	128	1024	CLMUL_TRI	20.57822
create-total[ms]	29	3072	128	1024	CLMUL_TRI	64.73348
recover[ms]	29	3072	256	0	GENERIC	67.00233
recover[ms]	29	3072	256	0	CLMUL	26.07148
recover[ms]	29	3072	256	0	CLMUL_TRI	34.38418
create[ns]	29	3072	256	1024	GENERIC	7.81801
create-total[ms]	29	3072	256	1024	GENERIC	24.59333
create[ns]	29	3072	256	1024	CLMUL	17.43622
create-total[ms]	29	3072	256	1024	CLMUL	54.84960
create[ns]	29	3072	256	1024	CLMUL_TRI	20.57572
create-total[ms]	29	3072	256	1024	CLMUL_TRI	64.72561
recover[ms]	29	3072	384	0	GENERIC	114.43173
recover[ms]	29	3072	384	0	CLMUL	49.87382
recover[ms]	29	3072	384	0	CLMUL_TRI	66.32713
create[ns]	29	3072	384	1024	GENERIC	7.81792
create-total[ms]	29	3072	384	1024	GENERIC	24.59304
create[ns]	29	3072	384	1024	CLMUL	17.42565
create-total[ms]	29	3072	384	1024	CLMUL	54.81635
create[ns]	29	3072	384	1024	CLMUL_TRI	20.57581
create-total[ms]	29	3072	384	1024	CLMUL_TRI	64.72590
recover[ms]	29	3072	512	0	GENERIC	170.59410
recover[ms]	29	3072	512	0	CLMUL	80.97066
recover[ms]	29	3072	512	0	CLMUL_TRI	107.88709
create[ns]	29	3072	512	1024	GENERIC	7.81708
create-total[ms]	29	3072	512	1024	GENERIC	24.59042
create[ns]	29	3072	512	1024	CLMUL	17.43316
create-total[ms]	29	3072	512	1024	CLMUL	54.83997
create[ns]	29	3072	512	1024	CLMUL_TRI	20.57711
create-total[ms]	29	3072	512	1024	CLMUL_TRI	64.72998
recover[ms]	29	3072	768	0	GENERIC	306.90232
recover[ms]	29	3072	768	0	CLMUL	162.54740
recover[ms]	29	3072	768	0	CLMUL_TRI	217.51863
create[ns]	29	3072	768	1024	GENERIC	7.81690
create-total[ms]	29	3072	768	1024	GENERIC	24.58983
create[ns]	29	3072	768	1024	CLMUL	17.54581
create-total[ms]	29	3072	768	1024	CLMUL	55.19434
create[ns]	29	3072	768	1024	CLMUL_TRI	20.57711
create-total[ms]	29	3072	768	1024	CLMUL_TRI	64.72998
recover[ms]	29	3072	1024	0	GENERIC	477.01225
recover[ms]	29	3072	1024	0	CLMUL	271.30249
recover[ms]	29	3072	1024	0	CLMUL_TRI	364.18964
create[ns]	29	3072	1024	1024	GENERIC	7.81727
create-total[ms]	29	3072	1024	1024	GENERIC	24.59100
create[ns]	29	3072	1024	1024	CLMUL	17.48805
create-total[ms]	29	3072	1024	1024	CLMUL	55.01264
create[ns]	29	3072	1024	1024	CLMUL_TRI	20.57618
create-total[ms]	29	3072	1024	1024	CLMUL_TRI	64.72706
recover[ms]	29	3072	1536	0	GENERIC	915.03847
recover[ms]	29	3072	1536	0	CLMUL	561.94983
recover[ms]	29	3072	1536	0	CLMUL_TRI	757.88801
create[ns]	29	3072	1536	1024	GENERIC	7.81745
create-total[ms]	29	3072	1536	1024	GENERIC	24.59158
create[ns]	29	3072	1536	1024	CLMUL	17.19098
create-total[ms]	29	3072	1536	1024	CLMUL	54.07815
create[ns]	29	3072	1536	1024	CLMUL_TRI	20.57609
create-total[ms]	29	3072	1536	1024	CLMUL_TRI	64.72677
recover[ms]	29	3072	2048	0	GENERIC	1492.63079
recover[ms]	29	3072	2048	0	CLMUL	956.66435
recover[ms]	29	3072	2048	0	CLMUL_TRI	1300.30253
create[ns]	29	3072	2048	1024	GENERIC	7.81801
create-total[ms]	29	3072	2048	1024	GENERIC	24.59333
create[ns]	29	3072	2048	1024	CLMUL	17.54460
create-total[ms]	29	3072	2048	1024	CLMUL	55.19055
create[ns]	29	3072	2048	1024	CLMUL_TRI	20.57581
create-total[ms]	29	3072	2048	1024	CLMUL_TRI	64.72590
recover[ms]	29	4096	8	0	GENERIC	2.36160
recover[ms]	29	4096	8	0	CLMUL	0.46404
recover[ms]	29	4096	8	0	CLMUL_TRI	0.58566
create[ns]	29	4096	8	1024	GENERIC	7.81530
create-total[ms]	29	4096	8	1024	GENERIC	32.77974
create[ns]	29	4096	8	1024	CLMUL	17.49797
create-total[ms]	29	4096	8	1024	CLMUL	73.39180
create[ns]	29	4096	8	1024	CLMUL_TRI	20.57662
create-total[ms]	29	4096	8	1024	CLMUL_TRI	86.30460
recover[ms]	29	4096	16	0	GENERIC	2.52989
recover[ms]	29	4096	16	0	CLMUL	0.90678
recover[ms]	29	4096	16	0	CLMUL_TRI	1.16840
create[ns]	29	4096	16	1024	GENERIC	7.81377
create-total[ms]	29	4096	16	1024	GENERIC	32.77332
create[ns]	29	4096	16	1024	CLMUL	17.36494
create-total[ms]	29	4096	16	1024	CLMUL	72.83384
create[ns]	29	4096	16	1024	CLMUL_TRI	20.57773
create-total[ms]	29	4096	16	1024	CLMUL_TRI	86.30927
recover[ms]	29	4096	32	0	GENERIC	4.69053
recover[ms]	29	4096	32	0	CLMUL	1.92352
recover[ms]	29	4096	32	0	CLMUL_TRI	2.48993
create[ns]	29	4096	32	1024	GENERIC	7.81349
create-total[ms]	29	4096	32	1024	GENERIC	32.77215
create[ns]	29	4096	32	1024	CLMUL	17.38921
create-total[ms]	29	4096	32	1024	CLMUL	72.93563
create[ns]	29	4096	32	1024	CLMUL_TRI	20.57815
create-total[ms]	29	4096	32	1024	CLMUL_TRI	86.31102
recover[ms]	29	4096	64	0	GENERIC	11.67878
recover[ms]	29	4096	64	0	CLMUL	4.43299
recover[ms]	29	4096	64	0	CLMUL_TRI	5.73993
create[ns]	29	4096	64	1024	GENERIC	7.80960
create-total[ms]	29	4096	64	1024	GENERIC	32.75582
create[ns]	29	4096	64	1024	CLMUL	17.40778
create-total[ms]	29	4096	64	1024	CLMUL	73.01351
create[ns]	29	4096	64	1024	CLMUL_TRI	20.57864
create-total[ms]	29	4096	64	1024	CLMUL_TRI	86.31306
recover[ms]	29	4096	128	0	GENERIC	31.75716
recover[ms]	29	4096	128	0	CLMUL	10.77229
recover[ms]	29	4096	128	0	CLMUL_TRI	14.06196
create[ns]	29	4096	128	1024	GENERIC	7.81203
create-total[ms]	29	4096	128	1024	GENERIC	32.76603
create[ns]	29	4096	128	1024	CLMUL	17.36376
create-total[ms]	29	4096	128	1024	CLMUL	72.82888
create[ns]	29	4096	128	1024	CLMUL_TRI	20.57815
create-total[ms]	29	4096	128	1024	CLMUL_TRI	86.31102
recover[ms]	29	4096	256	0	GENERIC	78.75548
recover[ms]	29	4096	256	0	CLMUL	29.09895
recover[ms]	29	4096	256	0	CLMUL_TRI	38.30792
create[ns]	29	4096	256	1024	GENERIC	7.81113
create-total[ms]	29	4096	256	1024	GENERIC	32.76224
create[ns]	29	4096	256	1024	CLMUL	17.36334
create-total[ms]	29	4096	256	1024	CLMUL	72.82714
create[ns]	29	4096	256	1024	CLMUL_TRI	20.57898
create-total[ms]	29	4096	256	1024	CLMUL_TRI	86.31452
recover[ms]	29	4096	384	0	GENERIC	132.96313
recover[ms]	29	4096	384	0	CLMUL	54.51798
recover[ms]	29	4096	384	0	CLMUL_TRI	72.19131
create[ns]	29	4096	384	1024	GENERIC	7.81022
create-total[ms]	29	4096	384	1024	GENERIC	32.75844
create[ns]	29	4096	384	1024	CLMUL	17.36265
create-total[ms]	29	4096	384	1024	CLMUL	72.82422
create[ns]	29	4096	384	1024	CLMUL_TRI	20.57843
create-total[ms]	29	4096	384	1024	CLMUL_TRI	86.31218
recover[ms]	29	4096	512	0	GENERIC	195.52489
recover[ms]	29	4096	512	0	CLMUL	86.99001
recover[ms]	29	4096	512	0	CLMUL_TRI	115.75179
create[ns]	29	4096	512	1024	GENERIC	7.81071
create-total[ms]	29	4096	512	1024	GENERIC	32.76049
create[ns]	29	4096	512	1024	CLMUL	17.37106
create-total[ms]	29	4096	512	1024	CLMUL	72.85951
create[ns]	29	4096	512	1024	CLMUL_TRI	20.57739
create-total[ms]	29	4096	512	1024	CLMUL_TRI	86.30781
recover[ms]	29	4096	768	0	GENERIC	342.66052
recover[ms]	29	4096	768	0	CLMUL	171.53851
recover[ms]	29	4096	768	0	CLMUL_TRI	229.40303
create[ns]	29	4096	768	1024	GENERIC	7.81453
create-total[ms]	29	4096	768	1024	GENERIC	32.77653
create[ns]	29	4096	768	1024	CLMUL	17.30444
create-total[ms]	29	4096	768	1024	CLMUL	72.58010
create[ns]	29	4096	768	1024	CLMUL_TRI	20.57829
create-total[ms]	29	4096	768	1024	CLMUL_TRI	86.31160
recover[ms]	29	4096	1024	0	GENERIC	524.69452
recover[ms]	29	4096	1024	0	CLMUL	283.04310
recover[ms]	29	4096	1024	0	CLMUL_TRI	379.78633
create[ns]	29	4096	1024	1024	GENERIC	7.81036
create-total[ms]	29	4096	1024	1024	GENERIC	32.75903
create[ns]	29	4096	1024	1024	CLMUL	17.26029
create-total[ms]	29	4096	1024	1024	CLMUL	72.39489
create[ns]	29	4096	1024	1024	CLMUL_TRI	20.57662
create-total[ms]	29	4096	1024	1024	CLMUL_TRI	86.30460
recover[ms]	29	4096	1536	0	GENERIC	982.38701
recover[ms]	29	4096	1536	0	CLMUL	580.11987
recover[ms]	29	4096	1536	0	CLMUL_TRI	790.10017
create[ns]	29	4096	1536	1024	GENERIC	7.81307
create-total[ms]	29	4096	1536	1024	GENERIC	32.77040
create[ns]	29	4096	1536	1024	CLMUL	17.10918
create-total[ms]	29	4096	1536	1024	CLMUL	71.76111
create[ns]	29	4096	1536	1024	CLMUL_TRI	20.57926
create-total[ms]	29	4096	1536	1024	CLMUL_TRI	86.31568
recover[ms]	29	4096	2048	0	GENERIC	1661.63007
recover[ms]	29	4096	2048	0	CLMUL	987.78015
recover[ms]	29	4096	2048	0	CLMUL_TRI	1321.80831
create[ns]	29	4096	2048	1024	GENERIC	7.81356
create-total[ms]	29	4096	2048	1024	GENERIC	32.77244
create[ns]	29	4096	2048	1024	CLMUL	17.30855
create-total[ms]	29	4096	2048	1024	CLMUL	72.59731
create[ns]	29	4096	2048	1024	CLMUL_TRI	20.57898
create-total[ms]	29	4096	2048	1024	CLMUL_TRI	86.31452
recover[ms]	29	5120	8	0	GENERIC	2.16035
recover[ms]	29	5120	8	0	CLMUL	0.57224
recover[ms]	29	5120	8	0	CLMUL_TRI	0.72157
create[ns]	29	5120	8	1024	GENERIC	7.81033
create-total[ms]	29	5120	8	1024	GENERIC	40.94864
create[ns]	29	5120	8	1024	CLMUL	17.39483
create-total[ms]	29	5120	8	1024	CLMUL	91.19900
create[ns]	29	5120	8	1024	CLMUL_TRI	20.57805
create-total[ms]	29	5120	8	1024	CLMUL_TRI	107.88826
recover[ms]	29	5120	16	0	GENERIC	3.00880
recover[ms]	29	5120	16	0	CLMUL	1.12086
recover[ms]	29	5120	16	0	CLMUL_TRI	1.42711
create[ns]	29	5120	16	1024	GENERIC	7.80989
create-total[ms]	29	5120	16	1024	GENERIC	40.94631
create[ns]	29	5120	16	1024	CLMUL	17.39789
create-total[ms]	29	5120	16	1024	CLMUL	91.21504
create[ns]	29	5120	16	1024	CLMUL_TRI	20.58167
create-total[ms]	29	5120	16	1024	CLMUL_TRI	107.90722
recover[ms]	29	5120	32	0	GENERIC	5.71193
recover[ms]	29	5120	32	0	CLMUL	2.29889
recover[ms]	29	5120	32	0	CLMUL_TRI	2.99946
create[ns]	29	5120	32	1024	GENERIC	7.80933
create-total[ms]	29	5120	32	1024	GENERIC	40.94339
create[ns]	29	5120	32	1024	CLMUL	17.42392
create-total[ms]	29	5120	32	1024	CLMUL	91.35154
create[ns]	29	5120	32	1024	CLMUL_TRI	20.57705
create-total[ms]	29	5120	32	1024	CLMUL_TRI	107.88301
recover[ms]	29	5120	64	0	GENERIC	14.50704
recover[ms]	29	5120	64	0	CLMUL	5.21610
recover[ms]	29	5120	64	0	CLMUL_TRI	6.73246
create[ns]	29	5120	64	1024	GENERIC	7.81056
create-total[ms]	29	5120	64	1024	GENERIC	40.94981
create[ns]	29	5120	64	1024	CLMUL	17.39349
create-total[ms]	29	5120	64	1024	CLMUL	91.19200
create[ns]	29	5120	64	1024	CLMUL_TRI	20.57850
create-total[ms]	29	5120	64	1024	CLMUL_TRI	107.89060
recover[ms]	29	5120	128	0	GENERIC	39.66503
recover[ms]	29	5120	128	0	CLMUL	12.28981
recover[ms]	29	5120	128	0	CLMUL_TRI	16.05577
create[ns]	29	5120	128	1024	GENERIC	7.81067
create-total[ms]	29	5120	128	1024	GENERIC	40.95039
create[ns]	29	5120	128	1024	CLMUL	17.38915
create-total[ms]	29	5120	128	1024	CLMUL	91.16925
create[ns]	29	5120	128	1024	CLMUL_TRI	20.57700
create-total[ms]	29	5120	128	1024	CLMUL_TRI	107.88272
recover[ms]	29	5120	256	0	GENERIC	96.01028
recover[ms]	29	5120	256	0	CLMUL	32.08354
recover[ms]	29	5120	256	0	CLMUL_TRI	42.20396
create[ns]	29	5120	256	1024	GENERIC	7.80844
create-total[ms]	29	5120	256	1024	GENERIC	40.93872
create[ns]	29	5120	256	1024	CLMUL	17.40251
create-total[ms]	29	5120	256	1024	CLMUL	91.23925
create[ns]	29	5120	256	1024	CLMUL_TRI	20.57872
create-total[ms]	29	5120	256	1024	CLMUL_TRI	107.89176
recover[ms]	29	5120	384	0	GENERIC	157.31176
recover[ms]	29	5120	384	0	CLMUL	58.85968
recover[ms]	29	5120	384	0	CLMUL_TRI	78.05286
create[ns]	29	5120	384	1024	GENERIC	7.80911
create-total[ms]	29	5120	384	1024	GENERIC	40.94222
create[ns]	29	5120	384	1024	CLMUL	17.46843
create-total[ms]	29	5120	384	1024	CLMUL	91.58487
create[ns]	29	5120	384	1024	CLMUL_TRI	20.57989
create-total[ms]	29	5120	384	1024	CLMUL_TRI	107.89789
recover[ms]	29	5120	512	0	GENERIC	227.49876
recover[ms]	29	5120	512	0	CLMUL	92.96561
recover[ms]	29	5120	512	0	CLMUL_TRI	123.43945
create[ns]	29	5120	512	1024	GENERIC	7.80894
create-total[ms]	29	5120	512	1024	GENERIC	40.94135
create[ns]	29	5120	512	1024	CLMUL	17.39244
create-total[ms]	29	5120	512	1024	CLMUL	91.18646
create[ns]	29	5120	512	1024	CLMUL_TRI	20.57844
create-total[ms]	29	5120	512	1024	CLMUL_TRI	107.89030
recover[ms]	29	5120	768	0	GENERIC	391.74393
recover[ms]	29	5120	768	0	CLMUL	180.36336
recover[ms]	29	5120	768	0	CLMUL_TRI	240.86627
create[ns]	29	5120	768	1024	GENERIC	7.80955
create-total[ms]	29	5120	768	1024	GENERIC	40.94456
create[ns]	29	5120	768	1024	CLMUL	17.39272
create-total[ms]	29	5120	768	1024	CLMUL	91.18792
create[ns]	29	5120	768	1024	CLMUL_TRI	20.57816
create-total[ms]	29	5120	768	1024	CLMUL_TRI	107.88885
recover[ms]	29	5120	1024	0	GENERIC	589.60271
recover[ms]	29	5120	1024	0	CLMUL	294.91933
recover[ms]	29	5120	1024	0	CLMUL_TRI	395.18235
create[ns]	29	5120	1024	1024	GENERIC	7.81117
create-total[ms]	29	5120	1024	1024	GENERIC	40.95301
create[ns]	29	5120	1024	1024	CLMUL	17.43722
create-total[ms]	29	5120	1024	1024	CLMUL	91.42125
create[ns]	29	5120	1024	1024	CLMUL_TRI	20.58206
create-total[ms]	29	5120	1024	1024	CLMUL_TRI	107.90926
recover[ms]	29	5120	1536	0	GENERIC	1088.61541
recover[ms]	29	5120	1536	0	CLMUL	604.48453
recover[ms]	29	5120	1536	0	CLMUL_TRI	810.50696
create[ns]	29	5120	1536	1024	GENERIC	7.80989
create-total[ms]	29	5120	1536	1024	GENERIC	40.94631
create[ns]	29	5120	1536	1024	CLMUL	17.08886
create-total[ms]	29	5120	1536	1024	CLMUL	89.59485
create[ns]	29	5120	1536	1024	CLMUL_TRI	20.57839
create-total[ms]	29	5120	1536	1024	CLMUL_TRI	107.89001
recover[ms]	29	5120	2048	0	GENERIC	1818.96400
recover[ms]	29	5120	2048	0	CLMUL	1005.33419
recover[ms]	29	5120	2048	0	CLMUL_TRI	1352.79315
create[ns]	29	5120	2048	1024	GENERIC	7.80861
create-total[ms]	29	5120	2048	1024	GENERIC	40.93960
create[ns]	29	5120	2048	1024	CLMUL	17.08619
create-total[ms]	29	5120	2048	1024	CLMUL	89.58085
create[ns]	29	5120	2048	1024	CLMUL_TRI	20.57917
create-total[ms]	29	5120	2048	1024	CLMUL_TRI	107.89409
recover[ms]	29	6144	8	0	GENERIC	2.47535
recover[ms]	29	6144	8	0	CLMUL	0.67928
recover[ms]	29	6144	8	0	CLMUL_TRI	0.85662
create[ns]	29	6144	8	1024	GENERIC	7.80698
create-total[ms]	29	6144	8	1024	GENERIC	49.11725
create[ns]	29	6144	8	1024	CLMUL	17.41341
create-total[ms]	29	6144	8	1024	CLMUL	109.55570
create[ns]	29	6144	8	1024	CLMUL_TRI	20.57989
create-total[ms]	29	6144	8	1024	CLMUL_TRI	129.47746
recover[ms]	29	6144	16	0	GENERIC	3.98149
recover[ms]	29	6144	16	0	CLMUL	1.31540
recover[ms]	29	6144	16	0	CLMUL_TRI	1.68260
create[ns]	29	6144	16	1024	GENERIC	7.80865
create-total[ms]	29	6144	16	1024	GENERIC	49.12775
create[ns]	29	6144	16	1024	CLMUL	17.24879
create-total[ms]	29	6144	16	1024	CLMUL	108.52000
create[ns]	29	6144	16	1024	CLMUL_TRI	20.58040
create-total[ms]	29	6144	16	1024	CLMUL_TRI	129.48067
recover[ms]	29	6144	32	0	GENERIC	6.78409
recover[ms]	29	6144	32	0	CLMUL	2.68680
recover[ms]	29	6144	32	0	CLMUL_TRI	3.51483
create[ns]	29	6144	32	1024	GENERIC	7.81064
create-total[ms]	29	6144	32	1024	GENERIC	49.14029
create[ns]	29	6144	32	1024	CLMUL	17.43098
create-total[ms]	29	6144	32	1024	CLMUL	109.66624
create[ns]	29	6144	32	1024	CLMUL_TRI	20.57910
create-total[ms]	29	6144	32	1024	CLMUL_TRI	129.47250
recover[ms]	29	6144	64	0	GENERIC	17.08417
recover[ms]	29	6144	64	0	CLMUL	5.96889
recover[ms]	29	6144	64	0	CLMUL_TRI	7.77282
create[ns]	29	6144	64	1024	GENERIC	7.80855
create-total[ms]	29	6144	64	1024	GENERIC	49.12717
create[ns]	29	6144	64	1024	CLMUL	17.28833
create-total[ms]	29	6144	64	1024	CLMUL	108.76879
create[ns]	29	6144	64	1024	CLMUL_TRI	20.57952
create-total[ms]	29	6144	64	1024	CLMUL_TRI	129.47513
recover[ms]	29	6144	128	0	GENERIC	46.43891
recover[ms]	29	6144	128	0	CLMUL	13.81988
recover[ms]	29	6144	128	0	CLMUL_TRI	18.02216
create[ns]	29	6144	128	1024	GENERIC	7.80976
create-total[ms]	29	6144	128	1024	GENERIC	49.13475
create[ns]	29	6144	128	1024	CLMUL	17.29019
create-total[ms]	29	6144	128	1024	CLMUL	108.78046
create[ns]	29	6144	128	1024	CLMUL_TRI	20.58276
create-total[ms]	29	6144	128	1024	CLMUL_TRI	129.49555
recover[ms]	29	6144	256	0	GENERIC	110.30119
recover[ms]	29	6144	256	0	CLMUL	35.10604
recover[ms]	29	6144	256	0	CLMUL_TRI	46.10379
create[ns]	29	6144	256	1024	GENERIC	7.80670
create-total[ms]	29	6144	256	1024	GENERIC	49.11550
create[ns]	29	6144	256	1024	CLMUL	17.33928
create-total[ms]	29	6144	256	1024	CLMUL	109.08933
create[ns]	29	6144	256	1024	CLMUL_TRI	20.58160
create-total[ms]	29	6144	256	1024	CLMUL_TRI	129.48826
recover[ms]	29	6144	384	0	GENERIC	178.66442
recover[ms]	29	6144	384	0	CLMUL	63.43675
recover[ms]	29	6144	384	0	CLMUL_TRI	83.79484
create[ns]	29	6144	384	1024	GENERIC	7.80688
create-total[ms]	29	6144	384	1024	GENERIC	49.11667
create[ns]	29	6144	384	1024	CLMUL	17.26812
create-total[ms]	29	6144	384	1024	CLMUL	108.64163
create[ns]	29	6144	384	1024	CLMUL_TRI	20.58035
create-total[ms]	29	6144	384	1024	CLMUL_TRI	129.48038
recover[ms]	29	6144	512	0	GENERIC	255.80875
recover[ms]	29	6144	512	0	CLMUL	98.93537
recover[ms]	29	6144	512	0	CLMUL_TRI	131.28928
create[ns]	29	6144	512	1024	GENERIC	7.80790
create-total[ms]	29	6144	512	1024	GENERIC	49.12308
create[ns]	29	6144	512	1024	CLMUL	17.43395
create-total[ms]	29	6144	512	1024	CLMUL	109.68491
create[ns]	29	6144	512	1024	CLMUL_TRI	20.57831
create-total[ms]	29	6144	512	1024	CLMUL_TRI	129.46755
recover[ms]	29	6144	768	0	GENERIC	434.32939
recover[ms]	29	6144	768	0	CLMUL	189.35592
recover[ms]	29	6144	768	0	CLMUL_TRI	252.46250
create[ns]	29	6144	768	1024	GENERIC	7.80772
create-total[ms]	29	6144	768	1024	GENERIC	49.12192
create[ns]	29	6144	768	1024	CLMUL	17.26566
create-total[ms]	29	6144	768	1024	CLMUL	108.62617
create[ns]	29	6144	768	1024	CLMUL_TRI	20.57961
create-total[ms]	29	6144	768	1024	CLMUL_TRI	129.47571
recover[ms]	29	6144	1024	0	GENERIC	647.14028
recover[ms]	29	6144	1024	0	CLMUL	307.72627
recover[ms]	29	6144	1024	0	CLMUL_TRI	411.32299
create[ns]	29	6144	1024	1024	GENERIC	7.80702
create-total[ms]	29	6144	1024	1024	GENERIC	49.11754
create[ns]	29	6144	1024	1024	CLMUL	17.15756
create-total[ms]	29	6144	1024	1024	CLMUL	107.94601
create[ns]	29	6144	1024	1024	CLMUL_TRI	20.57776
create-total[ms]	29	6144	1024	1024	CLMUL_TRI	129.46405
recover[ms]	29	6144	1536	0	GENERIC	1195.03953
recover[ms]	29	6144	1536	0	CLMUL	616.33452
recover[ms]	29	6144	1536	0	CLMUL_TRI	829.03400
create[ns]	29	6144	1536	1024	GENERIC	7.80916
create-total[ms]	29	6144	1536	1024	GENERIC	49.13096
create[ns]	29	6144	1536	1024	CLMUL	17.19789
create-total[ms]	29	6144	1536	1024	CLMUL	108.19976
create[ns]	29	6144	1536	1024	CLMUL_TRI	20.58003
create-total[ms]	29	6144	1536	1024	CLMUL_TRI	129.47834
recover[ms]	29	6144	2048	0	GENERIC	1958.09784
recover[ms]	29	6144	2048	0	CLMUL	1027.95880
recover[ms]	29	6144	2048	0	CLMUL_TRI	1382.98496
create[ns]	29	6144	2048	1024	GENERIC	7.80749
create-total[ms]	29	6144	2048	1024	GENERIC	49.12046
create[ns]	29	6144	2048	1024	CLMUL	17.17485
create-total[ms]	29	6144	2048	1024	CLMUL	108.05480
create[ns]	29	6144	2048	1024	CLMUL_TRI	20.57734
create-total[ms]	29	6144	2048	1024	CLMUL_TRI	129.46142
recover[ms]	29	7168	8	0	GENERIC	2.89767
recover[ms]	29	7168	8	0	CLMUL	0.78807
recover[ms]	29	7168	8	0	CLMUL_TRI	0.99574
create[ns]	29	7168	8	1024	GENERIC	7.80863
create-total[ms]	29	7168	8	1024	GENERIC	57.31561
create[ns]	29	7168	8	1024	CLMUL	17.33441
create-total[ms]	29	7168	8	1024	CLMUL	127.23516
create[ns]	29	7168	8	1024	CLMUL_TRI	20.58112
create-total[ms]	29	7168	8	1024	CLMUL_TRI	151.06608
recover[ms]	29	7168	16	0	GENERIC	4.47265
recover[ms]	29	7168	16	0	CLMUL	1.51869
recover[ms]	29	7168	16	0	CLMUL_TRI	1.94627
create[ns]	29	7168	16	1024	GENERIC	7.80827
create-total[ms]	29	7168	16	1024	GENERIC	57.31299
create[ns]	29	7168	16	1024	CLMUL	17.13780
create-total[ms]	29	7168	16	1024	CLMUL	125.79201
create[ns]	29	7168	16	1024	CLMUL_TRI	20.58152
create-total[ms]	29	7168	16	1024	CLMUL_TRI	151.06900
recover[ms]	29	7168	32	0	GENERIC	7.75999
recover[ms]	29	7168	32	0	CLMUL	3.08113
recover[ms]	29	7168	32	0	CLMUL_TRI	4.01795
create[ns]	29	7168	32	1024	GENERIC	7.80768
create-total[ms]	29	7168	32	1024	GENERIC	57.30861
create[ns]	29	7168	32	1024	CLMUL	17.13748
create-total[ms]	29	7168	32	1024	CLMUL	125.78967
create[ns]	29	7168	32	1024	CLMUL_TRI	20.58029
create-total[ms]	29	7168	32	1024	CLMUL_TRI	151.05996
recover[ms]	29	7168	64	0	GENERIC	18.86536
recover[ms]	29	7168	64	0	CLMUL	6.75113
recover[ms]	29	7168	64	0	CLMUL_TRI	8.77906
create[ns]	29	7168	64	1024	GENERIC	7.80855
create-total[ms]	29	7168	64	1024	GENERIC	57.31503
create[ns]	29	7168	64	1024	CLMUL	17.37745
create-total[ms]	29	7168	64	1024	CLMUL	127.55103
create[ns]	29	7168	64	1024	CLMUL_TRI	20.58231
create-total[ms]	29	7168	64	1024	CLMUL_TRI	151.07483
recover[ms]	29	7168	128	0	GENERIC	50.51432
recover[ms]	29	7168	128	0	CLMUL	15.34411
recover[ms]	29	7168	128	0	CLMUL_TRI	19.96260
create[ns]	29	7168	128	1024	GENERIC	7.80827
create-total[ms]	29	7168	128	1024	GENERIC	57.31299
create[ns]	29	7168	128	1024	CLMUL	17.25562
create-total[ms]	29	7168	128	1024	CLMUL	126.65679
create[ns]	29	7168	128	1024	CLMUL_TRI	20.58168
create-total[ms]	29	7168	128	1024	CLMUL_TRI	151.07017
recover[ms]	29	7168	256	0	GENERIC	120.51932
recover[ms]	29	7168	256	0	CLMUL	38.11426
recover[ms]	29	7168	256	0	CLMUL_TRI	50.03424
create[ns]	29	7168	256	1024	GENERIC	7.80812
create-total[ms]	29	7168	256	1024	GENERIC	57.31182
create[ns]	29	7168	256	1024	CLMUL	17.46487
create-total[ms]	29	7168	256	1024	CLMUL	128.19269
create[ns]	29	7168	256	1024	CLMUL_TRI	20.58033
create-total[ms]	29	7168	256	1024	CLMUL_TRI	151.06025
recover[ms]	29	7168	384	0	GENERIC	194.39498
recover[ms]	29	7168	384	0	CLMUL	67.97765
recover[ms]	29	7168	384	0	CLMUL_TRI	89.72085
create[ns]	29	7168	384	1024	GENERIC	7.80796
create-total[ms]	29	7168	384	1024	GENERIC	57.31065
create[ns]	29	7168	384	1024	CLMUL	17.25927
create-total[ms]	29	7168	384	1024	CLMUL	126.68362
create[ns]	29	7168	384	1024	CLMUL_TRI	20.58243
create-total[ms]	29	7168	384	1024	CLMUL_TRI	151.07571
recover[ms]	29	7168	512	0	GENERIC	276.34097
recover[ms]	29	7168	512	0	CLMUL	104.84096
recover[ms]	29	7168	512	0	CLMUL_TRI	138.96089
create[ns]	29	7168	512	1024	GENERIC	7.80784
create-total[ms]	29	7168	512	1024	GENERIC	57.30978
create[ns]	29	7168	512	1024	CLMUL	17.25566
create-total[ms]	29	7168	512	1024	CLMUL	126.65708
create[ns]	29	7168	512	1024	CLMUL_TRI	20.58060
create-total[ms]	29	7168	512	1024	CLMUL_TRI	151.06229
recover[ms]	29	7168	768	0	GENERIC	465.10511
recover[ms]	29	7168	768	0	CLMUL	198.18573
recover[ms]	29	7168	768	0	CLMUL_TRI	264.13137
create[ns]	29	7168	768	1024	GENERIC	7.80875
create-total[ms]	29	7168	768	1024	GENERIC	57.31649
create[ns]	29	7168	768	1024	CLMUL	17.24878
create-total[ms]	29	7168	768	1024	CLMUL	126.60662
create[ns]	29	7168	768	1024	CLMUL_TRI	20.58041
create-total[ms]	29	7168	768	1024	CLMUL_TRI	151.06083
recover[ms]	29	7168	1024	0	GENERIC	689.75344
recover[ms]	29	7168	1024	0	CLMUL	320.31941
recover[ms]	29	7168	1024	0	CLMUL_TRI	426.15057
create[ns]	29	7168	1024	1024	GENERIC	7.80935
create-total[ms]	29	7168	1024	1024	GENERIC	57.32086
create[ns]	29	7168	1024	1024	CLMUL	17.25176
create-total[ms]	29	7168	1024	1024	CLMUL	126.62850
create[ns]	29	7168	1024	1024	CLMUL_TRI	20.58076
create-total[ms]	29	7168	1024	1024	CLMUL_TRI	151.06346
recover[ms]	29	7168	1536	0	GENERIC	1270.55055
recover[ms]	29	7168	1536	0	CLMUL	640.16198
recover[ms]	29	7168	1536	0	CLMUL_TRI	857.56541
create[ns]	29	7168	1536	1024	GENERIC	7.80792
create-total[ms]	29	7168	1536	1024	GENERIC	57.31037
create[ns]	29	7168	1536	1024	CLMUL	17.26392
create-total[ms]	29	7168	1536	1024	CLMUL	126.71775
create[ns]	29	7168	1536	1024	CLMUL_TRI	20.58148
create-total[ms]	29	7168	1536	1024	CLMUL_TRI	151.06872
recover[ms]	29	7168	2048	0	GENERIC	2117.75965
recover[ms]	29	7168	2048	0	CLMUL	1051.74953
recover[ms]	29	7168	2048	0	CLMUL_TRI	1415.07382
create[ns]	29	7168	2048	1024	GENERIC	7.80828
create-total[ms]	29	7168	2048	1024	GENERIC	57.31299
create[ns]	29	7168	2048	1024	CLMUL	17.38111
create-total[ms]	29	7168	2048	1024	CLMUL	127.57787
create[ns]	29	7168	2048	1024	CLMUL_TRI	20.58084
create-total[ms]	29	7168	2048	1024	CLMUL_TRI	151.06405
recover[ms]	29	8192	8	0	GENERIC	3.60029
recover[ms]	29	8192	8	0	CLMUL	0.89482
recover[ms]	29	8192	8	0	CLMUL_TRI	1.13399
create[ns]	29	8192	8	1024	GENERIC	7.80351
create-total[ms]	29	8192	8	1024	GENERIC	65.46060
create[ns]	29	8192	8	1024	CLMUL	17.14937
create-total[ms]	29	8192	8	1024	CLMUL	143.85938
create[ns]	29	8192	8	1024	CLMUL_TRI	20.58083
create-total[ms]	29	8192	8	1024	CLMUL_TRI	172.64450
recover[ms]	29	8192	16	0	GENERIC	5.00990
recover[ms]	29	8192	16	0	CLMUL	1.72256
recover[ms]	29	8192	16	0	CLMUL_TRI	2.21314
create[ns]	29	8192	16	1024	GENERIC	7.80462
create-total[ms]	29	8192	16	1024	GENERIC	65.46994
create[ns]	29	8192	16	1024	CLMUL	17.28257
create-total[ms]	29	8192	16	1024	CLMUL	144.97675
create[ns]	29	8192	16	1024	CLMUL_TRI	20.58229
create-total[ms]	29	8192	16	1024	CLMUL_TRI	172.65675
recover[ms]	29	8192	32	0	GENERIC	8.71286
recover[ms]	29	8192	32	0	CLMUL	3.46204
recover[ms]	29	8192	32	0	CLMUL_TRI	4.51961
create[ns]	29	8192	32	1024	GENERIC	7.80515
create-total[ms]	29	8192	32	1024	GENERIC	65.47431
create[ns]	29	8192	32	1024	CLMUL	17.46921
create-total[ms]	29	8192	32	1024	CLMUL	146.54239
create[ns]	29	8192	32	1024	CLMUL_TRI	20.58288
create-total[ms]	29	8192	32	1024	CLMUL_TRI	172.66171
recover[ms]	29	8192	64	0	GENERIC	21.27800
recover[ms]	29	8192	64	0	CLMUL	7.53279
recover[ms]	29	8192	64	0	CLMUL_TRI	9.76255
create[ns]	29	8192	64	1024	GENERIC	7.80654
create-total[ms]	29	8192	64	1024	GENERIC	65.48598
create[ns]	29	8192	64	1024	CLMUL	17.15080
create-total[ms]	29	8192	64	1024	CLMUL	143.87134
create[ns]	29	8192	64	1024	CLMUL_TRI	20.58205
create-total[ms]	29	8192	64	1024	CLMUL_TRI	172.65471
recover[ms]	29	8192	128	0	GENERIC	56.89562
recover[ms]	29	8192	128	0	CLMUL	16.85901
recover[ms]	29	8192	128	0	CLMUL_TRI	21.97624
create[ns]	29	8192	128	1024	GENERIC	7.80598
create-total[ms]	29	8192	128	1024	GENERIC	65.48131
create[ns]	29	8192	128	1024	CLMUL	17.32016
create-total[ms]	29	8192	128	1024	CLMUL	145.29203
create[ns]	29	8192	128	1024	CLMUL_TRI	20.58010
create-total[ms]	29	8192	128	1024	CLMUL_TRI	172.63838
recover[ms]	29	8192	256	0	GENERIC	133.60946
recover[ms]	29	8192	256	0	CLMUL	41.11781
recover[ms]	29	8192	256	0	CLMUL_TRI	53.95215
create[ns]	29	8192	256	1024	GENERIC	7.80657
create-total[ms]	29	8192	256	1024	GENERIC	65.48627
create[ns]	29	8192	256	1024	CLMUL	17.33768
create-total[ms]	29	8192	256	1024	CLMUL	145.43903
create[ns]	29	8192	256	1024	CLMUL_TRI	20.58114
create-total[ms]	29	8192	256	1024	CLMUL_TRI	172.64713
recover[ms]	29	8192	384	0	GENERIC	214.19339
recover[ms]	29	8192	384	0	CLMUL	72.51448
recover[ms]	29	8192	384	0	CLMUL_TRI	95.49287
create[ns]	29	8192	384	1024	GENERIC	7.80727
create-total[ms]	29	8192	384	1024	GENERIC	65.49210
create[ns]	29	8192	384	1024	CLMUL	17.44133
create-total[ms]	29	8192	384	1024	CLMUL	146.30848
create[ns]	29	8192	384	1024	CLMUL_TRI	20.58107
create-total[ms]	29	8192	384	1024	CLMUL_TRI	172.64654
recover[ms]	29	8192	512	0	GENERIC	304.30011
recover[ms]	29	8192	512	0	CLMUL	110.85157
recover[ms]	29	8192	512	0	CLMUL_TRI	146.84339
create[ns]	29	8192	512	1024	GENERIC	7.80549
create-total[ms]	29	8192	512	1024	GENERIC	65.47723
create[ns]	29	8192	512	1024	CLMUL	17.21881
create-total[ms]	29	8192	512	1024	CLMUL	144.44184
create[ns]	29	8192	512	1024	CLMUL_TRI	20.58003
create-total[ms]	29	8192	512	1024	CLMUL_TRI	172.63779
recover[ms]	29	8192	768	0	GENERIC	505.39315
recover[ms]	29	8192	768	0	CLMUL	207.30722
recover[ms]	29	8192	768	0	CLMUL_TRI	275.59170
create[ns]	29	8192	768	1024	GENERIC	7.80581
create-total[ms]	29	8192	768	1024	GENERIC	65.47985
create[ns]	29	8192	768	1024	CLMUL	17.26401
create-total[ms]	29	8192	768	1024	CLMUL	144.82100
create[ns]	29	8192	768	1024	CLMUL_TRI	20.58187
create-total[ms]	29	8192	768	1024	CLMUL_TRI	172.65325
recover[ms]	29	8192	1024	0	GENERIC	743.95529
recover[ms]	29	8192	1024	0	CLMUL	332.25370
recover[ms]	29	8192	1024	0	CLMUL_TRI	442.60827
create[ns]	29	8192	1024	1024	GENERIC	7.80588
create-total[ms]	29	8192	1024	1024	GENERIC	65.48043
create[ns]	29	8192	1024	1024	CLMUL	17.12945
create-total[ms]	29	8192	1024	1024	CLMUL	143.69226
create[ns]	29	8192	1024	1024	CLMUL_TRI	20.58107
create-total[ms]	29	8192	1024	1024	CLMUL_TRI	172.64654
recover[ms]	29	8192	1536	0	GENERIC	1354.87103
recover[ms]	29	8192	1536	0	CLMUL	655.09572
recover[ms]	29	8192	1536	0	CLMUL_TRI	875.04012
create[ns]	29	8192	1536	1024	GENERIC	7.80657
create-total[ms]	29	8192	1536	1024	GENERIC	65.48627
create[ns]	29	8192	1536	1024	CLMUL	17.20654
create-total[ms]	29	8192	1536	1024	CLMUL	144.33888
create[ns]	29	8192	1536	1024	CLMUL_TRI	20.58104
create-total[ms]	29	8192	1536	1024	CLMUL_TRI	172.64625
recover[ms]	29	8192	2048	0	GENERIC	2298.91022
recover[ms]	29	8192	2048	0	CLMUL	1083.75024
recover[ms]	29	8192	2048	0	CLMUL_TRI	1452.48051
create[ns]	29	8192	2048	1024	GENERIC	7.80553
create-total[ms]	29	8192	2048	1024	GENERIC	65.47752
create[ns]	29	8192	2048	1024	CLMUL	17.14451
create-total[ms]	29	8192	2048	1024	CLMUL	143.81855
create[ns]	29	8192	2048	1024	CLMUL_TRI	20.58149
create-total[ms]	29	8192	2048	1024	CLMUL_TRI	172.65004
recover[ms]	32	128	8	0	GENERIC	0.12133
recover[ms]	32	128	8	0	CLMUL	0.04375
create[ns]	32	128	8	1024	GENERIC	8.67388
create-total[ms]	32	128	8	1024	GENERIC	1.13690
create[ns]	32	128	8	1024	CLMUL	16.77366
create-total[ms]	32	128	8	1024	CLMUL	2.19856
recover[ms]	32	128	16	0	GENERIC	0.31208
recover[ms]	32	128	16	0	CLMUL	0.14467
create[ns]	32	128	16	1024	GENERIC	8.67388
create-total[ms]	32	128	16	1024	GENERIC	1.13690
create[ns]	32	128	16	1024	CLMUL	16.77589
create-total[ms]	32	128	16	1024	CLMUL	2.19885
recover[ms]	32	128	32	0	GENERIC	0.92545
recover[ms]	32	128	32	0	CLMUL	0.46141
create[ns]	32	128	32	1024	GENERIC	8.67165
create-total[ms]	32	128	32	1024	GENERIC	1.13661
create[ns]	32	128	32	1024	CLMUL	16.78033
create-total[ms]	32	128	32	1024	CLMUL	2.19943
recover[ms]	32	128	64	0	GENERIC	2.81951
recover[ms]	32	128	64	0	CLMUL	1.51577
create[ns]	32	128	64	1024	GENERIC	8.67388
create-total[ms]	32	128	64	1024	GENERIC	1.13690
create[ns]	32	128	64	1024	CLMUL	16.77367
create-total[ms]	32	128	64	1024	CLMUL	2.19856
recover[ms]	32	128	128	0	GENERIC	9.01648
recover[ms]	32	128	128	0	CLMUL	5.24206
create[ns]	32	128	128	1024	GENERIC	8.67165
create-total[ms]	32	128	128	1024	GENERIC	1.13661
create[ns]	32	128	128	1024	CLMUL	16.77811
create-total[ms]	32	128	128	1024	CLMUL	2.19914
recover[ms]	32	256	8	0	GENERIC	0.16421
recover[ms]	32	256	8	0	CLMUL	0.06183
create[ns]	32	256	8	1024	GENERIC	8.22551
create-total[ms]	32	256	8	1024	GENERIC	2.15627
create[ns]	32	256	8	1024	CLMUL	17.17531
create-total[ms]	32	256	8	1024	CLMUL	4.50241
recover[ms]	32	256	16	0	GENERIC	0.36983
recover[ms]	32	256	16	0	CLMUL	0.16567
create[ns]	32	256	16	1024	GENERIC	8.22550
create-total[ms]	32	256	16	1024	GENERIC	2.15627
create[ns]	32	256	16	1024	CLMUL	17.18087
create-total[ms]	32	256	16	1024	CLMUL	4.50386
recover[ms]	32	256	32	0	GENERIC	1.04707
recover[ms]	32	256	32	0	CLMUL	0.50545
create[ns]	32	256	32	1024	GENERIC	8.22550
create-total[ms]	32	256	32	1024	GENERIC	2.15627
create[ns]	32	256	32	1024	CLMUL	17.18199
create-total[ms]	32	256	32	1024	CLMUL	4.50415
recover[ms]	32	256	64	0	GENERIC	3.11059
recover[ms]	32	256	64	0	CLMUL	1.61144
create[ns]	32	256	64	1024	GENERIC	8.22661
create-total[ms]	32	256	64	1024	GENERIC	2.15656
create[ns]	32	256	64	1024	CLMUL	17.16419
create-total[ms]	32	256	64	1024	CLMUL	4.49949
recover[ms]	32	256	128	0	GENERIC	9.82788
recover[ms]	32	256	128	0	CLMUL	5.44448
create[ns]	32	256	128	1024	GENERIC	8.22550
create-total[ms]	32	256	128	1024	GENERIC	2.15627
create[ns]	32	256	128	1024	CLMUL	17.19534
create-total[ms]	32	256	128	1024	CLMUL	4.50765
recover[ms]	32	256	256	0	GENERIC	31.36050
recover[ms]	32	256	256	0	CLMUL	19.27806
create[ns]	32	256	256	1024	GENERIC	8.22550
create-total[ms]	32	256	256	1024	GENERIC	2.15627
create[ns]	32	256	256	1024	CLMUL	17.16975
create-total[ms]	32	256	256	1024	CLMUL	4.50095
recover[ms]	32	512	8	0	GENERIC	0.24937
recover[ms]	32	512	8	0	CLMUL	0.08750
create[ns]	32	512	8	1024	GENERIC	8.01021
create-total[ms]	32	512	8	1024	GENERIC	4.19966
create[ns]	32	512	8	1024	CLMUL	16.88047
create-total[ms]	32	512	8	1024	CLMUL	8.85023
recover[ms]	32	512	16	0	GENERIC	0.49583
recover[ms]	32	512	16	0	CLMUL	0.21350
create[ns]	32	512	16	1024	GENERIC	8.01021
create-total[ms]	32	512	16	1024	GENERIC	4.19966
create[ns]	32	512	16	1024	CLMUL	16.88047
create-total[ms]	32	512	16	1024	CLMUL	8.85023
recover[ms]	32	512	32	0	GENERIC	1.25124
recover[ms]	32	512	32	0	CLMUL	0.59674
create[ns]	32	512	32	1024	GENERIC	8.01021
create-total[ms]	32	512	32	1024	GENERIC	4.19966
create[ns]	32	512	32	1024	CLMUL	16.87992
create-total[ms]	32	512	32	1024	CLMUL	8.84994
recover[ms]	32	512	64	0	GENERIC	3.70121
recover[ms]	32	512	64	0	CLMUL	1.78644
create[ns]	32	512	64	1024	GENERIC	8.01077
create-total[ms]	32	512	64	1024	GENERIC	4.19995
create[ns]	32	512	64	1024	CLMUL	16.87547
create-total[ms]	32	512	64	1024	CLMUL	8.84760
recover[ms]	32	512	128	0	GENERIC	11.38653
recover[ms]	32	512	128	0	CLMUL	5.84960
create[ns]	32	512	128	1024	GENERIC	8.01021
create-total[ms]	32	512	128	1024	GENERIC	4.19966
create[ns]	32	512	128	1024	CLMUL	16.88881
create-total[ms]	32	512	128	1024	CLMUL	8.85460
recover[ms]	32	512	256	0	GENERIC	35.03050
recover[ms]	32	512	256	0	CLMUL	20.00664
create[ns]	32	512	256	1024	GENERIC	8.01021
create-total[ms]	32	512	256	1024	GENERIC	4.19966
create[ns]	32	512	256	1024	CLMUL	16.88770
create-total[ms]	32	512	256	1024	CLMUL	8.85402
recover[ms]	32	512	384	0	GENERIC	68.82902
recover[ms]	32	512	384	0	CLMUL	42.05871
create[ns]	32	512	384	1024	GENERIC	8.01299
create-total[ms]	32	512	384	1024	GENERIC	4.20112
create[ns]	32	512	384	1024	CLMUL	16.88381
create-total[ms]	32	512	384	1024	CLMUL	8.85198
recover[ms]	32	512	512	0	GENERIC	112.88096
recover[ms]	32	512	512	0	CLMUL	71.84540
create[ns]	32	512	512	1024	GENERIC	8.01077
create-total[ms]	32	512	512	1024	GENERIC	4.19995
create[ns]	32	512	512	1024	CLMUL	16.89104
create-total[ms]	32	512	512	1024	CLMUL	8.85577
recover[ms]	32	1024	8	0	GENERIC	0.57370
recover[ms]	32	1024	8	0	CLMUL	0.14204
create[ns]	32	1024	8	1024	GENERIC	7.90007
create-total[ms]	32	1024	8	1024	GENERIC	8.28382
create[ns]	32	1024	8	1024	CLMUL	17.18115
create-total[ms]	32	1024	8	1024	CLMUL	18.01575
recover[ms]	32	1024	16	0	GENERIC	0.85895
recover[ms]	32	1024	16	0	CLMUL	0.31441
create[ns]	32	1024	16	1024	GENERIC	7.89867
create-total[ms]	32	1024	16	1024	GENERIC	8.28236
create[ns]	32	1024	16	1024	CLMUL	17.14805
create-total[ms]	32	1024	16	1024	CLMUL	17.98104
recover[ms]	32	1024	32	0	GENERIC	1.86956
recover[ms]	32	1024	32	0	CLMUL	0.78166
create[ns]	32	1024	32	1024	GENERIC	7.89840
create-total[ms]	32	1024	32	1024	GENERIC	8.28207
create[ns]	32	1024	32	1024	CLMUL	17.12830
create-total[ms]	32	1024	32	1024	CLMUL	17.96033
recover[ms]	32	1024	64	0	GENERIC	5.27910
recover[ms]	32	1024	64	0	CLMUL	2.18718
create[ns]	32	1024	64	1024	GENERIC	7.89867
create-total[ms]	32	1024	64	1024	GENERIC	8.28236
create[ns]	32	1024	64	1024	CLMUL	16.95057
create-total[ms]	32	1024	64	1024	CLMUL	17.77396
recover[ms]	32	1024	128	0	GENERIC	15.63373
recover[ms]	32	1024	128	0	CLMUL	6.58867
create[ns]	32	1024	128	1024	GENERIC	7.89840
create-total[ms]	32	1024	128	1024	GENERIC	8.28207
create[ns]	32	1024	128	1024	CLMUL	16.93388
create-total[ms]	32	1024	128	1024	CLMUL	17.75646
recover[ms]	32	1024	256	0	GENERIC	44.07790
recover[ms]	32	1024	256	0	CLMUL	21.51395
create[ns]	32	1024	256	1024	GENERIC	7.89923
create-total[ms]	32	1024	256	1024	GENERIC	8.28294
create[ns]	32	1024	256	1024	CLMUL	16.95947
create-total[ms]	32	1024	256	1024	CLMUL	17.78329
recover[ms]	32	1024	384	0	GENERIC	81.97895
recover[ms]	32	1024	384	0	CLMUL	44.14702
create[ns]	32	1024	384	1024	GENERIC	7.89812
create-total[ms]	32	1024	384	1024	GENERIC	8.28178
create[ns]	32	1024	384	1024	CLMUL	16.99173
create-total[ms]	32	1024	384	1024	CLMUL	17.81712
recover[ms]	32	1024	512	0	GENERIC	130.32242
recover[ms]	32	1024	512	0	CLMUL	74.74483
create[ns]	32	1024	512	1024	GENERIC	7.89867
create-total[ms]	32	1024	512	1024	GENERIC	8.28236
create[ns]	32	1024	512	1024	CLMUL	16.94639
create-total[ms]	32	1024	512	1024	CLMUL	17.76958
recover[ms]	32	1024	768	0	GENERIC	254.71037
recover[ms]	32	1024	768	0	CLMUL	157.33043
create[ns]	32	1024	768	1024	GENERIC	7.89895
create-total[ms]	32	1024	768	1024	GENERIC	8.28265
create[ns]	32	1024	768	1024	CLMUL	16.92053
create-total[ms]	32	1024	768	1024	CLMUL	17.74246
recover[ms]	32	1024	1024	0	GENERIC	420.68132
recover[ms]	32	1024	1024	0	CLMUL	270.12098
create[ns]	32	1024	1024	1024	GENERIC	7.89812
create-total[ms]	32	1024	1024	1024	GENERIC	8.28178
create[ns]	32	1024	1024	1024	CLMUL	16.99841
create-total[ms]	32	1024	1024	1024	CLMUL	17.82412
recover[ms]	32	2048	8	0	GENERIC	1.42419
recover[ms]	32	2048	8	0	CLMUL	0.25083
create[ns]	32	2048	8	1024	GENERIC	7.84263
create-total[ms]	32	2048	8	1024	GENERIC	16.44718
create[ns]	32	2048	8	1024	CLMUL	16.84487
create-total[ms]	32	2048	8	1024	CLMUL	35.32625
recover[ms]	32	2048	16	0	GENERIC	1.88735
recover[ms]	32	2048	16	0	CLMUL	0.51537
create[ns]	32	2048	16	1024	GENERIC	7.84151
create-total[ms]	32	2048	16	1024	GENERIC	16.44485
create[ns]	32	2048	16	1024	CLMUL	16.86935
create-total[ms]	32	2048	16	1024	CLMUL	35.37758
recover[ms]	32	2048	32	0	GENERIC	3.19400
recover[ms]	32	2048	32	0	CLMUL	1.15382
create[ns]	32	2048	32	1024	GENERIC	7.84443
create-total[ms]	32	2048	32	1024	GENERIC	16.45097
create[ns]	32	2048	32	1024	CLMUL	16.31332
create-total[ms]	32	2048	32	1024	CLMUL	34.21151
recover[ms]	32	2048	64	0	GENERIC	8.28994
recover[ms]	32	2048	64	0	CLMUL	2.97380
create[ns]	32	2048	64	1024	GENERIC	7.84443
create-total[ms]	32	2048	64	1024	GENERIC	16.45097
create[ns]	32	2048	64	1024	CLMUL	16.87741
create-total[ms]	32	2048	64	1024	CLMUL	35.39450
recover[ms]	32	2048	128	0	GENERIC	22.75586
recover[ms]	32	2048	128	0	CLMUL	8.05457
create[ns]	32	2048	128	1024	GENERIC	7.84263
create-total[ms]	32	2048	128	1024	GENERIC	16.44718
create[ns]	32	2048	128	1024	CLMUL	16.85446
create-total[ms]	32	2048	128	1024	CLMUL	35.34637
recover[ms]	32	2048	256	0	GENERIC	59.20005
recover[ms]	32	2048	256	0	CLMUL	24.38859
create[ns]	32	2048	256	1024	GENERIC	7.84249
create-total[ms]	32	2048	256	1024	GENERIC	16.44689
create[ns]	32	2048	256	1024	CLMUL	16.65378
create-total[ms]	32	2048	256	1024	CLMUL	34.92550
recover[ms]	32	2048	384	0	GENERIC	104.33493
recover[ms]	32	2048	384	0	CLMUL	48.39480
create[ns]	32	2048	384	1024	GENERIC	7.84374
create-total[ms]	32	2048	384	1024	GENERIC	16.44951
create[ns]	32	2048	384	1024	CLMUL	16.76087
create-total[ms]	32	2048	384	1024	CLMUL	35.15008
recover[ms]	32	2048	512	0	GENERIC	159.79440
recover[ms]	32	2048	512	0	CLMUL	80.54309
create[ns]	32	2048	512	1024	GENERIC	7.84263
create-total[ms]	32	2048	512	1024	GENERIC	16.44718
create[ns]	32	2048	512	1024	CLMUL	16.73847
create-total[ms]	32	2048	512	1024	CLMUL	35.10313
recover[ms]	32	2048	768	0	GENERIC	299.39521
recover[ms]	32	2048	768	0	CLMUL	166.12904
create[ns]	32	2048	768	1024	GENERIC	7.84444
create-total[ms]	32	2048	768	1024	GENERIC	16.45097
create[ns]	32	2048	768	1024	CLMUL	16.77046
create-total[ms]	32	2048	768	1024	CLMUL	35.17021
recover[ms]	32	2048	1024	0	GENERIC	478.76197
recover[ms]	32	2048	1024	0	CLMUL	282.20079
create[ns]	32	2048	1024	1024	GENERIC	7.84221
create-total[ms]	32	2048	1024	1024	GENERIC	16.44631
create[ns]	32	2048	1024	1024	CLMUL	16.71372
create-total[ms]	32	2048	1024	1024	CLMUL	35.05121
recover[ms]	32	2048	1536	0	GENERIC	960.10953
recover[ms]	32	2048	1536	0	CLMUL	597.45461
create[ns]	32	2048	1536	1024	GENERIC	7.84235
create-total[ms]	32	2048	1536	1024	GENERIC	16.44660
create[ns]	32	2048	1536	1024	CLMUL	16.63069
create-total[ms]	32	2048	1536	1024	CLMUL	34.87709
recover[ms]	32	2048	2048	0	GENERIC	1617.53156
recover[ms]	32	2048	2048	0	CLMUL	1026.24971
create[ns]	32	2048	2048	1024	GENERIC	7.84249
create-total[ms]	32	2048	2048	1024	GENERIC	16.44689
create[ns]	32	2048	2048	1024	CLMUL	16.47117
create-total[ms]	32	2048	2048	1024	CLMUL	34.54255
recover[ms]	32	3072	8	0	GENERIC	2.28635
recover[ms]	32	3072	8	0	CLMUL	0.35466
create[ns]	32	3072	8	1024	GENERIC	7.82478
create-total[ms]	32	3072	8	1024	GENERIC	24.61463
create[ns]	32	3072	8	1024	CLMUL	17.07527
create-total[ms]	32	3072	8	1024	CLMUL	53.71416
recover[ms]	32	3072	16	0	GENERIC	2.81280
recover[ms]	32	3072	16	0	CLMUL	0.71691
create[ns]	32	3072	16	1024	GENERIC	7.82580
create-total[ms]	32	3072	16	1024	GENERIC	24.61783
create[ns]	32	3072	16	1024	CLMUL	16.31267
create-total[ms]	32	3072	16	1024	CLMUL	51.31523
recover[ms]	32	3072	32	0	GENERIC	4.30612
recover[ms]	32	3072	32	0	CLMUL	1.53531
create[ns]	32	3072	32	1024	GENERIC	7.82367
create-total[ms]	32	3072	32	1024	GENERIC	24.61113
create[ns]	32	3072	32	1024	CLMUL	17.08538
create-total[ms]	32	3072	32	1024	CLMUL	53.74595
recover[ms]	32	3072	64	0	GENERIC	10.03701
recover[ms]	32	3072	64	0	CLMUL	3.73329
create[ns]	32	3072	64	1024	GENERIC	7.82459
create-total[ms]	32	3072	64	1024	GENERIC	24.61404
create[ns]	32	3072	64	1024	CLMUL	17.07425
create-total[ms]	32	3072	64	1024	CLMUL	53.71095
recover[ms]	32	3072	128	0	GENERIC	27.68496
recover[ms]	32	3072	128	0	CLMUL	9.53243
create[ns]	32	3072	128	1024	GENERIC	7.82441
create-total[ms]	32	3072	128	1024	GENERIC	24.61346
create[ns]	32	3072	128	1024	CLMUL	17.09418
create-total[ms]	32	3072	128	1024	CLMUL	53.77366
recover[ms]	32	3072	256	0	GENERIC	71.10370
recover[ms]	32	3072	256	0	CLMUL	27.36472
create[ns]	32	3072	256	1024	GENERIC	7.82459
create-total[ms]	32	3072	256	1024	GENERIC	24.61404
create[ns]	32	3072	256	1024	CLMUL	16.62837
create-total[ms]	32	3072	256	1024	CLMUL	52.30834
recover[ms]	32	3072	384	0	GENERIC	122.54376
recover[ms]	32	3072	384	0	CLMUL	52.75138
create[ns]	32	3072	384	1024	GENERIC	7.82626
create-total[ms]	32	3072	384	1024	GENERIC	24.61929
create[ns]	32	3072	384	1024	CLMUL	16.63301
create-total[ms]	32	3072	384	1024	CLMUL	52.32292
recover[ms]	32	3072	512	0	GENERIC	184.27574
recover[ms]	32	3072	512	0	CLMUL	86.48777
create[ns]	32	3072	512	1024	GENERIC	7.82413
create-total[ms]	32	3072	512	1024	GENERIC	24.61258
create[ns]	32	3072	512	1024	CLMUL	16.43580
create-total[ms]	32	3072	512	1024	CLMUL	51.70256
recover[ms]	32	3072	768	0	GENERIC	335.82103
recover[ms]	32	3072	768	0	CLMUL	174.88768
create[ns]	32	3072	768	1024	GENERIC	7.82450
create-total[ms]	32	3072	768	1024	GENERIC	24.61375
create[ns]	32	3072	768	1024	CLMUL	16.62847
create-total[ms]	32	3072	768	1024	CLMUL	52.30863
recover[ms]	32	3072	1024	0	GENERIC	528.12889
recover[ms]	32	3072	1024	0	CLMUL	293.98428
create[ns]	32	3072	1024	1024	GENERIC	7.82376
create-total[ms]	32	3072	1024	1024	GENERIC	24.61142
create[ns]	32	3072	1024	1024	CLMUL	16.43357
create-total[ms]	32	3072	1024	1024	CLMUL	51.69556
recover[ms]	32	3072	1536	0	GENERIC	1053.94838
recover[ms]	32	3072	1536	0	CLMUL	617.02375
create[ns]	32	3072	1536	1024	GENERIC	7.82357
create-total[ms]	32	3072	1536	1024	GENERIC	24.61083
create[ns]	32	3072	1536	1024	CLMUL	16.62327
create-total[ms]	32	3072	1536	1024	CLMUL	52.29230
recover[ms]	32	3072	2048	0	GENERIC	1816.27933
recover[ms]	32	3072	2048	0	CLMUL	1050.12264
create[ns]	32	3072	2048	1024	GENERIC	7.82357
create-total[ms]	32	3072	2048	1024	GENERIC	24.61083
create[ns]	32	3072	2048	1024	CLMUL	16.77097
create-total[ms]	32	3072	2048	1024	CLMUL	52.75692
recover[ms]	32	4096	8	0	GENERIC	3.04846
recover[ms]	32	4096	8	0	CLMUL	0.46841
create[ns]	32	4096	8	1024	GENERIC	7.81572
create-total[ms]	32	4096	8	1024	GENERIC	32.78149
create[ns]	32	4096	8	1024	CLMUL	16.68952
create-total[ms]	32	4096	8	1024	CLMUL	70.00092
recover[ms]	32	4096	16	0	GENERIC	3.71608
recover[ms]	32	4096	16	0	CLMUL	0.92545
create[ns]	32	4096	16	1024	GENERIC	7.81523
create-total[ms]	32	4096	16	1024	GENERIC	32.77945
create[ns]	32	4096	16	1024	CLMUL	16.23947
create-total[ms]	32	4096	16	1024	CLMUL	68.11328
recover[ms]	32	4096	32	0	GENERIC	5.37944
recover[ms]	32	4096	32	0	CLMUL	1.92585
create[ns]	32	4096	32	1024	GENERIC	7.81613
create-total[ms]	32	4096	32	1024	GENERIC	32.78324
create[ns]	32	4096	32	1024	CLMUL	16.71122
create-total[ms]	32	4096	32	1024	CLMUL	70.09192
recover[ms]	32	4096	64	0	GENERIC	13.15343
recover[ms]	32	4096	64	0	CLMUL	4.50445
create[ns]	32	4096	64	1024	GENERIC	7.81711
create-total[ms]	32	4096	64	1024	GENERIC	32.78732
create[ns]	32	4096	64	1024	CLMUL	16.82352
create-total[ms]	32	4096	64	1024	CLMUL	70.56296
recover[ms]	32	4096	128	0	GENERIC	36.70348
recover[ms]	32	4096	128	0	CLMUL	11.03187
create[ns]	32	4096	128	1024	GENERIC	7.81537
create-total[ms]	32	4096	128	1024	GENERIC	32.78003
create[ns]	32	4096	128	1024	CLMUL	16.72304
create-total[ms]	32	4096	128	1024	CLMUL	70.14150
recover[ms]	32	4096	256	0	GENERIC	89.06112
recover[ms]	32	4096	256	0	CLMUL	30.26618
create[ns]	32	4096	256	1024	GENERIC	7.81968
create-total[ms]	32	4096	256	1024	GENERIC	32.79811
create[ns]	32	4096	256	1024	CLMUL	16.71894
create-total[ms]	32	4096	256	1024	CLMUL	70.12430
recover[ms]	32	4096	384	0	GENERIC	149.32428
recover[ms]	32	4096	384	0	CLMUL	57.08753
create[ns]	32	4096	384	1024	GENERIC	7.81488
create-total[ms]	32	4096	384	1024	GENERIC	32.77799
create[ns]	32	4096	384	1024	CLMUL	16.78298
create-total[ms]	32	4096	384	1024	CLMUL	70.39292
recover[ms]	32	4096	512	0	GENERIC	219.37945
recover[ms]	32	4096	512	0	CLMUL	92.30849
create[ns]	32	4096	512	1024	GENERIC	7.81474
create-total[ms]	32	4096	512	1024	GENERIC	32.77740
create[ns]	32	4096	512	1024	CLMUL	16.75412
create-total[ms]	32	4096	512	1024	CLMUL	70.27188
recover[ms]	32	4096	768	0	GENERIC	387.46555
recover[ms]	32	4096	768	0	CLMUL	183.53550
create[ns]	32	4096	768	1024	GENERIC	7.81815
create-total[ms]	32	4096	768	1024	GENERIC	32.79170
create[ns]	32	4096	768	1024	CLMUL	16.78653
create-total[ms]	32	4096	768	1024	CLMUL	70.40779
recover[ms]	32	4096	1024	0	GENERIC	597.44411
recover[ms]	32	4096	1024	0	CLMUL	306.05972
create[ns]	32	4096	1024	1024	GENERIC	7.81530
create-total[ms]	32	4096	1024	1024	GENERIC	32.77974
create[ns]	32	4096	1024	1024	CLMUL	16.71003
create-total[ms]	32	4096	1024	1024	CLMUL	70.08696
recover[ms]	32	4096	1536	0	GENERIC	1155.42852
recover[ms]	32	4096	1536	0	CLMUL	630.71471
create[ns]	32	4096	1536	1024	GENERIC	7.81585
create-total[ms]	32	4096	1536	1024	GENERIC	32.78207
create[ns]	32	4096	1536	1024	CLMUL	16.83381
create-total[ms]	32	4096	1536	1024	CLMUL	70.60612
recover[ms]	32	4096	2048	0	GENERIC	2149.22923
recover[ms]	32	4096	2048	0	CLMUL	1075.41305
create[ns]	32	4096	2048	1024	GENERIC	7.81620
create-total[ms]	32	4096	2048	1024	GENERIC	32.78353
create[ns]	32	4096	2048	1024	CLMUL	16.67068
create-total[ms]	32	4096	2048	1024	CLMUL	69.92188
recover[ms]	32	5120	8	0	GENERIC	4.10428
recover[ms]	32	5120	8	0	CLMUL	0.57224
create[ns]	32	5120	8	1024	GENERIC	7.81100
create-total[ms]	32	5120	8	1024	GENERIC	40.95214
create[ns]	32	5120	8	1024	CLMUL	16.73867
create-total[ms]	32	5120	8	1024	CLMUL	87.75884
recover[ms]	32	5120	16	0	GENERIC	4.67186
recover[ms]	32	5120	16	0	CLMUL	1.11940
create[ns]	32	5120	16	1024	GENERIC	7.81345
create-total[ms]	32	5120	16	1024	GENERIC	40.96497
create[ns]	32	5120	16	1024	CLMUL	16.25941
create-total[ms]	32	5120	16	1024	CLMUL	85.24616
recover[ms]	32	5120	32	0	GENERIC	7.10667
recover[ms]	32	5120	32	0	CLMUL	2.29568
create[ns]	32	5120	32	1024	GENERIC	7.81000
create-total[ms]	32	5120	32	1024	GENERIC	40.94689
create[ns]	32	5120	32	1024	CLMUL	16.62435
create-total[ms]	32	5120	32	1024	CLMUL	87.15947
recover[ms]	32	5120	64	0	GENERIC	19.73131
recover[ms]	32	5120	64	0	CLMUL	5.28260
create[ns]	32	5120	64	1024	GENERIC	7.81189
create-total[ms]	32	5120	64	1024	GENERIC	40.95681
create[ns]	32	5120	64	1024	CLMUL	16.49768
create-total[ms]	32	5120	64	1024	CLMUL	86.49535
recover[ms]	32	5120	128	0	GENERIC	52.50375
recover[ms]	32	5120	128	0	CLMUL	12.48581
create[ns]	32	5120	128	1024	GENERIC	7.80939
create-total[ms]	32	5120	128	1024	GENERIC	40.94368
create[ns]	32	5120	128	1024	CLMUL	16.74084
create-total[ms]	32	5120	128	1024	CLMUL	87.77021
recover[ms]	32	5120	256	0	GENERIC	119.31972
recover[ms]	32	5120	256	0	CLMUL	33.14607
create[ns]	32	5120	256	1024	GENERIC	7.81100
create-total[ms]	32	5120	256	1024	GENERIC	40.95214
create[ns]	32	5120	256	1024	CLMUL	16.75541
create-total[ms]	32	5120	256	1024	CLMUL	87.84663
recover[ms]	32	5120	384	0	GENERIC	193.31963
recover[ms]	32	5120	384	0	CLMUL	61.17753
create[ns]	32	5120	384	1024	GENERIC	7.80955
create-total[ms]	32	5120	384	1024	GENERIC	40.94456
create[ns]	32	5120	384	1024	CLMUL	16.73155
create-total[ms]	32	5120	384	1024	CLMUL	87.72151
recover[ms]	32	5120	512	0	GENERIC	277.96992
recover[ms]	32	5120	512	0	CLMUL	98.10501
create[ns]	32	5120	512	1024	GENERIC	7.81172
create-total[ms]	32	5120	512	1024	GENERIC	40.95593
create[ns]	32	5120	512	1024	CLMUL	16.70429
create-total[ms]	32	5120	512	1024	CLMUL	87.57859
recover[ms]	32	5120	768	0	GENERIC	474.46052
recover[ms]	32	5120	768	0	CLMUL	192.22590
create[ns]	32	5120	768	1024	GENERIC	7.80989
create-total[ms]	32	5120	768	1024	GENERIC	40.94631
create[ns]	32	5120	768	1024	CLMUL	16.72432
create-total[ms]	32	5120	768	1024	CLMUL	87.68359
recover[ms]	32	5120	1024	0	GENERIC	716.43191
recover[ms]	32	5120	1024	0	CLMUL	317.92779
create[ns]	32	5120	1024	1024	GENERIC	7.81006
create-total[ms]	32	5120	1024	1024	GENERIC	40.94718
create[ns]	32	5120	1024	1024	CLMUL	16.80726
create-total[ms]	32	5120	1024	1024	CLMUL	88.11846
recover[ms]	32	5120	1536	0	GENERIC	1373.55732
recover[ms]	32	5120	1536	0	CLMUL	650.86281
create[ns]	32	5120	1536	1024	GENERIC	7.80994
create-total[ms]	32	5120	1536	1024	GENERIC	40.94660
create[ns]	32	5120	1536	1024	CLMUL	16.79452
create-total[ms]	32	5120	1536	1024	CLMUL	88.05167
recover[ms]	32	5120	2048	0	GENERIC	2228.41376
recover[ms]	32	5120	2048	0	CLMUL	1095.96568
create[ns]	32	5120	2048	1024	GENERIC	7.81412
create-total[ms]	32	5120	2048	1024	GENERIC	40.96847
create[ns]	32	5120	2048	1024	CLMUL	16.68571
create-total[ms]	32	5120	2048	1024	CLMUL	87.48117
recover[ms]	32	6144	8	0	GENERIC	4.68819
recover[ms]	32	6144	8	0	CLMUL	0.68541
create[ns]	32	6144	8	1024	GENERIC	7.81741
create-total[ms]	32	6144	8	1024	GENERIC	49.18288
create[ns]	32	6144	8	1024	CLMUL	16.66004
create-total[ms]	32	6144	8	1024	CLMUL	104.81589
recover[ms]	32	6144	16	0	GENERIC	5.34152
recover[ms]	32	6144	16	0	CLMUL	1.31890
create[ns]	32	6144	16	1024	GENERIC	7.81375
create-total[ms]	32	6144	16	1024	GENERIC	49.15984
create[ns]	32	6144	16	1024	CLMUL	16.40187
create-total[ms]	32	6144	16	1024	CLMUL	103.19161
recover[ms]	32	6144	32	0	GENERIC	8.45590
recover[ms]	32	6144	32	0	CLMUL	2.67688
create[ns]	32	6144	32	1024	GENERIC	7.81268
create-total[ms]	32	6144	32	1024	GENERIC	49.15313
create[ns]	32	6144	32	1024	CLMUL	16.51030
create-total[ms]	32	6144	32	1024	CLMUL	103.87381
recover[ms]	32	6144	64	0	GENERIC	23.61014
recover[ms]	32	6144	64	0	CLMUL	6.03918
create[ns]	32	6144	64	1024	GENERIC	7.81273
create-total[ms]	32	6144	64	1024	GENERIC	49.15342
create[ns]	32	6144	64	1024	CLMUL	16.40594
create-total[ms]	32	6144	64	1024	CLMUL	103.21728
recover[ms]	32	6144	128	0	GENERIC	61.46861
recover[ms]	32	6144	128	0	CLMUL	13.97738
create[ns]	32	6144	128	1024	GENERIC	7.81430
create-total[ms]	32	6144	128	1024	GENERIC	49.16334
create[ns]	32	6144	128	1024	CLMUL	16.70255
create-total[ms]	32	6144	128	1024	CLMUL	105.08334
recover[ms]	32	6144	256	0	GENERIC	137.81058
recover[ms]	32	6144	256	0	CLMUL	36.03266
create[ns]	32	6144	256	1024	GENERIC	7.81333
create-total[ms]	32	6144	256	1024	GENERIC	49.15721
create[ns]	32	6144	256	1024	CLMUL	16.69504
create-total[ms]	32	6144	256	1024	CLMUL	105.03609
recover[ms]	32	6144	384	0	GENERIC	220.84331
recover[ms]	32	6144	384	0	CLMUL	65.46906
create[ns]	32	6144	384	1024	GENERIC	7.81259
create-total[ms]	32	6144	384	1024	GENERIC	49.15254
create[ns]	32	6144	384	1024	CLMUL	16.69800
create-total[ms]	32	6144	384	1024	CLMUL	105.05476
recover[ms]	32	6144	512	0	GENERIC	314.03700
recover[ms]	32	6144	512	0	CLMUL	103.93827
create[ns]	32	6144	512	1024	GENERIC	7.81347
create-total[ms]	32	6144	512	1024	GENERIC	49.15808
create[ns]	32	6144	512	1024	CLMUL	16.62448
create-total[ms]	32	6144	512	1024	CLMUL	104.59218
recover[ms]	32	6144	768	0	GENERIC	529.19112
recover[ms]	32	6144	768	0	CLMUL	200.98133
create[ns]	32	6144	768	1024	GENERIC	7.81240
create-total[ms]	32	6144	768	1024	GENERIC	49.15138
create[ns]	32	6144	768	1024	CLMUL	16.61294
create-total[ms]	32	6144	768	1024	CLMUL	104.51956
recover[ms]	32	6144	1024	0	GENERIC	791.34678
recover[ms]	32	6144	1024	0	CLMUL	329.71069
create[ns]	32	6144	1024	1024	GENERIC	7.81263
create-total[ms]	32	6144	1024	1024	GENERIC	49.15284
create[ns]	32	6144	1024	1024	CLMUL	16.61136
create-total[ms]	32	6144	1024	1024	CLMUL	104.50964
recover[ms]	32	6144	1536	0	GENERIC	1525.36423
recover[ms]	32	6144	1536	0	CLMUL	667.83994
create[ns]	32	6144	1536	1024	GENERIC	7.81439
create-total[ms]	32	6144	1536	1024	GENERIC	49.16392
create[ns]	32	6144	1536	1024	CLMUL	16.59773
create-total[ms]	32	6144	1536	1024	CLMUL	104.42389
recover[ms]	32	6144	2048	0	GENERIC	2688.83536
recover[ms]	32	6144	2048	0	CLMUL	1116.64897
create[ns]	32	6144	2048	1024	GENERIC	7.81333
create-total[ms]	32	6144	2048	1024	GENERIC	49.15721
create[ns]	32	6144	2048	1024	CLMUL	16.70412
create-total[ms]	32	6144	2048	1024	CLMUL	105.09326
recover[ms]	32	7168	8	0	GENERIC	4.55636
recover[ms]	32	7168	8	0	CLMUL	0.79187
create[ns]	32	7168	8	1024	GENERIC	7.81046
create-total[ms]	32	7168	8	1024	GENERIC	57.32903
create[ns]	32	7168	8	1024	CLMUL	16.42987
create-total[ms]	32	7168	8	1024	CLMUL	120.59574
recover[ms]	32	7168	16	0	GENERIC	5.67431
recover[ms]	32	7168	16	0	CLMUL	1.51752
create[ns]	32	7168	16	1024	GENERIC	7.81261
create-total[ms]	32	7168	16	1024	GENERIC	57.34478
create[ns]	32	7168	16	1024	CLMUL	16.57518
create-total[ms]	32	7168	16	1024	CLMUL	121.66236
recover[ms]	32	7168	32	0	GENERIC	8.71752
recover[ms]	32	7168	32	0	CLMUL	3.04905
create[ns]	32	7168	32	1024	GENERIC	7.81066
create-total[ms]	32	7168	32	1024	GENERIC	57.33049
create[ns]	32	7168	32	1024	CLMUL	16.59791
create-total[ms]	32	7168	32	1024	CLMUL	121.82919
recover[ms]	32	7168	64	0	GENERIC	22.00861
recover[ms]	32	7168	64	0	CLMUL	6.82025
create[ns]	32	7168	64	1024	GENERIC	7.81014
create-total[ms]	32	7168	64	1024	GENERIC	57.32670
create[ns]	32	7168	64	1024	CLMUL	16.70933
create-total[ms]	32	7168	64	1024	CLMUL	122.64701
recover[ms]	32	7168	128	0	GENERIC	58.77072
recover[ms]	32	7168	128	0	CLMUL	15.49898
create[ns]	32	7168	128	1024	GENERIC	7.81066
create-total[ms]	32	7168	128	1024	GENERIC	57.33049
create[ns]	32	7168	128	1024	CLMUL	16.43269
create-total[ms]	32	7168	128	1024	CLMUL	120.61645
recover[ms]	32	7168	256	0	GENERIC	135.62515
recover[ms]	32	7168	256	0	CLMUL	38.98079
create[ns]	32	7168	256	1024	GENERIC	7.81074
create-total[ms]	32	7168	256	1024	GENERIC	57.33107
create[ns]	32	7168	256	1024	CLMUL	16.76261
create-total[ms]	32	7168	256	1024	CLMUL	123.03813
recover[ms]	32	7168	384	0	GENERIC	217.18089
recover[ms]	32	7168	384	0	CLMUL	69.80347
create[ns]	32	7168	384	1024	GENERIC	7.81070
create-total[ms]	32	7168	384	1024	GENERIC	57.33078
create[ns]	32	7168	384	1024	CLMUL	16.75189
create-total[ms]	32	7168	384	1024	CLMUL	122.95938
recover[ms]	32	7168	512	0	GENERIC	310.48337
recover[ms]	32	7168	512	0	CLMUL	109.73304
create[ns]	32	7168	512	1024	GENERIC	7.81137
create-total[ms]	32	7168	512	1024	GENERIC	57.33574
create[ns]	32	7168	512	1024	CLMUL	16.69832
create-total[ms]	32	7168	512	1024	CLMUL	122.56622
recover[ms]	32	7168	768	0	GENERIC	526.22607
recover[ms]	32	7168	768	0	CLMUL	209.50023
create[ns]	32	7168	768	1024	GENERIC	7.81277
create-total[ms]	32	7168	768	1024	GENERIC	57.34595
create[ns]	32	7168	768	1024	CLMUL	16.72777
create-total[ms]	32	7168	768	1024	CLMUL	122.78234
recover[ms]	32	7168	1024	0	GENERIC	789.09484
recover[ms]	32	7168	1024	0	CLMUL	340.19744
create[ns]	32	7168	1024	1024	GENERIC	7.81145
create-total[ms]	32	7168	1024	1024	GENERIC	57.33632
create[ns]	32	7168	1024	1024	CLMUL	16.77112
create-total[ms]	32	7168	1024	1024	CLMUL	123.10055
recover[ms]	32	7168	1536	0	GENERIC	1537.61817
recover[ms]	32	7168	1536	0	CLMUL	687.39042
create[ns]	32	7168	1536	1024	GENERIC	7.81046
create-total[ms]	32	7168	1536	1024	GENERIC	57.32903
create[ns]	32	7168	1536	1024	CLMUL	16.72546
create-total[ms]	32	7168	1536	1024	CLMUL	122.76542
recover[ms]	32	7168	2048	0	GENERIC	2782.45255
recover[ms]	32	7168	2048	0	CLMUL	1140.51665
create[ns]	32	7168	2048	1024	GENERIC	7.81249
create-total[ms]	32	7168	2048	1024	GENERIC	57.34391
create[ns]	32	7168	2048	1024	CLMUL	16.73218
create-total[ms]	32	7168	2048	1024	CLMUL	122.81472
recover[ms]	32	8192	8	0	GENERIC	5.94497
recover[ms]	32	8192	8	0	CLMUL	0.90182
create[ns]	32	8192	8	1024	GENERIC	7.81210
create-total[ms]	32	8192	8	1024	GENERIC	65.53264
create[ns]	32	8192	8	1024	CLMUL	16.51947
create-total[ms]	32	8192	8	1024	CLMUL	138.57532
recover[ms]	32	8192	16	0	GENERIC	6.78467
recover[ms]	32	8192	16	0	CLMUL	1.72344
create[ns]	32	8192	16	1024	GENERIC	7.81151
create-total[ms]	32	8192	16	1024	GENERIC	65.52768
create[ns]	32	8192	16	1024	CLMUL	16.68302
create-total[ms]	32	8192	16	1024	CLMUL	139.94731
recover[ms]	32	8192	32	0	GENERIC	10.08280
recover[ms]	32	8192	32	0	CLMUL	3.41654
create[ns]	32	8192	32	1024	GENERIC	7.80946
create-total[ms]	32	8192	32	1024	GENERIC	65.51048
create[ns]	32	8192	32	1024	CLMUL	16.52767
create-total[ms]	32	8192	32	1024	CLMUL	138.64415
recover[ms]	32	8192	64	0	GENERIC	24.85817
recover[ms]	32	8192	64	0	CLMUL	7.57099
create[ns]	32	8192	64	1024	GENERIC	7.80977
create-total[ms]	32	8192	64	1024	GENERIC	65.51310
create[ns]	32	8192	64	1024	CLMUL	16.68024
create-total[ms]	32	8192	64	1024	CLMUL	139.92397
recover[ms]	32	8192	128	0	GENERIC	65.39031
recover[ms]	32	8192	128	0	CLMUL	16.96109
create[ns]	32	8192	128	1024	GENERIC	7.81102
create-total[ms]	32	8192	128	1024	GENERIC	65.52360
create[ns]	32	8192	128	1024	CLMUL	16.55556
create-total[ms]	32	8192	128	1024	CLMUL	138.87807
recover[ms]	32	8192	256	0	GENERIC	148.88562
recover[ms]	32	8192	256	0	CLMUL	41.87671
create[ns]	32	8192	256	1024	GENERIC	7.81036
create-total[ms]	32	8192	256	1024	GENERIC	65.51806
create[ns]	32	8192	256	1024	CLMUL	16.68924
create-total[ms]	32	8192	256	1024	CLMUL	139.99951
recover[ms]	32	8192	384	0	GENERIC	239.68650
recover[ms]	32	8192	384	0	CLMUL	74.12767
create[ns]	32	8192	384	1024	GENERIC	7.81269
create-total[ms]	32	8192	384	1024	GENERIC	65.53760
create[ns]	32	8192	384	1024	CLMUL	16.73788
create-total[ms]	32	8192	384	1024	CLMUL	140.40755
recover[ms]	32	8192	512	0	GENERIC	339.30845
recover[ms]	32	8192	512	0	CLMUL	115.74013
create[ns]	32	8192	512	1024	GENERIC	7.81088
create-total[ms]	32	8192	512	1024	GENERIC	65.52243
create[ns]	32	8192	512	1024	CLMUL	16.71292
create-total[ms]	32	8192	512	1024	CLMUL	140.19814
recover[ms]	32	8192	768	0	GENERIC	573.76339
recover[ms]	32	8192	768	0	CLMUL	218.15155
create[ns]	32	8192	768	1024	GENERIC	7.80984
create-total[ms]	32	8192	768	1024	GENERIC	65.51368
create[ns]	32	8192	768	1024	CLMUL	16.64199
create-total[ms]	32	8192	768	1024	CLMUL	139.60314
recover[ms]	32	8192	1024	0	GENERIC	853.73121
recover[ms]	32	8192	1024	0	CLMUL	352.96616
create[ns]	32	8192	1024	1024	GENERIC	7.80991
create-total[ms]	32	8192	1024	1024	GENERIC	65.51427
create[ns]	32	8192	1024	1024	CLMUL	16.65107
create-total[ms]	32	8192	1024	1024	CLMUL	139.67927
recover[ms]	32	8192	1536	0	GENERIC	1652.60260
recover[ms]	32	8192	1536	0	CLMUL	709.56295
create[ns]	32	8192	1536	1024	GENERIC	7.81085
create-total[ms]	32	8192	1536	1024	GENERIC	65.52214
create[ns]	32	8192	1536	1024	CLMUL	16.72151
create-total[ms]	32	8192	1536	1024	CLMUL	140.27018
recover[ms]	32	8192	2048	0	GENERIC	3009.84748
recover[ms]	32	8192	2048	0	CLMUL	1171.25125
create[ns]	32	8192	2048	1024	GENERIC	7.81029
create-total[ms]	32	8192	2048	1024	GENERIC	65.51748
create[ns]	32	8192	2048	1024	CLMUL	16.64849
create-total[ms]	32	8192	2048	1024	CLMUL	139.65768
recover[ms]	48	128	8	0	GENERIC	0.27679
recover[ms]	48	128	8	0	CLMUL	0.07029
create[ns]	48	128	8	1024	GENERIC	12.52795
create-total[ms]	48	128	8	1024	GENERIC	1.64206
create[ns]	48	128	8	1024	CLMUL	11.74690
create-total[ms]	48	128	8	1024	CLMUL	1.53969
recover[ms]	48	128	16	0	GENERIC	0.75162
recover[ms]	48	128	16	0	CLMUL	0.22254
create[ns]	48	128	16	1024	GENERIC	12.52795
create-total[ms]	48	128	16	1024	GENERIC	1.64206
create[ns]	48	128	16	1024	CLMUL	11.74468
create-total[ms]	48	128	16	1024	CLMUL	1.53940
recover[ms]	48	128	32	0	GENERIC	2.26068
recover[ms]	48	128	32	0	CLMUL	0.80120
create[ns]	48	128	32	1024	GENERIC	12.53017
create-total[ms]	48	128	32	1024	GENERIC	1.64236
create[ns]	48	128	32	1024	CLMUL	11.74468
create-total[ms]	48	128	32	1024	CLMUL	1.53940
recover[ms]	48	128	64	0	GENERIC	6.90338
recover[ms]	48	128	64	0	CLMUL	2.78247
create[ns]	48	128	64	1024	GENERIC	12.53017
create-total[ms]	48	128	64	1024	GENERIC	1.64236
create[ns]	48	128	64	1024	CLMUL	11.74690
create-total[ms]	48	128	64	1024	CLMUL	1.53969
recover[ms]	48	128	128	0	GENERIC	21.20508
recover[ms]	48	128	128	0	CLMUL	10.15513
create[ns]	48	128	128	1024	GENERIC	12.52795
create-total[ms]	48	128	128	1024	GENERIC	1.64206
create[ns]	48	128	128	1024	CLMUL	11.74690
create-total[ms]	48	128	128	1024	CLMUL	1.53969
recover[ms]	48	256	8	0	GENERIC	0.38675
recover[ms]	48	256	8	0	CLMUL	0.08662
create[ns]	48	256	8	1024	GENERIC	11.83925
create-total[ms]	48	256	8	1024	GENERIC	3.10359
create[ns]	48	256	8	1024	CLMUL	11.70908
create-total[ms]	48	256	8	1024	CLMUL	3.06946
recover[ms]	48	256	16	0	GENERIC	0.91349
recover[ms]	48	256	16	0	CLMUL	0.25783
create[ns]	48	256	16	1024	GENERIC	11.82590
create-total[ms]	48	256	16	1024	GENERIC	3.10009
create[ns]	48	256	16	1024	CLMUL	11.70907
create-total[ms]	48	256	16	1024	CLMUL	3.06946
recover[ms]	48	256	32	0	GENERIC	2.75213
recover[ms]	48	256	32	0	CLMUL	0.83999
create[ns]	48	256	32	1024	GENERIC	11.82145
create-total[ms]	48	256	32	1024	GENERIC	3.09892
create[ns]	48	256	32	1024	CLMUL	11.71019
create-total[ms]	48	256	32	1024	CLMUL	3.06975
recover[ms]	48	256	64	0	GENERIC	7.82912
recover[ms]	48	256	64	0	CLMUL	2.90642
create[ns]	48	256	64	1024	GENERIC	11.82479
create-total[ms]	48	256	64	1024	GENERIC	3.09980
create[ns]	48	256	64	1024	CLMUL	11.71019
create-total[ms]	48	256	64	1024	CLMUL	3.06975
recover[ms]	48	256	128	0	GENERIC	23.17469
recover[ms]	48	256	128	0	CLMUL	10.47654
create[ns]	48	256	128	1024	GENERIC	11.83257
create-total[ms]	48	256	128	1024	GENERIC	3.10184
create[ns]	48	256	128	1024	CLMUL	11.71019
create-total[ms]	48	256	128	1024	CLMUL	3.06975
recover[ms]	48	256	256	0	GENERIC	72.81868
recover[ms]	48	256	256	0	CLMUL	38.29159
create[ns]	48	256	256	1024	GENERIC	11.82145
create-total[ms]	48	256	256	1024	GENERIC	3.09892
create[ns]	48	256	256	1024	CLMUL	11.70908
create-total[ms]	48	256	256	1024	CLMUL	3.06946
recover[ms]	48	512	8	0	GENERIC	1.08965
recover[ms]	48	512	8	0	CLMUL	0.11521
create[ns]	48	512	8	1024	GENERIC	11.48155
create-total[ms]	48	512	8	1024	GENERIC	6.01964
create[ns]	48	512	8	1024	CLMUL	11.69572
create-total[ms]	48	512	8	1024	CLMUL	6.13193
recover[ms]	48	512	16	0	GENERIC	1.77944
recover[ms]	48	512	16	0	CLMUL	0.31121
create[ns]	48	512	16	1024	GENERIC	11.47543
create-total[ms]	48	512	16	1024	GENERIC	6.01643
create[ns]	48	512	16	1024	CLMUL	11.69572
create-total[ms]	48	512	16	1024	CLMUL	6.13193
recover[ms]	48	512	32	0	GENERIC	3.95204
recover[ms]	48	512	32	0	CLMUL	0.95724
create[ns]	48	512	32	1024	GENERIC	11.47710
create-total[ms]	48	512	32	1024	GENERIC	6.01730
create[ns]	48	512	32	1024	CLMUL	11.69572
create-total[ms]	48	512	32	1024	CLMUL	6.13193
recover[ms]	48	512	64	0	GENERIC	10.26363
recover[ms]	48	512	64	0	CLMUL	3.14792
create[ns]	48	512	64	1024	GENERIC	11.47543
create-total[ms]	48	512	64	1024	GENERIC	6.01643
create[ns]	48	512	64	1024	CLMUL	11.69517
create-total[ms]	48	512	64	1024	CLMUL	6.13164
recover[ms]	48	512	128	0	GENERIC	27.70946
recover[ms]	48	512	128	0	CLMUL	10.79533
create[ns]	48	512	128	1024	GENERIC	11.48099
create-total[ms]	48	512	128	1024	GENERIC	6.01934
create[ns]	48	512	128	1024	CLMUL	11.69572
create-total[ms]	48	512	128	1024	CLMUL	6.13193
recover[ms]	48	512	256	0	GENERIC	81.48516
recover[ms]	48	512	256	0	CLMUL	39.07237
create[ns]	48	512	256	1024	GENERIC	11.47710
create-total[ms]	48	512	256	1024	GENERIC	6.01730
create[ns]	48	512	256	1024	CLMUL	11.69628
create-total[ms]	48	512	256	1024	CLMUL	6.13222
recover[ms]	48	512	384	0	GENERIC	160.23132
recover[ms]	48	512	384	0	CLMUL	84.01476
create[ns]	48	512	384	1024	GENERIC	11.47598
create-total[ms]	48	512	384	1024	GENERIC	6.01672
create[ns]	48	512	384	1024	CLMUL	11.69517
create-total[ms]	48	512	384	1024	CLMUL	6.13164
recover[ms]	48	512	512	0	GENERIC	263.05281
recover[ms]	48	512	512	0	CLMUL	145.54665
create[ns]	48	512	512	1024	GENERIC	11.47598
create-total[ms]	48	512	512	1024	GENERIC	6.01672
create[ns]	48	512	512	1024	CLMUL	11.69683
create-total[ms]	48	512	512	1024	CLMUL	6.13251
recover[ms]	48	1024	8	0	GENERIC	1.89785
recover[ms]	48	1024	8	0	CLMUL	0.17208
create[ns]	48	1024	8	1024	GENERIC	11.30297
create-total[ms]	48	1024	8	1024	GENERIC	11.85203
create[ns]	48	1024	8	1024	CLMUL	11.68988
create-total[ms]	48	1024	8	1024	CLMUL	12.25773
recover[ms]	48	1024	16	0	GENERIC	2.83263
recover[ms]	48	1024	16	0	CLMUL	0.42758
create[ns]	48	1024	16	1024	GENERIC	11.30687
create-total[ms]	48	1024	16	1024	GENERIC	11.85611
create[ns]	48	1024	16	1024	CLMUL	11.69044
create-total[ms]	48	1024	16	1024	CLMUL	12.25831
recover[ms]	48	1024	32	0	GENERIC	5.86097
recover[ms]	48	1024	32	0	CLMUL	1.17949
create[ns]	48	1024	32	1024	GENERIC	11.30270
create-total[ms]	48	1024	32	1024	GENERIC	11.85173
create[ns]	48	1024	32	1024	CLMUL	11.69044
create-total[ms]	48	1024	32	1024	CLMUL	12.25831
recover[ms]	48	1024	64	0	GENERIC	14.29529
recover[ms]	48	1024	64	0	CLMUL	3.57112
create[ns]	48	1024	64	1024	GENERIC	11.30297
create-total[ms]	48	1024	64	1024	GENERIC	11.85203
create[ns]	48	1024	64	1024	CLMUL	11.69072
create-total[ms]	48	1024	64	1024	CLMUL	12.25861
recover[ms]	48	1024	128	0	GENERIC	35.62025
recover[ms]	48	1024	128	0	CLMUL	11.66624
create[ns]	48	1024	128	1024	GENERIC	11.30297
create-total[ms]	48	1024	128	1024	GENERIC	11.85203
create[ns]	48	1024	128	1024	CLMUL	11.69016
create-total[ms]	48	1024	128	1024	CLMUL	12.25802
recover[ms]	48	1024	256	0	GENERIC	96.98356
recover[ms]	48	1024	256	0	CLMUL	40.78093
create[ns]	48	1024	256	1024	GENERIC	11.30576
create-total[ms]	48	1024	256	1024	GENERIC	11.85495
create[ns]	48	1024	256	1024	CLMUL	11.69044
create-total[ms]	48	1024	256	1024	CLMUL	12.25832
recover[ms]	48	1024	384	0	GENERIC	183.08498
recover[ms]	48	1024	384	0	CLMUL	86.37698
create[ns]	48	1024	384	1024	GENERIC	11.30270
create-total[ms]	48	1024	384	1024	GENERIC	11.85174
create[ns]	48	1024	384	1024	CLMUL	11.69100
create-total[ms]	48	1024	384	1024	CLMUL	12.25890
recover[ms]	48	1024	512	0	GENERIC	296.83515
recover[ms]	48	1024	512	0	CLMUL	149.04378
create[ns]	48	1024	512	1024	GENERIC	11.29936
create-total[ms]	48	1024	512	1024	GENERIC	11.84824
create[ns]	48	1024	512	1024	CLMUL	11.69100
create-total[ms]	48	1024	512	1024	CLMUL	12.25890
recover[ms]	48	1024	768	0	GENERIC	644.78285
recover[ms]	48	1024	768	0	CLMUL	323.80351
create[ns]	48	1024	768	1024	GENERIC	11.30326
create-total[ms]	48	1024	768	1024	GENERIC	11.85233
create[ns]	48	1024	768	1024	CLMUL	11.69017
create-total[ms]	48	1024	768	1024	CLMUL	12.25803
recover[ms]	48	1024	1024	0	GENERIC	1046.33974
recover[ms]	48	1024	1024	0	CLMUL	559.89918
create[ns]	48	1024	1024	1024	GENERIC	11.30437
create-total[ms]	48	1024	1024	1024	GENERIC	11.85349
create[ns]	48	1024	1024	1024	CLMUL	11.69044
create-total[ms]	48	1024	1024	1024	CLMUL	12.25832
recover[ms]	48	2048	8	0	GENERIC	3.74029
recover[ms]	48	2048	8	0	CLMUL	0.30071
create[ns]	48	2048	8	1024	GENERIC	11.22830
create-total[ms]	48	2048	8	1024	GENERIC	23.54744
create[ns]	48	2048	8	1024	CLMUL	11.68558
create-total[ms]	48	2048	8	1024	CLMUL	24.50643
recover[ms]	48	2048	16	0	GENERIC	5.12248
recover[ms]	48	2048	16	0	CLMUL	0.65216
create[ns]	48	2048	16	1024	GENERIC	11.22816
create-total[ms]	48	2048	16	1024	GENERIC	23.54715
create[ns]	48	2048	16	1024	CLMUL	11.68474
create-total[ms]	48	2048	16	1024	CLMUL	24.50468
recover[ms]	48	2048	32	0	GENERIC	9.67681
recover[ms]	48	2048	32	0	CLMUL	1.60327
create[ns]	48	2048	32	1024	GENERIC	11.22788
create-total[ms]	48	2048	32	1024	GENERIC	23.54657
create[ns]	48	2048	32	1024	CLMUL	11.68627
create-total[ms]	48	2048	32	1024	CLMUL	24.50789
recover[ms]	48	2048	64	0	GENERIC	22.24137
recover[ms]	48	2048	64	0	CLMUL	4.47528
create[ns]	48	2048	64	1024	GENERIC	11.22635
create-total[ms]	48	2048	64	1024	GENERIC	23.54336
create[ns]	48	2048	64	1024	CLMUL	11.68460
create-total[ms]	48	2048	64	1024	CLMUL	24.50439
recover[ms]	48	2048	128	0	GENERIC	50.99005
recover[ms]	48	2048	128	0	CLMUL	13.32581
create[ns]	48	2048	128	1024	GENERIC	11.22524
create-total[ms]	48	2048	128	1024	GENERIC	23.54103
create[ns]	48	2048	128	1024	CLMUL	11.68599
create-total[ms]	48	2048	128	1024	CLMUL	24.50731
recover[ms]	48	2048	256	0	GENERIC	125.43858
recover[ms]	48	2048	256	0	CLMUL	44.17242
create[ns]	48	2048	256	1024	GENERIC	11.22607
create-total[ms]	48	2048	256	1024	GENERIC	23.54278
create[ns]	48	2048	256	1024	CLMUL	11.68488
create-total[ms]	48	2048	256	1024	CLMUL	24.50497
recover[ms]	48	2048	384	0	GENERIC	229.34279
recover[ms]	48	2048	384	0	CLMUL	91.60884
create[ns]	48	2048	384	1024	GENERIC	11.22843
create-total[ms]	48	2048	384	1024	GENERIC	23.54773
create[ns]	48	2048	384	1024	CLMUL	11.68739
create-total[ms]	48	2048	384	1024	CLMUL	24.51022
recover[ms]	48	2048	512	0	GENERIC	371.09498
recover[ms]	48	2048	512	0	CLMUL	155.61874
create[ns]	48	2048	512	1024	GENERIC	11.22621
create-total[ms]	48	2048	512	1024	GENERIC	23.54307
create[ns]	48	2048	512	1024	CLMUL	11.68544
create-total[ms]	48	2048	512	1024	CLMUL	24.50614
recover[ms]	48	2048	768	0	GENERIC	854.06853
recover[ms]	48	2048	768	0	CLMUL	335.11393
create[ns]	48	2048	768	1024	GENERIC	11.22371
create-total[ms]	48	2048	768	1024	GENERIC	23.53782
create[ns]	48	2048	768	1024	CLMUL	11.68725
create-total[ms]	48	2048	768	1024	CLMUL	24.50993
recover[ms]	48	2048	1024	0	GENERIC	1430.13578
recover[ms]	48	2048	1024	0	CLMUL	573.33232
create[ns]	48	2048	1024	1024	GENERIC	11.23108
create-total[ms]	48	2048	1024	1024	GENERIC	23.55328
create[ns]	48	2048	1024	1024	CLMUL	11.68794
create-total[ms]	48	2048	1024	1024	CLMUL	24.51139
recover[ms]	48	2048	1536	0	GENERIC	2731.31960
recover[ms]	48	2048	1536	0	CLMUL	1261.20406
create[ns]	48	2048	1536	1024	GENERIC	11.22663
create-total[ms]	48	2048	1536	1024	GENERIC	23.54394
create[ns]	48	2048	1536	1024	CLMUL	11.68641
create-total[ms]	48	2048	1536	1024	CLMUL	24.50818
recover[ms]	48	2048	2048	0	GENERIC	4257.24405
recover[ms]	48	2048	2048	0	CLMUL	2190.14900
create[ns]	48	2048	2048	1024	GENERIC	11.23302
create-total[ms]	48	2048	2048	1024	GENERIC	23.55736
create[ns]	48	2048	2048	1024	CLMUL	11.68627
create-total[ms]	48	2048	2048	1024	CLMUL	24.50789
recover[ms]	48	3072	8	0	GENERIC	5.30419
recover[ms]	48	3072	8	0	CLMUL	0.41650
create[ns]	48	3072	8	1024	GENERIC	11.21805
create-total[ms]	48	3072	8	1024	GENERIC	35.28894
create[ns]	48	3072	8	1024	CLMUL	11.68637
create-total[ms]	48	3072	8	1024	CLMUL	36.76213
recover[ms]	48	3072	16	0	GENERIC	7.32250
recover[ms]	48	3072	16	0	CLMUL	0.88024
create[ns]	48	3072	16	1024	GENERIC	11.21573
create-total[ms]	48	3072	16	1024	GENERIC	35.28164
create[ns]	48	3072	16	1024	CLMUL	11.68544
create-total[ms]	48	3072	16	1024	CLMUL	36.75921
recover[ms]	48	3072	32	0	GENERIC	13.69797
recover[ms]	48	3072	32	0	CLMUL	2.03202
create[ns]	48	3072	32	1024	GENERIC	11.21035
create-total[ms]	48	3072	32	1024	GENERIC	35.26473
create[ns]	48	3072	32	1024	CLMUL	11.68664
create-total[ms]	48	3072	32	1024	CLMUL	36.76300
recover[ms]	48	3072	64	0	GENERIC	31.08869
recover[ms]	48	3072	64	0	CLMUL	5.33190
create[ns]	48	3072	64	1024	GENERIC	11.21035
create-total[ms]	48	3072	64	1024	GENERIC	35.26473
create[ns]	48	3072	64	1024	CLMUL	11.68349
create-total[ms]	48	3072	64	1024	CLMUL	36.75309
recover[ms]	48	3072	128	0	GENERIC	68.13169
recover[ms]	48	3072	128	0	CLMUL	14.96408
create[ns]	48	3072	128	1024	GENERIC	11.21165
create-total[ms]	48	3072	128	1024	GENERIC	35.26881
create[ns]	48	3072	128	1024	CLMUL	11.68924
create-total[ms]	48	3072	128	1024	CLMUL	36.77117
recover[ms]	48	3072	256	0	GENERIC	160.39298
recover[ms]	48	3072	256	0	CLMUL	47.46588
create[ns]	48	3072	256	1024	GENERIC	11.21073
create-total[ms]	48	3072	256	1024	GENERIC	35.26589
create[ns]	48	3072	256	1024	CLMUL	11.68711
create-total[ms]	48	3072	256	1024	CLMUL	36.76446
recover[ms]	48	3072	384	0	GENERIC	284.52667
recover[ms]	48	3072	384	0	CLMUL	96.53270
create[ns]	48	3072	384	1024	GENERIC	11.21110
create-total[ms]	48	3072	384	1024	GENERIC	35.26706
create[ns]	48	3072	384	1024	CLMUL	11.68423
create-total[ms]	48	3072	384	1024	CLMUL	36.75542
recover[ms]	48	3072	512	0	GENERIC	461.92333
recover[ms]	48	3072	512	0	CLMUL	162.74000
create[ns]	48	3072	512	1024	GENERIC	11.21397
create-total[ms]	48	3072	512	1024	GENERIC	35.27610
create[ns]	48	3072	512	1024	CLMUL	11.68414
create-total[ms]	48	3072	512	1024	CLMUL	36.75513
recover[ms]	48	3072	768	0	GENERIC	1087.19273
recover[ms]	48	3072	768	0	CLMUL	345.15706
create[ns]	48	3072	768	1024	GENERIC	11.21647
create-total[ms]	48	3072	768	1024	GENERIC	35.28398
create[ns]	48	3072	768	1024	CLMUL	11.68340
create-total[ms]	48	3072	768	1024	CLMUL	36.75279
recover[ms]	48	3072	1024	0	GENERIC	1832.50174
recover[ms]	48	3072	1024	0	CLMUL	585.99489
create[ns]	48	3072	1024	1024	GENERIC	11.21304
create-total[ms]	48	3072	1024	1024	GENERIC	35.27318
create[ns]	48	3072	1024	1024	CLMUL	11.68451
create-total[ms]	48	3072	1024	1024	CLMUL	36.75629
recover[ms]	48	3072	1536	0	GENERIC	3387.79874
recover[ms]	48	3072	1536	0	CLMUL	1266.67683
create[ns]	48	3072	1536	1024	GENERIC	11.21063
create-total[ms]	48	3072	1536	1024	GENERIC	35.26560
create[ns]	48	3072	1536	1024	CLMUL	11.68497
create-total[ms]	48	3072	1536	1024	CLMUL	36.75775
recover[ms]	48	3072	2048	0	GENERIC	5214.80817
recover[ms]	48	3072	2048	0	CLMUL	2221.94031
create[ns]	48	3072	2048	1024	GENERIC	11.21212
create-total[ms]	48	3072	2048	1024	GENERIC	35.27027
create[ns]	48	3072	2048	1024	CLMUL	11.68581
create-total[ms]	48	3072	2048	1024	CLMUL	36.76038
recover[ms]	48	4096	8	0	GENERIC	6.91855
recover[ms]	48	4096	8	0	CLMUL	0.53783
create[ns]	48	4096	8	1024	GENERIC	11.20298
create-total[ms]	48	4096	8	1024	GENERIC	46.98872
create[ns]	48	4096	8	1024	CLMUL	11.68794
create-total[ms]	48	4096	8	1024	CLMUL	49.02278
recover[ms]	48	4096	16	0	GENERIC	9.11536
recover[ms]	48	4096	16	0	CLMUL	1.11036
create[ns]	48	4096	16	1024	GENERIC	11.19902
create-total[ms]	48	4096	16	1024	GENERIC	46.97209
create[ns]	48	4096	16	1024	CLMUL	11.68766
create-total[ms]	48	4096	16	1024	CLMUL	49.02161
recover[ms]	48	4096	32	0	GENERIC	16.64348
recover[ms]	48	4096	32	0	CLMUL	2.47243
create[ns]	48	4096	32	1024	GENERIC	11.19485
create-total[ms]	48	4096	32	1024	GENERIC	46.95460
create[ns]	48	4096	32	1024	CLMUL	11.68892
create-total[ms]	48	4096	32	1024	CLMUL	49.02686
recover[ms]	48	4096	64	0	GENERIC	38.27061
recover[ms]	48	4096	64	0	CLMUL	6.20893
create[ns]	48	4096	64	1024	GENERIC	11.19568
create-total[ms]	48	4096	64	1024	GENERIC	46.95810
create[ns]	48	4096	64	1024	CLMUL	11.68565
create-total[ms]	48	4096	64	1024	CLMUL	49.01316
recover[ms]	48	4096	128	0	GENERIC	82.23711
recover[ms]	48	4096	128	0	CLMUL	16.70181
create[ns]	48	4096	128	1024	GENERIC	11.19714
create-total[ms]	48	4096	128	1024	GENERIC	46.96422
create[ns]	48	4096	128	1024	CLMUL	11.68690
create-total[ms]	48	4096	128	1024	CLMUL	49.01841
recover[ms]	48	4096	256	0	GENERIC	185.43753
recover[ms]	48	4096	256	0	CLMUL	50.79289
create[ns]	48	4096	256	1024	GENERIC	11.19568
create-total[ms]	48	4096	256	1024	GENERIC	46.95810
create[ns]	48	4096	256	1024	CLMUL	11.68752
create-total[ms]	48	4096	256	1024	CLMUL	49.02103
recover[ms]	48	4096	384	0	GENERIC	322.41374
recover[ms]	48	4096	384	0	CLMUL	101.57002
create[ns]	48	4096	384	1024	GENERIC	11.19784
create-total[ms]	48	4096	384	1024	GENERIC	46.96714
create[ns]	48	4096	384	1024	CLMUL	11.69128
create-total[ms]	48	4096	384	1024	CLMUL	49.03678
recover[ms]	48	4096	512	0	GENERIC	521.87795
recover[ms]	48	4096	512	0	CLMUL	169.54975
create[ns]	48	4096	512	1024	GENERIC	11.19881
create-total[ms]	48	4096	512	1024	GENERIC	46.97122
create[ns]	48	4096	512	1024	CLMUL	11.68718
create-total[ms]	48	4096	512	1024	CLMUL	49.01957
recover[ms]	48	4096	768	0	GENERIC	1294.06402
recover[ms]	48	4096	768	0	CLMUL	359.82452
create[ns]	48	4096	768	1024	GENERIC	11.19589
create-total[ms]	48	4096	768	1024	GENERIC	46.95897
create[ns]	48	4096	768	1024	CLMUL	11.68829
create-total[ms]	48	4096	768	1024	CLMUL	49.02424
recover[ms]	48	4096	1024	0	GENERIC	2209.56649
recover[ms]	48	4096	1024	0	CLMUL	607.39073
create[ns]	48	4096	1024	1024	GENERIC	11.19367
create-total[ms]	48	4096	1024	1024	GENERIC	46.94964
create[ns]	48	4096	1024	1024	CLMUL	11.68586
create-total[ms]	48	4096	1024	1024	CLMUL	49.01403
recover[ms]	48	4096	1536	0	GENERIC	4022.16162
recover[ms]	48	4096	1536	0	CLMUL	1297.95977
create[ns]	48	4096	1536	1024	GENERIC	11.19888
create-total[ms]	48	4096	1536	1024	GENERIC	46.97151
create[ns]	48	4096	1536	1024	CLMUL	11.68690
create-total[ms]	48	4096	1536	1024	CLMUL	49.01841
recover[ms]	48	4096	2048	0	GENERIC	6027.92433
recover[ms]	48	4096	2048	0	CLMUL	2252.89729
create[ns]	48	4096	2048	1024	GENERIC	11.19834
create-total[ms]	48	4096	2048	1024	GENERIC	46.96925
create[ns]	48	4096	2048	1024	CLMUL	11.68838
create-total[ms]	48	4096	2048	1024	CLMUL	49.02461
recover[ms]	48	5120	8	0	GENERIC	9.05091
recover[ms]	48	5120	8	0	CLMUL	0.66616
create[ns]	48	5120	8	1024	GENERIC	11.19674
create-total[ms]	48	5120	8	1024	GENERIC	58.70318
create[ns]	48	5120	8	1024	CLMUL	11.68729
create-total[ms]	48	5120	8	1024	CLMUL	61.27507
recover[ms]	48	5120	16	0	GENERIC	11.29206
recover[ms]	48	5120	16	0	CLMUL	1.34603
create[ns]	48	5120	16	1024	GENERIC	11.19485
create-total[ms]	48	5120	16	1024	GENERIC	58.69327
create[ns]	48	5120	16	1024	CLMUL	11.68985
create-total[ms]	48	5120	16	1024	CLMUL	61.28849
recover[ms]	48	5120	32	0	GENERIC	19.91918
recover[ms]	48	5120	32	0	CLMUL	2.89185
create[ns]	48	5120	32	1024	GENERIC	11.19719
create-total[ms]	48	5120	32	1024	GENERIC	58.70552
create[ns]	48	5120	32	1024	CLMUL	11.68813
create-total[ms]	48	5120	32	1024	CLMUL	61.27945
recover[ms]	48	5120	64	0	GENERIC	46.29084
recover[ms]	48	5120	64	0	CLMUL	7.09239
create[ns]	48	5120	64	1024	GENERIC	11.19702
create-total[ms]	48	5120	64	1024	GENERIC	58.70464
create[ns]	48	5120	64	1024	CLMUL	11.68868
create-total[ms]	48	5120	64	1024	CLMUL	61.28236
recover[ms]	48	5120	128	0	GENERIC	97.42564
recover[ms]	48	5120	128	0	CLMUL	18.40661
create[ns]	48	5120	128	1024	GENERIC	11.19708
create-total[ms]	48	5120	128	1024	GENERIC	58.70493
create[ns]	48	5120	128	1024	CLMUL	11.68663
create-total[ms]	48	5120	128	1024	CLMUL	61.27157
recover[ms]	48	5120	256	0	GENERIC	215.74987
recover[ms]	48	5120	256	0	CLMUL	54.08702
create[ns]	48	5120	256	1024	GENERIC	11.19246
create-total[ms]	48	5120	256	1024	GENERIC	58.68072
create[ns]	48	5120	256	1024	CLMUL	11.68757
create-total[ms]	48	5120	256	1024	CLMUL	61.27653
recover[ms]	48	5120	384	0	GENERIC	371.00604
recover[ms]	48	5120	384	0	CLMUL	106.60955
create[ns]	48	5120	384	1024	GENERIC	11.19708
create-total[ms]	48	5120	384	1024	GENERIC	58.70493
create[ns]	48	5120	384	1024	CLMUL	11.68701
create-total[ms]	48	5120	384	1024	CLMUL	61.27362
recover[ms]	48	5120	512	0	GENERIC	597.91788
recover[ms]	48	5120	512	0	CLMUL	176.29271
create[ns]	48	5120	512	1024	GENERIC	11.19519
create-total[ms]	48	5120	512	1024	GENERIC	58.69502
create[ns]	48	5120	512	1024	CLMUL	11.68818
create-total[ms]	48	5120	512	1024	CLMUL	61.27974
recover[ms]	48	5120	768	0	GENERIC	1511.38863
recover[ms]	48	5120	768	0	CLMUL	369.87642
create[ns]	48	5120	768	1024	GENERIC	11.19519
create-total[ms]	48	5120	768	1024	GENERIC	58.69502
create[ns]	48	5120	768	1024	CLMUL	11.68757
create-total[ms]	48	5120	768	1024	CLMUL	61.27653
recover[ms]	48	5120	1024	0	GENERIC	2593.32121
recover[ms]	48	5120	1024	0	CLMUL	621.26003
create[ns]	48	5120	1024	1024	GENERIC	11.19658
create-total[ms]	48	5120	1024	1024	GENERIC	58.70231
create[ns]	48	5120	1024	1024	CLMUL	11.68790
create-total[ms]	48	5120	1024	1024	CLMUL	61.27828
recover[ms]	48	5120	1536	0	GENERIC	4681.92543
recover[ms]	48	5120	1536	0	CLMUL	1315.95694
create[ns]	48	5120	1536	1024	GENERIC	11.19524
create-total[ms]	48	5120	1536	1024	GENERIC	58.69531
create[ns]	48	5120	1536	1024	CLMUL	11.68707
create-total[ms]	48	5120	1536	1024	CLMUL	61.27391
recover[ms]	48	5120	2048	0	GENERIC	6970.12746
recover[ms]	48	5120	2048	0	CLMUL	2282.45188
create[ns]	48	5120	2048	1024	GENERIC	11.19474
create-total[ms]	48	5120	2048	1024	GENERIC	58.69268
create[ns]	48	5120	2048	1024	CLMUL	11.68679
create-total[ms]	48	5120	2048	1024	CLMUL	61.27245
recover[ms]	48	6144	8	0	GENERIC	10.72623
recover[ms]	48	6144	8	0	CLMUL	0.79216
create[ns]	48	6144	8	1024	GENERIC	11.19155
create-total[ms]	48	6144	8	1024	GENERIC	70.41115
create[ns]	48	6144	8	1024	CLMUL	11.68597
create-total[ms]	48	6144	8	1024	CLMUL	73.52175
recover[ms]	48	6144	16	0	GENERIC	13.43462
recover[ms]	48	6144	16	0	CLMUL	1.56536
create[ns]	48	6144	16	1024	GENERIC	11.18863
create-total[ms]	48	6144	16	1024	GENERIC	70.39278
create[ns]	48	6144	16	1024	CLMUL	11.68657
create-total[ms]	48	6144	16	1024	CLMUL	73.52554
recover[ms]	48	6144	32	0	GENERIC	23.16744
recover[ms]	48	6144	32	0	CLMUL	3.33518
create[ns]	48	6144	32	1024	GENERIC	11.18988
create-total[ms]	48	6144	32	1024	GENERIC	70.40065
create[ns]	48	6144	32	1024	CLMUL	11.69148
create-total[ms]	48	6144	32	1024	CLMUL	73.55645
recover[ms]	48	6144	64	0	GENERIC	54.43176
recover[ms]	48	6144	64	0	CLMUL	7.97322
create[ns]	48	6144	64	1024	GENERIC	11.18673
create-total[ms]	48	6144	64	1024	GENERIC	70.38082
create[ns]	48	6144	64	1024	CLMUL	11.68958
create-total[ms]	48	6144	64	1024	CLMUL	73.54450
recover[ms]	48	6144	128	0	GENERIC	114.11319
recover[ms]	48	6144	128	0	CLMUL	20.07668
create[ns]	48	6144	128	1024	GENERIC	11.18743
create-total[ms]	48	6144	128	1024	GENERIC	70.38519
create[ns]	48	6144	128	1024	CLMUL	11.68875
create-total[ms]	48	6144	128	1024	CLMUL	73.53925
recover[ms]	48	6144	256	0	GENERIC	245.38029
recover[ms]	48	6144	256	0	CLMUL	57.43707
create[ns]	48	6144	256	1024	GENERIC	11.18775
create-total[ms]	48	6144	256	1024	GENERIC	70.38724
create[ns]	48	6144	256	1024	CLMUL	11.69014
create-total[ms]	48	6144	256	1024	CLMUL	73.54800
recover[ms]	48	6144	384	0	GENERIC	415.34098
recover[ms]	48	6144	384	0	CLMUL	111.38205
create[ns]	48	6144	384	1024	GENERIC	11.18724
create-total[ms]	48	6144	384	1024	GENERIC	70.38403
create[ns]	48	6144	384	1024	CLMUL	11.68736
create-total[ms]	48	6144	384	1024	CLMUL	73.53050
recover[ms]	48	6144	512	0	GENERIC	668.91907
recover[ms]	48	6144	512	0	CLMUL	182.94002
create[ns]	48	6144	512	1024	GENERIC	11.18770
create-total[ms]	48	6144	512	1024	GENERIC	70.38695
create[ns]	48	6144	512	1024	CLMUL	11.68968
create-total[ms]	48	6144	512	1024	CLMUL	73.54508
recover[ms]	48	6144	768	0	GENERIC	1735.60871
recover[ms]	48	6144	768	0	CLMUL	379.26129
create[ns]	48	6144	768	1024	GENERIC	11.18413
create-total[ms]	48	6144	768	1024	GENERIC	70.36449
create[ns]	48	6144	768	1024	CLMUL	11.68727
create-total[ms]	48	6144	768	1024	CLMUL	73.52991
recover[ms]	48	6144	1024	0	GENERIC	2975.05056
recover[ms]	48	6144	1024	0	CLMUL	634.08887
create[ns]	48	6144	1024	1024	GENERIC	11.18956
create-total[ms]	48	6144	1024	1024	GENERIC	70.39861
create[ns]	48	6144	1024	1024	CLMUL	11.69088
create-total[ms]	48	6144	1024	1024	CLMUL	73.55266
recover[ms]	48	6144	1536	0	GENERIC	5325.85241
recover[ms]	48	6144	1536	0	CLMUL	1333.17823
create[ns]	48	6144	1536	1024	GENERIC	11.18845
create-total[ms]	48	6144	1536	1024	GENERIC	70.39161
create[ns]	48	6144	1536	1024	CLMUL	11.68935
create-total[ms]	48	6144	1536	1024	CLMUL	73.54304
recover[ms]	48	6144	2048	0	GENERIC	7778.82031
recover[ms]	48	6144	2048	0	CLMUL	2296.95059
create[ns]	48	6144	2048	1024	GENERIC	11.19031
create-total[ms]	48	6144	2048	1024	GENERIC	70.40333
create[ns]	48	6144	2048	1024	CLMUL	11.68941
create-total[ms]	48	6144	2048	1024	CLMUL	73.54339
recover[ms]	48	7168	8	0	GENERIC	11.94423
recover[ms]	48	7168	8	0	CLMUL	0.91378
create[ns]	48	7168	8	1024	GENERIC	11.18098
create-total[ms]	48	7168	8	1024	GENERIC	82.06873
create[ns]	48	7168	8	1024	CLMUL	11.69091
create-total[ms]	48	7168	8	1024	CLMUL	85.81166
recover[ms]	48	7168	16	0	GENERIC	15.03266
recover[ms]	48	7168	16	0	CLMUL	1.79840
create[ns]	48	7168	16	1024	GENERIC	11.18543
create-total[ms]	48	7168	16	1024	GENERIC	82.10140
create[ns]	48	7168	16	1024	CLMUL	11.68876
create-total[ms]	48	7168	16	1024	CLMUL	85.79591
recover[ms]	48	7168	32	0	GENERIC	26.24481
recover[ms]	48	7168	32	0	CLMUL	3.76392
create[ns]	48	7168	32	1024	GENERIC	11.18328
create-total[ms]	48	7168	32	1024	GENERIC	82.08565
create[ns]	48	7168	32	1024	CLMUL	11.68869
create-total[ms]	48	7168	32	1024	CLMUL	85.79532
recover[ms]	48	7168	64	0	GENERIC	62.31374
recover[ms]	48	7168	64	0	CLMUL	8.85492
create[ns]	48	7168	64	1024	GENERIC	11.18288
create-total[ms]	48	7168	64	1024	GENERIC	82.08273
create[ns]	48	7168	64	1024	CLMUL	11.68872
create-total[ms]	48	7168	64	1024	CLMUL	85.79561
recover[ms]	48	7168	128	0	GENERIC	128.38178
recover[ms]	48	7168	128	0	CLMUL	21.82639
create[ns]	48	7168	128	1024	GENERIC	11.18666
create-total[ms]	48	7168	128	1024	GENERIC	82.11044
create[ns]	48	7168	128	1024	CLMUL	11.68964
create-total[ms]	48	7168	128	1024	CLMUL	85.80232
recover[ms]	48	7168	256	0	GENERIC	273.92741
recover[ms]	48	7168	256	0	CLMUL	60.81779
create[ns]	48	7168	256	1024	GENERIC	11.18428
create-total[ms]	48	7168	256	1024	GENERIC	82.09294
create[ns]	48	7168	256	1024	CLMUL	11.69000
create-total[ms]	48	7168	256	1024	CLMUL	85.80495
recover[ms]	48	7168	384	0	GENERIC	458.53794
recover[ms]	48	7168	384	0	CLMUL	116.65309
create[ns]	48	7168	384	1024	GENERIC	11.17899
create-total[ms]	48	7168	384	1024	GENERIC	82.05415
create[ns]	48	7168	384	1024	CLMUL	11.68813
create-total[ms]	48	7168	384	1024	CLMUL	85.79124
recover[ms]	48	7168	512	0	GENERIC	725.19386
recover[ms]	48	7168	512	0	CLMUL	189.70473
create[ns]	48	7168	512	1024	GENERIC	11.18288
create-total[ms]	48	7168	512	1024	GENERIC	82.08273
create[ns]	48	7168	512	1024	CLMUL	11.68849
create-total[ms]	48	7168	512	1024	CLMUL	85.79386
recover[ms]	48	7168	768	0	GENERIC	1960.87920
recover[ms]	48	7168	768	0	CLMUL	389.79213
create[ns]	48	7168	768	1024	GENERIC	11.17947
create-total[ms]	48	7168	768	1024	GENERIC	82.05765
create[ns]	48	7168	768	1024	CLMUL	11.68872
create-total[ms]	48	7168	768	1024	CLMUL	85.79561
recover[ms]	48	7168	1024	0	GENERIC	3362.63631
recover[ms]	48	7168	1024	0	CLMUL	647.32539
create[ns]	48	7168	1024	1024	GENERIC	11.18312
create-total[ms]	48	7168	1024	1024	GENERIC	82.08448
create[ns]	48	7168	1024	1024	CLMUL	11.69051
create-total[ms]	48	7168	1024	1024	CLMUL	85.80874
recover[ms]	48	7168	1536	0	GENERIC	5963.92525
recover[ms]	48	7168	1536	0	CLMUL	1348.78275
create[ns]	48	7168	1536	1024	GENERIC	11.18098
create-total[ms]	48	7168	1536	1024	GENERIC	82.06873
create[ns]	48	7168	1536	1024	CLMUL	11.68757
create-total[ms]	48	7168	1536	1024	CLMUL	85.78716
recover[ms]	48	7168	2048	0	GENERIC	8620.31653
recover[ms]	48	7168	2048	0	CLMUL	2347.69839
create[ns]	48	7168	2048	1024	GENERIC	11.18217
create-total[ms]	48	7168	2048	1024	GENERIC	82.07748
create[ns]	48	7168	2048	1024	CLMUL	11.69127
create-total[ms]	48	7168	2048	1024	CLMUL	85.81428
recover[ms]	48	8192	8	0	GENERIC	13.58309
recover[ms]	48	8192	8	0	CLMUL	1.03337
create[ns]	48	8192	8	1024	GENERIC	11.17926
create-total[ms]	48	8192	8	1024	GENERIC	93.77846
create[ns]	48	8192	8	1024	CLMUL	11.68873
create-total[ms]	48	8192	8	1024	CLMUL	98.05221
recover[ms]	48	8192	16	0	GENERIC	17.01393
recover[ms]	48	8192	16	0	CLMUL	2.01336
create[ns]	48	8192	16	1024	GENERIC	11.17902
create-total[ms]	48	8192	16	1024	GENERIC	93.77642
create[ns]	48	8192	16	1024	CLMUL	11.68912
create-total[ms]	48	8192	16	1024	CLMUL	98.05542
recover[ms]	48	8192	32	0	GENERIC	29.77890
recover[ms]	48	8192	32	0	CLMUL	4.18596
create[ns]	48	8192	32	1024	GENERIC	11.17871
create-total[ms]	48	8192	32	1024	GENERIC	93.77379
create[ns]	48	8192	32	1024	CLMUL	11.69033
create-total[ms]	48	8192	32	1024	CLMUL	98.06563
recover[ms]	48	8192	64	0	GENERIC	69.59105
recover[ms]	48	8192	64	0	CLMUL	9.73458
create[ns]	48	8192	64	1024	GENERIC	11.17777
create-total[ms]	48	8192	64	1024	GENERIC	93.76592
create[ns]	48	8192	64	1024	CLMUL	11.68696
create-total[ms]	48	8192	64	1024	CLMUL	98.03734
recover[ms]	48	8192	128	0	GENERIC	145.26417
recover[ms]	48	8192	128	0	CLMUL	23.47663
create[ns]	48	8192	128	1024	GENERIC	11.18159
create-total[ms]	48	8192	128	1024	GENERIC	93.79800
create[ns]	48	8192	128	1024	CLMUL	11.68894
create-total[ms]	48	8192	128	1024	CLMUL	98.05396
recover[ms]	48	8192	256	0	GENERIC	303.25802
recover[ms]	48	8192	256	0	CLMUL	64.15385
create[ns]	48	8192	256	1024	GENERIC	11.18201
create-total[ms]	48	8192	256	1024	GENERIC	93.80150
create[ns]	48	8192	256	1024	CLMUL	11.69068
create-total[ms]	48	8192	256	1024	CLMUL	98.06855
recover[ms]	48	8192	384	0	GENERIC	502.92658
recover[ms]	48	8192	384	0	CLMUL	121.46496
create[ns]	48	8192	384	1024	GENERIC	11.17975
create-total[ms]	48	8192	384	1024	GENERIC	93.78254
create[ns]	48	8192	384	1024	CLMUL	11.68950
create-total[ms]	48	8192	384	1024	CLMUL	98.05863
recover[ms]	48	8192	512	0	GENERIC	787.97747
recover[ms]	48	8192	512	0	CLMUL	196.07235
create[ns]	48	8192	512	1024	GENERIC	11.17822
create-total[ms]	48	8192	512	1024	GENERIC	93.76971
create[ns]	48	8192	512	1024	CLMUL	11.68825
create-total[ms]	48	8192	512	1024	CLMUL	98.04813
recover[ms]	48	8192	768	0	GENERIC	2199.43037
recover[ms]	48	8192	768	0	CLMUL	400.33345
create[ns]	48	8192	768	1024	GENERIC	11.17864
create-total[ms]	48	8192	768	1024	GENERIC	93.77321
create[ns]	48	8192	768	1024	CLMUL	11.68887
create-total[ms]	48	8192	768	1024	CLMUL	98.05338
recover[ms]	48	8192	1024	0	GENERIC	3753.35710
recover[ms]	48	8192	1024	0	CLMUL	661.66797
create[ns]	48	8192	1024	1024	GENERIC	11.17933
create-total[ms]	48	8192	1024	1024	GENERIC	93.77904
create[ns]	48	8192	1024	1024	CLMUL	11.68752
create-total[ms]	48	8192	1024	1024	CLMUL	98.04201
recover[ms]	48	8192	1536	0	GENERIC	6619.73631
recover[ms]	48	8192	1536	0	CLMUL	1376.34232
create[ns]	48	8192	1536	1024	GENERIC	11.18028
create-total[ms]	48	8192	1536	1024	GENERIC	93.78701
create[ns]	48	8192	1536	1024	CLMUL	11.68930
create-total[ms]	48	8192	1536	1024	CLMUL	98.05698
recover[ms]	48	8192	2048	0	GENERIC	9534.97220
recover[ms]	48	8192	2048	0	CLMUL	2364.11214
create[ns]	48	8192	2048	1024	GENERIC	11.18115
create-total[ms]	48	8192	2048	1024	GENERIC	93.79430
create[ns]	48	8192	2048	1024	CLMUL	11.68972
create-total[ms]	48	8192	2048	1024	CLMUL	98.06048
recover[ms]	58	128	8	0	GENERIC	0.36341
recover[ms]	58	128	8	0	CLMUL	0.09742
recover[ms]	58	128	8	0	CLMUL_TRI	0.12658
create[ns]	58	128	8	1024	GENERIC	14.65976
create-total[ms]	58	128	8	1024	GENERIC	1.92148
create[ns]	58	128	8	1024	CLMUL	19.55526
create-total[ms]	58	128	8	1024	CLMUL	2.56315
create[ns]	58	128	8	1024	CLMUL_TRI	20.47427
create-total[ms]	58	128	8	1024	CLMUL_TRI	2.68360
recover[ms]	58	128	16	0	GENERIC	1.04445
recover[ms]	58	128	16	0	CLMUL	0.34912
recover[ms]	58	128	16	0	CLMUL_TRI	0.45179
create[ns]	58	128	16	1024	GENERIC	14.65754
create-total[ms]	58	128	16	1024	GENERIC	1.92119
create[ns]	58	128	16	1024	CLMUL	19.55748
create-total[ms]	58	128	16	1024	CLMUL	2.56344
create[ns]	58	128	16	1024	CLMUL_TRI	20.47649
create-total[ms]	58	128	16	1024	CLMUL_TRI	2.68390
recover[ms]	58	128	32	0	GENERIC	3.14268
recover[ms]	58	128	32	0	CLMUL	1.23082
recover[ms]	58	128	32	0	CLMUL_TRI	1.60882
create[ns]	58	128	32	1024	GENERIC	14.65977
create-total[ms]	58	128	32	1024	GENERIC	1.92148
create[ns]	58	128	32	1024	CLMUL	19.55748
create-total[ms]	58	128	32	1024	CLMUL	2.56344
create[ns]	58	128	32	1024	CLMUL_TRI	20.47427
create-total[ms]	58	128	32	1024	CLMUL_TRI	2.68360
recover[ms]	58	128	64	0	GENERIC	9.61938
recover[ms]	58	128	64	0	CLMUL	4.33005
recover[ms]	58	128	64	0	CLMUL_TRI	5.86391
create[ns]	58	128	64	1024	GENERIC	14.65754
create-total[ms]	58	128	64	1024	GENERIC	1.92119
create[ns]	58	128	64	1024	CLMUL	19.55525
create-total[ms]	58	128	64	1024	CLMUL	2.56315
create[ns]	58	128	64	1024	CLMUL_TRI	20.47649
create-total[ms]	58	128	64	1024	CLMUL_TRI	2.68390
recover[ms]	58	128	128	0	GENERIC	30.33689
recover[ms]	58	128	128	0	CLMUL	15.92313
recover[ms]	58	128	128	0	CLMUL_TRI	21.85675
create[ns]	58	128	128	1024	GENERIC	14.65755
create-total[ms]	58	128	128	1024	GENERIC	1.92119
create[ns]	58	128	128	1024	CLMUL	19.55525
create-total[ms]	58	128	128	1024	CLMUL	2.56315
create[ns]	58	128	128	1024	CLMUL_TRI	20.47427
create-total[ms]	58	128	128	1024	CLMUL_TRI	2.68360
recover[ms]	58	256	8	0	GENERIC	0.54133
recover[ms]	58	256	8	0	CLMUL	0.12162
recover[ms]	58	256	8	0	CLMUL_TRI	0.16275
create[ns]	58	256	8	1024	GENERIC	13.86647
create-total[ms]	58	256	8	1024	GENERIC	3.63501
create[ns]	58	256	8	1024	CLMUL	19.53189
create-total[ms]	58	256	8	1024	CLMUL	5.12017
create[ns]	58	256	8	1024	CLMUL_TRI	20.41530
create-total[ms]	58	256	8	1024	CLMUL_TRI	5.35175
recover[ms]	58	256	16	0	GENERIC	1.29761
recover[ms]	58	256	16	0	CLMUL	0.37654
recover[ms]	58	256	16	0	CLMUL_TRI	0.49729
create[ns]	58	256	16	1024	GENERIC	13.86759
create-total[ms]	58	256	16	1024	GENERIC	3.63531
create[ns]	58	256	16	1024	CLMUL	19.52855
create-total[ms]	58	256	16	1024	CLMUL	5.11929
create[ns]	58	256	16	1024	CLMUL_TRI	20.42198
create-total[ms]	58	256	16	1024	CLMUL_TRI	5.35350
recover[ms]	58	256	32	0	GENERIC	3.71289
recover[ms]	58	256	32	0	CLMUL	1.26932
recover[ms]	58	256	32	0	CLMUL_TRI	1.72461
create[ns]	58	256	32	1024	GENERIC	13.85757
create-total[ms]	58	256	32	1024	GENERIC	3.63268
create[ns]	58	256	32	1024	CLMUL	19.52522
create-total[ms]	58	256	32	1024	CLMUL	5.11842
create[ns]	58	256	32	1024	CLMUL_TRI	20.41864
create-total[ms]	58	256	32	1024	CLMUL_TRI	5.35262
recover[ms]	58	256	64	0	GENERIC	10.97416
recover[ms]	58	256	64	0	CLMUL	4.49221
recover[ms]	58	256	64	0	CLMUL_TRI	6.08791
create[ns]	58	256	64	1024	GENERIC	13.85757
create-total[ms]	58	256	64	1024	GENERIC	3.63268
create[ns]	58	256	64	1024	CLMUL	19.53078
create-total[ms]	58	256	64	1024	CLMUL	5.11988
create[ns]	58	256	64	1024	CLMUL_TRI	20.41753
create-total[ms]	58	256	64	1024	CLMUL_TRI	5.35233
recover[ms]	58	256	128	0	GENERIC	32.44241
recover[ms]	58	256	128	0	CLMUL	16.26058
recover[ms]	58	256	128	0	CLMUL_TRI	22.55441
create[ns]	58	256	128	1024	GENERIC	13.85757
create-total[ms]	58	256	128	1024	GENERIC	3.63268
create[ns]	58	256	128	1024	CLMUL	19.52967
create-total[ms]	58	256	128	1024	CLMUL	5.11959
create[ns]	58	256	128	1024	CLMUL_TRI	20.41642
create-total[ms]	58	256	128	1024	CLMUL_TRI	5.35204
recover[ms]	58	256	256	0	GENERIC	104.68593
recover[ms]	58	256	256	0	CLMUL	60.20769
recover[ms]	58	256	256	0	CLMUL_TRI	84.45055
create[ns]	58	256	256	1024	GENERIC	13.85646
create-total[ms]	58	256	256	1024	GENERIC	3.63239
create[ns]	58	256	256	1024	CLMUL	19.53189
create-total[ms]	58	256	256	1024	CLMUL	5.12017
create[ns]	58	256	256	1024	CLMUL_TRI	20.41642
create-total[ms]	58	256	256	1024	CLMUL_TRI	5.35204
recover[ms]	58	512	8	0	GENERIC	1.27399
recover[ms]	58	512	8	0	CLMUL	0.15225
recover[ms]	58	512	8	0	CLMUL_TRI	0.20650
create[ns]	58	512	8	1024	GENERIC	13.47484
create-total[ms]	58	512	8	1024	GENERIC	7.06470
create[ns]	58	512	8	1024	CLMUL	19.51520
create-total[ms]	58	512	8	1024	CLMUL	10.23159
create[ns]	58	512	8	1024	CLMUL_TRI	20.44479
create-total[ms]	58	512	8	1024	CLMUL_TRI	10.71896
recover[ms]	58	512	16	0	GENERIC	2.19448
recover[ms]	58	512	16	0	CLMUL	0.44041
recover[ms]	58	512	16	0	CLMUL_TRI	0.61191
create[ns]	58	512	16	1024	GENERIC	13.47762
create-total[ms]	58	512	16	1024	GENERIC	7.06615
create[ns]	58	512	16	1024	CLMUL	19.51854
create-total[ms]	58	512	16	1024	CLMUL	10.23334
create[ns]	58	512	16	1024	CLMUL_TRI	20.43533
create-total[ms]	58	512	16	1024	CLMUL_TRI	10.71400
recover[ms]	58	512	32	0	GENERIC	5.21321
recover[ms]	58	512	32	0	CLMUL	1.38803
recover[ms]	58	512	32	0	CLMUL_TRI	1.87219
create[ns]	58	512	32	1024	GENERIC	13.47984
create-total[ms]	58	512	32	1024	GENERIC	7.06732
create[ns]	58	512	32	1024	CLMUL	19.50908
create-total[ms]	58	512	32	1024	CLMUL	10.22838
create[ns]	58	512	32	1024	CLMUL_TRI	20.43088
create-total[ms]	58	512	32	1024	CLMUL_TRI	10.71167
recover[ms]	58	512	64	0	GENERIC	13.62452
recover[ms]	58	512	64	0	CLMUL	4.77775
recover[ms]	58	512	64	0	CLMUL_TRI	6.47816
create[ns]	58	512	64	1024	GENERIC	13.47372
create-total[ms]	58	512	64	1024	GENERIC	7.06411
create[ns]	58	512	64	1024	CLMUL	19.51576
create-total[ms]	58	512	64	1024	CLMUL	10.23188
create[ns]	58	512	64	1024	CLMUL_TRI	20.42699
create-total[ms]	58	512	64	1024	CLMUL_TRI	10.70962
recover[ms]	58	512	128	0	GENERIC	37.69237
recover[ms]	58	512	128	0	CLMUL	16.79053
recover[ms]	58	512	128	0	CLMUL_TRI	23.12315
create[ns]	58	512	128	1024	GENERIC	13.47428
create-total[ms]	58	512	128	1024	GENERIC	7.06440
create[ns]	58	512	128	1024	CLMUL	19.51020
create-total[ms]	58	512	128	1024	CLMUL	10.22896
create[ns]	58	512	128	1024	CLMUL_TRI	20.45536
create-total[ms]	58	512	128	1024	CLMUL_TRI	10.72450
recover[ms]	58	512	256	0	GENERIC	114.01802
recover[ms]	58	512	256	0	CLMUL	61.28510
recover[ms]	58	512	256	0	CLMUL_TRI	85.83478
create[ns]	58	512	256	1024	GENERIC	13.47428
create-total[ms]	58	512	256	1024	GENERIC	7.06440
create[ns]	58	512	256	1024	CLMUL	19.51409
create-total[ms]	58	512	256	1024	CLMUL	10.23100
create[ns]	58	512	256	1024	CLMUL_TRI	20.46815
create-total[ms]	58	512	256	1024	CLMUL_TRI	10.73121
recover[ms]	58	512	384	0	GENERIC	226.59843
recover[ms]	58	512	384	0	CLMUL	132.70029
recover[ms]	58	512	384	0	CLMUL_TRI	186.54824
create[ns]	58	512	384	1024	GENERIC	13.47706
create-total[ms]	58	512	384	1024	GENERIC	7.06586
create[ns]	58	512	384	1024	CLMUL	19.52021
create-total[ms]	58	512	384	1024	CLMUL	10.23421
create[ns]	58	512	384	1024	CLMUL_TRI	20.46649
create-total[ms]	58	512	384	1024	CLMUL_TRI	10.73033
recover[ms]	58	512	512	0	GENERIC	377.36966
recover[ms]	58	512	512	0	CLMUL	230.76544
recover[ms]	58	512	512	0	CLMUL_TRI	326.07581
create[ns]	58	512	512	1024	GENERIC	13.47372
create-total[ms]	58	512	512	1024	GENERIC	7.06411
create[ns]	58	512	512	1024	CLMUL	19.51465
create-total[ms]	58	512	512	1024	CLMUL	10.23129
create[ns]	58	512	512	1024	CLMUL_TRI	20.43422
create-total[ms]	58	512	512	1024	CLMUL_TRI	10.71342
recover[ms]	58	1024	8	0	GENERIC	2.28227
recover[ms]	58	1024	8	0	CLMUL	0.23917
recover[ms]	58	1024	8	0	CLMUL_TRI	0.30421
create[ns]	58	1024	8	1024	GENERIC	13.27067
create-total[ms]	58	1024	8	1024	GENERIC	13.91531
create[ns]	58	1024	8	1024	CLMUL	19.54079
create-total[ms]	58	1024	8	1024	CLMUL	20.49001
create[ns]	58	1024	8	1024	CLMUL_TRI	20.43422
create-total[ms]	58	1024	8	1024	CLMUL_TRI	21.42683
recover[ms]	58	1024	16	0	GENERIC	3.67672
recover[ms]	58	1024	16	0	CLMUL	0.60404
recover[ms]	58	1024	16	0	CLMUL_TRI	0.79333
create[ns]	58	1024	16	1024	GENERIC	13.27985
create-total[ms]	58	1024	16	1024	GENERIC	13.92493
create[ns]	58	1024	16	1024	CLMUL	19.57556
create-total[ms]	58	1024	16	1024	CLMUL	20.52646
create[ns]	58	1024	16	1024	CLMUL_TRI	20.43116
create-total[ms]	58	1024	16	1024	CLMUL_TRI	21.42362
recover[ms]	58	1024	32	0	GENERIC	8.02339
recover[ms]	58	1024	32	0	CLMUL	1.68932
recover[ms]	58	1024	32	0	CLMUL_TRI	2.32252
create[ns]	58	1024	32	1024	GENERIC	13.27345
create-total[ms]	58	1024	32	1024	GENERIC	13.91822
create[ns]	58	1024	32	1024	CLMUL	19.53106
create-total[ms]	58	1024	32	1024	CLMUL	20.47980
create[ns]	58	1024	32	1024	CLMUL_TRI	20.41948
create-total[ms]	58	1024	32	1024	CLMUL_TRI	21.41137
recover[ms]	58	1024	64	0	GENERIC	19.25656
recover[ms]	58	1024	64	0	CLMUL	5.32258
recover[ms]	58	1024	64	0	CLMUL_TRI	7.27498
create[ns]	58	1024	64	1024	GENERIC	13.27596
create-total[ms]	58	1024	64	1024	GENERIC	13.92085
create[ns]	58	1024	64	1024	CLMUL	19.53412
create-total[ms]	58	1024	64	1024	CLMUL	20.48301
create[ns]	58	1024	64	1024	CLMUL_TRI	20.44312
create-total[ms]	58	1024	64	1024	CLMUL_TRI	21.43616
recover[ms]	58	1024	128	0	GENERIC	48.30895
recover[ms]	58	1024	128	0	CLMUL	17.79765
recover[ms]	58	1024	128	0	CLMUL_TRI	24.74714
create[ns]	58	1024	128	1024	GENERIC	13.27401
create-total[ms]	58	1024	128	1024	GENERIC	13.91881
create[ns]	58	1024	128	1024	CLMUL	19.54107
create-total[ms]	58	1024	128	1024	CLMUL	20.49030
create[ns]	58	1024	128	1024	CLMUL_TRI	20.43978
create-total[ms]	58	1024	128	1024	CLMUL_TRI	21.43267
recover[ms]	58	1024	256	0	GENERIC	134.33390
recover[ms]	58	1024	256	0	CLMUL	63.42650
recover[ms]	58	1024	256	0	CLMUL_TRI	88.82639
create[ns]	58	1024	256	1024	GENERIC	13.27818
create-total[ms]	58	1024	256	1024	GENERIC	13.92318
create[ns]	58	1024	256	1024	CLMUL	19.54107
create-total[ms]	58	1024	256	1024	CLMUL	20.49030
create[ns]	58	1024	256	1024	CLMUL_TRI	20.43116
create-total[ms]	58	1024	256	1024	CLMUL_TRI	21.42362
recover[ms]	58	1024	384	0	GENERIC	258.43680
recover[ms]	58	1024	384	0	CLMUL	135.98297
recover[ms]	58	1024	384	0	CLMUL_TRI	191.29683
create[ns]	58	1024	384	1024	GENERIC	13.26956
create-total[ms]	58	1024	384	1024	GENERIC	13.91414
create[ns]	58	1024	384	1024	CLMUL	19.52522
create-total[ms]	58	1024	384	1024	CLMUL	20.47367
create[ns]	58	1024	384	1024	CLMUL_TRI	20.43172
create-total[ms]	58	1024	384	1024	CLMUL_TRI	21.42421
recover[ms]	58	1024	512	0	GENERIC	432.66427
recover[ms]	58	1024	512	0	CLMUL	235.12261
recover[ms]	58	1024	512	0	CLMUL_TRI	332.07010
create[ns]	58	1024	512	1024	GENERIC	13.26984
create-total[ms]	58	1024	512	1024	GENERIC	13.91443
create[ns]	58	1024	512	1024	CLMUL	19.53328
create-total[ms]	58	1024	512	1024	CLMUL	20.48213
create[ns]	58	1024	512	1024	CLMUL_TRI	20.43700
create-total[ms]	58	1024	512	1024	CLMUL_TRI	21.42975
recover[ms]	58	1024	768	0	GENERIC	938.10930
recover[ms]	58	1024	768	0	CLMUL	514.00246
recover[ms]	58	1024	768	0	CLMUL_TRI	725.35530
create[ns]	58	1024	768	1024	GENERIC	13.27178
create-total[ms]	58	1024	768	1024	GENERIC	13.91647
create[ns]	58	1024	768	1024	CLMUL	19.52549
create-total[ms]	58	1024	768	1024	CLMUL	20.47396
create[ns]	58	1024	768	1024	CLMUL_TRI	20.43811
create-total[ms]	58	1024	768	1024	CLMUL_TRI	21.43091
recover[ms]	58	1024	1024	0	GENERIC	1512.93808
recover[ms]	58	1024	1024	0	CLMUL	894.19719
recover[ms]	58	1024	1024	0	CLMUL_TRI	1267.59117
create[ns]	58	1024	1024	1024	GENERIC	13.27095
create-total[ms]	58	1024	1024	1024	GENERIC	13.91560
create[ns]	58	1024	1024	1024	CLMUL	19.56026
create-total[ms]	58	1024	1024	1024	CLMUL	20.51042
create[ns]	58	1024	1024	1024	CLMUL_TRI	20.42003
create-total[ms]	58	1024	1024	1024	CLMUL_TRI	21.41196
recover[ms]	58	2048	8	0	GENERIC	4.32072
recover[ms]	58	2048	8	0	CLMUL	0.39521
recover[ms]	58	2048	8	0	CLMUL_TRI	0.51654
create[ns]	58	2048	8	1024	GENERIC	13.17791
create-total[ms]	58	2048	8	1024	GENERIC	27.63607
create[ns]	58	2048	8	1024	CLMUL	19.62090
create-total[ms]	58	2048	8	1024	CLMUL	41.14801
create[ns]	58	2048	8	1024	CLMUL_TRI	20.39403
create-total[ms]	58	2048	8	1024	CLMUL_TRI	42.76937
recover[ms]	58	2048	16	0	GENERIC	6.48836
recover[ms]	58	2048	16	0	CLMUL	0.88695
recover[ms]	58	2048	16	0	CLMUL_TRI	1.21974
create[ns]	58	2048	16	1024	GENERIC	13.17513
create-total[ms]	58	2048	16	1024	GENERIC	27.63024
create[ns]	58	2048	16	1024	CLMUL	19.61909
create-total[ms]	58	2048	16	1024	CLMUL	41.14422
create[ns]	58	2048	16	1024	CLMUL_TRI	20.39834
create-total[ms]	58	2048	16	1024	CLMUL_TRI	42.77841
recover[ms]	58	2048	32	0	GENERIC	12.88223
recover[ms]	58	2048	32	0	CLMUL	2.27527
recover[ms]	58	2048	32	0	CLMUL_TRI	3.08610
create[ns]	58	2048	32	1024	GENERIC	13.18736
create-total[ms]	58	2048	32	1024	GENERIC	27.65591
create[ns]	58	2048	32	1024	CLMUL	19.98180
create-total[ms]	58	2048	32	1024	CLMUL	41.90488
create[ns]	58	2048	32	1024	CLMUL_TRI	20.39556
create-total[ms]	58	2048	32	1024	CLMUL_TRI	42.77258
recover[ms]	58	2048	64	0	GENERIC	29.25044
recover[ms]	58	2048	64	0	CLMUL	6.46212
recover[ms]	58	2048	64	0	CLMUL_TRI	8.87885
create[ns]	58	2048	64	1024	GENERIC	13.18083
create-total[ms]	58	2048	64	1024	GENERIC	27.64220
create[ns]	58	2048	64	1024	CLMUL	19.60936
create-total[ms]	58	2048	64	1024	CLMUL	41.12380
create[ns]	58	2048	64	1024	CLMUL_TRI	20.39236
create-total[ms]	58	2048	64	1024	CLMUL_TRI	42.76587
recover[ms]	58	2048	128	0	GENERIC	67.04343
recover[ms]	58	2048	128	0	CLMUL	19.99913
recover[ms]	58	2048	128	0	CLMUL_TRI	27.88691
create[ns]	58	2048	128	1024	GENERIC	13.17526
create-total[ms]	58	2048	128	1024	GENERIC	27.63053
create[ns]	58	2048	128	1024	CLMUL	19.62521
create-total[ms]	58	2048	128	1024	CLMUL	41.15705
create[ns]	58	2048	128	1024	CLMUL_TRI	20.39917
create-total[ms]	58	2048	128	1024	CLMUL_TRI	42.78016
recover[ms]	58	2048	256	0	GENERIC	169.85804
recover[ms]	58	2048	256	0	CLMUL	67.79214
recover[ms]	58	2048	256	0	CLMUL_TRI	95.17767
create[ns]	58	2048	256	1024	GENERIC	13.17638
create-total[ms]	58	2048	256	1024	GENERIC	27.63287
create[ns]	58	2048	256	1024	CLMUL	19.75288
create-total[ms]	58	2048	256	1024	CLMUL	41.42480
create[ns]	58	2048	256	1024	CLMUL_TRI	20.39778
create-total[ms]	58	2048	256	1024	CLMUL_TRI	42.77725
recover[ms]	58	2048	384	0	GENERIC	319.25816
recover[ms]	58	2048	384	0	CLMUL	142.47688
recover[ms]	58	2048	384	0	CLMUL_TRI	200.79721
create[ns]	58	2048	384	1024	GENERIC	13.17610
create-total[ms]	58	2048	384	1024	GENERIC	27.63228
create[ns]	58	2048	384	1024	CLMUL	19.74607
create-total[ms]	58	2048	384	1024	CLMUL	41.41051
create[ns]	58	2048	384	1024	CLMUL_TRI	20.39222
create-total[ms]	58	2048	384	1024	CLMUL_TRI	42.76558
recover[ms]	58	2048	512	0	GENERIC	549.60798
recover[ms]	58	2048	512	0	CLMUL	244.40279
recover[ms]	58	2048	512	0	CLMUL_TRI	344.69800
create[ns]	58	2048	512	1024	GENERIC	13.17805
create-total[ms]	58	2048	512	1024	GENERIC	27.63637
create[ns]	58	2048	512	1024	CLMUL	19.62326
create-total[ms]	58	2048	512	1024	CLMUL	41.15297
create[ns]	58	2048	512	1024	CLMUL_TRI	20.39834
create-total[ms]	58	2048	512	1024	CLMUL_TRI	42.77842
recover[ms]	58	2048	768	0	GENERIC	1247.54012
recover[ms]	58	2048	768	0	CLMUL	527.95860
recover[ms]	58	2048	768	0	CLMUL_TRI	745.11994
create[ns]	58	2048	768	1024	GENERIC	13.17888
create-total[ms]	58	2048	768	1024	GENERIC	27.63812
create[ns]	58	2048	768	1024	CLMUL	20.00267
create-total[ms]	58	2048	768	1024	CLMUL	41.94863
create[ns]	58	2048	768	1024	CLMUL_TRI	20.39806
create-total[ms]	58	2048	768	1024	CLMUL_TRI	42.77783
recover[ms]	58	2048	1024	0	GENERIC	1994.72475
recover[ms]	58	2048	1024	0	CLMUL	911.05276
recover[ms]	58	2048	1024	0	CLMUL_TRI	1291.01590
create[ns]	58	2048	1024	1024	GENERIC	13.17582
create-total[ms]	58	2048	1024	1024	GENERIC	27.63170
create[ns]	58	2048	1024	1024	CLMUL	19.75789
create-total[ms]	58	2048	1024	1024	CLMUL	41.43530
create[ns]	58	2048	1024	1024	CLMUL_TRI	20.39778
create-total[ms]	58	2048	1024	1024	CLMUL_TRI	42.77725
recover[ms]	58	2048	1536	0	GENERIC	3796.97289
recover[ms]	58	2048	1536	0	CLMUL	2006.83524
recover[ms]	58	2048	1536	0	CLMUL_TRI	2834.21970
create[ns]	58	2048	1536	1024	GENERIC	13.17652
create-total[ms]	58	2048	1536	1024	GENERIC	27.63316
create[ns]	58	2048	1536	1024	CLMUL	19.70782
create-total[ms]	58	2048	1536	1024	CLMUL	41.33030
create[ns]	58	2048	1536	1024	CLMUL_TRI	20.38846
create-total[ms]	58	2048	1536	1024	CLMUL_TRI	42.75771
recover[ms]	58	2048	2048	0	GENERIC	6106.11952
recover[ms]	58	2048	2048	0	CLMUL	3524.82919
recover[ms]	58	2048	2048	0	CLMUL_TRI	4965.94981
create[ns]	58	2048	2048	1024	GENERIC	13.17710
create-total[ms]	58	2048	2048	1024	GENERIC	27.63437
create[ns]	58	2048	2048	1024	CLMUL	19.73873
create-total[ms]	58	2048	2048	1024	CLMUL	41.39512
create[ns]	58	2048	2048	1024	CLMUL_TRI	20.39851
create-total[ms]	58	2048	2048	1024	CLMUL_TRI	42.77878
recover[ms]	58	3072	8	0	GENERIC	6.09580
recover[ms]	58	3072	8	0	CLMUL	0.55475
recover[ms]	58	3072	8	0	CLMUL_TRI	0.73325
create[ns]	58	3072	8	1024	GENERIC	13.17853
create-total[ms]	58	3072	8	1024	GENERIC	41.45608
create[ns]	58	3072	8	1024	CLMUL	20.02991
create-total[ms]	58	3072	8	1024	CLMUL	63.00866
create[ns]	58	3072	8	1024	CLMUL_TRI	20.41033
create-total[ms]	58	3072	8	1024	CLMUL_TRI	64.20536
recover[ms]	58	3072	16	0	GENERIC	8.80449
recover[ms]	58	3072	16	0	CLMUL	1.18737
recover[ms]	58	3072	16	0	CLMUL_TRI	1.60620
create[ns]	58	3072	16	1024	GENERIC	13.18521
create-total[ms]	58	3072	16	1024	GENERIC	41.47708
create[ns]	58	3072	16	1024	CLMUL	20.01415
create-total[ms]	58	3072	16	1024	CLMUL	62.95908
create[ns]	58	3072	16	1024	CLMUL_TRI	20.40820
create-total[ms]	58	3072	16	1024	CLMUL_TRI	64.19865
recover[ms]	58	3072	32	0	GENERIC	18.16956
recover[ms]	58	3072	32	0	CLMUL	2.81223
recover[ms]	58	3072	32	0	CLMUL_TRI	3.88760
create[ns]	58	3072	32	1024	GENERIC	13.18029
create-total[ms]	58	3072	32	1024	GENERIC	41.46162
create[ns]	58	3072	32	1024	CLMUL	20.09324
create-total[ms]	58	3072	32	1024	CLMUL	63.20787
create[ns]	58	3072	32	1024	CLMUL_TRI	20.40811
create-total[ms]	58	3072	32	1024	CLMUL_TRI	64.19836
recover[ms]	58	3072	64	0	GENERIC	40.97717
recover[ms]	58	3072	64	0	CLMUL	7.57512
recover[ms]	58	3072	64	0	CLMUL_TRI	10.46085
create[ns]	58	3072	64	1024	GENERIC	13.18159
create-total[ms]	58	3072	64	1024	GENERIC	41.46571
create[ns]	58	3072	64	1024	CLMUL	20.06774
create-total[ms]	58	3072	64	1024	CLMUL	63.12766
create[ns]	58	3072	64	1024	CLMUL_TRI	20.40653
create-total[ms]	58	3072	64	1024	CLMUL_TRI	64.19340
recover[ms]	58	3072	128	0	GENERIC	88.52409
recover[ms]	58	3072	128	0	CLMUL	22.22545
recover[ms]	58	3072	128	0	CLMUL_TRI	30.98910
create[ns]	58	3072	128	1024	GENERIC	13.17890
create-total[ms]	58	3072	128	1024	GENERIC	41.45725
create[ns]	58	3072	128	1024	CLMUL	20.03993
create-total[ms]	58	3072	128	1024	CLMUL	63.04016
create[ns]	58	3072	128	1024	CLMUL_TRI	20.41033
create-total[ms]	58	3072	128	1024	CLMUL_TRI	64.20536
recover[ms]	58	3072	256	0	GENERIC	213.76879
recover[ms]	58	3072	256	0	CLMUL	72.20398
recover[ms]	58	3072	256	0	CLMUL_TRI	101.49676
create[ns]	58	3072	256	1024	GENERIC	13.18808
create-total[ms]	58	3072	256	1024	GENERIC	41.48612
create[ns]	58	3072	256	1024	CLMUL	20.09463
create-total[ms]	58	3072	256	1024	CLMUL	63.21224
create[ns]	58	3072	256	1024	CLMUL_TRI	20.40533
create-total[ms]	58	3072	256	1024	CLMUL_TRI	64.18961
recover[ms]	58	3072	384	0	GENERIC	393.13686
recover[ms]	58	3072	384	0	CLMUL	149.01976
recover[ms]	58	3072	384	0	CLMUL_TRI	210.29476
create[ns]	58	3072	384	1024	GENERIC	13.19031
create-total[ms]	58	3072	384	1024	GENERIC	41.49312
create[ns]	58	3072	384	1024	CLMUL	20.02092
create-total[ms]	58	3072	384	1024	CLMUL	62.98037
create[ns]	58	3072	384	1024	CLMUL_TRI	20.40468
create-total[ms]	58	3072	384	1024	CLMUL_TRI	64.18757
recover[ms]	58	3072	512	0	GENERIC	684.73818
recover[ms]	58	3072	512	0	CLMUL	254.12675
recover[ms]	58	3072	512	0	CLMUL_TRI	357.66866
create[ns]	58	3072	512	1024	GENERIC	13.18437
create-total[ms]	58	3072	512	1024	GENERIC	41.47446
create[ns]	58	3072	512	1024	CLMUL	20.03650
create-total[ms]	58	3072	512	1024	CLMUL	63.02937
create[ns]	58	3072	512	1024	CLMUL_TRI	20.40292
create-total[ms]	58	3072	512	1024	CLMUL_TRI	64.18203
recover[ms]	58	3072	768	0	GENERIC	1580.11032
recover[ms]	58	3072	768	0	CLMUL	541.18276
recover[ms]	58	3072	768	0	CLMUL_TRI	763.59416
create[ns]	58	3072	768	1024	GENERIC	13.17826
create-total[ms]	58	3072	768	1024	GENERIC	41.45521
create[ns]	58	3072	768	1024	CLMUL	20.01156
create-total[ms]	58	3072	768	1024	CLMUL	62.95091
create[ns]	58	3072	768	1024	CLMUL_TRI	20.41831
create-total[ms]	58	3072	768	1024	CLMUL_TRI	64.23044
recover[ms]	58	3072	1024	0	GENERIC	2502.27102
recover[ms]	58	3072	1024	0	CLMUL	926.95275
recover[ms]	58	3072	1024	0	CLMUL_TRI	1315.38535
create[ns]	58	3072	1024	1024	GENERIC	13.18549
create-total[ms]	58	3072	1024	1024	GENERIC	41.47796
create[ns]	58	3072	1024	1024	CLMUL	20.07776
create-total[ms]	58	3072	1024	1024	CLMUL	63.15916
create[ns]	58	3072	1024	1024	CLMUL_TRI	20.40746
create-total[ms]	58	3072	1024	1024	CLMUL_TRI	64.19632
recover[ms]	58	3072	1536	0	GENERIC	4577.70563
recover[ms]	58	3072	1536	0	CLMUL	2019.93224
recover[ms]	58	3072	1536	0	CLMUL_TRI	2861.96471
create[ns]	58	3072	1536	1024	GENERIC	13.18085
create-total[ms]	58	3072	1536	1024	GENERIC	41.46337
create[ns]	58	3072	1536	1024	CLMUL	20.05050
create-total[ms]	58	3072	1536	1024	CLMUL	63.07341
create[ns]	58	3072	1536	1024	CLMUL_TRI	20.41006
create-total[ms]	58	3072	1536	1024	CLMUL_TRI	64.20449
recover[ms]	58	3072	2048	0	GENERIC	7095.69651
recover[ms]	58	3072	2048	0	CLMUL	3544.11086
recover[ms]	58	3072	2048	0	CLMUL_TRI	5008.42322
create[ns]	58	3072	2048	1024	GENERIC	13.17974
create-total[ms]	58	3072	2048	1024	GENERIC	41.45987
create[ns]	58	3072	2048	1024	CLMUL	20.03446
create-total[ms]	58	3072	2048	1024	CLMUL	63.02295
create[ns]	58	3072	2048	1024	CLMUL_TRI	20.41386
create-total[ms]	58	3072	2048	1024	CLMUL_TRI	64.21644
recover[ms]	58	4096	8	0	GENERIC	8.01495
recover[ms]	58	4096	8	0	CLMUL	0.71079
recover[ms]	58	4096	8	0	CLMUL_TRI	0.94499
create[ns]	58	4096	8	1024	GENERIC	13.17348
create-total[ms]	58	4096	8	1024	GENERIC	55.25358
create[ns]	58	4096	8	1024	CLMUL	20.21187
create-total[ms]	58	4096	8	1024	CLMUL	84.77474
create[ns]	58	4096	8	1024	CLMUL_TRI	20.41213
create-total[ms]	58	4096	8	1024	CLMUL_TRI	85.61469
recover[ms]	58	4096	16	0	GENERIC	10.42760
recover[ms]	58	4096	16	0	CLMUL	1.47816
recover[ms]	58	4096	16	0	CLMUL_TRI	2.02940
create[ns]	58	4096	16	1024	GENERIC	13.16666
create-total[ms]	58	4096	16	1024	GENERIC	55.22497
create[ns]	58	4096	16	1024	CLMUL	20.17334
create-total[ms]	58	4096	16	1024	CLMUL	84.61311
create[ns]	58	4096	16	1024	CLMUL_TRI	20.41060
create-total[ms]	58	4096	16	1024	CLMUL_TRI	85.60827
recover[ms]	58	4096	32	0	GENERIC	21.35249
recover[ms]	58	4096	32	0	CLMUL	3.39264
recover[ms]	58	4096	32	0	CLMUL_TRI	4.66955
create[ns]	58	4096	32	1024	GENERIC	13.16555
create-total[ms]	58	4096	32	1024	GENERIC	55.22031
create[ns]	58	4096	32	1024	CLMUL	20.13906
create-total[ms]	58	4096	32	1024	CLMUL	84.46932
create[ns]	58	4096	32	1024	CLMUL_TRI	20.41046
create-total[ms]	58	4096	32	1024	CLMUL_TRI	85.60769
recover[ms]	58	4096	64	0	GENERIC	48.32185
recover[ms]	58	4096	64	0	CLMUL	8.68315
recover[ms]	58	4096	64	0	CLMUL_TRI	12.08425
create[ns]	58	4096	64	1024	GENERIC	13.17132
create-total[ms]	58	4096	64	1024	GENERIC	55.24451
create[ns]	58	4096	64	1024	CLMUL	20.19517
create-total[ms]	58	4096	64	1024	CLMUL	84.70470
create[ns]	58	4096	64	1024	CLMUL_TRI	20.41144
create-total[ms]	58	4096	64	1024	CLMUL_TRI	85.61177
recover[ms]	58	4096	128	0	GENERIC	102.96495
recover[ms]	58	4096	128	0	CLMUL	24.45580
recover[ms]	58	4096	128	0	CLMUL_TRI	34.25078
create[ns]	58	4096	128	1024	GENERIC	13.16986
create-total[ms]	58	4096	128	1024	GENERIC	55.23839
create[ns]	58	4096	128	1024	CLMUL	20.14511
create-total[ms]	58	4096	128	1024	CLMUL	84.49470
create[ns]	58	4096	128	1024	CLMUL_TRI	20.41582
create-total[ms]	58	4096	128	1024	CLMUL_TRI	85.63015
recover[ms]	58	4096	256	0	GENERIC	241.57863
recover[ms]	58	4096	256	0	CLMUL	76.55908
recover[ms]	58	4096	256	0	CLMUL_TRI	107.74650
create[ns]	58	4096	256	1024	GENERIC	13.17028
create-total[ms]	58	4096	256	1024	GENERIC	55.24014
create[ns]	58	4096	256	1024	CLMUL	20.17090
create-total[ms]	58	4096	256	1024	CLMUL	84.60291
create[ns]	58	4096	256	1024	CLMUL_TRI	20.41046
create-total[ms]	58	4096	256	1024	CLMUL_TRI	85.60769
recover[ms]	58	4096	384	0	GENERIC	437.55168
recover[ms]	58	4096	384	0	CLMUL	155.41065
recover[ms]	58	4096	384	0	CLMUL_TRI	219.49290
create[ns]	58	4096	384	1024	GENERIC	13.16868
create-total[ms]	58	4096	384	1024	GENERIC	55.23343
create[ns]	58	4096	384	1024	CLMUL	20.15262
create-total[ms]	58	4096	384	1024	CLMUL	84.52620
create[ns]	58	4096	384	1024	CLMUL_TRI	20.40845
create-total[ms]	58	4096	384	1024	CLMUL_TRI	85.59923
recover[ms]	58	4096	512	0	GENERIC	769.93284
recover[ms]	58	4096	512	0	CLMUL	262.67037
recover[ms]	58	4096	512	0	CLMUL_TRI	370.38245
create[ns]	58	4096	512	1024	GENERIC	13.17201
create-total[ms]	58	4096	512	1024	GENERIC	55.24743
create[ns]	58	4096	512	1024	CLMUL	20.17786
create-total[ms]	58	4096	512	1024	CLMUL	84.63207
create[ns]	58	4096	512	1024	CLMUL_TRI	20.40845
create-total[ms]	58	4096	512	1024	CLMUL_TRI	85.59923
recover[ms]	58	4096	768	0	GENERIC	1884.44310
recover[ms]	58	4096	768	0	CLMUL	559.22751
recover[ms]	58	4096	768	0	CLMUL_TRI	785.78132
create[ns]	58	4096	768	1024	GENERIC	13.17257
create-total[ms]	58	4096	768	1024	GENERIC	55.24976
create[ns]	58	4096	768	1024	CLMUL	20.16638
create-total[ms]	58	4096	768	1024	CLMUL	84.58395
create[ns]	58	4096	768	1024	CLMUL_TRI	20.41345
create-total[ms]	58	4096	768	1024	CLMUL_TRI	85.62023
recover[ms]	58	4096	1024	0	GENERIC	2977.16541
recover[ms]	58	4096	1024	0	CLMUL	954.51726
recover[ms]	58	4096	1024	0	CLMUL_TRI	1345.94945
create[ns]	58	4096	1024	1024	GENERIC	13.17368
create-total[ms]	58	4096	1024	1024	GENERIC	55.25443
create[ns]	58	4096	1024	1024	CLMUL	20.18815
create-total[ms]	58	4096	1024	1024	CLMUL	84.67524
create[ns]	58	4096	1024	1024	CLMUL_TRI	20.41380
create-total[ms]	58	4096	1024	1024	CLMUL_TRI	85.62169
recover[ms]	58	4096	1536	0	GENERIC	5366.93841
recover[ms]	58	4096	1536	0	CLMUL	2046.26746
recover[ms]	58	4096	1536	0	CLMUL_TRI	2905.58709
create[ns]	58	4096	1536	1024	GENERIC	13.16882
create-total[ms]	58	4096	1536	1024	GENERIC	55.23401
create[ns]	58	4096	1536	1024	CLMUL	20.13280
create-total[ms]	58	4096	1536	1024	CLMUL	84.44307
create[ns]	58	4096	1536	1024	CLMUL_TRI	20.40907
create-total[ms]	58	4096	1536	1024	CLMUL_TRI	85.60186
recover[ms]	58	4096	2048	0	GENERIC	8185.36587
recover[ms]	58	4096	2048	0	CLMUL	3588.43058
recover[ms]	58	4096	2048	0	CLMUL_TRI	5061.61966
create[ns]	58	4096	2048	1024	GENERIC	13.16958
create-total[ms]	58	4096	2048	1024	GENERIC	55.23722
create[ns]	58	4096	2048	1024	CLMUL	20.16416
create-total[ms]	58	4096	2048	1024	CLMUL	84.57461
create[ns]	58	4096	2048	1024	CLMUL_TRI	20.41102
create-total[ms]	58	4096	2048	1024	CLMUL_TRI	85.61002
recover[ms]	58	5120	8	0	GENERIC	10.08052
recover[ms]	58	5120	8	0	CLMUL	0.86129
recover[ms]	58	5120	8	0	CLMUL_TRI	1.16462
create[ns]	58	5120	8	1024	GENERIC	13.16204
create-total[ms]	58	5120	8	1024	GENERIC	69.00701
create[ns]	58	5120	8	1024	CLMUL	20.12093
create-total[ms]	58	5120	8	1024	CLMUL	105.49164
create[ns]	58	5120	8	1024	CLMUL_TRI	20.39224
create-total[ms]	58	5120	8	1024	CLMUL_TRI	106.91409
recover[ms]	58	5120	16	0	GENERIC	13.52362
recover[ms]	58	5120	16	0	CLMUL	1.76836
recover[ms]	58	5120	16	0	CLMUL_TRI	2.43336
create[ns]	58	5120	16	1024	GENERIC	13.16666
create-total[ms]	58	5120	16	1024	GENERIC	69.03122
create[ns]	58	5120	16	1024	CLMUL	20.19459
create-total[ms]	58	5120	16	1024	CLMUL	105.87781
create[ns]	58	5120	16	1024	CLMUL_TRI	20.39013
create-total[ms]	58	5120	16	1024	CLMUL_TRI	106.90301
recover[ms]	58	5120	32	0	GENERIC	24.95688
recover[ms]	58	5120	32	0	CLMUL	3.94564
recover[ms]	58	5120	32	0	CLMUL_TRI	5.45996
create[ns]	58	5120	32	1024	GENERIC	13.16449
create-total[ms]	58	5120	32	1024	GENERIC	69.01984
create[ns]	58	5120	32	1024	CLMUL	20.21367
create-total[ms]	58	5120	32	1024	CLMUL	105.97785
create[ns]	58	5120	32	1024	CLMUL_TRI	20.39046
create-total[ms]	58	5120	32	1024	CLMUL_TRI	106.90476
recover[ms]	58	5120	64	0	GENERIC	58.42978
recover[ms]	58	5120	64	0	CLMUL	9.80227
recover[ms]	58	5120	64	0	CLMUL_TRI	13.65399
create[ns]	58	5120	64	1024	GENERIC	13.16510
create-total[ms]	58	5120	64	1024	GENERIC	69.02305
create[ns]	58	5120	64	1024	CLMUL	20.14374
create-total[ms]	58	5120	64	1024	CLMUL	105.61123
create[ns]	58	5120	64	1024	CLMUL_TRI	20.39052
create-total[ms]	58	5120	64	1024	CLMUL_TRI	106.90505
recover[ms]	58	5120	128	0	GENERIC	122.59020
recover[ms]	58	5120	128	0	CLMUL	26.58262
recover[ms]	58	5120	128	0	CLMUL_TRI	37.32901
create[ns]	58	5120	128	1024	GENERIC	13.16827
create-total[ms]	58	5120	128	1024	GENERIC	69.03967
create[ns]	58	5120	128	1024	CLMUL	20.17801
create-total[ms]	58	5120	128	1024	CLMUL	105.79089
create[ns]	58	5120	128	1024	CLMUL_TRI	20.39314
create-total[ms]	58	5120	128	1024	CLMUL_TRI	106.91876
recover[ms]	58	5120	256	0	GENERIC	280.16208
recover[ms]	58	5120	256	0	CLMUL	80.82322
recover[ms]	58	5120	256	0	CLMUL_TRI	114.19580
create[ns]	58	5120	256	1024	GENERIC	13.16455
create-total[ms]	58	5120	256	1024	GENERIC	69.02013
create[ns]	58	5120	256	1024	CLMUL	20.17623
create-total[ms]	58	5120	256	1024	CLMUL	105.78156
create[ns]	58	5120	256	1024	CLMUL_TRI	20.38868
create-total[ms]	58	5120	256	1024	CLMUL_TRI	106.89543
recover[ms]	58	5120	384	0	GENERIC	504.34875
recover[ms]	58	5120	384	0	CLMUL	162.08248
recover[ms]	58	5120	384	0	CLMUL_TRI	228.86496
create[ns]	58	5120	384	1024	GENERIC	13.16182
create-total[ms]	58	5120	384	1024	GENERIC	69.00584
create[ns]	58	5120	384	1024	CLMUL	20.17668
create-total[ms]	58	5120	384	1024	CLMUL	105.78389
create[ns]	58	5120	384	1024	CLMUL_TRI	20.39608
create-total[ms]	58	5120	384	1024	CLMUL_TRI	106.93422
recover[ms]	58	5120	512	0	GENERIC	878.36272
recover[ms]	58	5120	512	0	CLMUL	271.26544
recover[ms]	58	5120	512	0	CLMUL_TRI	382.67933
create[ns]	58	5120	512	1024	GENERIC	13.16404
create-total[ms]	58	5120	512	1024	GENERIC	69.01751
create[ns]	58	5120	512	1024	CLMUL	20.18936
create-total[ms]	58	5120	512	1024	CLMUL	105.85039
create[ns]	58	5120	512	1024	CLMUL_TRI	20.38924
create-total[ms]	58	5120	512	1024	CLMUL_TRI	106.89834
recover[ms]	58	5120	768	0	GENERIC	2202.22556
recover[ms]	58	5120	768	0	CLMUL	572.62196
recover[ms]	58	5120	768	0	CLMUL_TRI	804.68404
create[ns]	58	5120	768	1024	GENERIC	13.16098
create-total[ms]	58	5120	768	1024	GENERIC	69.00143
create[ns]	58	5120	768	1024	CLMUL	20.22551
create-total[ms]	58	5120	768	1024	CLMUL	106.03992
create[ns]	58	5120	768	1024	CLMUL_TRI	20.38806
create-total[ms]	58	5120	768	1024	CLMUL_TRI	106.89217
recover[ms]	58	5120	1024	0	GENERIC	3457.02412
recover[ms]	58	5120	1024	0	CLMUL	970.89671
recover[ms]	58	5120	1024	0	CLMUL_TRI	1370.90279
create[ns]	58	5120	1024	1024	GENERIC	13.16576
create-total[ms]	58	5120	1024	1024	GENERIC	69.02652
create[ns]	58	5120	1024	1024	CLMUL	20.24092
create-total[ms]	58	5120	1024	1024	CLMUL	106.12072
create[ns]	58	5120	1024	1024	CLMUL_TRI	20.39207
create-total[ms]	58	5120	1024	1024	CLMUL_TRI	106.91317
recover[ms]	58	5120	1536	0	GENERIC	6120.41916
recover[ms]	58	5120	1536	0	CLMUL	2080.13229
recover[ms]	58	5120	1536	0	CLMUL_TRI	2942.10276
create[ns]	58	5120	1536	1024	GENERIC	13.16387
create-total[ms]	58	5120	1536	1024	GENERIC	69.01660
create[ns]	58	5120	1536	1024	CLMUL	20.19975
create-total[ms]	58	5120	1536	1024	CLMUL	105.90489
create[ns]	58	5120	1536	1024	CLMUL_TRI	20.39174
create-total[ms]	58	5120	1536	1024	CLMUL_TRI	106.91142
recover[ms]	58	5120	2048	0	GENERIC	9145.56118
recover[ms]	58	5120	2048	0	CLMUL	3617.97808
recover[ms]	58	5120	2048	0	CLMUL_TRI	5125.03575
create[ns]	58	5120	2048	1024	GENERIC	13.16638
create-total[ms]	58	5120	2048	1024	GENERIC	69.02972
create[ns]	58	5120	2048	1024	CLMUL	20.20465
create-total[ms]	58	5120	2048	1024	CLMUL	105.93055
create[ns]	58	5120	2048	1024	CLMUL_TRI	20.39185
create-total[ms]	58	5120	2048	1024	CLMUL_TRI	106.91200
recover[ms]	58	6144	8	0	GENERIC	11.71150
recover[ms]	58	6144	8	0	CLMUL	1.01791
recover[ms]	58	6144	8	0	CLMUL_TRI	1.35828
create[ns]	58	6144	8	1024	GENERIC	13.15404
create-total[ms]	58	6144	8	1024	GENERIC	82.75809
create[ns]	58	6144	8	1024	CLMUL	20.19461
create-total[ms]	58	6144	8	1024	CLMUL	127.05349
create[ns]	58	6144	8	1024	CLMUL_TRI	20.39330
create-total[ms]	58	6144	8	1024	CLMUL_TRI	128.30356
recover[ms]	58	6144	16	0	GENERIC	14.73723
recover[ms]	58	6144	16	0	CLMUL	2.06294
recover[ms]	58	6144	16	0	CLMUL_TRI	2.84111
create[ns]	58	6144	16	1024	GENERIC	13.15233
create-total[ms]	58	6144	16	1024	GENERIC	82.74730
create[ns]	58	6144	16	1024	CLMUL	20.17328
create-total[ms]	58	6144	16	1024	CLMUL	126.91932
create[ns]	58	6144	16	1024	CLMUL_TRI	20.39460
create-total[ms]	58	6144	16	1024	CLMUL_TRI	128.31173
recover[ms]	58	6144	32	0	GENERIC	30.16016
recover[ms]	58	6144	32	0	CLMUL	4.51176
recover[ms]	58	6144	32	0	CLMUL_TRI	6.25387
create[ns]	58	6144	32	1024	GENERIC	13.15321
create-total[ms]	58	6144	32	1024	GENERIC	82.75284
create[ns]	58	6144	32	1024	CLMUL	20.20133
create-total[ms]	58	6144	32	1024	CLMUL	127.09578
create[ns]	58	6144	32	1024	CLMUL_TRI	20.38890
create-total[ms]	58	6144	32	1024	CLMUL_TRI	128.27585
recover[ms]	58	6144	64	0	GENERIC	66.99041
recover[ms]	58	6144	64	0	CLMUL	10.96746
recover[ms]	58	6144	64	0	CLMUL_TRI	15.27535
create[ns]	58	6144	64	1024	GENERIC	13.15585
create-total[ms]	58	6144	64	1024	GENERIC	82.76946
create[ns]	58	6144	64	1024	CLMUL	20.20763
create-total[ms]	58	6144	64	1024	CLMUL	127.13544
create[ns]	58	6144	64	1024	CLMUL_TRI	20.38728
create-total[ms]	58	6144	64	1024	CLMUL_TRI	128.26565
recover[ms]	58	6144	128	0	GENERIC	141.56351
recover[ms]	58	6144	128	0	CLMUL	28.76251
recover[ms]	58	6144	128	0	CLMUL_TRI	40.57813
create[ns]	58	6144	128	1024	GENERIC	13.15177
create-total[ms]	58	6144	128	1024	GENERIC	82.74380
create[ns]	58	6144	128	1024	CLMUL	20.20254
create-total[ms]	58	6144	128	1024	CLMUL	127.10336
create[ns]	58	6144	128	1024	CLMUL_TRI	20.40526
create-total[ms]	58	6144	128	1024	CLMUL_TRI	128.37881
recover[ms]	58	6144	256	0	GENERIC	315.89846
recover[ms]	58	6144	256	0	CLMUL	85.12728
recover[ms]	58	6144	256	0	CLMUL_TRI	120.32566
create[ns]	58	6144	256	1024	GENERIC	13.15288
create-total[ms]	58	6144	256	1024	GENERIC	82.75080
create[ns]	58	6144	256	1024	CLMUL	20.23216
create-total[ms]	58	6144	256	1024	CLMUL	127.28973
create[ns]	58	6144	256	1024	CLMUL_TRI	20.39548
create-total[ms]	58	6144	256	1024	CLMUL_TRI	128.31727
recover[ms]	58	6144	384	0	GENERIC	557.85468
recover[ms]	58	6144	384	0	CLMUL	168.18345
recover[ms]	58	6144	384	0	CLMUL_TRI	238.22409
create[ns]	58	6144	384	1024	GENERIC	13.15034
create-total[ms]	58	6144	384	1024	GENERIC	82.73475
create[ns]	58	6144	384	1024	CLMUL	20.20583
create-total[ms]	58	6144	384	1024	CLMUL	127.12407
create[ns]	58	6144	384	1024	CLMUL_TRI	20.39414
create-total[ms]	58	6144	384	1024	CLMUL_TRI	128.30881
recover[ms]	58	6144	512	0	GENERIC	971.24729
recover[ms]	58	6144	512	0	CLMUL	279.72271
recover[ms]	58	6144	512	0	CLMUL_TRI	395.31086
create[ns]	58	6144	512	1024	GENERIC	13.15673
create-total[ms]	58	6144	512	1024	GENERIC	82.77500
create[ns]	58	6144	512	1024	CLMUL	20.18561
create-total[ms]	58	6144	512	1024	CLMUL	126.99690
create[ns]	58	6144	512	1024	CLMUL_TRI	20.41509
create-total[ms]	58	6144	512	1024	CLMUL_TRI	128.44064
recover[ms]	58	6144	768	0	GENERIC	2524.53001
recover[ms]	58	6144	768	0	CLMUL	585.14691
recover[ms]	58	6144	768	0	CLMUL_TRI	823.05629
create[ns]	58	6144	768	1024	GENERIC	13.15446
create-total[ms]	58	6144	768	1024	GENERIC	82.76071
create[ns]	58	6144	768	1024	CLMUL	20.22071
create-total[ms]	58	6144	768	1024	CLMUL	127.21769
create[ns]	58	6144	768	1024	CLMUL_TRI	20.38714
create-total[ms]	58	6144	768	1024	CLMUL_TRI	128.26477
recover[ms]	58	6144	1024	0	GENERIC	3940.12020
recover[ms]	58	6144	1024	0	CLMUL	988.31657
recover[ms]	58	6144	1024	0	CLMUL_TRI	1395.26644
create[ns]	58	6144	1024	1024	GENERIC	13.15014
create-total[ms]	58	6144	1024	1024	GENERIC	82.73356
create[ns]	58	6144	1024	1024	CLMUL	20.16600
create-total[ms]	58	6144	1024	1024	CLMUL	126.87348
create[ns]	58	6144	1024	1024	CLMUL_TRI	20.39000
create-total[ms]	58	6144	1024	1024	CLMUL_TRI	128.28280
recover[ms]	58	6144	1536	0	GENERIC	6871.19558
recover[ms]	58	6144	1536	0	CLMUL	2090.43421
recover[ms]	58	6144	1536	0	CLMUL_TRI	2970.67275
create[ns]	58	6144	1536	1024	GENERIC	13.15580
create-total[ms]	58	6144	1536	1024	GENERIC	82.76914
create[ns]	58	6144	1536	1024	CLMUL	20.20841
create-total[ms]	58	6144	1536	1024	CLMUL	127.14035
create[ns]	58	6144	1536	1024	CLMUL_TRI	20.41638
create-total[ms]	58	6144	1536	1024	CLMUL_TRI	128.44876
recover[ms]	58	6144	2048	0	GENERIC	10169.01237
recover[ms]	58	6144	2048	0	CLMUL	3666.29231
recover[ms]	58	6144	2048	0	CLMUL_TRI	5150.57942
create[ns]	58	6144	2048	1024	GENERIC	13.15524
create-total[ms]	58	6144	2048	1024	GENERIC	82.76564
create[ns]	58	6144	2048	1024	CLMUL	20.19720
create-total[ms]	58	6144	2048	1024	CLMUL	127.06977
create[ns]	58	6144	2048	1024	CLMUL_TRI	20.39292
create-total[ms]	58	6144	2048	1024	CLMUL_TRI	128.30118
recover[ms]	58	7168	8	0	GENERIC	13.36465
recover[ms]	58	7168	8	0	CLMUL	1.17016
recover[ms]	58	7168	8	0	CLMUL_TRI	1.58140
create[ns]	58	7168	8	1024	GENERIC	13.14757
create-total[ms]	58	7168	8	1024	GENERIC	96.50362
create[ns]	58	7168	8	1024	CLMUL	20.23646
create-total[ms]	58	7168	8	1024	CLMUL	148.53628
create[ns]	58	7168	8	1024	CLMUL_TRI	20.40896
create-total[ms]	58	7168	8	1024	CLMUL_TRI	149.80239
recover[ms]	58	7168	16	0	GENERIC	17.09242
recover[ms]	58	7168	16	0	CLMUL	2.35373
recover[ms]	58	7168	16	0	CLMUL_TRI	3.25643
create[ns]	58	7168	16	1024	GENERIC	13.14785
create-total[ms]	58	7168	16	1024	GENERIC	96.50566
create[ns]	58	7168	16	1024	CLMUL	20.22021
create-total[ms]	58	7168	16	1024	CLMUL	148.41699
create[ns]	58	7168	16	1024	CLMUL_TRI	20.41269
create-total[ms]	58	7168	16	1024	CLMUL_TRI	149.82981
recover[ms]	58	7168	32	0	GENERIC	34.38083
recover[ms]	58	7168	32	0	CLMUL	5.06417
recover[ms]	58	7168	32	0	CLMUL_TRI	7.07841
create[ns]	58	7168	32	1024	GENERIC	13.14845
create-total[ms]	58	7168	32	1024	GENERIC	96.51004
create[ns]	58	7168	32	1024	CLMUL	20.22092
create-total[ms]	58	7168	32	1024	CLMUL	148.42224
create[ns]	58	7168	32	1024	CLMUL_TRI	20.41297
create-total[ms]	58	7168	32	1024	CLMUL_TRI	149.83185
recover[ms]	58	7168	64	0	GENERIC	77.22051
recover[ms]	58	7168	64	0	CLMUL	12.05420
recover[ms]	58	7168	64	0	CLMUL_TRI	16.84713
create[ns]	58	7168	64	1024	GENERIC	13.14742
create-total[ms]	58	7168	64	1024	GENERIC	96.50245
create[ns]	58	7168	64	1024	CLMUL	20.21401
create-total[ms]	58	7168	64	1024	CLMUL	148.37149
create[ns]	58	7168	64	1024	CLMUL_TRI	20.41325
create-total[ms]	58	7168	64	1024	CLMUL_TRI	149.83389
recover[ms]	58	7168	128	0	GENERIC	159.74553
recover[ms]	58	7168	128	0	CLMUL	30.99169
recover[ms]	58	7168	128	0	CLMUL_TRI	43.62018
create[ns]	58	7168	128	1024	GENERIC	13.14992
create-total[ms]	58	7168	128	1024	GENERIC	96.52083
create[ns]	58	7168	128	1024	CLMUL	20.19911
create-total[ms]	58	7168	128	1024	CLMUL	148.26211
create[ns]	58	7168	128	1024	CLMUL_TRI	20.40081
create-total[ms]	58	7168	128	1024	CLMUL_TRI	149.74260
recover[ms]	58	7168	256	0	GENERIC	352.14960
recover[ms]	58	7168	256	0	CLMUL	89.43046
recover[ms]	58	7168	256	0	CLMUL_TRI	126.51823
create[ns]	58	7168	256	1024	GENERIC	13.14734
create-total[ms]	58	7168	256	1024	GENERIC	96.50187
create[ns]	58	7168	256	1024	CLMUL	20.25025
create-total[ms]	58	7168	256	1024	CLMUL	148.63749
create[ns]	58	7168	256	1024	CLMUL_TRI	20.41400
create-total[ms]	58	7168	256	1024	CLMUL_TRI	149.83943
recover[ms]	58	7168	384	0	GENERIC	610.72536
recover[ms]	58	7168	384	0	CLMUL	174.82925
recover[ms]	58	7168	384	0	CLMUL_TRI	247.46859
create[ns]	58	7168	384	1024	GENERIC	13.14833
create-total[ms]	58	7168	384	1024	GENERIC	96.50916
create[ns]	58	7168	384	1024	CLMUL	20.25498
create-total[ms]	58	7168	384	1024	CLMUL	148.67219
create[ns]	58	7168	384	1024	CLMUL_TRI	20.41170
create-total[ms]	58	7168	384	1024	CLMUL_TRI	149.82252
recover[ms]	58	7168	512	0	GENERIC	1048.93612
recover[ms]	58	7168	512	0	CLMUL	288.30512
recover[ms]	58	7168	512	0	CLMUL_TRI	407.33982
create[ns]	58	7168	512	1024	GENERIC	13.14579
create-total[ms]	58	7168	512	1024	GENERIC	96.49049
create[ns]	58	7168	512	1024	CLMUL	20.19740
create-total[ms]	58	7168	512	1024	CLMUL	148.24957
create[ns]	58	7168	512	1024	CLMUL_TRI	20.41114
create-total[ms]	58	7168	512	1024	CLMUL_TRI	149.81843
recover[ms]	58	7168	768	0	GENERIC	2847.79653
recover[ms]	58	7168	768	0	CLMUL	597.32804
recover[ms]	58	7168	768	0	CLMUL_TRI	841.15957
create[ns]	58	7168	768	1024	GENERIC	13.14658
create-total[ms]	58	7168	768	1024	GENERIC	96.49633
create[ns]	58	7168	768	1024	CLMUL	20.18775
create-total[ms]	58	7168	768	1024	CLMUL	148.17870
create[ns]	58	7168	768	1024	CLMUL_TRI	20.41178
create-total[ms]	58	7168	768	1024	CLMUL_TRI	149.82310
recover[ms]	58	7168	1024	0	GENERIC	4424.15341
recover[ms]	58	7168	1024	0	CLMUL	1005.22974
recover[ms]	58	7168	1024	0	CLMUL_TRI	1421.02939
create[ns]	58	7168	1024	1024	GENERIC	13.14582
create-total[ms]	58	7168	1024	1024	GENERIC	96.49074
create[ns]	58	7168	1024	1024	CLMUL	20.20788
create-total[ms]	58	7168	1024	1024	CLMUL	148.32650
create[ns]	58	7168	1024	1024	CLMUL_TRI	20.41034
create-total[ms]	58	7168	1024	1024	CLMUL_TRI	149.81253
recover[ms]	58	7168	1536	0	GENERIC	7628.68568
recover[ms]	58	7168	1536	0	CLMUL	2134.93366
recover[ms]	58	7168	1536	0	CLMUL_TRI	3017.02299
create[ns]	58	7168	1536	1024	GENERIC	13.14844
create-total[ms]	58	7168	1536	1024	GENERIC	96.50999
create[ns]	58	7168	1536	1024	CLMUL	20.22521
create-total[ms]	58	7168	1536	1024	CLMUL	148.45367
create[ns]	58	7168	1536	1024	CLMUL_TRI	20.41002
create-total[ms]	58	7168	1536	1024	CLMUL_TRI	149.81020
recover[ms]	58	7168	2048	0	GENERIC	11181.09714
recover[ms]	58	7168	2048	0	CLMUL	3692.25519
recover[ms]	58	7168	2048	0	CLMUL_TRI	5209.94099
create[ns]	58	7168	2048	1024	GENERIC	13.14868
create-total[ms]	58	7168	2048	1024	GENERIC	96.51174
create[ns]	58	7168	2048	1024	CLMUL	20.20470
create-total[ms]	58	7168	2048	1024	CLMUL	148.30317
create[ns]	58	7168	2048	1024	CLMUL_TRI	20.40458
create-total[ms]	58	7168	2048	1024	CLMUL_TRI	149.77024
recover[ms]	58	8192	8	0	GENERIC	16.07479
recover[ms]	58	8192	8	0	CLMUL	1.31803
recover[ms]	58	8192	8	0	CLMUL_TRI	1.79782
create[ns]	58	8192	8	1024	GENERIC	13.14262
create-total[ms]	58	8192	8	1024	GENERIC	110.24826
create[ns]	58	8192	8	1024	CLMUL	20.21166
create-total[ms]	58	8192	8	1024	CLMUL	169.54771
create[ns]	58	8192	8	1024	CLMUL_TRI	20.40821
create-total[ms]	58	8192	8	1024	CLMUL_TRI	171.19649
recover[ms]	58	8192	16	0	GENERIC	19.73226
recover[ms]	58	8192	16	0	CLMUL	2.68885
recover[ms]	58	8192	16	0	CLMUL_TRI	3.68635
create[ns]	58	8192	16	1024	GENERIC	13.14387
create-total[ms]	58	8192	16	1024	GENERIC	110.25876
create[ns]	58	8192	16	1024	CLMUL	20.25342
create-total[ms]	58	8192	16	1024	CLMUL	169.89800
create[ns]	58	8192	16	1024	CLMUL_TRI	20.40025
create-total[ms]	58	8192	16	1024	CLMUL_TRI	171.12970
recover[ms]	58	8192	32	0	GENERIC	37.67633
recover[ms]	58	8192	32	0	CLMUL	5.64895
recover[ms]	58	8192	32	0	CLMUL_TRI	7.84694
create[ns]	58	8192	32	1024	GENERIC	13.14091
create-total[ms]	58	8192	32	1024	GENERIC	110.23397
create[ns]	58	8192	32	1024	CLMUL	20.18047
create-total[ms]	58	8192	32	1024	CLMUL	169.28609
create[ns]	58	8192	32	1024	CLMUL_TRI	20.40136
create-total[ms]	58	8192	32	1024	CLMUL_TRI	171.13903
recover[ms]	58	8192	64	0	GENERIC	87.38469
recover[ms]	58	8192	64	0	CLMUL	13.16281
recover[ms]	58	8192	64	0	CLMUL_TRI	18.50727
create[ns]	58	8192	64	1024	GENERIC	13.14182
create-total[ms]	58	8192	64	1024	GENERIC	110.24155
create[ns]	58	8192	64	1024	CLMUL	20.20912
create-total[ms]	58	8192	64	1024	CLMUL	169.52642
create[ns]	58	8192	64	1024	CLMUL_TRI	20.40425
create-total[ms]	58	8192	64	1024	CLMUL_TRI	171.16324
recover[ms]	58	8192	128	0	GENERIC	178.75468
recover[ms]	58	8192	128	0	CLMUL	33.16895
recover[ms]	58	8192	128	0	CLMUL_TRI	46.78968
create[ns]	58	8192	128	1024	GENERIC	13.14171
create-total[ms]	58	8192	128	1024	GENERIC	110.24068
create[ns]	58	8192	128	1024	CLMUL	20.23371
create-total[ms]	58	8192	128	1024	CLMUL	169.73263
create[ns]	58	8192	128	1024	CLMUL_TRI	20.40616
create-total[ms]	58	8192	128	1024	CLMUL_TRI	171.17928
recover[ms]	58	8192	256	0	GENERIC	387.95883
recover[ms]	58	8192	256	0	CLMUL	93.85876
recover[ms]	58	8192	256	0	CLMUL_TRI	132.83329
create[ns]	58	8192	256	1024	GENERIC	13.14279
create-total[ms]	58	8192	256	1024	GENERIC	110.24972
create[ns]	58	8192	256	1024	CLMUL	20.22522
create-total[ms]	58	8192	256	1024	CLMUL	169.66146
create[ns]	58	8192	256	1024	CLMUL_TRI	20.40091
create-total[ms]	58	8192	256	1024	CLMUL_TRI	171.13524
recover[ms]	58	8192	384	0	GENERIC	668.21534
recover[ms]	58	8192	384	0	CLMUL	181.42633
recover[ms]	58	8192	384	0	CLMUL_TRI	257.30719
create[ns]	58	8192	384	1024	GENERIC	13.14272
create-total[ms]	58	8192	384	1024	GENERIC	110.24913
create[ns]	58	8192	384	1024	CLMUL	20.21138
create-total[ms]	58	8192	384	1024	CLMUL	169.54538
create[ns]	58	8192	384	1024	CLMUL_TRI	20.41402
create-total[ms]	58	8192	384	1024	CLMUL_TRI	171.24520
recover[ms]	58	8192	512	0	GENERIC	1131.61608
recover[ms]	58	8192	512	0	CLMUL	297.03013
recover[ms]	58	8192	512	0	CLMUL_TRI	420.12416
create[ns]	58	8192	512	1024	GENERIC	13.14213
create-total[ms]	58	8192	512	1024	GENERIC	110.24418
create[ns]	58	8192	512	1024	CLMUL	20.24490
create-total[ms]	58	8192	512	1024	CLMUL	169.82654
create[ns]	58	8192	512	1024	CLMUL_TRI	20.40084
create-total[ms]	58	8192	512	1024	CLMUL_TRI	171.13466
recover[ms]	58	8192	768	0	GENERIC	3171.02961
recover[ms]	58	8192	768	0	CLMUL	608.87428
recover[ms]	58	8192	768	0	CLMUL_TRI	859.04669
create[ns]	58	8192	768	1024	GENERIC	13.14240
create-total[ms]	58	8192	768	1024	GENERIC	110.24647
create[ns]	58	8192	768	1024	CLMUL	20.20043
create-total[ms]	58	8192	768	1024	CLMUL	169.45345
create[ns]	58	8192	768	1024	CLMUL_TRI	20.41342
create-total[ms]	58	8192	768	1024	CLMUL_TRI	171.24018
recover[ms]	58	8192	1024	0	GENERIC	4924.13951
recover[ms]	58	8192	1024	0	CLMUL	1023.60893
recover[ms]	58	8192	1024	0	CLMUL_TRI	1446.90976
create[ns]	58	8192	1024	1024	GENERIC	13.14084
create-total[ms]	58	8192	1024	1024	GENERIC	110.23335
create[ns]	58	8192	1024	1024	CLMUL	20.25682
create-total[ms]	58	8192	1024	1024	CLMUL	169.92653
create[ns]	58	8192	1024	1024	CLMUL_TRI	20.40490
create-total[ms]	58	8192	1024	1024	CLMUL_TRI	171.16873
recover[ms]	58	8192	1536	0	GENERIC	8407.18564
recover[ms]	58	8192	1536	0	CLMUL	2158.44461
recover[ms]	58	8192	1536	0	CLMUL_TRI	3055.26474
create[ns]	58	8192	1536	1024	GENERIC	13.14435
create-total[ms]	58	8192	1536	1024	GENERIC	110.26281
create[ns]	58	8192	1536	1024	CLMUL	20.22515
create-total[ms]	58	8192	1536	1024	CLMUL	169.66082
create[ns]	58	8192	1536	1024	CLMUL_TRI	20.40501
create-total[ms]	58	8192	1536	1024	CLMUL_TRI	171.16960
recover[ms]	58	8192	2048	0	GENERIC	12192.57329
recover[ms]	58	8192	2048	0	CLMUL	3710.62010
recover[ms]	58	8192	2048	0	CLMUL_TRI	5250.44855
create[ns]	58	8192	2048	1024	GENERIC	13.14226
create-total[ms]	58	8192	2048	1024	GENERIC	110.24531
create[ns]	58	8192	2048	1024	CLMUL	20.23394
create-total[ms]	58	8192	2048	1024	CLMUL	169.73461
create[ns]	58	8192	2048	1024	CLMUL_TRI	20.39812
create-total[ms]	58	8192	2048	1024	CLMUL_TRI	171.11185
recover[ms]	64	128	8	0	GENERIC	0.47512
recover[ms]	64	128	8	0	CLMUL	0.11142
create[ns]	64	128	8	1024	GENERIC	16.24413
create-total[ms]	64	128	8	1024	GENERIC	2.12915
create[ns]	64	128	8	1024	CLMUL	21.72484
create-total[ms]	64	128	8	1024	CLMUL	2.84752
recover[ms]	64	128	16	0	GENERIC	1.38774
recover[ms]	64	128	16	0	CLMUL	0.41445
create[ns]	64	128	16	1024	GENERIC	16.24634
create-total[ms]	64	128	16	1024	GENERIC	2.12944
create[ns]	64	128	16	1024	CLMUL	21.72484
create-total[ms]	64	128	16	1024	CLMUL	2.84752
recover[ms]	64	128	32	0	GENERIC	4.09351
recover[ms]	64	128	32	0	CLMUL	1.49303
create[ns]	64	128	32	1024	GENERIC	16.24413
create-total[ms]	64	128	32	1024	GENERIC	2.12915
create[ns]	64	128	32	1024	CLMUL	21.72484
create-total[ms]	64	128	32	1024	CLMUL	2.84752
recover[ms]	64	128	64	0	GENERIC	12.28927
recover[ms]	64	128	64	0	CLMUL	5.47250
create[ns]	64	128	64	1024	GENERIC	16.24412
create-total[ms]	64	128	64	1024	GENERIC	2.12915
create[ns]	64	128	64	1024	CLMUL	21.72261
create-total[ms]	64	128	64	1024	CLMUL	2.84723
recover[ms]	64	128	128	0	GENERIC	37.97702
recover[ms]	64	128	128	0	CLMUL	20.47746
create[ns]	64	128	128	1024	GENERIC	16.24412
create-total[ms]	64	128	128	1024	GENERIC	2.12915
create[ns]	64	128	128	1024	CLMUL	21.72262
create-total[ms]	64	128	128	1024	CLMUL	2.84723
recover[ms]	64	256	8	0	GENERIC	0.83299
recover[ms]	64	256	8	0	CLMUL	0.14321
create[ns]	64	256	8	1024	GENERIC	15.18269
create-total[ms]	64	256	8	1024	GENERIC	3.98005
create[ns]	64	256	8	1024	CLMUL	21.71149
create-total[ms]	64	256	8	1024	CLMUL	5.69154
recover[ms]	64	256	16	0	GENERIC	1.82174
recover[ms]	64	256	16	0	CLMUL	0.47512
create[ns]	64	256	16	1024	GENERIC	15.18269
create-total[ms]	64	256	16	1024	GENERIC	3.98005
create[ns]	64	256	16	1024	CLMUL	21.71149
create-total[ms]	64	256	16	1024	CLMUL	5.69154
recover[ms]	64	256	32	0	GENERIC	5.00321
recover[ms]	64	256	32	0	CLMUL	1.57207
create[ns]	64	256	32	1024	GENERIC	15.18158
create-total[ms]	64	256	32	1024	GENERIC	3.97976
create[ns]	64	256	32	1024	CLMUL	21.71038
create-total[ms]	64	256	32	1024	CLMUL	5.69125
recover[ms]	64	256	64	0	GENERIC	13.81410
recover[ms]	64	256	64	0	CLMUL	5.70758
create[ns]	64	256	64	1024	GENERIC	15.19270
create-total[ms]	64	256	64	1024	GENERIC	3.98267
create[ns]	64	256	64	1024	CLMUL	21.71817
create-total[ms]	64	256	64	1024	CLMUL	5.69329
recover[ms]	64	256	128	0	GENERIC	40.72275
recover[ms]	64	256	128	0	CLMUL	20.82454
create[ns]	64	256	128	1024	GENERIC	15.18269
create-total[ms]	64	256	128	1024	GENERIC	3.98005
create[ns]	64	256	128	1024	CLMUL	21.71149
create-total[ms]	64	256	128	1024	CLMUL	5.69154
recover[ms]	64	256	256	0	GENERIC	128.76803
recover[ms]	64	256	256	0	CLMUL	78.28707
create[ns]	64	256	256	1024	GENERIC	15.18269
create-total[ms]	64	256	256	1024	GENERIC	3.98005
create[ns]	64	256	256	1024	CLMUL	21.71149
create-total[ms]	64	256	256	1024	CLMUL	5.69154
recover[ms]	64	512	8	0	GENERIC	1.58140
recover[ms]	64	512	8	0	CLMUL	0.19075
create[ns]	64	512	8	1024	GENERIC	14.63584
create-total[ms]	64	512	8	1024	GENERIC	7.67340
create[ns]	64	512	8	1024	CLMUL	21.69870
create-total[ms]	64	512	8	1024	CLMUL	11.37637
recover[ms]	64	512	16	0	GENERIC	2.70927
recover[ms]	64	512	16	0	CLMUL	0.54920
create[ns]	64	512	16	1024	GENERIC	14.62916
create-total[ms]	64	512	16	1024	GENERIC	7.66990
create[ns]	64	512	16	1024	CLMUL	21.70092
create-total[ms]	64	512	16	1024	CLMUL	11.37753
recover[ms]	64	512	32	0	GENERIC	6.51170
recover[ms]	64	512	32	0	CLMUL	1.76807
create[ns]	64	512	32	1024	GENERIC	14.63640
create-total[ms]	64	512	32	1024	GENERIC	7.67369
create[ns]	64	512	32	1024	CLMUL	21.69869
create-total[ms]	64	512	32	1024	CLMUL	11.37636
recover[ms]	64	512	64	0	GENERIC	16.87190
recover[ms]	64	512	64	0	CLMUL	5.97883
create[ns]	64	512	64	1024	GENERIC	14.63528
create-total[ms]	64	512	64	1024	GENERIC	7.67310
create[ns]	64	512	64	1024	CLMUL	21.69703
create-total[ms]	64	512	64	1024	CLMUL	11.37549
recover[ms]	64	512	128	0	GENERIC	46.12087
recover[ms]	64	512	128	0	CLMUL	21.41428
create[ns]	64	512	128	1024	GENERIC	14.62916
create-total[ms]	64	512	128	1024	GENERIC	7.66990
create[ns]	64	512	128	1024	CLMUL	21.69758
create-total[ms]	64	512	128	1024	CLMUL	11.37578
recover[ms]	64	512	256	0	GENERIC	138.70649
recover[ms]	64	512	256	0	CLMUL	79.56718
create[ns]	64	512	256	1024	GENERIC	14.63473
create-total[ms]	64	512	256	1024	GENERIC	7.67281
create[ns]	64	512	256	1024	CLMUL	21.69869
create-total[ms]	64	512	256	1024	CLMUL	11.37636
recover[ms]	64	512	384	0	GENERIC	277.01020
recover[ms]	64	512	384	0	CLMUL	173.03829
create[ns]	64	512	384	1024	GENERIC	14.63918
create-total[ms]	64	512	384	1024	GENERIC	7.67515
create[ns]	64	512	384	1024	CLMUL	21.70426
create-total[ms]	64	512	384	1024	CLMUL	11.37928
recover[ms]	64	512	512	0	GENERIC	458.93025
recover[ms]	64	512	512	0	CLMUL	302.08137
create[ns]	64	512	512	1024	GENERIC	14.63974
create-total[ms]	64	512	512	1024	GENERIC	7.67544
create[ns]	64	512	512	1024	CLMUL	21.69814
create-total[ms]	64	512	512	1024	CLMUL	11.37607
recover[ms]	64	1024	8	0	GENERIC	2.72794
recover[ms]	64	1024	8	0	CLMUL	0.27504
create[ns]	64	1024	8	1024	GENERIC	14.36937
create-total[ms]	64	1024	8	1024	GENERIC	15.06738
create[ns]	64	1024	8	1024	CLMUL	21.69814
create-total[ms]	64	1024	8	1024	CLMUL	22.75215
recover[ms]	64	1024	16	0	GENERIC	4.40267
recover[ms]	64	1024	16	0	CLMUL	0.72216
create[ns]	64	1024	16	1024	GENERIC	14.36464
create-total[ms]	64	1024	16	1024	GENERIC	15.06242
create[ns]	64	1024	16	1024	CLMUL	21.69508
create-total[ms]	64	1024	16	1024	CLMUL	22.74894
recover[ms]	64	1024	32	0	GENERIC	9.61092
recover[ms]	64	1024	32	0	CLMUL	2.09007
create[ns]	64	1024	32	1024	GENERIC	14.36770
create-total[ms]	64	1024	32	1024	GENERIC	15.06563
create[ns]	64	1024	32	1024	CLMUL	21.69675
create-total[ms]	64	1024	32	1024	CLMUL	22.75069
recover[ms]	64	1024	64	0	GENERIC	22.94902
recover[ms]	64	1024	64	0	CLMUL	6.69603
create[ns]	64	1024	64	1024	GENERIC	14.36464
create-total[ms]	64	1024	64	1024	GENERIC	15.06242
create[ns]	64	1024	64	1024	CLMUL	21.69925
create-total[ms]	64	1024	64	1024	CLMUL	22.75331
recover[ms]	64	1024	128	0	GENERIC	57.89594
recover[ms]	64	1024	128	0	CLMUL	22.75915
create[ns]	64	1024	128	1024	GENERIC	14.36603
create-total[ms]	64	1024	128	1024	GENERIC	15.06388
create[ns]	64	1024	128	1024	CLMUL	21.69508
create-total[ms]	64	1024	128	1024	CLMUL	22.74894
recover[ms]	64	1024	256	0	GENERIC	160.37248
recover[ms]	64	1024	256	0	CLMUL	82.25312
create[ns]	64	1024	256	1024	GENERIC	14.36381
create-total[ms]	64	1024	256	1024	GENERIC	15.06154
create[ns]	64	1024	256	1024	CLMUL	21.69564
create-total[ms]	64	1024	256	1024	CLMUL	22.74952
recover[ms]	64	1024	384	0	GENERIC	312.32841
recover[ms]	64	1024	384	0	CLMUL	177.03231
create[ns]	64	1024	384	1024	GENERIC	14.36269
create-total[ms]	64	1024	384	1024	GENERIC	15.06037
create[ns]	64	1024	384	1024	CLMUL	21.69452
create-total[ms]	64	1024	384	1024	CLMUL	22.74835
recover[ms]	64	1024	512	0	GENERIC	534.73545
recover[ms]	64	1024	512	0	CLMUL	307.27789
create[ns]	64	1024	512	1024	GENERIC	14.36492
create-total[ms]	64	1024	512	1024	GENERIC	15.06271
create[ns]	64	1024	512	1024	CLMUL	21.69424
create-total[ms]	64	1024	512	1024	CLMUL	22.74806
recover[ms]	64	1024	768	0	GENERIC	1127.69816
recover[ms]	64	1024	768	0	CLMUL	675.62823
create[ns]	64	1024	768	1024	GENERIC	14.36019
create-total[ms]	64	1024	768	1024	GENERIC	15.05775
create[ns]	64	1024	768	1024	CLMUL	21.69758
create-total[ms]	64	1024	768	1024	CLMUL	22.75156
recover[ms]	64	1024	1024	0	GENERIC	1808.20885
recover[ms]	64	1024	1024	0	CLMUL	1174.51319
create[ns]	64	1024	1024	1024	GENERIC	14.36074
create-total[ms]	64	1024	1024	1024	GENERIC	15.05833
create[ns]	64	1024	1024	1024	CLMUL	21.70064
create-total[ms]	64	1024	1024	1024	CLMUL	22.75477
recover[ms]	64	2048	8	0	GENERIC	5.06912
recover[ms]	64	2048	8	0	CLMUL	0.45500
create[ns]	64	2048	8	1024	GENERIC	14.24309
create-total[ms]	64	2048	8	1024	GENERIC	29.86992
create[ns]	64	2048	8	1024	CLMUL	21.69466
create-total[ms]	64	2048	8	1024	CLMUL	45.49699
recover[ms]	64	2048	16	0	GENERIC	7.32310
recover[ms]	64	2048	16	0	CLMUL	1.06662
create[ns]	64	2048	16	1024	GENERIC	14.24378
create-total[ms]	64	2048	16	1024	GENERIC	29.87137
create[ns]	64	2048	16	1024	CLMUL	21.69702
create-total[ms]	64	2048	16	1024	CLMUL	45.50195
recover[ms]	64	2048	32	0	GENERIC	14.78446
recover[ms]	64	2048	32	0	CLMUL	2.77693
create[ns]	64	2048	32	1024	GENERIC	14.23989
create-total[ms]	64	2048	32	1024	GENERIC	29.86321
create[ns]	64	2048	32	1024	CLMUL	21.69577
create-total[ms]	64	2048	32	1024	CLMUL	45.49933
recover[ms]	64	2048	64	0	GENERIC	33.28618
recover[ms]	64	2048	64	0	CLMUL	7.99043
create[ns]	64	2048	64	1024	GENERIC	14.24420
create-total[ms]	64	2048	64	1024	GENERIC	29.87225
create[ns]	64	2048	64	1024	CLMUL	21.69813
create-total[ms]	64	2048	64	1024	CLMUL	45.50429
recover[ms]	64	2048	128	0	GENERIC	76.95386
recover[ms]	64	2048	128	0	CLMUL	25.41825
create[ns]	64	2048	128	1024	GENERIC	14.24962
create-total[ms]	64	2048	128	1024	GENERIC	29.88363
create[ns]	64	2048	128	1024	CLMUL	21.69549
create-total[ms]	64	2048	128	1024	CLMUL	45.49874
recover[ms]	64	2048	256	0	GENERIC	200.47687
recover[ms]	64	2048	256	0	CLMUL	87.22481
create[ns]	64	2048	256	1024	GENERIC	14.24489
create-total[ms]	64	2048	256	1024	GENERIC	29.87371
create[ns]	64	2048	256	1024	CLMUL	21.69494
create-total[ms]	64	2048	256	1024	CLMUL	45.49758
recover[ms]	64	2048	384	0	GENERIC	389.87224
recover[ms]	64	2048	384	0	CLMUL	184.72758
create[ns]	64	2048	384	1024	GENERIC	14.24573
create-total[ms]	64	2048	384	1024	GENERIC	29.87546
create[ns]	64	2048	384	1024	CLMUL	21.69591
create-total[ms]	64	2048	384	1024	CLMUL	45.49962
recover[ms]	64	2048	512	0	GENERIC	696.95384
recover[ms]	64	2048	512	0	CLMUL	318.47225
create[ns]	64	2048	512	1024	GENERIC	14.24851
create-total[ms]	64	2048	512	1024	GENERIC	29.88129
create[ns]	64	2048	512	1024	CLMUL	21.69521
create-total[ms]	64	2048	512	1024	CLMUL	45.49816
recover[ms]	64	2048	768	0	GENERIC	1493.07265
recover[ms]	64	2048	768	0	CLMUL	687.67309
create[ns]	64	2048	768	1024	GENERIC	14.24517
create-total[ms]	64	2048	768	1024	GENERIC	29.87429
create[ns]	64	2048	768	1024	CLMUL	21.69827
create-total[ms]	64	2048	768	1024	CLMUL	45.50458
recover[ms]	64	2048	1024	0	GENERIC	2335.98490
recover[ms]	64	2048	1024	0	CLMUL	1197.24316
create[ns]	64	2048	1024	1024	GENERIC	14.24128
create-total[ms]	64	2048	1024	1024	GENERIC	29.86613
create[ns]	64	2048	1024	1024	CLMUL	21.69355
create-total[ms]	64	2048	1024	1024	CLMUL	45.49466
recover[ms]	64	2048	1536	0	GENERIC	4463.79474
recover[ms]	64	2048	1536	0	CLMUL	2636.36960
create[ns]	64	2048	1536	1024	GENERIC	14.24476
create-total[ms]	64	2048	1536	1024	GENERIC	29.87342
create[ns]	64	2048	1536	1024	CLMUL	21.69577
create-total[ms]	64	2048	1536	1024	CLMUL	45.49933
recover[ms]	64	2048	2048	0	GENERIC	7152.28823
recover[ms]	64	2048	2048	0	CLMUL	4656.41738
create[ns]	64	2048	2048	1024	GENERIC	14.24170
create-total[ms]	64	2048	2048	1024	GENERIC	29.86700
create[ns]	64	2048	2048	1024	CLMUL	21.69980
create-total[ms]	64	2048	2048	1024	CLMUL	45.50779
recover[ms]	64	3072	8	0	GENERIC	7.07840
recover[ms]	64	3072	8	0	CLMUL	0.63087
create[ns]	64	3072	8	1024	GENERIC	14.22788
create-total[ms]	64	3072	8	1024	GENERIC	44.75704
create[ns]	64	3072	8	1024	CLMUL	21.69906
create-total[ms]	64	3072	8	1024	CLMUL	68.25935
recover[ms]	64	3072	16	0	GENERIC	9.98075
recover[ms]	64	3072	16	0	CLMUL	1.39999
create[ns]	64	3072	16	1024	GENERIC	14.22018
create-total[ms]	64	3072	16	1024	GENERIC	44.73283
create[ns]	64	3072	16	1024	CLMUL	21.69906
create-total[ms]	64	3072	16	1024	CLMUL	68.25935
recover[ms]	64	3072	32	0	GENERIC	20.61687
recover[ms]	64	3072	32	0	CLMUL	3.40372
create[ns]	64	3072	32	1024	GENERIC	14.22046
create-total[ms]	64	3072	32	1024	GENERIC	44.73371
create[ns]	64	3072	32	1024	CLMUL	21.70045
create-total[ms]	64	3072	32	1024	CLMUL	68.26372
recover[ms]	64	3072	64	0	GENERIC	46.05174
recover[ms]	64	3072	64	0	CLMUL	9.33530
create[ns]	64	3072	64	1024	GENERIC	14.22343
create-total[ms]	64	3072	64	1024	GENERIC	44.74304
create[ns]	64	3072	64	1024	CLMUL	21.70157
create-total[ms]	64	3072	64	1024	CLMUL	68.26722
recover[ms]	64	3072	128	0	GENERIC	100.42291
recover[ms]	64	3072	128	0	CLMUL	28.05810
create[ns]	64	3072	128	1024	GENERIC	14.21509
create-total[ms]	64	3072	128	1024	GENERIC	44.71679
create[ns]	64	3072	128	1024	CLMUL	21.70064
create-total[ms]	64	3072	128	1024	CLMUL	68.26430
recover[ms]	64	3072	256	0	GENERIC	247.21635
recover[ms]	64	3072	256	0	CLMUL	92.58414
create[ns]	64	3072	256	1024	GENERIC	14.21703
create-total[ms]	64	3072	256	1024	GENERIC	44.72292
create[ns]	64	3072	256	1024	CLMUL	21.70481
create-total[ms]	64	3072	256	1024	CLMUL	68.27743
recover[ms]	64	3072	384	0	GENERIC	472.29160
recover[ms]	64	3072	384	0	CLMUL	192.33360
create[ns]	64	3072	384	1024	GENERIC	14.21601
create-total[ms]	64	3072	384	1024	GENERIC	44.71971
create[ns]	64	3072	384	1024	CLMUL	21.69915
create-total[ms]	64	3072	384	1024	CLMUL	68.25964
recover[ms]	64	3072	512	0	GENERIC	868.23687
recover[ms]	64	3072	512	0	CLMUL	328.74934
create[ns]	64	3072	512	1024	GENERIC	14.21694
create-total[ms]	64	3072	512	1024	GENERIC	44.72263
create[ns]	64	3072	512	1024	CLMUL	21.70398
create-total[ms]	64	3072	512	1024	CLMUL	68.27480
recover[ms]	64	3072	768	0	GENERIC	1872.51148
recover[ms]	64	3072	768	0	CLMUL	703.70325
create[ns]	64	3072	768	1024	GENERIC	14.22056
create-total[ms]	64	3072	768	1024	GENERIC	44.73400
create[ns]	64	3072	768	1024	CLMUL	21.69980
create-total[ms]	64	3072	768	1024	CLMUL	68.26168
recover[ms]	64	3072	1024	0	GENERIC	2868.59820
recover[ms]	64	3072	1024	0	CLMUL	1216.53413
create[ns]	64	3072	1024	1024	GENERIC	14.21944
create-total[ms]	64	3072	1024	1024	GENERIC	44.73050
create[ns]	64	3072	1024	1024	CLMUL	21.70518
create-total[ms]	64	3072	1024	1024	CLMUL	68.27860
recover[ms]	64	3072	1536	0	GENERIC	5322.53619
recover[ms]	64	3072	1536	0	CLMUL	2667.08778
create[ns]	64	3072	1536	1024	GENERIC	14.22259
create-total[ms]	64	3072	1536	1024	GENERIC	44.74041
create[ns]	64	3072	1536	1024	CLMUL	21.70184
create-total[ms]	64	3072	1536	1024	CLMUL	68.26809
recover[ms]	64	3072	2048	0	GENERIC	8308.61892
recover[ms]	64	3072	2048	0	CLMUL	4703.56040
create[ns]	64	3072	2048	1024	GENERIC	14.21796
create-total[ms]	64	3072	2048	1024	GENERIC	44.72583
create[ns]	64	3072	2048	1024	CLMUL	21.70258
create-total[ms]	64	3072	2048	1024	CLMUL	68.27042
recover[ms]	64	4096	8	0	GENERIC	9.43154
recover[ms]	64	4096	8	0	CLMUL	0.80558
create[ns]	64	4096	8	1024	GENERIC	14.19044
create-total[ms]	64	4096	8	1024	GENERIC	59.51904
create[ns]	64	4096	8	1024	CLMUL	21.70043
create-total[ms]	64	4096	8	1024	CLMUL	91.01819
recover[ms]	64	4096	16	0	GENERIC	12.75739
recover[ms]	64	4096	16	0	CLMUL	1.74649
create[ns]	64	4096	16	1024	GENERIC	14.18634
create-total[ms]	64	4096	16	1024	GENERIC	59.50183
create[ns]	64	4096	16	1024	CLMUL	21.70550
create-total[ms]	64	4096	16	1024	CLMUL	91.03948
recover[ms]	64	4096	32	0	GENERIC	25.80761
recover[ms]	64	4096	32	0	CLMUL	4.04917
create[ns]	64	4096	32	1024	GENERIC	14.18530
create-total[ms]	64	4096	32	1024	GENERIC	59.49746
create[ns]	64	4096	32	1024	CLMUL	21.70356
create-total[ms]	64	4096	32	1024	CLMUL	91.03131
recover[ms]	64	4096	64	0	GENERIC	54.93145
recover[ms]	64	4096	64	0	CLMUL	10.65974
create[ns]	64	4096	64	1024	GENERIC	14.18613
create-total[ms]	64	4096	64	1024	GENERIC	59.50096
create[ns]	64	4096	64	1024	CLMUL	21.70606
create-total[ms]	64	4096	64	1024	CLMUL	91.04181
recover[ms]	64	4096	128	0	GENERIC	118.55071
recover[ms]	64	4096	128	0	CLMUL	30.69474
create[ns]	64	4096	128	1024	GENERIC	14.19100
create-total[ms]	64	4096	128	1024	GENERIC	59.52137
create[ns]	64	4096	128	1024	CLMUL	21.70258
create-total[ms]	64	4096	128	1024	CLMUL	91.02723
recover[ms]	64	4096	256	0	GENERIC	283.05253
recover[ms]	64	4096	256	0	CLMUL	97.87463
create[ns]	64	4096	256	1024	GENERIC	14.19302
create-total[ms]	64	4096	256	1024	GENERIC	59.52983
create[ns]	64	4096	256	1024	CLMUL	21.70126
create-total[ms]	64	4096	256	1024	CLMUL	91.02169
recover[ms]	64	4096	384	0	GENERIC	540.66814
recover[ms]	64	4096	384	0	CLMUL	200.38818
create[ns]	64	4096	384	1024	GENERIC	14.19524
create-total[ms]	64	4096	384	1024	GENERIC	59.53916
create[ns]	64	4096	384	1024	CLMUL	21.70481
create-total[ms]	64	4096	384	1024	CLMUL	91.03656
recover[ms]	64	4096	512	0	GENERIC	1008.08395
recover[ms]	64	4096	512	0	CLMUL	339.15005
create[ns]	64	4096	512	1024	GENERIC	14.19775
create-total[ms]	64	4096	512	1024	GENERIC	59.54966
create[ns]	64	4096	512	1024	CLMUL	21.70495
create-total[ms]	64	4096	512	1024	CLMUL	91.03715
recover[ms]	64	4096	768	0	GENERIC	2240.88203
recover[ms]	64	4096	768	0	CLMUL	731.16366
create[ns]	64	4096	768	1024	GENERIC	14.19211
create-total[ms]	64	4096	768	1024	GENERIC	59.52604
create[ns]	64	4096	768	1024	CLMUL	21.70231
create-total[ms]	64	4096	768	1024	CLMUL	91.02607
recover[ms]	64	4096	1024	0	GENERIC	3410.19328
recover[ms]	64	4096	1024	0	CLMUL	1255.91889
create[ns]	64	4096	1024	1024	GENERIC	14.18989
create-total[ms]	64	4096	1024	1024	GENERIC	59.51671
create[ns]	64	4096	1024	1024	CLMUL	21.70272
create-total[ms]	64	4096	1024	1024	CLMUL	91.02782
recover[ms]	64	4096	1536	0	GENERIC	6161.26601
recover[ms]	64	4096	1536	0	CLMUL	2718.72483
create[ns]	64	4096	1536	1024	GENERIC	14.18919
create-total[ms]	64	4096	1536	1024	GENERIC	59.51379
create[ns]	64	4096	1536	1024	CLMUL	21.70300
create-total[ms]	64	4096	1536	1024	CLMUL	91.02898
recover[ms]	64	4096	2048	0	GENERIC	9507.05692
recover[ms]	64	4096	2048	0	CLMUL	4738.55573
create[ns]	64	4096	2048	1024	GENERIC	14.19517
create-total[ms]	64	4096	2048	1024	GENERIC	59.53887
create[ns]	64	4096	2048	1024	CLMUL	21.70481
create-total[ms]	64	4096	2048	1024	CLMUL	91.03656
recover[ms]	64	5120	8	0	GENERIC	11.92848
recover[ms]	64	5120	8	0	CLMUL	0.98699
create[ns]	64	5120	8	1024	GENERIC	14.18656
create-total[ms]	64	5120	8	1024	GENERIC	74.37846
create[ns]	64	5120	8	1024	CLMUL	21.70420
create-total[ms]	64	5120	8	1024	CLMUL	113.79250
recover[ms]	64	5120	16	0	GENERIC	15.85166
recover[ms]	64	5120	16	0	CLMUL	2.07169
create[ns]	64	5120	16	1024	GENERIC	14.18779
create-total[ms]	64	5120	16	1024	GENERIC	74.38487
create[ns]	64	5120	16	1024	CLMUL	21.70520
create-total[ms]	64	5120	16	1024	CLMUL	113.79775
recover[ms]	64	5120	32	0	GENERIC	30.71341
recover[ms]	64	5120	32	0	CLMUL	4.70921
create[ns]	64	5120	32	1024	GENERIC	14.18990
create-total[ms]	64	5120	32	1024	GENERIC	74.39596
create[ns]	64	5120	32	1024	CLMUL	21.70359
create-total[ms]	64	5120	32	1024	CLMUL	113.78931
recover[ms]	64	5120	64	0	GENERIC	65.85837
recover[ms]	64	5120	64	0	CLMUL	12.03698
create[ns]	64	5120	64	1024	GENERIC	14.18490
create-total[ms]	64	5120	64	1024	GENERIC	74.36972
create[ns]	64	5120	64	1024	CLMUL	21.70309
create-total[ms]	64	5120	64	1024	CLMUL	113.78668
recover[ms]	64	5120	128	0	GENERIC	137.95748
recover[ms]	64	5120	128	0	CLMUL	33.24418
create[ns]	64	5120	128	1024	GENERIC	14.18840
create-total[ms]	64	5120	128	1024	GENERIC	74.38809
create[ns]	64	5120	128	1024	CLMUL	21.70320
create-total[ms]	64	5120	128	1024	CLMUL	113.78727
recover[ms]	64	5120	256	0	GENERIC	320.95988
recover[ms]	64	5120	256	0	CLMUL	103.03681
create[ns]	64	5120	256	1024	GENERIC	14.18840
create-total[ms]	64	5120	256	1024	GENERIC	74.38809
create[ns]	64	5120	256	1024	CLMUL	21.70670
create-total[ms]	64	5120	256	1024	CLMUL	113.80564
recover[ms]	64	5120	384	0	GENERIC	605.11961
recover[ms]	64	5120	384	0	CLMUL	207.77432
create[ns]	64	5120	384	1024	GENERIC	14.18551
create-total[ms]	64	5120	384	1024	GENERIC	74.37293
create[ns]	64	5120	384	1024	CLMUL	21.70431
create-total[ms]	64	5120	384	1024	CLMUL	113.79310
recover[ms]	64	5120	512	0	GENERIC	1144.68884
recover[ms]	64	5120	512	0	CLMUL	349.51644
create[ns]	64	5120	512	1024	GENERIC	14.18406
create-total[ms]	64	5120	512	1024	GENERIC	74.36534
create[ns]	64	5120	512	1024	CLMUL	21.70353
create-total[ms]	64	5120	512	1024	CLMUL	113.78901
recover[ms]	64	5120	768	0	GENERIC	2612.97976
recover[ms]	64	5120	768	0	CLMUL	746.45981
create[ns]	64	5120	768	1024	GENERIC	14.18879
create-total[ms]	64	5120	768	1024	GENERIC	74.39013
create[ns]	64	5120	768	1024	CLMUL	21.70186
create-total[ms]	64	5120	768	1024	CLMUL	113.78026
recover[ms]	64	5120	1024	0	GENERIC	3934.74993
recover[ms]	64	5120	1024	0	CLMUL	1277.19921
create[ns]	64	5120	1024	1024	GENERIC	14.18890
create-total[ms]	64	5120	1024	1024	GENERIC	74.39072
create[ns]	64	5120	1024	1024	CLMUL	21.70520
create-total[ms]	64	5120	1024	1024	CLMUL	113.79776
recover[ms]	64	5120	1536	0	GENERIC	6984.06728
recover[ms]	64	5120	1536	0	CLMUL	2752.90743
create[ns]	64	5120	1536	1024	GENERIC	14.18601
create-total[ms]	64	5120	1536	1024	GENERIC	74.37555
create[ns]	64	5120	1536	1024	CLMUL	21.70125
create-total[ms]	64	5120	1536	1024	CLMUL	113.77706
recover[ms]	64	5120	2048	0	GENERIC	10677.60445
recover[ms]	64	5120	2048	0	CLMUL	4790.92537
create[ns]	64	5120	2048	1024	GENERIC	14.18773
create-total[ms]	64	5120	2048	1024	GENERIC	74.38459
create[ns]	64	5120	2048	1024	CLMUL	21.70220
create-total[ms]	64	5120	2048	1024	CLMUL	113.78202
recover[ms]	64	6144	8	0	GENERIC	13.98297
recover[ms]	64	6144	8	0	CLMUL	1.15645
create[ns]	64	6144	8	1024	GENERIC	14.17610
create-total[ms]	64	6144	8	1024	GENERIC	89.18830
create[ns]	64	6144	8	1024	CLMUL	21.70912
create-total[ms]	64	6144	8	1024	CLMUL	136.58199
recover[ms]	64	6144	16	0	GENERIC	18.26110
recover[ms]	64	6144	16	0	CLMUL	2.40010
create[ns]	64	6144	16	1024	GENERIC	14.17610
create-total[ms]	64	6144	16	1024	GENERIC	89.18830
create[ns]	64	6144	16	1024	CLMUL	21.70764
create-total[ms]	64	6144	16	1024	CLMUL	136.57266
recover[ms]	64	6144	32	0	GENERIC	36.16141
recover[ms]	64	6144	32	0	CLMUL	5.37829
create[ns]	64	6144	32	1024	GENERIC	14.17744
create-total[ms]	64	6144	32	1024	GENERIC	89.19676
create[ns]	64	6144	32	1024	CLMUL	21.70866
create-total[ms]	64	6144	32	1024	CLMUL	136.57908
recover[ms]	64	6144	64	0	GENERIC	77.49169
recover[ms]	64	6144	64	0	CLMUL	13.28793
create[ns]	64	6144	64	1024	GENERIC	14.17582
create-total[ms]	64	6144	64	1024	GENERIC	89.18655
create[ns]	64	6144	64	1024	CLMUL	21.70829
create-total[ms]	64	6144	64	1024	CLMUL	136.57674
recover[ms]	64	6144	128	0	GENERIC	158.32527
recover[ms]	64	6144	128	0	CLMUL	35.90504
create[ns]	64	6144	128	1024	GENERIC	14.17536
create-total[ms]	64	6144	128	1024	GENERIC	89.18364
create[ns]	64	6144	128	1024	CLMUL	21.71042
create-total[ms]	64	6144	128	1024	CLMUL	136.59016
recover[ms]	64	6144	256	0	GENERIC	361.67971
recover[ms]	64	6144	256	0	CLMUL	108.05781
create[ns]	64	6144	256	1024	GENERIC	14.17791
create-total[ms]	64	6144	256	1024	GENERIC	89.19968
create[ns]	64	6144	256	1024	CLMUL	21.70936
create-total[ms]	64	6144	256	1024	CLMUL	136.58345
recover[ms]	64	6144	384	0	GENERIC	664.53745
recover[ms]	64	6144	384	0	CLMUL	215.76680
create[ns]	64	6144	384	1024	GENERIC	14.17610
create-total[ms]	64	6144	384	1024	GENERIC	89.18830
create[ns]	64	6144	384	1024	CLMUL	21.70616
create-total[ms]	64	6144	384	1024	CLMUL	136.56333
recover[ms]	64	6144	512	0	GENERIC	1267.00379
recover[ms]	64	6144	512	0	CLMUL	359.97785
create[ns]	64	6144	512	1024	GENERIC	14.17531
create-total[ms]	64	6144	512	1024	GENERIC	89.18334
create[ns]	64	6144	512	1024	CLMUL	21.70523
create-total[ms]	64	6144	512	1024	CLMUL	136.55749
recover[ms]	64	6144	768	0	GENERIC	2988.55785
recover[ms]	64	6144	768	0	CLMUL	761.13053
create[ns]	64	6144	768	1024	GENERIC	14.17832
create-total[ms]	64	6144	768	1024	GENERIC	89.20230
create[ns]	64	6144	768	1024	CLMUL	21.70402
create-total[ms]	64	6144	768	1024	CLMUL	136.54991
recover[ms]	64	6144	1024	0	GENERIC	4466.64286
recover[ms]	64	6144	1024	0	CLMUL	1295.30885
create[ns]	64	6144	1024	1024	GENERIC	14.17865
create-total[ms]	64	6144	1024	1024	GENERIC	89.20434
create[ns]	64	6144	1024	1024	CLMUL	21.70490
create-total[ms]	64	6144	1024	1024	CLMUL	136.55544
recover[ms]	64	6144	1536	0	GENERIC	7888.14340
recover[ms]	64	6144	1536	0	CLMUL	2746.26723
create[ns]	64	6144	1536	1024	GENERIC	14.17406
create-total[ms]	64	6144	1536	1024	GENERIC	89.17546
create[ns]	64	6144	1536	1024	CLMUL	21.70782
create-total[ms]	64	6144	1536	1024	CLMUL	136.57382
recover[ms]	64	6144	2048	0	GENERIC	11741.09351
recover[ms]	64	6144	2048	0	CLMUL	4839.47345
create[ns]	64	6144	2048	1024	GENERIC	14.17740
create-total[ms]	64	6144	2048	1024	GENERIC	89.19646
create[ns]	64	6144	2048	1024	CLMUL	21.70639
create-total[ms]	64	6144	2048	1024	CLMUL	136.56478
recover[ms]	64	7168	8	0	GENERIC	16.56740
recover[ms]	64	7168	8	0	CLMUL	1.33582
create[ns]	64	7168	8	1024	GENERIC	14.17144
create-total[ms]	64	7168	8	1024	GENERIC	104.01884
create[ns]	64	7168	8	1024	CLMUL	21.70819
create-total[ms]	64	7168	8	1024	CLMUL	159.33880
recover[ms]	64	7168	16	0	GENERIC	21.59599
recover[ms]	64	7168	16	0	CLMUL	2.74602
create[ns]	64	7168	16	1024	GENERIC	14.17450
create-total[ms]	64	7168	16	1024	GENERIC	104.04130
create[ns]	64	7168	16	1024	CLMUL	21.70831
create-total[ms]	64	7168	16	1024	CLMUL	159.33967
recover[ms]	64	7168	32	0	GENERIC	41.79198
recover[ms]	64	7168	32	0	CLMUL	6.04241
create[ns]	64	7168	32	1024	GENERIC	14.17204
create-total[ms]	64	7168	32	1024	GENERIC	104.02322
create[ns]	64	7168	32	1024	CLMUL	21.71006
create-total[ms]	64	7168	32	1024	CLMUL	159.35250
recover[ms]	64	7168	64	0	GENERIC	87.74864
recover[ms]	64	7168	64	0	CLMUL	14.56455
create[ns]	64	7168	64	1024	GENERIC	14.17009
create-total[ms]	64	7168	64	1024	GENERIC	104.00892
create[ns]	64	7168	64	1024	CLMUL	21.71093
create-total[ms]	64	7168	64	1024	CLMUL	159.35892
recover[ms]	64	7168	128	0	GENERIC	179.37671
recover[ms]	64	7168	128	0	CLMUL	38.51660
create[ns]	64	7168	128	1024	GENERIC	14.17029
create-total[ms]	64	7168	128	1024	GENERIC	104.01038
create[ns]	64	7168	128	1024	CLMUL	21.70755
create-total[ms]	64	7168	128	1024	CLMUL	159.33413
recover[ms]	64	7168	256	0	GENERIC	401.94627
recover[ms]	64	7168	256	0	CLMUL	113.29493
create[ns]	64	7168	256	1024	GENERIC	14.17363
create-total[ms]	64	7168	256	1024	GENERIC	104.03488
create[ns]	64	7168	256	1024	CLMUL	21.70696
create-total[ms]	64	7168	256	1024	CLMUL	159.32975
recover[ms]	64	7168	384	0	GENERIC	726.82814
recover[ms]	64	7168	384	0	CLMUL	223.72892
create[ns]	64	7168	384	1024	GENERIC	14.17478
create-total[ms]	64	7168	384	1024	GENERIC	104.04334
create[ns]	64	7168	384	1024	CLMUL	21.70775
create-total[ms]	64	7168	384	1024	CLMUL	159.33559
recover[ms]	64	7168	512	0	GENERIC	1354.34927
recover[ms]	64	7168	512	0	CLMUL	370.06853
create[ns]	64	7168	512	1024	GENERIC	14.17108
create-total[ms]	64	7168	512	1024	GENERIC	104.01621
create[ns]	64	7168	512	1024	CLMUL	21.71037
create-total[ms]	64	7168	512	1024	CLMUL	159.35484
recover[ms]	64	7168	768	0	GENERIC	3366.25147
recover[ms]	64	7168	768	0	CLMUL	777.13730
create[ns]	64	7168	768	1024	GENERIC	14.16957
create-total[ms]	64	7168	768	1024	GENERIC	104.00513
create[ns]	64	7168	768	1024	CLMUL	21.70608
create-total[ms]	64	7168	768	1024	CLMUL	159.32334
recover[ms]	64	7168	1024	0	GENERIC	4996.47018
recover[ms]	64	7168	1024	0	CLMUL	1316.84621
create[ns]	64	7168	1024	1024	GENERIC	14.17104
create-total[ms]	64	7168	1024	1024	GENERIC	104.01592
create[ns]	64	7168	1024	1024	CLMUL	21.70692
create-total[ms]	64	7168	1024	1024	CLMUL	159.32946
recover[ms]	64	7168	1536	0	GENERIC	8667.53633
recover[ms]	64	7168	1536	0	CLMUL	2814.22874
create[ns]	64	7168	1536	1024	GENERIC	14.17140
create-total[ms]	64	7168	1536	1024	GENERIC	104.01856
create[ns]	64	7168	1536	1024	CLMUL	21.70668
create-total[ms]	64	7168	1536	1024	CLMUL	159.32773
recover[ms]	64	7168	2048	0	GENERIC	12968.06949
recover[ms]	64	7168	2048	0	CLMUL	4873.91330
create[ns]	64	7168	2048	1024	GENERIC	14.17367
create-total[ms]	64	7168	2048	1024	GENERIC	104.03518
create[ns]	64	7168	2048	1024	CLMUL	21.70887
create-total[ms]	64	7168	2048	1024	CLMUL	159.34377
recover[ms]	64	8192	8	0	GENERIC	48.71143
recover[ms]	64	8192	8	0	CLMUL	1.51520
create[ns]	64	8192	8	1024	GENERIC	14.16594
create-total[ms]	64	8192	8	1024	GENERIC	118.83248
create[ns]	64	8192	8	1024	CLMUL	21.71090
create-total[ms]	64	8192	8	1024	CLMUL	182.12420
recover[ms]	64	8192	16	0	GENERIC	55.63087
recover[ms]	64	8192	16	0	CLMUL	3.06860
create[ns]	64	8192	16	1024	GENERIC	14.16514
create-total[ms]	64	8192	16	1024	GENERIC	118.82577
create[ns]	64	8192	16	1024	CLMUL	21.71201
create-total[ms]	64	8192	16	1024	CLMUL	182.13354
recover[ms]	64	8192	32	0	GENERIC	79.87722
recover[ms]	64	8192	32	0	CLMUL	6.70449
create[ns]	64	8192	32	1024	GENERIC	14.16656
create-total[ms]	64	8192	32	1024	GENERIC	118.83773
create[ns]	64	8192	32	1024	CLMUL	21.71312
create-total[ms]	64	8192	32	1024	CLMUL	182.14287
recover[ms]	64	8192	64	0	GENERIC	130.79392
recover[ms]	64	8192	64	0	CLMUL	15.96337
create[ns]	64	8192	64	1024	GENERIC	14.16545
create-total[ms]	64	8192	64	1024	GENERIC	118.82839
create[ns]	64	8192	64	1024	CLMUL	21.70843
create-total[ms]	64	8192	64	1024	CLMUL	182.10350
recover[ms]	64	8192	128	0	GENERIC	233.51282
recover[ms]	64	8192	128	0	CLMUL	41.11941
create[ns]	64	8192	128	1024	GENERIC	14.16621
create-total[ms]	64	8192	128	1024	GENERIC	118.83481
create[ns]	64	8192	128	1024	CLMUL	21.71191
create-total[ms]	64	8192	128	1024	CLMUL	182.13266
recover[ms]	64	8192	256	0	GENERIC	474.05621
recover[ms]	64	8192	256	0	CLMUL	118.68723
create[ns]	64	8192	256	1024	GENERIC	14.16618
create-total[ms]	64	8192	256	1024	GENERIC	118.83452
create[ns]	64	8192	256	1024	CLMUL	21.70985
create-total[ms]	64	8192	256	1024	CLMUL	182.11545
recover[ms]	64	8192	384	0	GENERIC	853.73307
recover[ms]	64	8192	384	0	CLMUL	231.34605
create[ns]	64	8192	384	1024	GENERIC	14.16545
create-total[ms]	64	8192	384	1024	GENERIC	118.82839
create[ns]	64	8192	384	1024	CLMUL	21.71222
create-total[ms]	64	8192	384	1024	CLMUL	182.13529
recover[ms]	64	8192	512	0	GENERIC	1643.54413
recover[ms]	64	8192	512	0	CLMUL	380.53931
create[ns]	64	8192	512	1024	GENERIC	14.16625
create-total[ms]	64	8192	512	1024	GENERIC	118.83510
create[ns]	64	8192	512	1024	CLMUL	21.71069
create-total[ms]	64	8192	512	1024	CLMUL	182.12245
recover[ms]	64	8192	768	0	GENERIC	3844.53506
recover[ms]	64	8192	768	0	CLMUL	794.49314
create[ns]	64	8192	768	1024	GENERIC	14.16486
create-total[ms]	64	8192	768	1024	GENERIC	118.82344
create[ns]	64	8192	768	1024	CLMUL	21.71138
create-total[ms]	64	8192	768	1024	CLMUL	182.12829
recover[ms]	64	8192	1024	0	GENERIC	5697.62625
recover[ms]	64	8192	1024	0	CLMUL	1340.59917
create[ns]	64	8192	1024	1024	GENERIC	14.16524
create-total[ms]	64	8192	1024	1024	GENERIC	118.82664
create[ns]	64	8192	1024	1024	CLMUL	21.70965
create-total[ms]	64	8192	1024	1024	CLMUL	182.11370
recover[ms]	64	8192	1536	0	GENERIC	9673.23346
recover[ms]	64	8192	1536	0	CLMUL	2858.20220
create[ns]	64	8192	1536	1024	GENERIC	14.16378
create-total[ms]	64	8192	1536	1024	GENERIC	118.81439
create[ns]	64	8192	1536	1024	CLMUL	21.71003
create-total[ms]	64	8192	1536	1024	CLMUL	182.11690
recover[ms]	64	8192	2048	0	GENERIC	14201.91808
recover[ms]	64	8192	2048	0	CLMUL	4912.21026
create[ns]	64	8192	2048	1024	GENERIC	14.16656
create-total[ms]	64	8192	2048	1024	GENERIC	118.83772
create[ns]	64	8192	2048	1024	CLMUL	21.71100
create-total[ms]	64	8192	2048	1024	CLMUL	182.12507
