metric	bits	capacity	errors	data_len	implementation	value
create-batch-K1[ns]	16	128	0	16	GENERIC	6.97803
create-batch-K1-total[ms]	16	128	0	16	GENERIC	0.01429
create-batch-K1[ns]	16	128	0	16	CLMUL	16.94727
create-batch-K1-total[ms]	16	128	0	16	CLMUL	0.03471
create-batch-K2[ns]	16	128	0	16	GENERIC	4.55762
create-batch-K2-total[ms]	16	128	0	16	GENERIC	0.00933
create-batch-K2[ns]	16	128	0	16	CLMUL	8.68701
create-batch-K2-total[ms]	16	128	0	16	CLMUL	0.01779
create-batch-K4[ns]	16	128	0	16	GENERIC	4.12988
create-batch-K4-total[ms]	16	128	0	16	GENERIC	0.00846
create-batch-K4[ns]	16	128	0	16	CLMUL	4.98438
create-batch-K4-total[ms]	16	128	0	16	CLMUL	0.01021
create-batch-K8[ns]	16	128	0	16	GENERIC	4.27197
create-batch-K8-total[ms]	16	128	0	16	GENERIC	0.00875
create-batch-K8[ns]	16	128	0	16	CLMUL	3.84521
create-batch-K8-total[ms]	16	128	0	16	CLMUL	0.00788
create-batch-K1[ns]	16	128	0	64	GENERIC	7.01379
create-batch-K1-total[ms]	16	128	0	64	GENERIC	0.05746
create-batch-K1[ns]	16	128	0	64	CLMUL	16.84045
create-batch-K1-total[ms]	16	128	0	64	CLMUL	0.13796
create-batch-K2[ns]	16	128	0	64	GENERIC	4.66394
create-batch-K2-total[ms]	16	128	0	64	GENERIC	0.03821
create-batch-K2[ns]	16	128	0	64	CLMUL	8.65161
create-batch-K2-total[ms]	16	128	0	64	CLMUL	0.07087
create-batch-K4[ns]	16	128	0	64	GENERIC	4.16553
create-batch-K4-total[ms]	16	128	0	64	GENERIC	0.03412
create-batch-K4[ns]	16	128	0	64	CLMUL	4.91333
create-batch-K4-total[ms]	16	128	0	64	CLMUL	0.04025
create-batch-K8[ns]	16	128	0	64	GENERIC	4.27234
create-batch-K8-total[ms]	16	128	0	64	GENERIC	0.03500
create-batch-K8[ns]	16	128	0	64	CLMUL	3.84521
create-batch-K8-total[ms]	16	128	0	64	CLMUL	0.03150
create-batch-K1[ns]	16	128	0	128	GENERIC	6.99603
create-batch-K1-total[ms]	16	128	0	128	GENERIC	0.11462
create-batch-K1[ns]	16	128	0	128	CLMUL	16.85822
create-batch-K1-total[ms]	16	128	0	128	CLMUL	0.27621
create-batch-K2[ns]	16	128	0	128	GENERIC	4.64624
create-batch-K2-total[ms]	16	128	0	128	GENERIC	0.07612
create-batch-K2[ns]	16	128	0	128	CLMUL	8.65161
create-batch-K2-total[ms]	16	128	0	128	CLMUL	0.14175
create-batch-K4[ns]	16	128	0	128	GENERIC	4.18335
create-batch-K4-total[ms]	16	128	0	128	GENERIC	0.06854
create-batch-K4[ns]	16	128	0	128	CLMUL	4.91327
create-batch-K4-total[ms]	16	128	0	128	CLMUL	0.08050
create-batch-K8[ns]	16	128	0	128	GENERIC	4.29016
create-batch-K8-total[ms]	16	128	0	128	GENERIC	0.07029
create-batch-K8[ns]	16	128	0	128	CLMUL	3.84515
create-batch-K8-total[ms]	16	128	0	128	CLMUL	0.06300
create-batch-K1[ns]	16	128	0	512	GENERIC	7.00496
create-batch-K1-total[ms]	16	128	0	512	GENERIC	0.45908
create-batch-K1[ns]	16	128	0	512	CLMUL	16.85820
create-batch-K1-total[ms]	16	128	0	512	CLMUL	1.10482
create-batch-K2[ns]	16	128	0	512	GENERIC	4.65068
create-batch-K2-total[ms]	16	128	0	512	GENERIC	0.30479
create-batch-K2[ns]	16	128	0	512	CLMUL	8.66052
create-batch-K2-total[ms]	16	128	0	512	CLMUL	0.56758
create-batch-K4[ns]	16	128	0	512	GENERIC	4.17896
create-batch-K4-total[ms]	16	128	0	512	GENERIC	0.27387
create-batch-K4[ns]	16	128	0	512	CLMUL	4.91327
create-batch-K4-total[ms]	16	128	0	512	CLMUL	0.32200
create-batch-K8[ns]	16	128	0	512	GENERIC	4.28131
create-batch-K8-total[ms]	16	128	0	512	GENERIC	0.28058
create-batch-K8[ns]	16	128	0	512	CLMUL	3.85406
create-batch-K8-total[ms]	16	128	0	512	CLMUL	0.25258
create-batch-K1[ns]	16	128	0	1024	GENERIC	7.00497
create-batch-K1-total[ms]	16	128	0	1024	GENERIC	0.91816
create-batch-K1[ns]	16	128	0	1024	CLMUL	16.89159
create-batch-K1-total[ms]	16	128	0	1024	CLMUL	2.21401
create-batch-K2[ns]	16	128	0	1024	GENERIC	4.65292
create-batch-K2-total[ms]	16	128	0	1024	GENERIC	0.60987
create-batch-K2[ns]	16	128	0	1024	CLMUL	8.65829
create-batch-K2-total[ms]	16	128	0	1024	CLMUL	1.13486
create-batch-K4[ns]	16	128	0	1024	GENERIC	4.17895
create-batch-K4-total[ms]	16	128	0	1024	GENERIC	0.54774
create-batch-K4[ns]	16	128	0	1024	CLMUL	4.91105
create-batch-K4-total[ms]	16	128	0	1024	CLMUL	0.64370
create-batch-K8[ns]	16	128	0	1024	GENERIC	4.28131
create-batch-K8-total[ms]	16	128	0	1024	GENERIC	0.56116
create-batch-K8[ns]	16	128	0	1024	CLMUL	3.85184
create-batch-K8-total[ms]	16	128	0	1024	CLMUL	0.50487
create-batch-K1[ns]	16	128	0	2048	GENERIC	7.00719
create-batch-K1-total[ms]	16	128	0	2048	GENERIC	1.83689
create-batch-K1[ns]	16	128	0	2048	CLMUL	17.37001
create-batch-K1-total[ms]	16	128	0	2048	CLMUL	4.55344
create-batch-K2[ns]	16	128	0	2048	GENERIC	4.65403
create-batch-K2-total[ms]	16	128	0	2048	GENERIC	1.22003
create-batch-K2[ns]	16	128	0	2048	CLMUL	8.65941
create-batch-K2-total[ms]	16	128	0	2048	CLMUL	2.27001
create-batch-K4[ns]	16	128	0	2048	GENERIC	4.18006
create-batch-K4-total[ms]	16	128	0	2048	GENERIC	1.09578
create-batch-K4[ns]	16	128	0	2048	CLMUL	4.95332
create-batch-K4-total[ms]	16	128	0	2048	CLMUL	1.29848
create-batch-K8[ns]	16	128	0	2048	GENERIC	4.28242
create-batch-K8-total[ms]	16	128	0	2048	GENERIC	1.12261
create-batch-K8[ns]	16	128	0	2048	CLMUL	3.85295
create-batch-K8-total[ms]	16	128	0	2048	CLMUL	1.01003
create-batch-K1[ns]	16	128	0	4096	GENERIC	7.00831
create-batch-K1-total[ms]	16	128	0	4096	GENERIC	3.67437
create-batch-K1[ns]	16	128	0	4096	CLMUL	17.43398
create-batch-K1-total[ms]	16	128	0	4096	CLMUL	9.14043
create-batch-K2[ns]	16	128	0	4096	GENERIC	4.65403
create-batch-K2-total[ms]	16	128	0	4096	GENERIC	2.44005
create-batch-K2[ns]	16	128	0	4096	CLMUL	8.67221
create-batch-K2-total[ms]	16	128	0	4096	CLMUL	4.54673
create-batch-K4[ns]	16	128	0	4096	GENERIC	4.18229
create-batch-K4-total[ms]	16	128	0	4096	GENERIC	2.19272
create-batch-K4[ns]	16	128	0	4096	CLMUL	5.04233
create-batch-K4-total[ms]	16	128	0	4096	CLMUL	2.64363
create-batch-K8[ns]	16	128	0	4096	GENERIC	4.28353
create-batch-K8-total[ms]	16	128	0	4096	GENERIC	2.24580
create-batch-K8[ns]	16	128	0	4096	CLMUL	3.85518
create-batch-K8-total[ms]	16	128	0	4096	CLMUL	2.02122
create-batch-K1[ns]	16	128	0	8192	GENERIC	7.01136
create-batch-K1-total[ms]	16	128	0	8192	GENERIC	7.35195
create-batch-K1[ns]	16	128	0	8192	CLMUL	17.43176
create-batch-K1-total[ms]	16	128	0	8192	CLMUL	18.27852
create-batch-K2[ns]	16	128	0	8192	GENERIC	4.65876
create-batch-K2-total[ms]	16	128	0	8192	GENERIC	4.88506
create-batch-K2[ns]	16	128	0	8192	CLMUL	8.67638
create-batch-K2-total[ms]	16	128	0	8192	CLMUL	9.09784
create-batch-K4[ns]	16	128	0	8192	GENERIC	4.18618
create-batch-K4-total[ms]	16	128	0	8192	GENERIC	4.38953
create-batch-K4[ns]	16	128	0	8192	CLMUL	5.04706
create-batch-K4-total[ms]	16	128	0	8192	CLMUL	5.29223
create-batch-K8[ns]	16	128	0	8192	GENERIC	4.28910
create-batch-K8-total[ms]	16	128	0	8192	GENERIC	4.49744
create-batch-K8[ns]	16	128	0	8192	CLMUL	3.85824
create-batch-K8-total[ms]	16	128	0	8192	CLMUL	4.04566
create-batch-K1[ns]	16	256	0	16	GENERIC	6.69360
create-batch-K1-total[ms]	16	256	0	16	GENERIC	0.02742
create-batch-K1[ns]	16	256	0	16	CLMUL	17.44556
create-batch-K1-total[ms]	16	256	0	16	CLMUL	0.07146
create-batch-K2[ns]	16	256	0	16	GENERIC	4.41479
create-batch-K2-total[ms]	16	256	0	16	GENERIC	0.01808
create-batch-K2[ns]	16	256	0	16	CLMUL	8.68726
create-batch-K2-total[ms]	16	256	0	16	CLMUL	0.03558
create-batch-K4[ns]	16	256	0	16	GENERIC	3.91626
create-batch-K4-total[ms]	16	256	0	16	GENERIC	0.01604
create-batch-K4[ns]	16	256	0	16	CLMUL	4.98462
create-batch-K4-total[ms]	16	256	0	16	CLMUL	0.02042
create-batch-K8[ns]	16	256	0	16	GENERIC	4.05859
create-batch-K8-total[ms]	16	256	0	16	GENERIC	0.01662
create-batch-K8[ns]	16	256	0	16	CLMUL	3.84521
create-batch-K8-total[ms]	16	256	0	16	CLMUL	0.01575
create-batch-K1[ns]	16	256	0	64	GENERIC	6.74683
create-batch-K1-total[ms]	16	256	0	64	GENERIC	0.11054
create-batch-K1[ns]	16	256	0	64	CLMUL	16.98285
create-batch-K1-total[ms]	16	256	0	64	CLMUL	0.27825
create-batch-K2[ns]	16	256	0	64	GENERIC	4.41479
create-batch-K2-total[ms]	16	256	0	64	GENERIC	0.07233
create-batch-K2[ns]	16	256	0	64	CLMUL	8.68719
create-batch-K2-total[ms]	16	256	0	64	CLMUL	0.14233
create-batch-K4[ns]	16	256	0	64	GENERIC	3.95197
create-batch-K4-total[ms]	16	256	0	64	GENERIC	0.06475
create-batch-K4[ns]	16	256	0	64	CLMUL	4.91327
create-batch-K4-total[ms]	16	256	0	64	CLMUL	0.08050
create-batch-K8[ns]	16	256	0	64	GENERIC	4.05878
create-batch-K8-total[ms]	16	256	0	64	GENERIC	0.06650
create-batch-K8[ns]	16	256	0	64	CLMUL	3.84515
create-batch-K8-total[ms]	16	256	0	64	CLMUL	0.06300
create-batch-K1[ns]	16	256	0	128	GENERIC	6.73795
create-batch-K1-total[ms]	16	256	0	128	GENERIC	0.22079
create-batch-K1[ns]	16	256	0	128	CLMUL	16.98282
create-batch-K1-total[ms]	16	256	0	128	CLMUL	0.55649
create-batch-K2[ns]	16	256	0	128	GENERIC	4.40591
create-batch-K2-total[ms]	16	256	0	128	GENERIC	0.14437
create-batch-K2[ns]	16	256	0	128	CLMUL	8.68723
create-batch-K2-total[ms]	16	256	0	128	CLMUL	0.28466
create-batch-K4[ns]	16	256	0	128	GENERIC	3.94305
create-batch-K4-total[ms]	16	256	0	128	GENERIC	0.12921
create-batch-K4[ns]	16	256	0	128	CLMUL	5.02005
create-batch-K4-total[ms]	16	256	0	128	CLMUL	0.16450
create-batch-K8[ns]	16	256	0	128	GENERIC	4.04987
create-batch-K8-total[ms]	16	256	0	128	GENERIC	0.13271
create-batch-K8[ns]	16	256	0	128	CLMUL	3.83624
create-batch-K8-total[ms]	16	256	0	128	CLMUL	0.12571
create-batch-K1[ns]	16	256	0	512	GENERIC	6.74017
create-batch-K1-total[ms]	16	256	0	512	GENERIC	0.88345
create-batch-K1[ns]	16	256	0	512	CLMUL	16.98059
create-batch-K1-total[ms]	16	256	0	512	CLMUL	2.22568
create-batch-K2[ns]	16	256	0	512	GENERIC	4.41037
create-batch-K2-total[ms]	16	256	0	512	GENERIC	0.57808
create-batch-K2[ns]	16	256	0	512	CLMUL	8.68723
create-batch-K2-total[ms]	16	256	0	512	CLMUL	1.13865
create-batch-K4[ns]	16	256	0	512	GENERIC	3.94307
create-batch-K4-total[ms]	16	256	0	512	GENERIC	0.51683
create-batch-K4[ns]	16	256	0	512	CLMUL	4.88434
create-batch-K4-total[ms]	16	256	0	512	CLMUL	0.64020
create-batch-K8[ns]	16	256	0	512	GENERIC	4.04989
create-batch-K8-total[ms]	16	256	0	512	GENERIC	0.53083
create-batch-K8[ns]	16	256	0	512	CLMUL	3.83627
create-batch-K8-total[ms]	16	256	0	512	CLMUL	0.50283
create-batch-K1[ns]	16	256	0	1024	GENERIC	6.74128
create-batch-K1-total[ms]	16	256	0	1024	GENERIC	1.76719
create-batch-K1[ns]	16	256	0	1024	CLMUL	17.09074
create-batch-K1-total[ms]	16	256	0	1024	CLMUL	4.48023
create-batch-K2[ns]	16	256	0	1024	GENERIC	4.40926
create-batch-K2-total[ms]	16	256	0	1024	GENERIC	1.15586
create-batch-K2[ns]	16	256	0	1024	CLMUL	8.68834
create-batch-K2-total[ms]	16	256	0	1024	CLMUL	2.27760
create-batch-K4[ns]	16	256	0	1024	GENERIC	3.94196
create-batch-K4-total[ms]	16	256	0	1024	GENERIC	1.03336
create-batch-K4[ns]	16	256	0	1024	CLMUL	4.88545
create-batch-K4-total[ms]	16	256	0	1024	CLMUL	1.28069
create-batch-K8[ns]	16	256	0	1024	GENERIC	4.04989
create-batch-K8-total[ms]	16	256	0	1024	GENERIC	1.06165
create-batch-K8[ns]	16	256	0	1024	CLMUL	3.83627
create-batch-K8-total[ms]	16	256	0	1024	CLMUL	1.00565
create-batch-K1[ns]	16	256	0	2048	GENERIC	6.74239
create-batch-K1-total[ms]	16	256	0	2048	GENERIC	3.53496
create-batch-K1[ns]	16	256	0	2048	CLMUL	17.14415
create-batch-K1-total[ms]	16	256	0	2048	CLMUL	8.98847
create-batch-K2[ns]	16	256	0	2048	GENERIC	4.41037
create-batch-K2-total[ms]	16	256	0	2048	GENERIC	2.31231
create-batch-K2[ns]	16	256	0	2048	CLMUL	8.69891
create-batch-K2-total[ms]	16	256	0	2048	CLMUL	4.56073
create-batch-K4[ns]	16	256	0	2048	GENERIC	3.94308
create-batch-K4-total[ms]	16	256	0	2048	GENERIC	2.06731
create-batch-K4[ns]	16	256	0	2048	CLMUL	5.02230
create-batch-K4-total[ms]	16	256	0	2048	CLMUL	2.63313
create-batch-K8[ns]	16	256	0	2048	GENERIC	4.05100
create-batch-K8-total[ms]	16	256	0	2048	GENERIC	2.12389
create-batch-K8[ns]	16	256	0	2048	CLMUL	3.83627
create-batch-K8-total[ms]	16	256	0	2048	CLMUL	2.01131
create-batch-K1[ns]	16	256	0	4096	GENERIC	6.74656
create-batch-K1-total[ms]	16	256	0	4096	GENERIC	7.07429
create-batch-K1[ns]	16	256	0	4096	CLMUL	17.11133
create-batch-K1-total[ms]	16	256	0	4096	CLMUL	17.94253
create-batch-K2[ns]	16	256	0	4096	GENERIC	4.41510
create-batch-K2-total[ms]	16	256	0	4096	GENERIC	4.62957
create-batch-K2[ns]	16	256	0	4096	CLMUL	8.69808
create-batch-K2-total[ms]	16	256	0	4096	CLMUL	9.12059
create-batch-K4[ns]	16	256	0	4096	GENERIC	3.94753
create-batch-K4-total[ms]	16	256	0	4096	GENERIC	4.13928
create-batch-K4[ns]	16	256	0	4096	CLMUL	5.04734
create-batch-K4-total[ms]	16	256	0	4096	CLMUL	5.29252
create-batch-K8[ns]	16	256	0	4096	GENERIC	4.05573
create-batch-K8-total[ms]	16	256	0	4096	GENERIC	4.25274
create-batch-K8[ns]	16	256	0	4096	CLMUL	3.84099
create-batch-K8-total[ms]	16	256	0	4096	CLMUL	4.02757
create-batch-K1[ns]	16	256	0	8192	GENERIC	6.74907
create-batch-K1-total[ms]	16	256	0	8192	GENERIC	14.15382
create-batch-K1[ns]	16	256	0	8192	CLMUL	17.21104
create-batch-K1-total[ms]	16	256	0	8192	CLMUL	36.09417
create-batch-K2[ns]	16	256	0	8192	GENERIC	4.41538
create-batch-K2-total[ms]	16	256	0	8192	GENERIC	9.25972
create-batch-K2[ns]	16	256	0	8192	CLMUL	8.69863
create-batch-K2-total[ms]	16	256	0	8192	CLMUL	18.24235
create-batch-K4[ns]	16	256	0	8192	GENERIC	3.94725
create-batch-K4-total[ms]	16	256	0	8192	GENERIC	8.27798
create-batch-K4[ns]	16	256	0	8192	CLMUL	5.04553
create-batch-K4-total[ms]	16	256	0	8192	CLMUL	10.58124
create-batch-K8[ns]	16	256	0	8192	GENERIC	4.05517
create-batch-K8-total[ms]	16	256	0	8192	GENERIC	8.50431
create-batch-K8[ns]	16	256	0	8192	CLMUL	3.84099
create-batch-K8-total[ms]	16	256	0	8192	CLMUL	8.05515
create-batch-K1[ns]	16	512	0	16	GENERIC	6.62219
create-batch-K1-total[ms]	16	512	0	16	GENERIC	0.05425
create-batch-K1[ns]	16	512	0	16	CLMUL	17.23206
create-batch-K1-total[ms]	16	512	0	16	CLMUL	0.14117
create-batch-K2[ns]	16	512	0	16	GENERIC	4.27234
create-batch-K2-total[ms]	16	512	0	16	GENERIC	0.03500
create-batch-K2[ns]	16	512	0	16	CLMUL	8.68713
create-batch-K2-total[ms]	16	512	0	16	CLMUL	0.07117
create-batch-K4[ns]	16	512	0	16	GENERIC	3.80957
create-batch-K4-total[ms]	16	512	0	16	GENERIC	0.03121
create-batch-K4[ns]	16	512	0	16	CLMUL	4.87769
create-batch-K4-total[ms]	16	512	0	16	CLMUL	0.03996
create-batch-K8[ns]	16	512	0	16	GENERIC	3.91638
create-batch-K8-total[ms]	16	512	0	16	GENERIC	0.03208
create-batch-K8[ns]	16	512	0	16	CLMUL	3.80957
create-batch-K8-total[ms]	16	512	0	16	CLMUL	0.03121
create-batch-K1[ns]	16	512	0	64	GENERIC	6.61331
create-batch-K1-total[ms]	16	512	0	64	GENERIC	0.21671
create-batch-K1[ns]	16	512	0	64	CLMUL	17.24985
create-batch-K1-total[ms]	16	512	0	64	CLMUL	0.56524
create-batch-K2[ns]	16	512	0	64	GENERIC	4.29019
create-batch-K2-total[ms]	16	512	0	64	GENERIC	0.14058
create-batch-K2[ns]	16	512	0	64	CLMUL	8.66943
create-batch-K2-total[ms]	16	512	0	64	CLMUL	0.28408
create-batch-K4[ns]	16	512	0	64	GENERIC	3.81845
create-batch-K4-total[ms]	16	512	0	64	GENERIC	0.12512
create-batch-K4[ns]	16	512	0	64	CLMUL	4.87766
create-batch-K4-total[ms]	16	512	0	64	CLMUL	0.15983
create-batch-K8[ns]	16	512	0	64	GENERIC	3.93417
create-batch-K8-total[ms]	16	512	0	64	GENERIC	0.12892
create-batch-K8[ns]	16	512	0	64	CLMUL	3.82736
create-batch-K8-total[ms]	16	512	0	64	CLMUL	0.12541
create-batch-K1[ns]	16	512	0	128	GENERIC	6.60889
create-batch-K1-total[ms]	16	512	0	128	GENERIC	0.43312
create-batch-K1[ns]	16	512	0	128	CLMUL	17.24095
create-batch-K1-total[ms]	16	512	0	128	CLMUL	1.12990
create-batch-K2[ns]	16	512	0	128	GENERIC	4.29021
create-batch-K2-total[ms]	16	512	0	128	GENERIC	0.28116
create-batch-K2[ns]	16	512	0	128	CLMUL	8.67833
create-batch-K2-total[ms]	16	512	0	128	CLMUL	0.56874
create-batch-K4[ns]	16	512	0	128	GENERIC	3.82291
create-batch-K4-total[ms]	16	512	0	128	GENERIC	0.25054
create-batch-K4[ns]	16	512	0	128	CLMUL	4.87321
create-batch-K4-total[ms]	16	512	0	128	CLMUL	0.31937
create-batch-K8[ns]	16	512	0	128	GENERIC	3.93417
create-batch-K8-total[ms]	16	512	0	128	GENERIC	0.25783
create-batch-K8[ns]	16	512	0	128	CLMUL	3.82736
create-batch-K8-total[ms]	16	512	0	128	CLMUL	0.25083
create-batch-K1[ns]	16	512	0	512	GENERIC	6.61333
create-batch-K1-total[ms]	16	512	0	512	GENERIC	1.73365
create-batch-K1[ns]	16	512	0	512	CLMUL	17.26431
create-batch-K1-total[ms]	16	512	0	512	CLMUL	4.52574
create-batch-K2[ns]	16	512	0	512	GENERIC	4.28798
create-batch-K2-total[ms]	16	512	0	512	GENERIC	1.12407
create-batch-K2[ns]	16	512	0	512	CLMUL	8.68055
create-batch-K2-total[ms]	16	512	0	512	CLMUL	2.27555
create-batch-K4[ns]	16	512	0	512	GENERIC	3.82291
create-batch-K4-total[ms]	16	512	0	512	GENERIC	1.00215
create-batch-K4[ns]	16	512	0	512	CLMUL	4.87321
create-batch-K4-total[ms]	16	512	0	512	CLMUL	1.27748
create-batch-K8[ns]	16	512	0	512	GENERIC	3.93529
create-batch-K8-total[ms]	16	512	0	512	GENERIC	1.03161
create-batch-K8[ns]	16	512	0	512	CLMUL	3.82848
create-batch-K8-total[ms]	16	512	0	512	CLMUL	1.00361
create-batch-K1[ns]	16	512	0	1024	GENERIC	6.61277
create-batch-K1-total[ms]	16	512	0	1024	GENERIC	3.46700
create-batch-K1[ns]	16	512	0	1024	CLMUL	17.25819
create-batch-K1-total[ms]	16	512	0	1024	CLMUL	9.04826
create-batch-K2[ns]	16	512	0	1024	GENERIC	4.28854
create-batch-K2-total[ms]	16	512	0	1024	GENERIC	2.24843
create-batch-K2[ns]	16	512	0	1024	CLMUL	8.69390
create-batch-K2-total[ms]	16	512	0	1024	CLMUL	4.55811
create-batch-K4[ns]	16	512	0	1024	GENERIC	3.82291
create-batch-K4-total[ms]	16	512	0	1024	GENERIC	2.00431
create-batch-K4[ns]	16	512	0	1024	CLMUL	5.00673
create-batch-K4-total[ms]	16	512	0	1024	CLMUL	2.62497
create-batch-K8[ns]	16	512	0	1024	GENERIC	3.93529
create-batch-K8-total[ms]	16	512	0	1024	GENERIC	2.06322
create-batch-K8[ns]	16	512	0	1024	CLMUL	3.82792
create-batch-K8-total[ms]	16	512	0	1024	CLMUL	2.00693
create-batch-K1[ns]	16	512	0	2048	GENERIC	6.61889
create-batch-K1-total[ms]	16	512	0	2048	GENERIC	6.94041
create-batch-K1[ns]	16	512	0	2048	CLMUL	17.25151
create-batch-K1-total[ms]	16	512	0	2048	CLMUL	18.08952
create-batch-K2[ns]	16	512	0	2048	GENERIC	4.29299
create-batch-K2-total[ms]	16	512	0	2048	GENERIC	4.50153
create-batch-K2[ns]	16	512	0	2048	CLMUL	8.69140
create-batch-K2-total[ms]	16	512	0	2048	CLMUL	9.11359
create-batch-K4[ns]	16	512	0	2048	GENERIC	3.82709
create-batch-K4-total[ms]	16	512	0	2048	GENERIC	4.01299
create-batch-K4[ns]	16	512	0	2048	CLMUL	5.02536
create-batch-K4-total[ms]	16	512	0	2048	CLMUL	5.26947
create-batch-K8[ns]	16	512	0	2048	GENERIC	3.93918
create-batch-K8-total[ms]	16	512	0	2048	GENERIC	4.13053
create-batch-K8[ns]	16	512	0	2048	CLMUL	3.83293
create-batch-K8-total[ms]	16	512	0	2048	CLMUL	4.01912
create-batch-K1[ns]	16	512	0	4096	GENERIC	6.61987
create-batch-K1-total[ms]	16	512	0	4096	GENERIC	13.88287
create-batch-K1[ns]	16	512	0	4096	CLMUL	17.25415
create-batch-K1-total[ms]	16	512	0	4096	CLMUL	36.18458
create-batch-K2[ns]	16	512	0	4096	GENERIC	4.29313
create-batch-K2-total[ms]	16	512	0	4096	GENERIC	9.00334
create-batch-K2[ns]	16	512	0	4096	CLMUL	8.69196
create-batch-K2-total[ms]	16	512	0	4096	CLMUL	18.22835
create-batch-K4[ns]	16	512	0	4096	GENERIC	3.82750
create-batch-K4-total[ms]	16	512	0	4096	GENERIC	8.02686
create-batch-K4[ns]	16	512	0	4096	CLMUL	5.03844
create-batch-K4-total[ms]	16	512	0	4096	CLMUL	10.56637
create-batch-K8[ns]	16	512	0	4096	GENERIC	3.93974
create-batch-K8-total[ms]	16	512	0	4096	GENERIC	8.26223
create-batch-K8[ns]	16	512	0	4096	CLMUL	3.83279
create-batch-K8-total[ms]	16	512	0	4096	CLMUL	8.03794
create-batch-K1[ns]	16	512	0	8192	GENERIC	6.62119
create-batch-K1-total[ms]	16	512	0	8192	GENERIC	27.77127
create-batch-K1[ns]	16	512	0	8192	CLMUL	17.25478
create-batch-K1-total[ms]	16	512	0	8192	CLMUL	72.37179
create-batch-K2[ns]	16	512	0	8192	GENERIC	4.29348
create-batch-K2-total[ms]	16	512	0	8192	GENERIC	18.00815
create-batch-K2[ns]	16	512	0	8192	CLMUL	8.69119
create-batch-K2-total[ms]	16	512	0	8192	CLMUL	36.45350
create-batch-K4[ns]	16	512	0	8192	GENERIC	3.82667
create-batch-K4-total[ms]	16	512	0	8192	GENERIC	16.05021
create-batch-K4[ns]	16	512	0	8192	CLMUL	5.03920
create-batch-K4-total[ms]	16	512	0	8192	CLMUL	21.13594
create-batch-K8[ns]	16	512	0	8192	GENERIC	3.93932
create-batch-K8-total[ms]	16	512	0	8192	GENERIC	16.52271
create-batch-K8[ns]	16	512	0	8192	CLMUL	3.83244
create-batch-K8-total[ms]	16	512	0	8192	CLMUL	16.07442
create-batch-K1[ns]	16	1024	0	16	GENERIC	6.55103
create-batch-K1-total[ms]	16	1024	0	16	GENERIC	0.10733
create-batch-K1[ns]	16	1024	0	16	CLMUL	17.30328
create-batch-K1-total[ms]	16	1024	0	16	CLMUL	0.28350
create-batch-K2[ns]	16	1024	0	16	GENERIC	4.23676
create-batch-K2-total[ms]	16	1024	0	16	GENERIC	0.06942
create-batch-K2[ns]	16	1024	0	16	CLMUL	8.66943
create-batch-K2-total[ms]	16	1024	0	16	CLMUL	0.14204
create-batch-K4[ns]	16	1024	0	16	GENERIC	3.75610
create-batch-K4-total[ms]	16	1024	0	16	GENERIC	0.06154
create-batch-K4[ns]	16	1024	0	16	CLMUL	4.87762
create-batch-K4-total[ms]	16	1024	0	16	CLMUL	0.07991
create-batch-K8[ns]	16	1024	0	16	GENERIC	3.88074
create-batch-K8-total[ms]	16	1024	0	16	GENERIC	0.06358
create-batch-K8[ns]	16	1024	0	16	CLMUL	3.82733
create-batch-K8-total[ms]	16	1024	0	16	CLMUL	0.06271
create-batch-K1[ns]	16	1024	0	64	GENERIC	6.54657
create-batch-K1-total[ms]	16	1024	0	64	GENERIC	0.42904
create-batch-K1[ns]	16	1024	0	64	CLMUL	17.28099
create-batch-K1-total[ms]	16	1024	0	64	CLMUL	1.13253
create-batch-K2[ns]	16	1024	0	64	GENERIC	4.22791
create-batch-K2-total[ms]	16	1024	0	64	GENERIC	0.27708
create-batch-K2[ns]	16	1024	0	64	CLMUL	8.67387
create-batch-K2-total[ms]	16	1024	0	64	CLMUL	0.56845
create-batch-K4[ns]	16	1024	0	64	GENERIC	3.76506
create-batch-K4-total[ms]	16	1024	0	64	GENERIC	0.24675
create-batch-K4[ns]	16	1024	0	64	CLMUL	4.86876
create-batch-K4-total[ms]	16	1024	0	64	CLMUL	0.31908
create-batch-K8[ns]	16	1024	0	64	GENERIC	3.87633
create-batch-K8-total[ms]	16	1024	0	64	GENERIC	0.25404
create-batch-K8[ns]	16	1024	0	64	CLMUL	3.82292
create-batch-K8-total[ms]	16	1024	0	64	CLMUL	0.25054
create-batch-K1[ns]	16	1024	0	128	GENERIC	6.54657
create-batch-K1-total[ms]	16	1024	0	128	GENERIC	0.85807
create-batch-K1[ns]	16	1024	0	128	CLMUL	17.27877
create-batch-K1-total[ms]	16	1024	0	128	CLMUL	2.26476
create-batch-K2[ns]	16	1024	0	128	GENERIC	4.22790
create-batch-K2-total[ms]	16	1024	0	128	GENERIC	0.55416
create-batch-K2[ns]	16	1024	0	128	CLMUL	8.67387
create-batch-K2-total[ms]	16	1024	0	128	CLMUL	1.13690
create-batch-K4[ns]	16	1024	0	128	GENERIC	3.76283
create-batch-K4-total[ms]	16	1024	0	128	GENERIC	0.49320
create-batch-K4[ns]	16	1024	0	128	CLMUL	4.86654
create-batch-K4-total[ms]	16	1024	0	128	CLMUL	0.63787
create-batch-K8[ns]	16	1024	0	128	GENERIC	3.87854
create-batch-K8-total[ms]	16	1024	0	128	GENERIC	0.50837
create-batch-K8[ns]	16	1024	0	128	CLMUL	3.82291
create-batch-K8-total[ms]	16	1024	0	128	CLMUL	0.50108
create-batch-K1[ns]	16	1024	0	512	GENERIC	6.54713
create-batch-K1-total[ms]	16	1024	0	512	GENERIC	3.43258
create-batch-K1[ns]	16	1024	0	512	CLMUL	17.33941
create-batch-K1-total[ms]	16	1024	0	512	CLMUL	9.09084
create-batch-K2[ns]	16	1024	0	512	GENERIC	4.22790
create-batch-K2-total[ms]	16	1024	0	512	GENERIC	2.21664
create-batch-K2[ns]	16	1024	0	512	CLMUL	8.68500
create-batch-K2-total[ms]	16	1024	0	512	CLMUL	4.55344
create-batch-K4[ns]	16	1024	0	512	GENERIC	3.76394
create-batch-K4-total[ms]	16	1024	0	512	GENERIC	1.97339
create-batch-K4[ns]	16	1024	0	512	CLMUL	4.86765
create-batch-K4-total[ms]	16	1024	0	512	CLMUL	2.55205
create-batch-K8[ns]	16	1024	0	512	GENERIC	3.87743
create-batch-K8-total[ms]	16	1024	0	512	GENERIC	2.03289
create-batch-K8[ns]	16	1024	0	512	CLMUL	3.82403
create-batch-K8-total[ms]	16	1024	0	512	CLMUL	2.00489
create-batch-K1[ns]	16	1024	0	1024	GENERIC	6.55075
create-batch-K1-total[ms]	16	1024	0	1024	GENERIC	6.86896
create-batch-K1[ns]	16	1024	0	1024	CLMUL	17.31827
create-batch-K1-total[ms]	16	1024	0	1024	CLMUL	18.15952
create-batch-K2[ns]	16	1024	0	1024	GENERIC	4.23263
create-batch-K2-total[ms]	16	1024	0	1024	GENERIC	4.43824
create-batch-K2[ns]	16	1024	0	1024	CLMUL	8.68612
create-batch-K2-total[ms]	16	1024	0	1024	CLMUL	9.10805
create-batch-K4[ns]	16	1024	0	1024	GENERIC	3.76367
create-batch-K4-total[ms]	16	1024	0	1024	GENERIC	3.94649
create-batch-K4[ns]	16	1024	0	1024	CLMUL	5.03649
create-batch-K4-total[ms]	16	1024	0	1024	CLMUL	5.28114
create-batch-K8[ns]	16	1024	0	1024	GENERIC	3.88160
create-batch-K8-total[ms]	16	1024	0	1024	GENERIC	4.07016
create-batch-K8[ns]	16	1024	0	1024	CLMUL	3.82792
create-batch-K8-total[ms]	16	1024	0	1024	CLMUL	4.01387
create-batch-K1[ns]	16	1024	0	2048	GENERIC	6.55255
create-batch-K1-total[ms]	16	1024	0	2048	GENERIC	13.74170
create-batch-K1[ns]	16	1024	0	2048	CLMUL	17.30450
create-batch-K1-total[ms]	16	1024	0	2048	CLMUL	36.29017
create-batch-K2[ns]	16	1024	0	2048	GENERIC	4.23166
create-batch-K2-total[ms]	16	1024	0	2048	GENERIC	8.87443
create-batch-K2[ns]	16	1024	0	2048	CLMUL	8.68639
create-batch-K2-total[ms]	16	1024	0	2048	CLMUL	18.21669
create-batch-K4[ns]	16	1024	0	2048	GENERIC	3.76728
create-batch-K4-total[ms]	16	1024	0	2048	GENERIC	7.90057
create-batch-K4[ns]	16	1024	0	2048	CLMUL	5.03510
create-batch-K4-total[ms]	16	1024	0	2048	CLMUL	10.55937
create-batch-K8[ns]	16	1024	0	2048	GENERIC	3.88160
create-batch-K8-total[ms]	16	1024	0	2048	GENERIC	8.14031
create-batch-K8[ns]	16	1024	0	2048	CLMUL	3.82792
create-batch-K8-total[ms]	16	1024	0	2048	CLMUL	8.02773
create-batch-K1[ns]	16	1024	0	4096	GENERIC	6.55318
create-batch-K1-total[ms]	16	1024	0	4096	GENERIC	27.48603
create-batch-K1[ns]	16	1024	0	4096	CLMUL	17.28127
create-batch-K1-total[ms]	16	1024	0	4096	CLMUL	72.48292
create-batch-K2[ns]	16	1024	0	4096	GENERIC	4.23173
create-batch-K2-total[ms]	16	1024	0	4096	GENERIC	17.74915
create-batch-K2[ns]	16	1024	0	4096	CLMUL	8.68952
create-batch-K2-total[ms]	16	1024	0	4096	CLMUL	36.44650
create-batch-K4[ns]	16	1024	0	4096	GENERIC	3.76652
create-batch-K4-total[ms]	16	1024	0	4096	GENERIC	15.79793
create-batch-K4[ns]	16	1024	0	4096	CLMUL	5.03948
create-batch-K4-total[ms]	16	1024	0	4096	CLMUL	21.13711
create-batch-K8[ns]	16	1024	0	4096	GENERIC	3.88147
create-batch-K8-total[ms]	16	1024	0	4096	GENERIC	16.28005
create-batch-K8[ns]	16	1024	0	4096	CLMUL	3.82799
create-batch-K8-total[ms]	16	1024	0	4096	CLMUL	16.05576
create-batch-K1[ns]	16	1024	0	8192	GENERIC	6.55353
create-batch-K1-total[ms]	16	1024	0	8192	GENERIC	54.97497
create-batch-K1[ns]	16	1024	0	8192	CLMUL	17.27467
create-batch-K1-total[ms]	16	1024	0	8192	CLMUL	144.91042
create-batch-K2[ns]	16	1024	0	8192	GENERIC	4.23166
create-batch-K2-total[ms]	16	1024	0	8192	GENERIC	35.49772
create-batch-K2[ns]	16	1024	0	8192	CLMUL	8.68844
create-batch-K2-total[ms]	16	1024	0	8192	CLMUL	72.88395
create-batch-K4[ns]	16	1024	0	8192	GENERIC	3.76694
create-batch-K4-total[ms]	16	1024	0	8192	GENERIC	31.59935
create-batch-K4[ns]	16	1024	0	8192	CLMUL	5.04237
create-batch-K4-total[ms]	16	1024	0	8192	CLMUL	42.29842
create-batch-K8[ns]	16	1024	0	8192	GENERIC	3.88164
create-batch-K8-total[ms]	16	1024	0	8192	GENERIC	32.56155
create-batch-K8[ns]	16	1024	0	8192	CLMUL	3.82823
create-batch-K8-total[ms]	16	1024	0	8192	CLMUL	32.11355
create-batch-K1[ns]	16	2048	0	16	GENERIC	6.51541
create-batch-K1-total[ms]	16	2048	0	16	GENERIC	0.21350
create-batch-K1[ns]	16	2048	0	16	CLMUL	17.21423
create-batch-K1-total[ms]	16	2048	0	16	CLMUL	0.56408
create-batch-K2[ns]	16	2048	0	16	GENERIC	4.19229
create-batch-K2-total[ms]	16	2048	0	16	GENERIC	0.13737
create-batch-K2[ns]	16	2048	0	16	CLMUL	8.59821
create-batch-K2-total[ms]	16	2048	0	16	CLMUL	0.28175
create-batch-K4[ns]	16	2048	0	16	GENERIC	3.73834
create-batch-K4-total[ms]	16	2048	0	16	GENERIC	0.12250
create-batch-K4[ns]	16	2048	0	16	CLMUL	4.85986
create-batch-K4-total[ms]	16	2048	0	16	CLMUL	0.15925
create-batch-K8[ns]	16	2048	0	16	GENERIC	3.84515
create-batch-K8-total[ms]	16	2048	0	16	GENERIC	0.12600
create-batch-K8[ns]	16	2048	0	16	CLMUL	3.81845
create-batch-K8-total[ms]	16	2048	0	16	CLMUL	0.12512
create-batch-K1[ns]	16	2048	0	64	GENERIC	6.51320
create-batch-K1-total[ms]	16	2048	0	64	GENERIC	0.85370
create-batch-K1[ns]	16	2048	0	64	CLMUL	17.23872
create-batch-K1-total[ms]	16	2048	0	64	CLMUL	2.25951
create-batch-K2[ns]	16	2048	0	64	GENERIC	4.19675
create-batch-K2-total[ms]	16	2048	0	64	GENERIC	0.55008
create-batch-K2[ns]	16	2048	0	64	CLMUL	8.66052
create-batch-K2-total[ms]	16	2048	0	64	CLMUL	1.13515
create-batch-K4[ns]	16	2048	0	64	GENERIC	3.73390
create-batch-K4-total[ms]	16	2048	0	64	GENERIC	0.48941
create-batch-K4[ns]	16	2048	0	64	CLMUL	4.86432
create-batch-K4-total[ms]	16	2048	0	64	CLMUL	0.63758
create-batch-K8[ns]	16	2048	0	64	GENERIC	3.84739
create-batch-K8-total[ms]	16	2048	0	64	GENERIC	0.50429
create-batch-K8[ns]	16	2048	0	64	CLMUL	3.82291
create-batch-K8-total[ms]	16	2048	0	64	CLMUL	0.50108
create-batch-K1[ns]	16	2048	0	128	GENERIC	6.51431
create-batch-K1-total[ms]	16	2048	0	128	GENERIC	1.70769
create-batch-K1[ns]	16	2048	0	128	CLMUL	17.22759
create-batch-K1-total[ms]	16	2048	0	128	CLMUL	4.51611
create-batch-K2[ns]	16	2048	0	128	GENERIC	4.19675
create-batch-K2-total[ms]	16	2048	0	128	GENERIC	1.10015
create-batch-K2[ns]	16	2048	0	128	CLMUL	8.67499
create-batch-K2-total[ms]	16	2048	0	128	CLMUL	2.27410
create-batch-K4[ns]	16	2048	0	128	GENERIC	3.73391
create-batch-K4-total[ms]	16	2048	0	128	GENERIC	0.97882
create-batch-K4[ns]	16	2048	0	128	CLMUL	4.86765
create-batch-K4-total[ms]	16	2048	0	128	CLMUL	1.27603
create-batch-K8[ns]	16	2048	0	128	GENERIC	3.84850
create-batch-K8-total[ms]	16	2048	0	128	GENERIC	1.00886
create-batch-K8[ns]	16	2048	0	128	CLMUL	3.82180
create-batch-K8-total[ms]	16	2048	0	128	CLMUL	1.00186
create-batch-K1[ns]	16	2048	0	512	GENERIC	6.51959
create-batch-K1-total[ms]	16	2048	0	512	GENERIC	6.83629
create-batch-K1[ns]	16	2048	0	512	CLMUL	17.24762
create-batch-K1-total[ms]	16	2048	0	512	CLMUL	18.08544
create-batch-K2[ns]	16	2048	0	512	GENERIC	4.20120
create-batch-K2-total[ms]	16	2048	0	512	GENERIC	4.40528
create-batch-K2[ns]	16	2048	0	512	CLMUL	8.68083
create-batch-K2-total[ms]	16	2048	0	512	CLMUL	9.10251
create-batch-K4[ns]	16	2048	0	512	GENERIC	3.73752
create-batch-K4-total[ms]	16	2048	0	512	GENERIC	3.91908
create-batch-K4[ns]	16	2048	0	512	CLMUL	5.01591
create-batch-K4-total[ms]	16	2048	0	512	CLMUL	5.25956
create-batch-K8[ns]	16	2048	0	512	GENERIC	3.85268
create-batch-K8-total[ms]	16	2048	0	512	GENERIC	4.03982
create-batch-K8[ns]	16	2048	0	512	CLMUL	3.82597
create-batch-K8-total[ms]	16	2048	0	512	CLMUL	4.01182
create-batch-K1[ns]	16	2048	0	1024	GENERIC	6.52112
create-batch-K1-total[ms]	16	2048	0	1024	GENERIC	13.67578
create-batch-K1[ns]	16	2048	0	1024	CLMUL	17.24998
create-batch-K1-total[ms]	16	2048	0	1024	CLMUL	36.17583
create-batch-K2[ns]	16	2048	0	1024	GENERIC	4.20134
create-batch-K2-total[ms]	16	2048	0	1024	GENERIC	8.81085
create-batch-K2[ns]	16	2048	0	1024	CLMUL	8.68737
create-batch-K2-total[ms]	16	2048	0	1024	CLMUL	18.21873
create-batch-K4[ns]	16	2048	0	1024	GENERIC	3.73752
create-batch-K4-total[ms]	16	2048	0	1024	GENERIC	7.83815
create-batch-K4[ns]	16	2048	0	1024	CLMUL	5.04261
create-batch-K4-total[ms]	16	2048	0	1024	CLMUL	10.57512
create-batch-K8[ns]	16	2048	0	1024	GENERIC	3.85254
create-batch-K8-total[ms]	16	2048	0	1024	GENERIC	8.07936
create-batch-K8[ns]	16	2048	0	1024	CLMUL	3.82681
create-batch-K8-total[ms]	16	2048	0	1024	CLMUL	8.02540
create-batch-K1[ns]	16	2048	0	2048	GENERIC	6.52237
create-batch-K1-total[ms]	16	2048	0	2048	GENERIC	27.35682
create-batch-K1[ns]	16	2048	0	2048	CLMUL	17.24901
create-batch-K1-total[ms]	16	2048	0	2048	CLMUL	72.34759
create-batch-K2[ns]	16	2048	0	2048	GENERIC	4.20141
create-batch-K2-total[ms]	16	2048	0	2048	GENERIC	17.62198
create-batch-K2[ns]	16	2048	0	2048	CLMUL	8.68646
create-batch-K2-total[ms]	16	2048	0	2048	CLMUL	36.43366
create-batch-K4[ns]	16	2048	0	2048	GENERIC	3.73752
create-batch-K4-total[ms]	16	2048	0	2048	GENERIC	15.67630
create-batch-K4[ns]	16	2048	0	2048	CLMUL	5.05318
create-batch-K4-total[ms]	16	2048	0	2048	CLMUL	21.19457
create-batch-K8[ns]	16	2048	0	2048	GENERIC	3.85247
create-batch-K8-total[ms]	16	2048	0	2048	GENERIC	16.15842
create-batch-K8[ns]	16	2048	0	2048	CLMUL	3.82570
create-batch-K8-total[ms]	16	2048	0	2048	CLMUL	16.04613
create-batch-K1[ns]	16	2048	0	4096	GENERIC	6.51945
create-batch-K1-total[ms]	16	2048	0	4096	GENERIC	54.68914
create-batch-K1[ns]	16	2048	0	4096	CLMUL	17.24734
create-batch-K1-total[ms]	16	2048	0	4096	CLMUL	144.68117
create-batch-K2[ns]	16	2048	0	4096	GENERIC	4.20179
create-batch-K2-total[ms]	16	2048	0	4096	GENERIC	35.24718
create-batch-K2[ns]	16	2048	0	4096	CLMUL	8.68959
create-batch-K2-total[ms]	16	2048	0	4096	CLMUL	72.89358
create-batch-K4[ns]	16	2048	0	4096	GENERIC	3.73738
create-batch-K4-total[ms]	16	2048	0	4096	GENERIC	31.35144
create-batch-K4[ns]	16	2048	0	4096	CLMUL	5.04828
create-batch-K4-total[ms]	16	2048	0	4096	CLMUL	42.34801
create-batch-K8[ns]	16	2048	0	4096	GENERIC	3.85254
create-batch-K8-total[ms]	16	2048	0	4096	GENERIC	32.31743
create-batch-K8[ns]	16	2048	0	4096	CLMUL	3.82639
create-batch-K8-total[ms]	16	2048	0	4096	CLMUL	32.09809
create-batch-K1[ns]	16	2048	0	8192	GENERIC	6.52039
create-batch-K1-total[ms]	16	2048	0	8192	GENERIC	109.39403
create-batch-K1[ns]	16	2048	0	8192	CLMUL	17.24734
create-batch-K1-total[ms]	16	2048	0	8192	CLMUL	289.36234
create-batch-K2[ns]	16	2048	0	8192	GENERIC	4.20163
create-batch-K2-total[ms]	16	2048	0	8192	GENERIC	70.49173
create-batch-K2[ns]	16	2048	0	8192	CLMUL	8.64783
create-batch-K2-total[ms]	16	2048	0	8192	CLMUL	145.08658
create-batch-K4[ns]	16	2048	0	8192	GENERIC	3.73759
create-batch-K4-total[ms]	16	2048	0	8192	GENERIC	62.70637
create-batch-K4[ns]	16	2048	0	8192	CLMUL	5.06964
create-batch-K4-total[ms]	16	2048	0	8192	CLMUL	85.05447
create-batch-K8[ns]	16	2048	0	8192	GENERIC	3.85278
create-batch-K8-total[ms]	16	2048	0	8192	GENERIC	64.63893
create-batch-K8[ns]	16	2048	0	8192	CLMUL	3.82610
create-batch-K8-total[ms]	16	2048	0	8192	CLMUL	64.19123
create-batch-K1[ns]	16	3072	0	16	GENERIC	6.50354
create-batch-K1-total[ms]	16	3072	0	16	GENERIC	0.31966
create-batch-K1[ns]	16	3072	0	16	CLMUL	17.26766
create-batch-K1-total[ms]	16	3072	0	16	CLMUL	0.84874
create-batch-K2[ns]	16	3072	0	16	GENERIC	4.18933
create-batch-K2-total[ms]	16	3072	0	16	GENERIC	0.20591
create-batch-K2[ns]	16	3072	0	16	CLMUL	8.65161
create-batch-K2-total[ms]	16	3072	0	16	CLMUL	0.42524
create-batch-K4[ns]	16	3072	0	16	GENERIC	3.72648
create-batch-K4-total[ms]	16	3072	0	16	GENERIC	0.18316
create-batch-K4[ns]	16	3072	0	16	CLMUL	4.86578
create-batch-K4-total[ms]	16	3072	0	16	CLMUL	0.23916
create-batch-K8[ns]	16	3072	0	16	GENERIC	3.83921
create-batch-K8-total[ms]	16	3072	0	16	GENERIC	0.18871
create-batch-K8[ns]	16	3072	0	16	CLMUL	3.82143
create-batch-K8-total[ms]	16	3072	0	16	CLMUL	0.18783
create-batch-K1[ns]	16	3072	0	64	GENERIC	6.49762
create-batch-K1-total[ms]	16	3072	0	64	GENERIC	1.27748
create-batch-K1[ns]	16	3072	0	64	CLMUL	17.34479
create-batch-K1-total[ms]	16	3072	0	64	CLMUL	3.41012
create-batch-K2[ns]	16	3072	0	64	GENERIC	4.18785
create-batch-K2-total[ms]	16	3072	0	64	GENERIC	0.82336
create-batch-K2[ns]	16	3072	0	64	CLMUL	8.66794
create-batch-K2-total[ms]	16	3072	0	64	CLMUL	1.70419
create-batch-K4[ns]	16	3072	0	64	GENERIC	3.72352
create-batch-K4-total[ms]	16	3072	0	64	GENERIC	0.73207
create-batch-K4[ns]	16	3072	0	64	CLMUL	4.87173
create-batch-K4-total[ms]	16	3072	0	64	CLMUL	0.95782
create-batch-K8[ns]	16	3072	0	64	GENERIC	3.83923
create-batch-K8-total[ms]	16	3072	0	64	GENERIC	0.75482
create-batch-K8[ns]	16	3072	0	64	CLMUL	3.82143
create-batch-K8-total[ms]	16	3072	0	64	CLMUL	0.75132
create-batch-K1[ns]	16	3072	0	128	GENERIC	6.50281
create-batch-K1-total[ms]	16	3072	0	128	GENERIC	2.55701
create-batch-K1[ns]	16	3072	0	128	CLMUL	17.35962
create-batch-K1-total[ms]	16	3072	0	128	CLMUL	6.82608
create-batch-K2[ns]	16	3072	0	128	GENERIC	4.18711
create-batch-K2-total[ms]	16	3072	0	128	GENERIC	1.64644
create-batch-K2[ns]	16	3072	0	128	CLMUL	8.66646
create-batch-K2-total[ms]	16	3072	0	128	CLMUL	3.40779
create-batch-K4[ns]	16	3072	0	128	GENERIC	3.72426
create-batch-K4-total[ms]	16	3072	0	128	GENERIC	1.46444
create-batch-K4[ns]	16	3072	0	128	CLMUL	5.00673
create-batch-K4-total[ms]	16	3072	0	128	CLMUL	1.96873
create-batch-K8[ns]	16	3072	0	128	GENERIC	3.83923
create-batch-K8-total[ms]	16	3072	0	128	GENERIC	1.50965
create-batch-K8[ns]	16	3072	0	128	CLMUL	3.82143
create-batch-K8-total[ms]	16	3072	0	128	CLMUL	1.50265
create-batch-K1[ns]	16	3072	0	512	GENERIC	6.50874
create-batch-K1-total[ms]	16	3072	0	512	GENERIC	10.23737
create-batch-K1[ns]	16	3072	0	512	CLMUL	17.35925
create-batch-K1-total[ms]	16	3072	0	512	CLMUL	27.30374
create-batch-K2[ns]	16	3072	0	512	GENERIC	4.18989
create-batch-K2-total[ms]	16	3072	0	512	GENERIC	6.59012
create-batch-K2[ns]	16	3072	0	512	CLMUL	8.68500
create-batch-K2-total[ms]	16	3072	0	512	CLMUL	13.66033
create-batch-K4[ns]	16	3072	0	512	GENERIC	3.72649
create-batch-K4-total[ms]	16	3072	0	512	GENERIC	5.86126
create-batch-K4[ns]	16	3072	0	512	CLMUL	4.97965
create-batch-K4-total[ms]	16	3072	0	512	CLMUL	7.83232
create-batch-K8[ns]	16	3072	0	512	GENERIC	3.84183
create-batch-K8-total[ms]	16	3072	0	512	GENERIC	6.04267
create-batch-K8[ns]	16	3072	0	512	CLMUL	3.82384
create-batch-K8-total[ms]	16	3072	0	512	CLMUL	6.01438
create-batch-K1[ns]	16	3072	0	1024	GENERIC	6.50976
create-batch-K1-total[ms]	16	3072	0	1024	GENERIC	20.47795
create-batch-K1[ns]	16	3072	0	1024	CLMUL	17.32939
create-batch-K1-total[ms]	16	3072	0	1024	CLMUL	54.51356
create-batch-K2[ns]	16	3072	0	1024	GENERIC	4.19109
create-batch-K2-total[ms]	16	3072	0	1024	GENERIC	13.18404
create-batch-K2[ns]	16	3072	0	1024	CLMUL	8.68741
create-batch-K2-total[ms]	16	3072	0	1024	CLMUL	27.32824
create-batch-K4[ns]	16	3072	0	1024	GENERIC	3.72704
create-batch-K4-total[ms]	16	3072	0	1024	GENERIC	11.72427
create-batch-K4[ns]	16	3072	0	1024	CLMUL	5.02286
create-batch-K4-total[ms]	16	3072	0	1024	CLMUL	15.80055
create-batch-K8[ns]	16	3072	0	1024	GENERIC	3.84294
create-batch-K8-total[ms]	16	3072	0	1024	GENERIC	12.08885
create-batch-K8[ns]	16	3072	0	1024	CLMUL	3.82514
create-batch-K8-total[ms]	16	3072	0	1024	CLMUL	12.03285
create-batch-K1[ns]	16	3072	0	2048	GENERIC	6.50930
create-batch-K1-total[ms]	16	3072	0	2048	GENERIC	40.95298
create-batch-K1[ns]	16	3072	0	2048	CLMUL	17.37283
create-batch-K1-total[ms]	16	3072	0	2048	CLMUL	109.30041
create-batch-K2[ns]	16	3072	0	2048	GENERIC	4.19165
create-batch-K2-total[ms]	16	3072	0	2048	GENERIC	26.37158
create-batch-K2[ns]	16	3072	0	2048	CLMUL	8.68421
create-batch-K2-total[ms]	16	3072	0	2048	CLMUL	54.63635
create-batch-K4[ns]	16	3072	0	2048	GENERIC	3.72885
create-batch-K4-total[ms]	16	3072	0	2048	GENERIC	23.45991
create-batch-K4[ns]	16	3072	0	2048	CLMUL	4.88670
create-batch-K4-total[ms]	16	3072	0	2048	CLMUL	30.74449
create-batch-K8[ns]	16	3072	0	2048	GENERIC	3.84466
create-batch-K8-total[ms]	16	3072	0	2048	GENERIC	24.18849
create-batch-K8[ns]	16	3072	0	2048	CLMUL	3.82625
create-batch-K8-total[ms]	16	3072	0	2048	CLMUL	24.07270
create-batch-K1[ns]	16	3072	0	4096	GENERIC	6.51336
create-batch-K1-total[ms]	16	3072	0	4096	GENERIC	81.95701
create-batch-K1[ns]	16	3072	0	4096	CLMUL	17.38795
create-batch-K1-total[ms]	16	3072	0	4096	CLMUL	218.79099
create-batch-K2[ns]	16	3072	0	4096	GENERIC	4.19179
create-batch-K2-total[ms]	16	3072	0	4096	GENERIC	52.74492
create-batch-K2[ns]	16	3072	0	4096	CLMUL	8.68669
create-batch-K2-total[ms]	16	3072	0	4096	CLMUL	109.30391
create-batch-K4[ns]	16	3072	0	4096	GENERIC	3.72772
create-batch-K4-total[ms]	16	3072	0	4096	GENERIC	46.90553
create-batch-K4[ns]	16	3072	0	4096	CLMUL	5.07242
create-batch-K4-total[ms]	16	3072	0	4096	CLMUL	63.82578
create-batch-K8[ns]	16	3072	0	4096	GENERIC	3.84327
create-batch-K8-total[ms]	16	3072	0	4096	GENERIC	48.35947
create-batch-K8[ns]	16	3072	0	4096	CLMUL	3.82579
create-batch-K8-total[ms]	16	3072	0	4096	CLMUL	48.13956
create-batch-K1[ns]	16	3072	0	8192	GENERIC	6.51074
create-batch-K1-total[ms]	16	3072	0	8192	GENERIC	163.84810
create-batch-K1[ns]	16	3072	0	8192	CLMUL	17.39738
create-batch-K1-total[ms]	16	3072	0	8192	CLMUL	437.81939
create-batch-K2[ns]	16	3072	0	8192	GENERIC	4.19236
create-batch-K2-total[ms]	16	3072	0	8192	GENERIC	105.50413
create-batch-K2[ns]	16	3072	0	8192	CLMUL	8.66117
create-batch-K2-total[ms]	16	3072	0	8192	CLMUL	217.96558
create-batch-K4[ns]	16	3072	0	8192	GENERIC	3.72790
create-batch-K4-total[ms]	16	3072	0	8192	GENERIC	93.81573
create-batch-K4[ns]	16	3072	0	8192	CLMUL	4.88443
create-batch-K4-total[ms]	16	3072	0	8192	CLMUL	122.92078
create-batch-K8[ns]	16	3072	0	8192	GENERIC	3.84340
create-batch-K8-total[ms]	16	3072	0	8192	GENERIC	96.72245
create-batch-K8[ns]	16	3072	0	8192	CLMUL	3.82695
create-batch-K8-total[ms]	16	3072	0	8192	CLMUL	96.30828
create-batch-K1[ns]	16	4096	0	16	GENERIC	6.49762
create-batch-K1-total[ms]	16	4096	0	16	GENERIC	0.42583
create-batch-K1[ns]	16	4096	0	16	CLMUL	17.04512
create-batch-K1-total[ms]	16	4096	0	16	CLMUL	1.11707
create-batch-K2[ns]	16	4096	0	16	GENERIC	4.18340
create-batch-K2-total[ms]	16	4096	0	16	GENERIC	0.27416
create-batch-K2[ns]	16	4096	0	16	CLMUL	8.65607
create-batch-K2-total[ms]	16	4096	0	16	CLMUL	0.56728
create-batch-K4[ns]	16	4096	0	16	GENERIC	3.72055
create-batch-K4-total[ms]	16	4096	0	16	GENERIC	0.24383
create-batch-K4[ns]	16	4096	0	16	CLMUL	4.88657
create-batch-K4-total[ms]	16	4096	0	16	CLMUL	0.32025
create-batch-K8[ns]	16	4096	0	16	GENERIC	3.83626
create-batch-K8-total[ms]	16	4096	0	16	GENERIC	0.25141
create-batch-K8[ns]	16	4096	0	16	CLMUL	3.82291
create-batch-K8-total[ms]	16	4096	0	16	CLMUL	0.25054
create-batch-K1[ns]	16	4096	0	64	GENERIC	6.49762
create-batch-K1-total[ms]	16	4096	0	64	GENERIC	1.70331
create-batch-K1[ns]	16	4096	0	64	CLMUL	17.17196
create-batch-K1-total[ms]	16	4096	0	64	CLMUL	4.50153
create-batch-K2[ns]	16	4096	0	64	GENERIC	4.18229
create-batch-K2-total[ms]	16	4096	0	64	GENERIC	1.09636
create-batch-K2[ns]	16	4096	0	64	CLMUL	8.68055
create-batch-K2-total[ms]	16	4096	0	64	CLMUL	2.27555
create-batch-K4[ns]	16	4096	0	64	GENERIC	3.71833
create-batch-K4-total[ms]	16	4096	0	64	GENERIC	0.97474
create-batch-K4[ns]	16	4096	0	64	CLMUL	4.86432
create-batch-K4-total[ms]	16	4096	0	64	CLMUL	1.27515
create-batch-K8[ns]	16	4096	0	64	GENERIC	3.83404
create-batch-K8-total[ms]	16	4096	0	64	GENERIC	1.00507
create-batch-K8[ns]	16	4096	0	64	CLMUL	3.82069
create-batch-K8-total[ms]	16	4096	0	64	CLMUL	1.00157
create-batch-K1[ns]	16	4096	0	128	GENERIC	6.49818
create-batch-K1-total[ms]	16	4096	0	128	GENERIC	3.40692
create-batch-K1[ns]	16	4096	0	128	CLMUL	17.23482
create-batch-K1-total[ms]	16	4096	0	128	CLMUL	9.03601
create-batch-K2[ns]	16	4096	0	128	GENERIC	4.18229
create-batch-K2-total[ms]	16	4096	0	128	GENERIC	2.19272
create-batch-K2[ns]	16	4096	0	128	CLMUL	8.67666
create-batch-K2-total[ms]	16	4096	0	128	CLMUL	4.54907
create-batch-K4[ns]	16	4096	0	128	GENERIC	3.71889
create-batch-K4-total[ms]	16	4096	0	128	GENERIC	1.94977
create-batch-K4[ns]	16	4096	0	128	CLMUL	4.92996
create-batch-K4-total[ms]	16	4096	0	128	CLMUL	2.58472
create-batch-K8[ns]	16	4096	0	128	GENERIC	3.83460
create-batch-K8-total[ms]	16	4096	0	128	GENERIC	2.01043
create-batch-K8[ns]	16	4096	0	128	CLMUL	3.82069
create-batch-K8-total[ms]	16	4096	0	128	CLMUL	2.00314
create-batch-K1[ns]	16	4096	0	512	GENERIC	6.50124
create-batch-K1-total[ms]	16	4096	0	512	GENERIC	13.63408
create-batch-K1[ns]	16	4096	0	512	CLMUL	17.20325
create-batch-K1-total[ms]	16	4096	0	512	CLMUL	36.07784
create-batch-K2[ns]	16	4096	0	512	GENERIC	4.18632
create-batch-K2-total[ms]	16	4096	0	512	GENERIC	8.77935
create-batch-K2[ns]	16	4096	0	512	CLMUL	8.68236
create-batch-K2-total[ms]	16	4096	0	512	CLMUL	18.20823
create-batch-K4[ns]	16	4096	0	512	GENERIC	3.72389
create-batch-K4-total[ms]	16	4096	0	512	GENERIC	7.80957
create-batch-K4[ns]	16	4096	0	512	CLMUL	4.89199
create-batch-K4-total[ms]	16	4096	0	512	CLMUL	10.25925
create-batch-K8[ns]	16	4096	0	512	GENERIC	3.83849
create-batch-K8-total[ms]	16	4096	0	512	GENERIC	8.04990
create-batch-K8[ns]	16	4096	0	512	CLMUL	3.82542
create-batch-K8-total[ms]	16	4096	0	512	CLMUL	8.02248
create-batch-K1[ns]	16	4096	0	1024	GENERIC	6.50478
create-batch-K1-total[ms]	16	4096	0	1024	GENERIC	27.28303
create-batch-K1[ns]	16	4096	0	1024	CLMUL	17.27272
create-batch-K1-total[ms]	16	4096	0	1024	CLMUL	72.44704
create-batch-K2[ns]	16	4096	0	1024	GENERIC	4.18639
create-batch-K2-total[ms]	16	4096	0	1024	GENERIC	17.55899
create-batch-K2[ns]	16	4096	0	1024	CLMUL	8.68465
create-batch-K2-total[ms]	16	4096	0	1024	CLMUL	36.42608
create-batch-K4[ns]	16	4096	0	1024	GENERIC	3.72327
create-batch-K4-total[ms]	16	4096	0	1024	GENERIC	15.61651
create-batch-K4[ns]	16	4096	0	1024	CLMUL	4.93531
create-batch-K4-total[ms]	16	4096	0	1024	CLMUL	20.70020
create-batch-K8[ns]	16	4096	0	1024	GENERIC	3.83919
create-batch-K8-total[ms]	16	4096	0	1024	GENERIC	16.10271
create-batch-K8[ns]	16	4096	0	1024	CLMUL	3.82535
create-batch-K8-total[ms]	16	4096	0	1024	CLMUL	16.04467
create-batch-K1[ns]	16	4096	0	2048	GENERIC	6.50610
create-batch-K1-total[ms]	16	4096	0	2048	GENERIC	54.57714
create-batch-K1[ns]	16	4096	0	2048	CLMUL	17.28868
create-batch-K1-total[ms]	16	4096	0	2048	CLMUL	145.02796
create-batch-K2[ns]	16	4096	0	2048	GENERIC	4.18792
create-batch-K2-total[ms]	16	4096	0	2048	GENERIC	35.13081
create-batch-K2[ns]	16	4096	0	2048	CLMUL	8.68858
create-batch-K2-total[ms]	16	4096	0	2048	CLMUL	72.88512
create-batch-K4[ns]	16	4096	0	2048	GENERIC	3.72434
create-batch-K4-total[ms]	16	4096	0	2048	GENERIC	31.24206
create-batch-K4[ns]	16	4096	0	2048	CLMUL	4.91344
create-batch-K4-total[ms]	16	4096	0	2048	CLMUL	41.21694
create-batch-K8[ns]	16	4096	0	2048	GENERIC	3.83926
create-batch-K8-total[ms]	16	4096	0	2048	GENERIC	32.20601
create-batch-K8[ns]	16	4096	0	2048	CLMUL	3.82656
create-batch-K8-total[ms]	16	4096	0	2048	CLMUL	32.09955
create-batch-K1[ns]	16	4096	0	4096	GENERIC	6.50748
create-batch-K1-total[ms]	16	4096	0	4096	GENERIC	109.17733
create-batch-K1[ns]	16	4096	0	4096	CLMUL	17.28553
create-batch-K1-total[ms]	16	4096	0	4096	CLMUL	290.00313
create-batch-K2[ns]	16	4096	0	4096	GENERIC	4.18797
create-batch-K2-total[ms]	16	4096	0	4096	GENERIC	70.26249
create-batch-K2[ns]	16	4096	0	4096	CLMUL	8.68660
create-batch-K2-total[ms]	16	4096	0	4096	CLMUL	145.73699
create-batch-K4[ns]	16	4096	0	4096	GENERIC	3.72292
create-batch-K4-total[ms]	16	4096	0	4096	GENERIC	62.46021
create-batch-K4[ns]	16	4096	0	4096	CLMUL	4.91577
create-batch-K4-total[ms]	16	4096	0	4096	CLMUL	82.47296
create-batch-K8[ns]	16	4096	0	4096	GENERIC	3.83837
create-batch-K8-total[ms]	16	4096	0	4096	GENERIC	64.39715
create-batch-K8[ns]	16	4096	0	4096	CLMUL	3.82495
create-batch-K8-total[ms]	16	4096	0	4096	CLMUL	64.17198
create-batch-K1[ns]	16	4096	0	8192	GENERIC	6.50623
create-batch-K1-total[ms]	16	4096	0	8192	GENERIC	218.31295
create-batch-K1[ns]	16	4096	0	8192	CLMUL	17.27337
create-batch-K1-total[ms]	16	4096	0	8192	CLMUL	579.59822
create-batch-K2[ns]	16	4096	0	8192	GENERIC	4.18754
create-batch-K2-total[ms]	16	4096	0	8192	GENERIC	140.51039
create-batch-K2[ns]	16	4096	0	8192	CLMUL	8.63004
create-batch-K2-total[ms]	16	4096	0	8192	CLMUL	289.57613
create-batch-K4[ns]	16	4096	0	8192	GENERIC	3.72321
create-batch-K4-total[ms]	16	4096	0	8192	GENERIC	124.93034
create-batch-K4[ns]	16	4096	0	8192	CLMUL	5.08354
create-batch-K4-total[ms]	16	4096	0	8192	CLMUL	170.57530
create-batch-K8[ns]	16	4096	0	8192	GENERIC	3.83851
create-batch-K8-total[ms]	16	4096	0	8192	GENERIC	128.79896
create-batch-K8[ns]	16	4096	0	8192	CLMUL	3.82497
create-batch-K8-total[ms]	16	4096	0	8192	CLMUL	128.34455
create-batch-K1[ns]	16	5120	0	16	GENERIC	6.49050
create-batch-K1-total[ms]	16	5120	0	16	GENERIC	0.53170
create-batch-K1[ns]	16	5120	0	16	CLMUL	17.21780
create-batch-K1-total[ms]	16	5120	0	16	CLMUL	1.41048
create-batch-K2[ns]	16	5120	0	16	GENERIC	4.17983
create-batch-K2-total[ms]	16	5120	0	16	GENERIC	0.34241
create-batch-K2[ns]	16	5120	0	16	CLMUL	8.63026
create-batch-K2-total[ms]	16	5120	0	16	CLMUL	0.70699
create-batch-K4[ns]	16	5120	0	16	GENERIC	3.71699
create-batch-K4-total[ms]	16	5120	0	16	GENERIC	0.30450
create-batch-K4[ns]	16	5120	0	16	CLMUL	4.86342
create-batch-K4-total[ms]	16	5120	0	16	CLMUL	0.39841
create-batch-K8[ns]	16	5120	0	16	GENERIC	3.83448
create-batch-K8-total[ms]	16	5120	0	16	GENERIC	0.31412
create-batch-K8[ns]	16	5120	0	16	CLMUL	3.82380
create-batch-K8-total[ms]	16	5120	0	16	CLMUL	0.31325
create-batch-K1[ns]	16	5120	0	64	GENERIC	6.49495
create-batch-K1-total[ms]	16	5120	0	64	GENERIC	2.12826
create-batch-K1[ns]	16	5120	0	64	CLMUL	17.14214
create-batch-K1-total[ms]	16	5120	0	64	CLMUL	5.61714
create-batch-K2[ns]	16	5120	0	64	GENERIC	4.17895
create-batch-K2-total[ms]	16	5120	0	64	GENERIC	1.36936
create-batch-K2[ns]	16	5120	0	64	CLMUL	8.66141
create-batch-K2-total[ms]	16	5120	0	64	CLMUL	2.83817
create-batch-K4[ns]	16	5120	0	64	GENERIC	3.71610
create-batch-K4-total[ms]	16	5120	0	64	GENERIC	1.21769
create-batch-K4[ns]	16	5120	0	64	CLMUL	4.87677
create-batch-K4-total[ms]	16	5120	0	64	CLMUL	1.59802
create-batch-K8[ns]	16	5120	0	64	GENERIC	3.83181
create-batch-K8-total[ms]	16	5120	0	64	GENERIC	1.25561
create-batch-K8[ns]	16	5120	0	64	CLMUL	3.82113
create-batch-K8-total[ms]	16	5120	0	64	CLMUL	1.25211
create-batch-K1[ns]	16	5120	0	128	GENERIC	6.50029
create-batch-K1-total[ms]	16	5120	0	128	GENERIC	4.26003
create-batch-K1[ns]	16	5120	0	128	CLMUL	17.20222
create-batch-K1-total[ms]	16	5120	0	128	CLMUL	11.27365
create-batch-K2[ns]	16	5120	0	128	GENERIC	4.17984
create-batch-K2-total[ms]	16	5120	0	128	GENERIC	2.73930
create-batch-K2[ns]	16	5120	0	128	CLMUL	8.68233
create-batch-K2-total[ms]	16	5120	0	128	CLMUL	5.69005
create-batch-K4[ns]	16	5120	0	128	GENERIC	3.71655
create-batch-K4-total[ms]	16	5120	0	128	GENERIC	2.43568
create-batch-K4[ns]	16	5120	0	128	CLMUL	4.89235
create-batch-K4-total[ms]	16	5120	0	128	CLMUL	3.20625
create-batch-K8[ns]	16	5120	0	128	GENERIC	3.83181
create-batch-K8-total[ms]	16	5120	0	128	GENERIC	2.51122
create-batch-K8[ns]	16	5120	0	128	CLMUL	3.82113
create-batch-K8-total[ms]	16	5120	0	128	CLMUL	2.50422
create-batch-K1[ns]	16	5120	0	512	GENERIC	6.49673
create-batch-K1-total[ms]	16	5120	0	512	GENERIC	17.03078
create-batch-K1[ns]	16	5120	0	512	CLMUL	17.26842
create-batch-K1-total[ms]	16	5120	0	512	CLMUL	45.26814
create-batch-K2[ns]	16	5120	0	512	GENERIC	4.18407
create-batch-K2-total[ms]	16	5120	0	512	GENERIC	10.96828
create-batch-K2[ns]	16	5120	0	512	CLMUL	8.67020
create-batch-K2-total[ms]	16	5120	0	512	CLMUL	22.72842
create-batch-K4[ns]	16	5120	0	512	GENERIC	3.71989
create-batch-K4-total[ms]	16	5120	0	512	GENERIC	9.75146
create-batch-K4[ns]	16	5120	0	512	CLMUL	4.87967
create-batch-K4-total[ms]	16	5120	0	512	CLMUL	12.79176
create-batch-K8[ns]	16	5120	0	512	GENERIC	3.83504
create-batch-K8-total[ms]	16	5120	0	512	GENERIC	10.05333
create-batch-K8[ns]	16	5120	0	512	CLMUL	3.82403
create-batch-K8-total[ms]	16	5120	0	512	CLMUL	10.02446
create-batch-K1[ns]	16	5120	0	1024	GENERIC	6.49851
create-batch-K1-total[ms]	16	5120	0	1024	GENERIC	34.07090
create-batch-K1[ns]	16	5120	0	1024	CLMUL	17.23955
create-batch-K1-total[ms]	16	5120	0	1024	CLMUL	90.38490
create-batch-K2[ns]	16	5120	0	1024	GENERIC	4.18323
create-batch-K2-total[ms]	16	5120	0	1024	GENERIC	21.93218
create-batch-K2[ns]	16	5120	0	1024	CLMUL	8.68645
create-batch-K2-total[ms]	16	5120	0	1024	CLMUL	45.54201
create-batch-K4[ns]	16	5120	0	1024	GENERIC	3.71972
create-batch-K4-total[ms]	16	5120	0	1024	GENERIC	19.50204
create-batch-K4[ns]	16	5120	0	1024	CLMUL	4.88523
create-batch-K4-total[ms]	16	5120	0	1024	CLMUL	25.61268
create-batch-K8[ns]	16	5120	0	1024	GENERIC	3.83593
create-batch-K8-total[ms]	16	5120	0	1024	GENERIC	20.11133
create-batch-K8[ns]	16	5120	0	1024	CLMUL	3.82497
create-batch-K8-total[ms]	16	5120	0	1024	CLMUL	20.05387
create-batch-K1[ns]	16	5120	0	2048	GENERIC	6.49990
create-batch-K1-total[ms]	16	5120	0	2048	GENERIC	68.15639
create-batch-K1[ns]	16	5120	0	2048	CLMUL	17.23646
create-batch-K1-total[ms]	16	5120	0	2048	CLMUL	180.73742
create-batch-K2[ns]	16	5120	0	2048	GENERIC	4.18451
create-batch-K2-total[ms]	16	5120	0	2048	GENERIC	43.87778
create-batch-K2[ns]	16	5120	0	2048	CLMUL	8.67376
create-batch-K2-total[ms]	16	5120	0	2048	CLMUL	90.95102
create-batch-K4[ns]	16	5120	0	2048	GENERIC	3.72030
create-batch-K4-total[ms]	16	5120	0	2048	GENERIC	39.01022
create-batch-K4[ns]	16	5120	0	2048	CLMUL	4.87466
create-batch-K4-total[ms]	16	5120	0	2048	CLMUL	51.11452
create-batch-K8[ns]	16	5120	0	2048	GENERIC	3.83615
create-batch-K8-total[ms]	16	5120	0	2048	GENERIC	40.22499
create-batch-K8[ns]	16	5120	0	2048	CLMUL	3.82492
create-batch-K8-total[ms]	16	5120	0	2048	CLMUL	40.10716
create-batch-K1[ns]	16	5120	0	4096	GENERIC	6.50130
create-batch-K1-total[ms]	16	5120	0	4096	GENERIC	136.34224
create-batch-K1[ns]	16	5120	0	4096	CLMUL	17.23461
create-batch-K1-total[ms]	16	5120	0	4096	CLMUL	361.43606
create-batch-K2[ns]	16	5120	0	4096	GENERIC	4.18398
create-batch-K2-total[ms]	16	5120	0	4096	GENERIC	87.74448
create-batch-K2[ns]	16	5120	0	4096	CLMUL	8.65521
create-batch-K2-total[ms]	16	5120	0	4096	CLMUL	181.51296
create-batch-K4[ns]	16	5120	0	4096	GENERIC	3.72007
create-batch-K4-total[ms]	16	5120	0	4096	GENERIC	78.01547
create-batch-K4[ns]	16	5120	0	4096	CLMUL	4.88113
create-batch-K4-total[ms]	16	5120	0	4096	CLMUL	102.36466
create-batch-K8[ns]	16	5120	0	4096	GENERIC	3.83608
create-batch-K8-total[ms]	16	5120	0	4096	GENERIC	80.44853
create-batch-K8[ns]	16	5120	0	4096	CLMUL	3.82474
create-batch-K8-total[ms]	16	5120	0	4096	CLMUL	80.21053
create-batch-K1[ns]	16	5120	0	8192	GENERIC	6.50113
create-batch-K1-total[ms]	16	5120	0	8192	GENERIC	272.67718
create-batch-K1[ns]	16	5120	0	8192	CLMUL	17.24189
create-batch-K1-total[ms]	16	5120	0	8192	CLMUL	723.17749
create-batch-K2[ns]	16	5120	0	8192	GENERIC	4.18490
create-batch-K2-total[ms]	16	5120	0	8192	GENERIC	175.52745
create-batch-K2[ns]	16	5120	0	8192	CLMUL	8.65505
create-batch-K2-total[ms]	16	5120	0	8192	CLMUL	363.01920
create-batch-K4[ns]	16	5120	0	8192	GENERIC	3.72028
create-batch-K4-total[ms]	16	5120	0	8192	GENERIC	156.03969
create-batch-K4[ns]	16	5120	0	8192	CLMUL	4.87764
create-batch-K4-total[ms]	16	5120	0	8192	CLMUL	204.58321
create-batch-K8[ns]	16	5120	0	8192	GENERIC	3.83631
create-batch-K8-total[ms]	16	5120	0	8192	GENERIC	160.90638
create-batch-K8[ns]	16	5120	0	8192	CLMUL	3.82549
create-batch-K8-total[ms]	16	5120	0	8192	CLMUL	160.45285
create-batch-K1[ns]	16	6144	0	16	GENERIC	6.46796
create-batch-K1-total[ms]	16	6144	0	16	GENERIC	0.63583
create-batch-K1[ns]	16	6144	0	16	CLMUL	17.08370
create-batch-K1-total[ms]	16	6144	0	16	CLMUL	1.67940
create-batch-K2[ns]	16	6144	0	16	GENERIC	4.17747
create-batch-K2-total[ms]	16	6144	0	16	GENERIC	0.41066
create-batch-K2[ns]	16	6144	0	16	CLMUL	8.57745
create-batch-K2-total[ms]	16	6144	0	16	CLMUL	0.84320
create-batch-K4[ns]	16	6144	0	16	GENERIC	3.71462
create-batch-K4-total[ms]	16	6144	0	16	GENERIC	0.36516
create-batch-K4[ns]	16	6144	0	16	CLMUL	4.86579
create-batch-K4-total[ms]	16	6144	0	16	CLMUL	0.47833
create-batch-K8[ns]	16	6144	0	16	GENERIC	3.83033
create-batch-K8-total[ms]	16	6144	0	16	GENERIC	0.37654
create-batch-K8[ns]	16	6144	0	16	CLMUL	3.82143
create-batch-K8-total[ms]	16	6144	0	16	CLMUL	0.37566
create-batch-K1[ns]	16	6144	0	64	GENERIC	6.46053
create-batch-K1-total[ms]	16	6144	0	64	GENERIC	2.54039
create-batch-K1[ns]	16	6144	0	64	CLMUL	17.07183
create-batch-K1-total[ms]	16	6144	0	64	CLMUL	6.71291
create-batch-K2[ns]	16	6144	0	64	GENERIC	4.17746
create-batch-K2-total[ms]	16	6144	0	64	GENERIC	1.64265
create-batch-K2[ns]	16	6144	0	64	CLMUL	8.66794
create-batch-K2-total[ms]	16	6144	0	64	CLMUL	3.40837
create-batch-K4[ns]	16	6144	0	64	GENERIC	3.71462
create-batch-K4-total[ms]	16	6144	0	64	GENERIC	1.46065
create-batch-K4[ns]	16	6144	0	64	CLMUL	4.88137
create-batch-K4-total[ms]	16	6144	0	64	CLMUL	1.91943
create-batch-K8[ns]	16	6144	0	64	GENERIC	3.83033
create-batch-K8-total[ms]	16	6144	0	64	GENERIC	1.50615
create-batch-K8[ns]	16	6144	0	64	CLMUL	3.82069
create-batch-K8-total[ms]	16	6144	0	64	CLMUL	1.50236
create-batch-K1[ns]	16	6144	0	128	GENERIC	6.47425
create-batch-K1-total[ms]	16	6144	0	128	GENERIC	5.09156
create-batch-K1[ns]	16	6144	0	128	CLMUL	17.19347
create-batch-K1-total[ms]	16	6144	0	128	CLMUL	13.52150
create-batch-K2[ns]	16	6144	0	128	GENERIC	4.17821
create-batch-K2-total[ms]	16	6144	0	128	GENERIC	3.28588
create-batch-K2[ns]	16	6144	0	128	CLMUL	8.66868
create-batch-K2-total[ms]	16	6144	0	128	CLMUL	6.81733
create-batch-K4[ns]	16	6144	0	128	GENERIC	3.71499
create-batch-K4-total[ms]	16	6144	0	128	GENERIC	2.92159
create-batch-K4[ns]	16	6144	0	128	CLMUL	4.87544
create-batch-K4-total[ms]	16	6144	0	128	CLMUL	3.83420
create-batch-K8[ns]	16	6144	0	128	GENERIC	3.83107
create-batch-K8-total[ms]	16	6144	0	128	GENERIC	3.01288
create-batch-K8[ns]	16	6144	0	128	CLMUL	3.82106
create-batch-K8-total[ms]	16	6144	0	128	CLMUL	3.00500
create-batch-K1[ns]	16	6144	0	512	GENERIC	6.49270
create-batch-K1-total[ms]	16	6144	0	512	GENERIC	20.42428
create-batch-K1[ns]	16	6144	0	512	CLMUL	17.14637
create-batch-K1-total[ms]	16	6144	0	512	CLMUL	53.93782
create-batch-K2[ns]	16	6144	0	512	GENERIC	4.18164
create-batch-K2-total[ms]	16	6144	0	512	GENERIC	13.15429
create-batch-K2[ns]	16	6144	0	512	CLMUL	8.68370
create-batch-K2-total[ms]	16	6144	0	512	CLMUL	27.31657
create-batch-K4[ns]	16	6144	0	512	GENERIC	3.71647
create-batch-K4-total[ms]	16	6144	0	512	GENERIC	11.69102
create-batch-K4[ns]	16	6144	0	512	CLMUL	4.89000
create-batch-K4-total[ms]	16	6144	0	512	CLMUL	15.38260
create-batch-K8[ns]	16	6144	0	512	GENERIC	3.83339
create-batch-K8-total[ms]	16	6144	0	512	GENERIC	12.05881
create-batch-K8[ns]	16	6144	0	512	CLMUL	3.82458
create-batch-K8-total[ms]	16	6144	0	512	CLMUL	12.03110
create-batch-K1[ns]	16	6144	0	1024	GENERIC	6.49957
create-batch-K1-total[ms]	16	6144	0	1024	GENERIC	40.89173
create-batch-K1[ns]	16	6144	0	1024	CLMUL	17.20882
create-batch-K1-total[ms]	16	6144	0	1024	CLMUL	108.26851
create-batch-K2[ns]	16	6144	0	1024	GENERIC	4.18261
create-batch-K2-total[ms]	16	6144	0	1024	GENERIC	26.31471
create-batch-K2[ns]	16	6144	0	1024	CLMUL	8.67276
create-batch-K2-total[ms]	16	6144	0	1024	CLMUL	54.56431
create-batch-K4[ns]	16	6144	0	1024	GENERIC	3.71828
create-batch-K4-total[ms]	16	6144	0	1024	GENERIC	23.39341
create-batch-K4[ns]	16	6144	0	1024	CLMUL	4.87210
create-batch-K4-total[ms]	16	6144	0	1024	CLMUL	30.65261
create-batch-K8[ns]	16	6144	0	1024	GENERIC	3.83501
create-batch-K8-total[ms]	16	6144	0	1024	GENERIC	24.12782
create-batch-K8[ns]	16	6144	0	1024	CLMUL	3.82509
create-batch-K8-total[ms]	16	6144	0	1024	CLMUL	24.06540
create-batch-K1[ns]	16	6144	0	2048	GENERIC	6.49658
create-batch-K1-total[ms]	16	6144	0	2048	GENERIC	81.74584
create-batch-K1[ns]	16	6144	0	2048	CLMUL	17.18079
create-batch-K1-total[ms]	16	6144	0	2048	CLMUL	216.18439
create-batch-K2[ns]	16	6144	0	2048	GENERIC	4.18180
create-batch-K2-total[ms]	16	6144	0	2048	GENERIC	52.61921
create-batch-K2[ns]	16	6144	0	2048	CLMUL	8.60241
create-batch-K2-total[ms]	16	6144	0	2048	CLMUL	108.24342
create-batch-K4[ns]	16	6144	0	2048	GENERIC	3.71926
create-batch-K4-total[ms]	16	6144	0	2048	GENERIC	46.79908
create-batch-K4[ns]	16	6144	0	2048	CLMUL	4.89102
create-batch-K4-total[ms]	16	6144	0	2048	CLMUL	61.54322
create-batch-K8[ns]	16	6144	0	2048	GENERIC	3.83511
create-batch-K8-total[ms]	16	6144	0	2048	GENERIC	48.25681
create-batch-K8[ns]	16	6144	0	2048	CLMUL	3.82556
create-batch-K8-total[ms]	16	6144	0	2048	CLMUL	48.13664
create-batch-K1[ns]	16	6144	0	4096	GENERIC	6.49406
create-batch-K1-total[ms]	16	6144	0	4096	GENERIC	163.42839
create-batch-K1[ns]	16	6144	0	4096	CLMUL	17.22608
create-batch-K1-total[ms]	16	6144	0	4096	CLMUL	433.50861
create-batch-K2[ns]	16	6144	0	4096	GENERIC	4.18233
create-batch-K2-total[ms]	16	6144	0	4096	GENERIC	105.25184
create-batch-K2[ns]	16	6144	0	4096	CLMUL	8.61617
create-batch-K2-total[ms]	16	6144	0	4096	CLMUL	216.83305
create-batch-K4[ns]	16	6144	0	4096	GENERIC	3.71858
create-batch-K4-total[ms]	16	6144	0	4096	GENERIC	93.58123
create-batch-K4[ns]	16	6144	0	4096	CLMUL	4.87416
create-batch-K4-total[ms]	16	6144	0	4096	CLMUL	122.66237
create-batch-K8[ns]	16	6144	0	4096	GENERIC	3.83418
create-batch-K8-total[ms]	16	6144	0	4096	GENERIC	96.49028
create-batch-K8[ns]	16	6144	0	4096	CLMUL	3.82506
create-batch-K8-total[ms]	16	6144	0	4096	CLMUL	96.26074
create-batch-K1[ns]	16	6144	0	8192	GENERIC	6.49990
create-batch-K1-total[ms]	16	6144	0	8192	GENERIC	327.15049
create-batch-K1[ns]	16	6144	0	8192	CLMUL	17.21287
create-batch-K1-total[ms]	16	6144	0	8192	CLMUL	866.35222
create-batch-K2[ns]	16	6144	0	8192	GENERIC	4.18215
create-batch-K2-total[ms]	16	6144	0	8192	GENERIC	210.49434
create-batch-K2[ns]	16	6144	0	8192	CLMUL	8.61954
create-batch-K2-total[ms]	16	6144	0	8192	CLMUL	433.83585
create-batch-K4[ns]	16	6144	0	8192	GENERIC	3.71794
create-batch-K4-total[ms]	16	6144	0	8192	GENERIC	187.13009
create-batch-K4[ns]	16	6144	0	8192	CLMUL	4.90726
create-batch-K4-total[ms]	16	6144	0	8192	CLMUL	246.99042
create-batch-K8[ns]	16	6144	0	8192	GENERIC	3.83427
create-batch-K8-total[ms]	16	6144	0	8192	GENERIC	192.98494
create-batch-K8[ns]	16	6144	0	8192	CLMUL	3.82534
create-batch-K8-total[ms]	16	6144	0	8192	CLMUL	192.53548
create-batch-K1[ns]	16	7168	0	16	GENERIC	6.49507
create-batch-K1-total[ms]	16	7168	0	16	GENERIC	0.74491
create-batch-K1[ns]	16	7168	0	16	CLMUL	17.22442
create-batch-K1-total[ms]	16	7168	0	16	CLMUL	1.97543
create-batch-K2[ns]	16	7168	0	16	GENERIC	4.17576
create-batch-K2-total[ms]	16	7168	0	16	GENERIC	0.47891
create-batch-K2[ns]	16	7168	0	16	CLMUL	8.51685
create-batch-K2-total[ms]	16	7168	0	16	CLMUL	0.97678
create-batch-K4[ns]	16	7168	0	16	GENERIC	3.71293
create-batch-K4-total[ms]	16	7168	0	16	GENERIC	0.42583
create-batch-K4[ns]	16	7168	0	16	CLMUL	4.86495
create-batch-K4-total[ms]	16	7168	0	16	CLMUL	0.55795
create-batch-K8[ns]	16	7168	0	16	GENERIC	3.82990
create-batch-K8-total[ms]	16	7168	0	16	GENERIC	0.43924
create-batch-K8[ns]	16	7168	0	16	CLMUL	3.81974
create-batch-K8-total[ms]	16	7168	0	16	CLMUL	0.43808
create-batch-K1[ns]	16	7168	0	64	GENERIC	6.49126
create-batch-K1-total[ms]	16	7168	0	64	GENERIC	2.97788
create-batch-K1[ns]	16	7168	0	64	CLMUL	17.30961
create-batch-K1-total[ms]	16	7168	0	64	CLMUL	7.94082
create-batch-K2[ns]	16	7168	0	64	GENERIC	4.17577
create-batch-K2-total[ms]	16	7168	0	64	GENERIC	1.91564
create-batch-K2[ns]	16	7168	0	64	CLMUL	8.62492
create-batch-K2-total[ms]	16	7168	0	64	CLMUL	3.95670
create-batch-K4[ns]	16	7168	0	64	GENERIC	3.71229
create-batch-K4-total[ms]	16	7168	0	64	GENERIC	1.70302
create-batch-K4[ns]	16	7168	0	64	CLMUL	4.86304
create-batch-K4-total[ms]	16	7168	0	64	CLMUL	2.23093
create-batch-K8[ns]	16	7168	0	64	GENERIC	3.82800
create-batch-K8-total[ms]	16	7168	0	64	GENERIC	1.75610
create-batch-K8[ns]	16	7168	0	64	CLMUL	3.82101
create-batch-K8-total[ms]	16	7168	0	64	CLMUL	1.75289
create-batch-K1[ns]	16	7168	0	128	GENERIC	6.49476
create-batch-K1-total[ms]	16	7168	0	128	GENERIC	5.95897
create-batch-K1[ns]	16	7168	0	128	CLMUL	17.26160
create-batch-K1-total[ms]	16	7168	0	128	CLMUL	15.83759
create-batch-K2[ns]	16	7168	0	128	GENERIC	4.18086
create-batch-K2-total[ms]	16	7168	0	128	GENERIC	3.83595
create-batch-K2[ns]	16	7168	0	128	CLMUL	8.51144
create-batch-K2-total[ms]	16	7168	0	128	CLMUL	7.80928
create-batch-K4[ns]	16	7168	0	128	GENERIC	3.71356
create-batch-K4-total[ms]	16	7168	0	128	GENERIC	3.40721
create-batch-K4[ns]	16	7168	0	128	CLMUL	4.86781
create-batch-K4-total[ms]	16	7168	0	128	CLMUL	4.46624
create-batch-K8[ns]	16	7168	0	128	GENERIC	3.82895
create-batch-K8-total[ms]	16	7168	0	128	GENERIC	3.51308
create-batch-K8[ns]	16	7168	0	128	CLMUL	3.82101
create-batch-K8-total[ms]	16	7168	0	128	CLMUL	3.50579
create-batch-K1[ns]	16	7168	0	512	GENERIC	6.49309
create-batch-K1-total[ms]	16	7168	0	512	GENERIC	23.82974
create-batch-K1[ns]	16	7168	0	512	CLMUL	17.31708
create-batch-K1-total[ms]	16	7168	0	512	CLMUL	63.55395
create-batch-K2[ns]	16	7168	0	512	GENERIC	4.18141
create-batch-K2-total[ms]	16	7168	0	512	GENERIC	15.34585
create-batch-K2[ns]	16	7168	0	512	CLMUL	8.64789
create-batch-K2-total[ms]	16	7168	0	512	CLMUL	31.73789
create-batch-K4[ns]	16	7168	0	512	GENERIC	3.71833
create-batch-K4-total[ms]	16	7168	0	512	GENERIC	13.64633
create-batch-K4[ns]	16	7168	0	512	CLMUL	4.87846
create-batch-K4-total[ms]	16	7168	0	512	CLMUL	17.90402
create-batch-K8[ns]	16	7168	0	512	GENERIC	3.83261
create-batch-K8-total[ms]	16	7168	0	512	GENERIC	14.06574
create-batch-K8[ns]	16	7168	0	512	CLMUL	3.82482
create-batch-K8-total[ms]	16	7168	0	512	CLMUL	14.03716
create-batch-K1[ns]	16	7168	0	1024	GENERIC	6.49702
create-batch-K1-total[ms]	16	7168	0	1024	GENERIC	47.68836
create-batch-K1[ns]	16	7168	0	1024	CLMUL	17.27825
create-batch-K1-total[ms]	16	7168	0	1024	CLMUL	126.82294
create-batch-K2[ns]	16	7168	0	1024	GENERIC	4.18193
create-batch-K2-total[ms]	16	7168	0	1024	GENERIC	30.69549
create-batch-K2[ns]	16	7168	0	1024	CLMUL	8.61848
create-batch-K2-total[ms]	16	7168	0	1024	CLMUL	63.25995
create-batch-K4[ns]	16	7168	0	1024	GENERIC	3.71785
create-batch-K4-total[ms]	16	7168	0	1024	GENERIC	27.28915
create-batch-K4[ns]	16	7168	0	1024	CLMUL	4.88323
create-batch-K4-total[ms]	16	7168	0	1024	CLMUL	35.84305
create-batch-K8[ns]	16	7168	0	1024	GENERIC	3.83404
create-batch-K8-total[ms]	16	7168	0	1024	GENERIC	28.14198
create-batch-K8[ns]	16	7168	0	1024	CLMUL	3.82446
create-batch-K8-total[ms]	16	7168	0	1024	CLMUL	28.07169
create-batch-K1[ns]	16	7168	0	2048	GENERIC	6.49669
create-batch-K1-total[ms]	16	7168	0	2048	GENERIC	95.37175
create-batch-K1[ns]	16	7168	0	2048	CLMUL	17.26405
create-batch-K1-total[ms]	16	7168	0	2048	CLMUL	253.43734
create-batch-K2[ns]	16	7168	0	2048	GENERIC	4.18048
create-batch-K2-total[ms]	16	7168	0	2048	GENERIC	61.36968
create-batch-K2[ns]	16	7168	0	2048	CLMUL	8.62750
create-batch-K2-total[ms]	16	7168	0	2048	CLMUL	126.65232
create-batch-K4[ns]	16	7168	0	2048	GENERIC	3.71640
create-batch-K4-total[ms]	16	7168	0	2048	GENERIC	54.55702
create-batch-K4[ns]	16	7168	0	2048	CLMUL	4.88031
create-batch-K4-total[ms]	16	7168	0	2048	CLMUL	71.64322
create-batch-K8[ns]	16	7168	0	2048	GENERIC	3.83255
create-batch-K8-total[ms]	16	7168	0	2048	GENERIC	56.26208
create-batch-K8[ns]	16	7168	0	2048	CLMUL	3.82536
create-batch-K8-total[ms]	16	7168	0	2048	CLMUL	56.15650
create-batch-K1[ns]	16	7168	0	4096	GENERIC	6.49666
create-batch-K1-total[ms]	16	7168	0	4096	GENERIC	190.74263
create-batch-K1[ns]	16	7168	0	4096	CLMUL	17.28588
create-batch-K1-total[ms]	16	7168	0	4096	CLMUL	507.51576
create-batch-K2[ns]	16	7168	0	4096	GENERIC	4.18133
create-batch-K2-total[ms]	16	7168	0	4096	GENERIC	122.76445
create-batch-K2[ns]	16	7168	0	4096	CLMUL	8.61861
create-batch-K2-total[ms]	16	7168	0	4096	CLMUL	253.04359
create-batch-K4[ns]	16	7168	0	4096	GENERIC	3.71738
create-batch-K4-total[ms]	16	7168	0	4096	GENERIC	109.14262
create-batch-K4[ns]	16	7168	0	4096	CLMUL	4.87783
create-batch-K4-total[ms]	16	7168	0	4096	CLMUL	143.21382
create-batch-K8[ns]	16	7168	0	4096	GENERIC	3.83278
create-batch-K8-total[ms]	16	7168	0	4096	GENERIC	112.53087
create-batch-K8[ns]	16	7168	0	4096	CLMUL	3.82469
create-batch-K8-total[ms]	16	7168	0	4096	CLMUL	112.29346
create-batch-K1[ns]	16	7168	0	8192	GENERIC	6.49759
create-batch-K1-total[ms]	16	7168	0	8192	GENERIC	381.54010
create-batch-K1[ns]	16	7168	0	8192	CLMUL	17.26287
create-batch-K1-total[ms]	16	7168	0	8192	CLMUL	1013.68023
create-batch-K2[ns]	16	7168	0	8192	GENERIC	4.18194
create-batch-K2-total[ms]	16	7168	0	8192	GENERIC	245.56448
create-batch-K2[ns]	16	7168	0	8192	CLMUL	8.61190
create-batch-K2-total[ms]	16	7168	0	8192	CLMUL	505.69315
create-batch-K4[ns]	16	7168	0	8192	GENERIC	3.71738
create-batch-K4-total[ms]	16	7168	0	8192	GENERIC	218.28553
create-batch-K4[ns]	16	7168	0	8192	CLMUL	4.89273
create-batch-K4-total[ms]	16	7168	0	8192	CLMUL	287.30233
create-batch-K8[ns]	16	7168	0	8192	GENERIC	3.83318
create-batch-K8-total[ms]	16	7168	0	8192	GENERIC	225.08507
create-batch-K8[ns]	16	7168	0	8192	CLMUL	3.82558
create-batch-K8-total[ms]	16	7168	0	8192	CLMUL	224.63883
create-batch-K1[ns]	16	8192	0	16	GENERIC	6.49094
create-batch-K1-total[ms]	16	8192	0	16	GENERIC	0.85078
create-batch-K1[ns]	16	8192	0	16	CLMUL	17.32327
create-batch-K1-total[ms]	16	8192	0	16	CLMUL	2.27060
create-batch-K2[ns]	16	8192	0	16	GENERIC	4.17450
create-batch-K2-total[ms]	16	8192	0	16	GENERIC	0.54716
create-batch-K2[ns]	16	8192	0	16	CLMUL	8.56706
create-batch-K2-total[ms]	16	8192	0	16	CLMUL	1.12290
create-batch-K4[ns]	16	8192	0	16	GENERIC	3.71387
create-batch-K4-total[ms]	16	8192	0	16	GENERIC	0.48679
create-batch-K4[ns]	16	8192	0	16	CLMUL	4.86431
create-batch-K4-total[ms]	16	8192	0	16	CLMUL	0.63758
create-batch-K8[ns]	16	8192	0	16	GENERIC	3.82959
create-batch-K8-total[ms]	16	8192	0	16	GENERIC	0.50195
create-batch-K8[ns]	16	8192	0	16	CLMUL	3.82069
create-batch-K8-total[ms]	16	8192	0	16	CLMUL	0.50079
create-batch-K1[ns]	16	8192	0	64	GENERIC	6.49706
create-batch-K1-total[ms]	16	8192	0	64	GENERIC	3.40633
create-batch-K1[ns]	16	8192	0	64	CLMUL	17.36778
create-batch-K1-total[ms]	16	8192	0	64	CLMUL	9.10572
create-batch-K2[ns]	16	8192	0	64	GENERIC	4.17450
create-batch-K2-total[ms]	16	8192	0	64	GENERIC	2.18864
create-batch-K2[ns]	16	8192	0	64	CLMUL	8.53703
create-batch-K2-total[ms]	16	8192	0	64	CLMUL	4.47586
create-batch-K4[ns]	16	8192	0	64	GENERIC	3.71221
create-batch-K4-total[ms]	16	8192	0	64	GENERIC	1.94627
create-batch-K4[ns]	16	8192	0	64	CLMUL	4.86320
create-batch-K4-total[ms]	16	8192	0	64	CLMUL	2.54972
create-batch-K8[ns]	16	8192	0	64	GENERIC	3.82736
create-batch-K8-total[ms]	16	8192	0	64	GENERIC	2.00664
create-batch-K8[ns]	16	8192	0	64	CLMUL	3.82125
create-batch-K8-total[ms]	16	8192	0	64	CLMUL	2.00343
create-batch-K1[ns]	16	8192	0	128	GENERIC	6.49623
create-batch-K1-total[ms]	16	8192	0	128	GENERIC	6.81179
create-batch-K1[ns]	16	8192	0	128	CLMUL	17.27627
create-batch-K1-total[ms]	16	8192	0	128	CLMUL	18.11548
create-batch-K2[ns]	16	8192	0	128	GENERIC	4.17923
create-batch-K2-total[ms]	16	8192	0	128	GENERIC	4.38224
create-batch-K2[ns]	16	8192	0	128	CLMUL	8.53007
create-batch-K2-total[ms]	16	8192	0	128	CLMUL	8.94443
create-batch-K4[ns]	16	8192	0	128	GENERIC	3.71749
create-batch-K4-total[ms]	16	8192	0	128	GENERIC	3.89808
create-batch-K4[ns]	16	8192	0	128	CLMUL	4.86682
create-batch-K4-total[ms]	16	8192	0	128	CLMUL	5.10323
create-batch-K8[ns]	16	8192	0	128	GENERIC	3.83182
create-batch-K8-total[ms]	16	8192	0	128	GENERIC	4.01795
create-batch-K8[ns]	16	8192	0	128	CLMUL	3.82514
create-batch-K8-total[ms]	16	8192	0	128	CLMUL	4.01095
create-batch-K1[ns]	16	8192	0	512	GENERIC	6.49164
create-batch-K1-total[ms]	16	8192	0	512	GENERIC	27.22791
create-batch-K1[ns]	16	8192	0	512	CLMUL	17.26556
create-batch-K1-total[ms]	16	8192	0	512	CLMUL	72.41700
create-batch-K2[ns]	16	8192	0	512	GENERIC	4.17846
create-batch-K2-total[ms]	16	8192	0	512	GENERIC	17.52574
create-batch-K2[ns]	16	8192	0	512	CLMUL	8.65037
create-batch-K2-total[ms]	16	8192	0	512	CLMUL	36.28229
create-batch-K4[ns]	16	8192	0	512	GENERIC	3.71576
create-batch-K4-total[ms]	16	8192	0	512	GENERIC	15.58501
create-batch-K4[ns]	16	8192	0	512	CLMUL	4.87655
create-batch-K4-total[ms]	16	8192	0	512	CLMUL	20.45374
create-batch-K8[ns]	16	8192	0	512	GENERIC	3.83244
create-batch-K8-total[ms]	16	8192	0	512	GENERIC	16.07442
create-batch-K8[ns]	16	8192	0	512	CLMUL	3.82465
create-batch-K8-total[ms]	16	8192	0	512	CLMUL	16.04176
create-batch-K1[ns]	16	8192	0	1024	GENERIC	6.49484
create-batch-K1-total[ms]	16	8192	0	1024	GENERIC	54.48265
create-batch-K1[ns]	16	8192	0	1024	CLMUL	17.30864
create-batch-K1-total[ms]	16	8192	0	1024	CLMUL	145.19537
create-batch-K2[ns]	16	8192	0	1024	GENERIC	4.17992
create-batch-K2-total[ms]	16	8192	0	1024	GENERIC	35.06372
create-batch-K2[ns]	16	8192	0	1024	CLMUL	8.61905
create-batch-K2-total[ms]	16	8192	0	1024	CLMUL	72.30179
create-batch-K4[ns]	16	8192	0	1024	GENERIC	3.71614
create-batch-K4-total[ms]	16	8192	0	1024	GENERIC	31.17323
create-batch-K4[ns]	16	8192	0	1024	CLMUL	4.87325
create-batch-K4-total[ms]	16	8192	0	1024	CLMUL	40.87978
create-batch-K8[ns]	16	8192	0	1024	GENERIC	3.83164
create-batch-K8-total[ms]	16	8192	0	1024	GENERIC	32.14214
create-batch-K8[ns]	16	8192	0	1024	CLMUL	3.82479
create-batch-K8-total[ms]	16	8192	0	1024	CLMUL	32.08468
create-batch-K1[ns]	16	8192	0	2048	GENERIC	6.49379
create-batch-K1-total[ms]	16	8192	0	2048	GENERIC	108.94779
create-batch-K1[ns]	16	8192	0	2048	CLMUL	17.32931
create-batch-K1-total[ms]	16	8192	0	2048	CLMUL	290.73753
create-batch-K2[ns]	16	8192	0	2048	GENERIC	4.18063
create-batch-K2-total[ms]	16	8192	0	2048	GENERIC	70.13941
create-batch-K2[ns]	16	8192	0	2048	CLMUL	8.68332
create-batch-K2-total[ms]	16	8192	0	2048	CLMUL	145.68187
create-batch-K4[ns]	16	8192	0	2048	GENERIC	3.71798
create-batch-K4-total[ms]	16	8192	0	2048	GENERIC	62.37738
create-batch-K4[ns]	16	8192	0	2048	CLMUL	4.87697
create-batch-K4-total[ms]	16	8192	0	2048	CLMUL	81.82197
create-batch-K8[ns]	16	8192	0	2048	GENERIC	3.83347
create-batch-K8-total[ms]	16	8192	0	2048	GENERIC	64.31490
create-batch-K8[ns]	16	8192	0	2048	CLMUL	3.82514
create-batch-K8-total[ms]	16	8192	0	2048	CLMUL	64.17519
create-batch-K1[ns]	16	8192	0	4096	GENERIC	6.49604
create-batch-K1-total[ms]	16	8192	0	4096	GENERIC	217.97083
create-batch-K1[ns]	16	8192	0	4096	CLMUL	17.30855
create-batch-K1-total[ms]	16	8192	0	4096	CLMUL	580.77858
create-batch-K2[ns]	16	8192	0	4096	GENERIC	4.18051
create-batch-K2-total[ms]	16	8192	0	4096	GENERIC	140.27473
create-batch-K2[ns]	16	8192	0	4096	CLMUL	8.66677
create-batch-K2-total[ms]	16	8192	0	4096	CLMUL	290.80841
create-batch-K4[ns]	16	8192	0	4096	GENERIC	3.71791
create-batch-K4-total[ms]	16	8192	0	4096	GENERIC	124.75242
create-batch-K4[ns]	16	8192	0	4096	CLMUL	4.87571
create-batch-K4-total[ms]	16	8192	0	4096	CLMUL	163.60164
create-batch-K8[ns]	16	8192	0	4096	GENERIC	3.83284
create-batch-K8-total[ms]	16	8192	0	4096	GENERIC	128.60879
create-batch-K8[ns]	16	8192	0	4096	CLMUL	3.82570
create-batch-K8-total[ms]	16	8192	0	4096	CLMUL	128.36904
create-batch-K1[ns]	16	8192	0	8192	GENERIC	6.49559
create-batch-K1-total[ms]	16	8192	0	8192	GENERIC	435.91162
create-batch-K1[ns]	16	8192	0	8192	CLMUL	17.31381
create-batch-K1-total[ms]	16	8192	0	8192	CLMUL	1161.91007
create-batch-K2[ns]	16	8192	0	8192	GENERIC	4.18004
create-batch-K2-total[ms]	16	8192	0	8192	GENERIC	280.51796
create-batch-K2[ns]	16	8192	0	8192	CLMUL	8.67282
create-batch-K2-total[ms]	16	8192	0	8192	CLMUL	582.02340
create-batch-K4[ns]	16	8192	0	8192	GENERIC	3.71683
create-batch-K4-total[ms]	16	8192	0	8192	GENERIC	249.43193
create-batch-K4[ns]	16	8192	0	8192	CLMUL	4.87619
create-batch-K4-total[ms]	16	8192	0	8192	CLMUL	327.23566
create-batch-K8[ns]	16	8192	0	8192	GENERIC	3.83235
create-batch-K8-total[ms]	16	8192	0	8192	GENERIC	257.18433
create-batch-K8[ns]	16	8192	0	8192	CLMUL	3.82549
create-batch-K8-total[ms]	16	8192	0	8192	CLMUL	256.72438
create-batch-K1[ns]	29	128	0	16	GENERIC	8.54443
create-batch-K1-total[ms]	29	128	0	16	GENERIC	0.01750
create-batch-K1[ns]	29	128	0	16	CLMUL	16.94727
create-batch-K1-total[ms]	29	128	0	16	CLMUL	0.03471
create-batch-K1[ns]	29	128	0	16	CLMUL_TRI	20.50732
create-batch-K1-total[ms]	29	128	0	16	CLMUL_TRI	0.04200
create-batch-K2[ns]	29	128	0	16	GENERIC	7.12061
create-batch-K2-total[ms]	29	128	0	16	GENERIC	0.01458
create-batch-K2[ns]	29	128	0	16	CLMUL	8.68701
create-batch-K2-total[ms]	29	128	0	16	CLMUL	0.01779
create-batch-K2[ns]	29	128	0	16	CLMUL_TRI	10.53857
create-batch-K2-total[ms]	29	128	0	16	CLMUL_TRI	0.02158
create-batch-K4[ns]	29	128	0	16	GENERIC	8.25977
create-batch-K4-total[ms]	29	128	0	16	GENERIC	0.01692
create-batch-K4[ns]	29	128	0	16	CLMUL	5.26904
create-batch-K4-total[ms]	29	128	0	16	CLMUL	0.01079
create-batch-K4[ns]	29	128	0	16	CLMUL_TRI	6.26611
create-batch-K4-total[ms]	29	128	0	16	CLMUL_TRI	0.01283
create-batch-K8[ns]	29	128	0	16	GENERIC	9.11426
create-batch-K8-total[ms]	29	128	0	16	GENERIC	0.01867
create-batch-K8[ns]	29	128	0	16	CLMUL	3.56006
create-batch-K8-total[ms]	29	128	0	16	CLMUL	0.00729
create-batch-K8[ns]	29	128	0	16	CLMUL_TRI	4.41504
create-batch-K8-total[ms]	29	128	0	16	CLMUL_TRI	0.00904
create-batch-K1[ns]	29	128	0	64	GENERIC	8.54480
create-batch-K1-total[ms]	29	128	0	64	GENERIC	0.07000
create-batch-K1[ns]	29	128	0	64	CLMUL	16.98279
create-batch-K1-total[ms]	29	128	0	64	CLMUL	0.13912
create-batch-K1[ns]	29	128	0	64	CLMUL_TRI	20.47192
create-batch-K1-total[ms]	29	128	0	64	CLMUL_TRI	0.16771
create-batch-K2[ns]	29	128	0	64	GENERIC	7.12061
create-batch-K2-total[ms]	29	128	0	64	GENERIC	0.05833
create-batch-K2[ns]	29	128	0	64	CLMUL	8.65161
create-batch-K2-total[ms]	29	128	0	64	CLMUL	0.07087
create-batch-K2[ns]	29	128	0	64	CLMUL_TRI	10.57410
create-batch-K2-total[ms]	29	128	0	64	CLMUL_TRI	0.08662
create-batch-K4[ns]	29	128	0	64	GENERIC	8.22437
create-batch-K4-total[ms]	29	128	0	64	GENERIC	0.06737
create-batch-K4[ns]	29	128	0	64	CLMUL	5.30481
create-batch-K4-total[ms]	29	128	0	64	CLMUL	0.04346
create-batch-K4[ns]	29	128	0	64	CLMUL_TRI	6.26611
create-batch-K4-total[ms]	29	128	0	64	CLMUL_TRI	0.05133
create-batch-K8[ns]	29	128	0	64	GENERIC	9.11450
create-batch-K8-total[ms]	29	128	0	64	GENERIC	0.07467
create-batch-K8[ns]	29	128	0	64	CLMUL	3.59583
create-batch-K8-total[ms]	29	128	0	64	CLMUL	0.02946
create-batch-K8[ns]	29	128	0	64	CLMUL_TRI	4.41479
create-batch-K8-total[ms]	29	128	0	64	CLMUL_TRI	0.03617
create-batch-K1[ns]	29	128	0	128	GENERIC	8.54486
create-batch-K1-total[ms]	29	128	0	128	GENERIC	0.14000
create-batch-K1[ns]	29	128	0	128	CLMUL	16.94720
create-batch-K1-total[ms]	29	128	0	128	CLMUL	0.27766
create-batch-K1[ns]	29	128	0	128	CLMUL_TRI	20.48975
create-batch-K1-total[ms]	29	128	0	128	CLMUL_TRI	0.33570
create-batch-K2[ns]	29	128	0	128	GENERIC	7.12067
create-batch-K2-total[ms]	29	128	0	128	GENERIC	0.11666
create-batch-K2[ns]	29	128	0	128	CLMUL	8.66943
create-batch-K2-total[ms]	29	128	0	128	CLMUL	0.14204
create-batch-K2[ns]	29	128	0	128	CLMUL_TRI	10.55640
create-batch-K2-total[ms]	29	128	0	128	CLMUL_TRI	0.17296
create-batch-K4[ns]	29	128	0	128	GENERIC	8.22437
create-batch-K4-total[ms]	29	128	0	128	GENERIC	0.13475
create-batch-K4[ns]	29	128	0	128	CLMUL	5.32269
create-batch-K4-total[ms]	29	128	0	128	CLMUL	0.08721
create-batch-K4[ns]	29	128	0	128	CLMUL_TRI	6.28400
create-batch-K4-total[ms]	29	128	0	128	CLMUL_TRI	0.10296
create-batch-K8[ns]	29	128	0	128	GENERIC	9.11444
create-batch-K8-total[ms]	29	128	0	128	GENERIC	0.14933
create-batch-K8[ns]	29	128	0	128	CLMUL	3.59589
create-batch-K8-total[ms]	29	128	0	128	CLMUL	0.05892
create-batch-K8[ns]	29	128	0	128	CLMUL_TRI	4.41486
create-batch-K8-total[ms]	29	128	0	128	CLMUL_TRI	0.07233
create-batch-K1[ns]	29	128	0	512	GENERIC	8.55371
create-batch-K1-total[ms]	29	128	0	512	GENERIC	0.56058
create-batch-K1[ns]	29	128	0	512	CLMUL	16.96947
create-batch-K1-total[ms]	29	128	0	512	CLMUL	1.11211
create-batch-K1[ns]	29	128	0	512	CLMUL_TRI	20.49420
create-batch-K1-total[ms]	29	128	0	512	CLMUL_TRI	1.34311
create-batch-K2[ns]	29	128	0	512	GENERIC	7.12067
create-batch-K2-total[ms]	29	128	0	512	GENERIC	0.46666
create-batch-K2[ns]	29	128	0	512	CLMUL	8.67387
create-batch-K2-total[ms]	29	128	0	512	CLMUL	0.56845
create-batch-K2[ns]	29	128	0	512	CLMUL_TRI	10.56529
create-batch-K2-total[ms]	29	128	0	512	CLMUL_TRI	0.69241
create-batch-K4[ns]	29	128	0	512	GENERIC	8.22438
create-batch-K4-total[ms]	29	128	0	512	GENERIC	0.53899
create-batch-K4[ns]	29	128	0	512	CLMUL	5.30934
create-batch-K4-total[ms]	29	128	0	512	CLMUL	0.34795
create-batch-K4[ns]	29	128	0	512	CLMUL_TRI	6.29735
create-batch-K4-total[ms]	29	128	0	512	CLMUL_TRI	0.41270
create-batch-K8[ns]	29	128	0	512	GENERIC	9.12337
create-batch-K8-total[ms]	29	128	0	512	GENERIC	0.59791
create-batch-K8[ns]	29	128	0	512	CLMUL	3.58704
create-batch-K8-total[ms]	29	128	0	512	CLMUL	0.23508
create-batch-K8[ns]	29	128	0	512	CLMUL_TRI	4.41927
create-batch-K8-total[ms]	29	128	0	512	CLMUL_TRI	0.28962
create-batch-K1[ns]	29	128	0	1024	GENERIC	8.55594
create-batch-K1-total[ms]	29	128	0	1024	GENERIC	1.12144
create-batch-K1[ns]	29	128	0	1024	CLMUL	16.96947
create-batch-K1-total[ms]	29	128	0	1024	CLMUL	2.22422
create-batch-K1[ns]	29	128	0	1024	CLMUL_TRI	20.49420
create-batch-K1-total[ms]	29	128	0	1024	CLMUL_TRI	2.68622
create-batch-K2[ns]	29	128	0	1024	GENERIC	7.12067
create-batch-K2-total[ms]	29	128	0	1024	GENERIC	0.93332
create-batch-K2[ns]	29	128	0	1024	CLMUL	8.67165
create-batch-K2-total[ms]	29	128	0	1024	CLMUL	1.13661
create-batch-K2[ns]	29	128	0	1024	CLMUL_TRI	10.56308
create-batch-K2-total[ms]	29	128	0	1024	CLMUL_TRI	1.38452
create-batch-K4[ns]	29	128	0	1024	GENERIC	8.22215
create-batch-K4-total[ms]	29	128	0	1024	GENERIC	1.07769
create-batch-K4[ns]	29	128	0	1024	CLMUL	5.31380
create-batch-K4-total[ms]	29	128	0	1024	CLMUL	0.69649
create-batch-K4[ns]	29	128	0	1024	CLMUL_TRI	6.29513
create-batch-K4-total[ms]	29	128	0	1024	CLMUL_TRI	0.82511
create-batch-K8[ns]	29	128	0	1024	GENERIC	9.12337
create-batch-K8-total[ms]	29	128	0	1024	GENERIC	1.19582
create-batch-K8[ns]	29	128	0	1024	CLMUL	3.58704
create-batch-K8-total[ms]	29	128	0	1024	CLMUL	0.47016
create-batch-K8[ns]	29	128	0	1024	CLMUL_TRI	4.41927
create-batch-K8-total[ms]	29	128	0	1024	CLMUL_TRI	0.57924
create-batch-K1[ns]	29	128	0	2048	GENERIC	8.55705
create-batch-K1-total[ms]	29	128	0	2048	GENERIC	2.24318
create-batch-K1[ns]	29	128	0	2048	CLMUL	17.00841
create-batch-K1-total[ms]	29	128	0	2048	CLMUL	4.45865
create-batch-K1[ns]	29	128	0	2048	CLMUL_TRI	20.51311
create-batch-K1-total[ms]	29	128	0	2048	CLMUL_TRI	5.37739
create-batch-K2[ns]	29	128	0	2048	GENERIC	7.12179
create-batch-K2-total[ms]	29	128	0	2048	GENERIC	1.86693
create-batch-K2[ns]	29	128	0	2048	CLMUL	8.67499
create-batch-K2-total[ms]	29	128	0	2048	CLMUL	2.27410
create-batch-K2[ns]	29	128	0	2048	CLMUL_TRI	10.56531
create-batch-K2-total[ms]	29	128	0	2048	CLMUL_TRI	2.76963
create-batch-K4[ns]	29	128	0	2048	GENERIC	8.22327
create-batch-K4-total[ms]	29	128	0	2048	GENERIC	2.15568
create-batch-K4[ns]	29	128	0	2048	CLMUL	5.31381
create-batch-K4-total[ms]	29	128	0	2048	CLMUL	1.39298
create-batch-K4[ns]	29	128	0	2048	CLMUL_TRI	6.41973
create-batch-K4-total[ms]	29	128	0	2048	CLMUL_TRI	1.68290
create-batch-K8[ns]	29	128	0	2048	GENERIC	9.12337
create-batch-K8-total[ms]	29	128	0	2048	GENERIC	2.39164
create-batch-K8[ns]	29	128	0	2048	CLMUL	3.58815
create-batch-K8-total[ms]	29	128	0	2048	CLMUL	0.94061
create-batch-K8[ns]	29	128	0	2048	CLMUL_TRI	4.41927
create-batch-K8-total[ms]	29	128	0	2048	CLMUL_TRI	1.15848
create-batch-K1[ns]	29	128	0	4096	GENERIC	8.56540
create-batch-K1-total[ms]	29	128	0	4096	GENERIC	4.49073
create-batch-K1[ns]	29	128	0	4096	CLMUL	17.02899
create-batch-K1-total[ms]	29	128	0	4096	CLMUL	8.92810
create-batch-K1[ns]	29	128	0	4096	CLMUL_TRI	20.51423
create-batch-K1-total[ms]	29	128	0	4096	CLMUL_TRI	10.75536
create-batch-K2[ns]	29	128	0	4096	GENERIC	7.13125
create-batch-K2-total[ms]	29	128	0	4096	GENERIC	3.73883
create-batch-K2[ns]	29	128	0	4096	CLMUL	8.68389
create-batch-K2-total[ms]	29	128	0	4096	CLMUL	4.55286
create-batch-K2[ns]	29	128	0	4096	CLMUL_TRI	10.57309
create-batch-K2-total[ms]	29	128	0	4096	CLMUL_TRI	5.54335
create-batch-K4[ns]	29	128	0	4096	GENERIC	8.23217
create-batch-K4-total[ms]	29	128	0	4096	GENERIC	4.31603
create-batch-K4[ns]	29	128	0	4096	CLMUL	5.31269
create-batch-K4-total[ms]	29	128	0	4096	CLMUL	2.78538
create-batch-K4[ns]	29	128	0	4096	CLMUL_TRI	6.42975
create-batch-K4-total[ms]	29	128	0	4096	CLMUL_TRI	3.37104
create-batch-K8[ns]	29	128	0	4096	GENERIC	9.13672
create-batch-K8-total[ms]	29	128	0	4096	GENERIC	4.79027
create-batch-K8[ns]	29	128	0	4096	CLMUL	3.58871
create-batch-K8-total[ms]	29	128	0	4096	CLMUL	1.88152
create-batch-K8[ns]	29	128	0	4096	CLMUL_TRI	4.42038
create-batch-K8-total[ms]	29	128	0	4096	CLMUL_TRI	2.31755
create-batch-K1[ns]	29	128	0	8192	GENERIC	8.56540
create-batch-K1-total[ms]	29	128	0	8192	GENERIC	8.98147
create-batch-K1[ns]	29	128	0	8192	CLMUL	17.01926
create-batch-K1-total[ms]	29	128	0	8192	CLMUL	17.84598
create-batch-K1[ns]	29	128	0	8192	CLMUL_TRI	20.51645
create-batch-K1-total[ms]	29	128	0	8192	CLMUL_TRI	21.51306
create-batch-K2[ns]	29	128	0	8192	GENERIC	7.12735
create-batch-K2-total[ms]	29	128	0	8192	GENERIC	7.47357
create-batch-K2[ns]	29	128	0	8192	CLMUL	8.68417
create-batch-K2-total[ms]	29	128	0	8192	CLMUL	9.10601
create-batch-K2[ns]	29	128	0	8192	CLMUL_TRI	10.57393
create-batch-K2-total[ms]	29	128	0	8192	CLMUL_TRI	11.08757
create-batch-K4[ns]	29	128	0	8192	GENERIC	8.23217
create-batch-K4-total[ms]	29	128	0	8192	GENERIC	8.63206
create-batch-K4[ns]	29	128	0	8192	CLMUL	5.31937
create-batch-K4-total[ms]	29	128	0	8192	CLMUL	5.57776
create-batch-K4[ns]	29	128	0	8192	CLMUL_TRI	6.43476
create-batch-K4-total[ms]	29	128	0	8192	CLMUL_TRI	6.74733
create-batch-K8[ns]	29	128	0	8192	GENERIC	9.14117
create-batch-K8-total[ms]	29	128	0	8192	GENERIC	9.58521
create-batch-K8[ns]	29	128	0	8192	CLMUL	3.59288
create-batch-K8-total[ms]	29	128	0	8192	CLMUL	3.76741
create-batch-K8[ns]	29	128	0	8192	CLMUL_TRI	4.42428
create-batch-K8-total[ms]	29	128	0	8192	CLMUL_TRI	4.63919
create-batch-K1[ns]	29	256	0	16	GENERIC	8.11768
create-batch-K1-total[ms]	29	256	0	16	GENERIC	0.03325
create-batch-K1[ns]	29	256	0	16	CLMUL	17.51685
create-batch-K1-total[ms]	29	256	0	16	CLMUL	0.07175
create-batch-K1[ns]	29	256	0	16	CLMUL_TRI	20.50732
create-batch-K1-total[ms]	29	256	0	16	CLMUL_TRI	0.08400
create-batch-K2[ns]	29	256	0	16	GENERIC	6.69336
create-batch-K2-total[ms]	29	256	0	16	GENERIC	0.02742
create-batch-K2[ns]	29	256	0	16	CLMUL	8.68701
create-batch-K2-total[ms]	29	256	0	16	CLMUL	0.03558
create-batch-K2[ns]	29	256	0	16	CLMUL_TRI	10.53857
create-batch-K2-total[ms]	29	256	0	16	CLMUL_TRI	0.04317
create-batch-K4[ns]	29	256	0	16	GENERIC	7.83252
create-batch-K4-total[ms]	29	256	0	16	GENERIC	0.03208
create-batch-K4[ns]	29	256	0	16	CLMUL	5.26929
create-batch-K4-total[ms]	29	256	0	16	CLMUL	0.02158
create-batch-K4[ns]	29	256	0	16	CLMUL_TRI	6.40869
create-batch-K4-total[ms]	29	256	0	16	CLMUL_TRI	0.02625
create-batch-K8[ns]	29	256	0	16	GENERIC	8.75830
create-batch-K8-total[ms]	29	256	0	16	GENERIC	0.03587
create-batch-K8[ns]	29	256	0	16	CLMUL	3.56030
create-batch-K8-total[ms]	29	256	0	16	CLMUL	0.01458
create-batch-K8[ns]	29	256	0	16	CLMUL_TRI	4.41479
create-batch-K8-total[ms]	29	256	0	16	CLMUL_TRI	0.01808
create-batch-K1[ns]	29	256	0	64	GENERIC	8.17096
create-batch-K1-total[ms]	29	256	0	64	GENERIC	0.13387
create-batch-K1[ns]	29	256	0	64	CLMUL	17.58807
create-batch-K1-total[ms]	29	256	0	64	CLMUL	0.28816
create-batch-K1[ns]	29	256	0	64	CLMUL_TRI	20.52533
create-batch-K1-total[ms]	29	256	0	64	CLMUL_TRI	0.33629
create-batch-K2[ns]	29	256	0	64	GENERIC	6.74683
create-batch-K2-total[ms]	29	256	0	64	GENERIC	0.11054
create-batch-K2[ns]	29	256	0	64	CLMUL	8.68726
create-batch-K2-total[ms]	29	256	0	64	CLMUL	0.14233
create-batch-K2[ns]	29	256	0	64	CLMUL_TRI	10.53857
create-batch-K2-total[ms]	29	256	0	64	CLMUL_TRI	0.17266
create-batch-K4[ns]	29	256	0	64	GENERIC	7.86835
create-batch-K4-total[ms]	29	256	0	64	GENERIC	0.12892
create-batch-K4[ns]	29	256	0	64	CLMUL	5.30487
create-batch-K4-total[ms]	29	256	0	64	CLMUL	0.08692
create-batch-K4[ns]	29	256	0	64	CLMUL_TRI	6.26617
create-batch-K4-total[ms]	29	256	0	64	CLMUL_TRI	0.10266
create-batch-K8[ns]	29	256	0	64	GENERIC	8.75842
create-batch-K8-total[ms]	29	256	0	64	GENERIC	0.14350
create-batch-K8[ns]	29	256	0	64	CLMUL	3.56030
create-batch-K8-total[ms]	29	256	0	64	CLMUL	0.05833
create-batch-K8[ns]	29	256	0	64	CLMUL_TRI	4.39697
create-batch-K8-total[ms]	29	256	0	64	CLMUL_TRI	0.07204
create-batch-K1[ns]	29	256	0	128	GENERIC	8.16208
create-batch-K1-total[ms]	29	256	0	128	GENERIC	0.26745
create-batch-K1[ns]	29	256	0	128	CLMUL	17.58807
create-batch-K1-total[ms]	29	256	0	128	CLMUL	0.57633
create-batch-K1[ns]	29	256	0	128	CLMUL_TRI	20.52533
create-batch-K1-total[ms]	29	256	0	128	CLMUL_TRI	0.67257
create-batch-K2[ns]	29	256	0	128	GENERIC	6.73795
create-batch-K2-total[ms]	29	256	0	128	GENERIC	0.22079
create-batch-K2[ns]	29	256	0	128	CLMUL	8.69614
create-batch-K2-total[ms]	29	256	0	128	CLMUL	0.28495
create-batch-K2[ns]	29	256	0	128	CLMUL_TRI	10.52969
create-batch-K2-total[ms]	29	256	0	128	CLMUL_TRI	0.34504
create-batch-K4[ns]	29	256	0	128	GENERIC	7.85944
create-batch-K4-total[ms]	29	256	0	128	GENERIC	0.25754
create-batch-K4[ns]	29	256	0	128	CLMUL	5.28711
create-batch-K4-total[ms]	29	256	0	128	CLMUL	0.17325
create-batch-K4[ns]	29	256	0	128	CLMUL_TRI	6.26617
create-batch-K4-total[ms]	29	256	0	128	CLMUL_TRI	0.20533
create-batch-K8[ns]	29	256	0	128	GENERIC	8.75845
create-batch-K8-total[ms]	29	256	0	128	GENERIC	0.28700
create-batch-K8[ns]	29	256	0	128	CLMUL	3.56921
create-batch-K8-total[ms]	29	256	0	128	CLMUL	0.11696
create-batch-K8[ns]	29	256	0	128	CLMUL_TRI	4.39700
create-batch-K8-total[ms]	29	256	0	128	CLMUL_TRI	0.14408
create-batch-K1[ns]	29	256	0	512	GENERIC	8.16653
create-batch-K1-total[ms]	29	256	0	512	GENERIC	1.07040
create-batch-K1[ns]	29	256	0	512	CLMUL	17.60587
create-batch-K1-total[ms]	29	256	0	512	CLMUL	2.30764
create-batch-K1[ns]	29	256	0	512	CLMUL_TRI	20.52536
create-batch-K1-total[ms]	29	256	0	512	CLMUL_TRI	2.69030
create-batch-K2[ns]	29	256	0	512	GENERIC	6.74907
create-batch-K2-total[ms]	29	256	0	512	GENERIC	0.88461
create-batch-K2[ns]	29	256	0	512	CLMUL	8.69613
create-batch-K2-total[ms]	29	256	0	512	CLMUL	1.13982
create-batch-K2[ns]	29	256	0	512	CLMUL_TRI	10.52970
create-batch-K2-total[ms]	29	256	0	512	CLMUL_TRI	1.38015
create-batch-K4[ns]	29	256	0	512	GENERIC	7.86167
create-batch-K4-total[ms]	29	256	0	512	GENERIC	1.03045
create-batch-K4[ns]	29	256	0	512	CLMUL	5.29601
create-batch-K4-total[ms]	29	256	0	512	CLMUL	0.69416
create-batch-K4[ns]	29	256	0	512	CLMUL_TRI	6.39748
create-batch-K4-total[ms]	29	256	0	512	CLMUL_TRI	0.83853
create-batch-K8[ns]	29	256	0	512	GENERIC	8.76289
create-batch-K8-total[ms]	29	256	0	512	GENERIC	1.14857
create-batch-K8[ns]	29	256	0	512	CLMUL	3.56479
create-batch-K8-total[ms]	29	256	0	512	CLMUL	0.46724
create-batch-K8[ns]	29	256	0	512	CLMUL_TRI	4.39702
create-batch-K8-total[ms]	29	256	0	512	CLMUL_TRI	0.57633
create-batch-K1[ns]	29	256	0	1024	GENERIC	8.16764
create-batch-K1-total[ms]	29	256	0	1024	GENERIC	2.14110
create-batch-K1[ns]	29	256	0	1024	CLMUL	17.61478
create-batch-K1-total[ms]	29	256	0	1024	CLMUL	4.61761
create-batch-K1[ns]	29	256	0	1024	CLMUL_TRI	20.54204
create-batch-K1-total[ms]	29	256	0	1024	CLMUL_TRI	5.38497
create-batch-K2[ns]	29	256	0	1024	GENERIC	6.74907
create-batch-K2-total[ms]	29	256	0	1024	GENERIC	1.76923
create-batch-K2[ns]	29	256	0	1024	CLMUL	8.69724
create-batch-K2-total[ms]	29	256	0	1024	CLMUL	2.27993
create-batch-K2[ns]	29	256	0	1024	CLMUL_TRI	10.53082
create-batch-K2-total[ms]	29	256	0	1024	CLMUL_TRI	2.76059
create-batch-K4[ns]	29	256	0	1024	GENERIC	7.86168
create-batch-K4-total[ms]	29	256	0	1024	GENERIC	2.06089
create-batch-K4[ns]	29	256	0	1024	CLMUL	5.29600
create-batch-K4-total[ms]	29	256	0	1024	CLMUL	1.38831
create-batch-K4[ns]	29	256	0	1024	CLMUL_TRI	6.38302
create-batch-K4-total[ms]	29	256	0	1024	CLMUL_TRI	1.67327
create-batch-K8[ns]	29	256	0	1024	GENERIC	8.76400
create-batch-K8-total[ms]	29	256	0	1024	GENERIC	2.29743
create-batch-K8[ns]	29	256	0	1024	CLMUL	3.56479
create-batch-K8-total[ms]	29	256	0	1024	CLMUL	0.93449
create-batch-K8[ns]	29	256	0	1024	CLMUL_TRI	4.39702
create-batch-K8-total[ms]	29	256	0	1024	CLMUL_TRI	1.15265
create-batch-K1[ns]	29	256	0	2048	GENERIC	8.17599
create-batch-K1-total[ms]	29	256	0	2048	GENERIC	4.28657
create-batch-K1[ns]	29	256	0	2048	CLMUL	17.61867
create-batch-K1-total[ms]	29	256	0	2048	CLMUL	9.23726
create-batch-K1[ns]	29	256	0	2048	CLMUL_TRI	20.54204
create-batch-K1-total[ms]	29	256	0	2048	CLMUL_TRI	10.76995
create-batch-K2[ns]	29	256	0	2048	GENERIC	6.75074
create-batch-K2-total[ms]	29	256	0	2048	GENERIC	3.53933
create-batch-K2[ns]	29	256	0	2048	CLMUL	8.70670
create-batch-K2-total[ms]	29	256	0	2048	CLMUL	4.56482
create-batch-K2[ns]	29	256	0	2048	CLMUL_TRI	10.54027
create-batch-K2-total[ms]	29	256	0	2048	CLMUL_TRI	5.52614
create-batch-K4[ns]	29	256	0	2048	GENERIC	7.87057
create-batch-K4-total[ms]	29	256	0	2048	GENERIC	4.12645
create-batch-K4[ns]	29	256	0	2048	CLMUL	5.29545
create-batch-K4-total[ms]	29	256	0	2048	CLMUL	2.77634
create-batch-K4[ns]	29	256	0	2048	CLMUL_TRI	6.41139
create-batch-K4-total[ms]	29	256	0	2048	CLMUL_TRI	3.36142
create-batch-K8[ns]	29	256	0	2048	GENERIC	8.77290
create-batch-K8-total[ms]	29	256	0	2048	GENERIC	4.59952
create-batch-K8[ns]	29	256	0	2048	CLMUL	3.56535
create-batch-K8-total[ms]	29	256	0	2048	CLMUL	1.86927
create-batch-K8[ns]	29	256	0	2048	CLMUL_TRI	4.39758
create-batch-K8-total[ms]	29	256	0	2048	CLMUL_TRI	2.30560
create-batch-K1[ns]	29	256	0	4096	GENERIC	8.17599
create-batch-K1-total[ms]	29	256	0	4096	GENERIC	8.57314
create-batch-K1[ns]	29	256	0	4096	CLMUL	17.61839
create-batch-K1-total[ms]	29	256	0	4096	CLMUL	18.47423
create-batch-K1[ns]	29	256	0	4096	CLMUL_TRI	20.54733
create-batch-K1-total[ms]	29	256	0	4096	CLMUL_TRI	21.54544
create-batch-K2[ns]	29	256	0	4096	GENERIC	6.75547
create-batch-K2-total[ms]	29	256	0	4096	GENERIC	7.08362
create-batch-K2[ns]	29	256	0	4096	CLMUL	8.70586
create-batch-K2-total[ms]	29	256	0	4096	CLMUL	9.12876
create-batch-K2[ns]	29	256	0	4096	CLMUL_TRI	10.54083
create-batch-K2-total[ms]	29	256	0	4096	CLMUL_TRI	11.05286
create-batch-K4[ns]	29	256	0	4096	GENERIC	7.87030
create-batch-K4-total[ms]	29	256	0	4096	GENERIC	8.25260
create-batch-K4[ns]	29	256	0	4096	CLMUL	5.29155
create-batch-K4-total[ms]	29	256	0	4096	CLMUL	5.54860
create-batch-K4[ns]	29	256	0	4096	CLMUL_TRI	6.40639
create-batch-K4-total[ms]	29	256	0	4096	CLMUL_TRI	6.71758
create-batch-K8[ns]	29	256	0	4096	GENERIC	8.77624
create-batch-K8-total[ms]	29	256	0	4096	GENERIC	9.20255
create-batch-K8[ns]	29	256	0	4096	CLMUL	3.56952
create-batch-K8-total[ms]	29	256	0	4096	CLMUL	3.74291
create-batch-K8[ns]	29	256	0	4096	CLMUL_TRI	4.40203
create-batch-K8-total[ms]	29	256	0	4096	CLMUL_TRI	4.61586
create-batch-K1[ns]	29	256	0	8192	GENERIC	8.17765
create-batch-K1-total[ms]	29	256	0	8192	GENERIC	17.14978
create-batch-K1[ns]	29	256	0	8192	CLMUL	17.62215
create-batch-K1-total[ms]	29	256	0	8192	CLMUL	36.95632
create-batch-K1[ns]	29	256	0	8192	CLMUL_TRI	20.55011
create-batch-K1-total[ms]	29	256	0	8192	CLMUL_TRI	43.09671
create-batch-K2[ns]	29	256	0	8192	GENERIC	6.76256
create-batch-K2-total[ms]	29	256	0	8192	GENERIC	14.18211
create-batch-K2[ns]	29	256	0	8192	CLMUL	8.70614
create-batch-K2-total[ms]	29	256	0	8192	CLMUL	18.25810
create-batch-K2[ns]	29	256	0	8192	CLMUL_TRI	10.54403
create-batch-K2-total[ms]	29	256	0	8192	CLMUL_TRI	22.11243
create-batch-K4[ns]	29	256	0	8192	GENERIC	7.87016
create-batch-K4-total[ms]	29	256	0	8192	GENERIC	16.50492
create-batch-K4[ns]	29	256	0	8192	CLMUL	5.30018
create-batch-K4-total[ms]	29	256	0	8192	CLMUL	11.11528
create-batch-K4[ns]	29	256	0	8192	CLMUL_TRI	6.41515
create-batch-K4-total[ms]	29	256	0	8192	CLMUL_TRI	13.45354
create-batch-K8[ns]	29	256	0	8192	GENERIC	8.77471
create-batch-K8-total[ms]	29	256	0	8192	GENERIC	18.40189
create-batch-K8[ns]	29	256	0	8192	CLMUL	3.56729
create-batch-K8-total[ms]	29	256	0	8192	CLMUL	7.48116
create-batch-K8[ns]	29	256	0	8192	CLMUL_TRI	4.40161
create-batch-K8-total[ms]	29	256	0	8192	CLMUL_TRI	9.23084
create-batch-K1[ns]	29	512	0	16	GENERIC	7.97510
create-batch-K1-total[ms]	29	512	0	16	GENERIC	0.06533
create-batch-K1[ns]	29	512	0	16	CLMUL	17.48132
create-batch-K1-total[ms]	29	512	0	16	CLMUL	0.14321
create-batch-K1[ns]	29	512	0	16	CLMUL_TRI	20.54309
create-batch-K1-total[ms]	29	512	0	16	CLMUL_TRI	0.16829
create-batch-K2[ns]	29	512	0	16	GENERIC	6.51538
create-batch-K2-total[ms]	29	512	0	16	GENERIC	0.05337
create-batch-K2[ns]	29	512	0	16	CLMUL	8.68713
create-batch-K2-total[ms]	29	512	0	16	CLMUL	0.07117
create-batch-K2[ns]	29	512	0	16	CLMUL_TRI	10.53857
create-batch-K2-total[ms]	29	512	0	16	CLMUL_TRI	0.08633
create-batch-K4[ns]	29	512	0	16	GENERIC	7.69031
create-batch-K4-total[ms]	29	512	0	16	GENERIC	0.06300
create-batch-K4[ns]	29	512	0	16	CLMUL	5.30481
create-batch-K4-total[ms]	29	512	0	16	CLMUL	0.04346
create-batch-K4[ns]	29	512	0	16	CLMUL_TRI	6.23059
create-batch-K4-total[ms]	29	512	0	16	CLMUL_TRI	0.05104
create-batch-K8[ns]	29	512	0	16	GENERIC	8.58044
create-batch-K8-total[ms]	29	512	0	16	GENERIC	0.07029
create-batch-K8[ns]	29	512	0	16	CLMUL	3.56030
create-batch-K8-total[ms]	29	512	0	16	CLMUL	0.02917
create-batch-K8[ns]	29	512	0	16	CLMUL_TRI	4.37927
create-batch-K8-total[ms]	29	512	0	16	CLMUL_TRI	0.03587
create-batch-K1[ns]	29	512	0	64	GENERIC	7.97516
create-batch-K1-total[ms]	29	512	0	64	GENERIC	0.26133
create-batch-K1[ns]	29	512	0	64	CLMUL	17.49905
create-batch-K1-total[ms]	29	512	0	64	CLMUL	0.57341
create-batch-K1[ns]	29	512	0	64	CLMUL_TRI	20.53424
create-batch-K1-total[ms]	29	512	0	64	CLMUL_TRI	0.67287
create-batch-K2[ns]	29	512	0	64	GENERIC	6.55103
create-batch-K2-total[ms]	29	512	0	64	GENERIC	0.21466
create-batch-K2[ns]	29	512	0	64	CLMUL	8.67831
create-batch-K2-total[ms]	29	512	0	64	CLMUL	0.28437
create-batch-K2[ns]	29	512	0	64	CLMUL_TRI	10.52078
create-batch-K2-total[ms]	29	512	0	64	CLMUL_TRI	0.34474
create-batch-K4[ns]	29	512	0	64	GENERIC	7.68143
create-batch-K4-total[ms]	29	512	0	64	GENERIC	0.25171
create-batch-K4[ns]	29	512	0	64	CLMUL	5.28708
create-batch-K4-total[ms]	29	512	0	64	CLMUL	0.17325
create-batch-K4[ns]	29	512	0	64	CLMUL_TRI	6.24841
create-batch-K4-total[ms]	29	512	0	64	CLMUL_TRI	0.20475
create-batch-K8[ns]	29	512	0	64	GENERIC	8.58041
create-batch-K8-total[ms]	29	512	0	64	GENERIC	0.28116
create-batch-K8[ns]	29	512	0	64	CLMUL	3.55142
create-batch-K8-total[ms]	29	512	0	64	CLMUL	0.11637
create-batch-K8[ns]	29	512	0	64	CLMUL_TRI	4.38809
create-batch-K8-total[ms]	29	512	0	64	CLMUL_TRI	0.14379
create-batch-K1[ns]	29	512	0	128	GENERIC	7.97070
create-batch-K1-total[ms]	29	512	0	128	GENERIC	0.52237
create-batch-K1[ns]	29	512	0	128	CLMUL	17.47235
create-batch-K1-total[ms]	29	512	0	128	CLMUL	1.14507
create-batch-K1[ns]	29	512	0	128	CLMUL_TRI	20.53870
create-batch-K1-total[ms]	29	512	0	128	CLMUL_TRI	1.34602
create-batch-K2[ns]	29	512	0	128	GENERIC	6.54659
create-batch-K2-total[ms]	29	512	0	128	GENERIC	0.42904
create-batch-K2[ns]	29	512	0	128	CLMUL	8.68277
create-batch-K2-total[ms]	29	512	0	128	CLMUL	0.56903
create-batch-K2[ns]	29	512	0	128	CLMUL_TRI	10.52080
create-batch-K2-total[ms]	29	512	0	128	CLMUL_TRI	0.68949
create-batch-K4[ns]	29	512	0	128	GENERIC	7.68143
create-batch-K4-total[ms]	29	512	0	128	GENERIC	0.50341
create-batch-K4[ns]	29	512	0	128	CLMUL	5.28265
create-batch-K4-total[ms]	29	512	0	128	CLMUL	0.34620
create-batch-K4[ns]	29	512	0	128	CLMUL_TRI	6.39970
create-batch-K4-total[ms]	29	512	0	128	CLMUL_TRI	0.41941
create-batch-K8[ns]	29	512	0	128	GENERIC	8.58041
create-batch-K8-total[ms]	29	512	0	128	GENERIC	0.56233
create-batch-K8[ns]	29	512	0	128	CLMUL	3.55144
create-batch-K8-total[ms]	29	512	0	128	CLMUL	0.23275
create-batch-K8[ns]	29	512	0	128	CLMUL_TRI	4.38811
create-batch-K8-total[ms]	29	512	0	128	CLMUL_TRI	0.28758
create-batch-K1[ns]	29	512	0	512	GENERIC	7.97293
create-batch-K1-total[ms]	29	512	0	512	GENERIC	2.09006
create-batch-K1[ns]	29	512	0	512	CLMUL	17.49907
create-batch-K1-total[ms]	29	512	0	512	CLMUL	4.58728
create-batch-K1[ns]	29	512	0	512	CLMUL_TRI	20.55540
create-batch-K1-total[ms]	29	512	0	512	CLMUL_TRI	5.38847
create-batch-K2[ns]	29	512	0	512	GENERIC	6.39749
create-batch-K2-total[ms]	29	512	0	512	GENERIC	1.67706
create-batch-K2[ns]	29	512	0	512	CLMUL	8.68389
create-batch-K2-total[ms]	29	512	0	512	CLMUL	2.27643
create-batch-K2[ns]	29	512	0	512	CLMUL_TRI	10.52303
create-batch-K2-total[ms]	29	512	0	512	CLMUL_TRI	2.75855
create-batch-K4[ns]	29	512	0	512	GENERIC	7.68143
create-batch-K4-total[ms]	29	512	0	512	GENERIC	2.01364
create-batch-K4[ns]	29	512	0	512	CLMUL	5.28377
create-batch-K4-total[ms]	29	512	0	512	CLMUL	1.38511
create-batch-K4[ns]	29	512	0	512	CLMUL_TRI	6.30291
create-batch-K4-total[ms]	29	512	0	512	CLMUL_TRI	1.65227
create-batch-K8[ns]	29	512	0	512	GENERIC	8.58376
create-batch-K8-total[ms]	29	512	0	512	GENERIC	2.25018
create-batch-K8[ns]	29	512	0	512	CLMUL	3.55366
create-batch-K8-total[ms]	29	512	0	512	CLMUL	0.93157
create-batch-K8[ns]	29	512	0	512	CLMUL_TRI	4.38589
create-batch-K8-total[ms]	29	512	0	512	CLMUL_TRI	1.14973
create-batch-K1[ns]	29	512	0	1024	GENERIC	7.98239
create-batch-K1-total[ms]	29	512	0	1024	GENERIC	4.18507
create-batch-K1[ns]	29	512	0	1024	CLMUL	17.49628
create-batch-K1-total[ms]	29	512	0	1024	CLMUL	9.17309
create-batch-K1[ns]	29	512	0	1024	CLMUL_TRI	20.55706
create-batch-K1-total[ms]	29	512	0	1024	CLMUL_TRI	10.77782
create-batch-K2[ns]	29	512	0	1024	GENERIC	6.56326
create-batch-K2-total[ms]	29	512	0	1024	GENERIC	3.44104
create-batch-K2[ns]	29	512	0	1024	CLMUL	8.69223
create-batch-K2-total[ms]	29	512	0	1024	CLMUL	4.55723
create-batch-K2[ns]	29	512	0	1024	CLMUL_TRI	10.53193
create-batch-K2-total[ms]	29	512	0	1024	CLMUL_TRI	5.52176
create-batch-K4[ns]	29	512	0	1024	GENERIC	7.68922
create-batch-K4-total[ms]	29	512	0	1024	GENERIC	4.03137
create-batch-K4[ns]	29	512	0	1024	CLMUL	5.28655
create-batch-K4-total[ms]	29	512	0	1024	CLMUL	2.77167
create-batch-K4[ns]	29	512	0	1024	CLMUL_TRI	6.38079
create-batch-K4-total[ms]	29	512	0	1024	CLMUL_TRI	3.34537
create-batch-K8[ns]	29	512	0	1024	GENERIC	8.59210
create-batch-K8-total[ms]	29	512	0	1024	GENERIC	4.50473
create-batch-K8[ns]	29	512	0	1024	CLMUL	3.55366
create-batch-K8-total[ms]	29	512	0	1024	CLMUL	1.86314
create-batch-K8[ns]	29	512	0	1024	CLMUL_TRI	4.38645
create-batch-K8-total[ms]	29	512	0	1024	CLMUL_TRI	2.29976
create-batch-K1[ns]	29	512	0	2048	GENERIC	7.98100
create-batch-K1-total[ms]	29	512	0	2048	GENERIC	8.36869
create-batch-K1[ns]	29	512	0	2048	CLMUL	17.50074
create-batch-K1-total[ms]	29	512	0	2048	CLMUL	18.35085
create-batch-K1[ns]	29	512	0	2048	CLMUL_TRI	20.56151
create-batch-K1-total[ms]	29	512	0	2048	CLMUL_TRI	21.56031
create-batch-K2[ns]	29	512	0	2048	GENERIC	6.56604
create-batch-K2-total[ms]	29	512	0	2048	GENERIC	6.88500
create-batch-K2[ns]	29	512	0	2048	CLMUL	8.69279
create-batch-K2-total[ms]	29	512	0	2048	CLMUL	9.11505
create-batch-K2[ns]	29	512	0	2048	CLMUL_TRI	10.53248
create-batch-K2-total[ms]	29	512	0	2048	CLMUL_TRI	11.04411
create-batch-K4[ns]	29	512	0	2048	GENERIC	7.68950
create-batch-K4-total[ms]	29	512	0	2048	GENERIC	8.06302
create-batch-K4[ns]	29	512	0	2048	CLMUL	5.28516
create-batch-K4-total[ms]	29	512	0	2048	CLMUL	5.54189
create-batch-K4[ns]	29	512	0	2048	CLMUL_TRI	6.39220
create-batch-K4-total[ms]	29	512	0	2048	CLMUL_TRI	6.70271
create-batch-K8[ns]	29	512	0	2048	GENERIC	8.59266
create-batch-K8-total[ms]	29	512	0	2048	GENERIC	9.01005
create-batch-K8[ns]	29	512	0	2048	CLMUL	3.55839
create-batch-K8-total[ms]	29	512	0	2048	CLMUL	3.73124
create-batch-K8[ns]	29	512	0	2048	CLMUL_TRI	4.39062
create-batch-K8-total[ms]	29	512	0	2048	CLMUL_TRI	4.60390
create-batch-K1[ns]	29	512	0	4096	GENERIC	7.98114
create-batch-K1-total[ms]	29	512	0	4096	GENERIC	16.73766
create-batch-K1[ns]	29	512	0	4096	CLMUL	17.50046
create-batch-K1-total[ms]	29	512	0	4096	CLMUL	36.70112
create-batch-K1[ns]	29	512	0	4096	CLMUL_TRI	20.56235
create-batch-K1-total[ms]	29	512	0	4096	CLMUL_TRI	43.12237
create-batch-K2[ns]	29	512	0	4096	GENERIC	6.56604
create-batch-K2-total[ms]	29	512	0	4096	GENERIC	13.76999
create-batch-K2[ns]	29	512	0	4096	CLMUL	8.69279
create-batch-K2-total[ms]	29	512	0	4096	CLMUL	18.23010
create-batch-K2[ns]	29	512	0	4096	CLMUL_TRI	10.53471
create-batch-K2-total[ms]	29	512	0	4096	CLMUL_TRI	22.09289
create-batch-K4[ns]	29	512	0	4096	GENERIC	7.68950
create-batch-K4-total[ms]	29	512	0	4096	GENERIC	16.12605
create-batch-K4[ns]	29	512	0	4096	CLMUL	5.28460
create-batch-K4-total[ms]	29	512	0	4096	CLMUL	11.08261
create-batch-K4[ns]	29	512	0	4096	CLMUL_TRI	6.39290
create-batch-K4-total[ms]	29	512	0	4096	CLMUL_TRI	13.40687
create-batch-K8[ns]	29	512	0	4096	GENERIC	8.59293
create-batch-K8-total[ms]	29	512	0	4096	GENERIC	18.02069
create-batch-K8[ns]	29	512	0	4096	CLMUL	3.55617
create-batch-K8-total[ms]	29	512	0	4096	CLMUL	7.45782
create-batch-K8[ns]	29	512	0	4096	CLMUL_TRI	4.39062
create-batch-K8-total[ms]	29	512	0	4096	CLMUL_TRI	9.20780
create-batch-K1[ns]	29	512	0	8192	GENERIC	7.98142
create-batch-K1-total[ms]	29	512	0	8192	GENERIC	33.47649
create-batch-K1[ns]	29	512	0	8192	CLMUL	17.50157
create-batch-K1-total[ms]	29	512	0	8192	CLMUL	73.40691
create-batch-K1[ns]	29	512	0	8192	CLMUL_TRI	20.56548
create-batch-K1-total[ms]	29	512	0	8192	CLMUL_TRI	86.25787
create-batch-K2[ns]	29	512	0	8192	GENERIC	6.56723
create-batch-K2-total[ms]	29	512	0	8192	GENERIC	27.54494
create-batch-K2[ns]	29	512	0	8192	CLMUL	8.69522
create-batch-K2-total[ms]	29	512	0	8192	CLMUL	36.47041
create-batch-K2[ns]	29	512	0	8192	CLMUL_TRI	10.53617
create-batch-K2-total[ms]	29	512	0	8192	CLMUL_TRI	44.19190
create-batch-K4[ns]	29	512	0	8192	GENERIC	7.68985
create-batch-K4-total[ms]	29	512	0	8192	GENERIC	32.25355
create-batch-K4[ns]	29	512	0	8192	CLMUL	5.28627
create-batch-K4-total[ms]	29	512	0	8192	CLMUL	22.17222
create-batch-K4[ns]	29	512	0	8192	CLMUL_TRI	6.39832
create-batch-K4-total[ms]	29	512	0	8192	CLMUL_TRI	26.83649
create-batch-K8[ns]	29	512	0	8192	GENERIC	8.59523
create-batch-K8-total[ms]	29	512	0	8192	GENERIC	36.05100
create-batch-K8[ns]	29	512	0	8192	CLMUL	3.55679
create-batch-K8-total[ms]	29	512	0	8192	CLMUL	14.91827
create-batch-K8[ns]	29	512	0	8192	CLMUL_TRI	4.39062
create-batch-K8-total[ms]	29	512	0	8192	CLMUL_TRI	18.41560
create-batch-K1[ns]	29	1024	0	16	GENERIC	7.86835
create-batch-K1-total[ms]	29	1024	0	16	GENERIC	0.12892
create-batch-K1[ns]	29	1024	0	16	CLMUL	17.49902
create-batch-K1-total[ms]	29	1024	0	16	CLMUL	0.28670
create-batch-K1[ns]	29	1024	0	16	CLMUL_TRI	20.54315
create-batch-K1-total[ms]	29	1024	0	16	CLMUL_TRI	0.33658
create-batch-K2[ns]	29	1024	0	16	GENERIC	6.35522
create-batch-K2-total[ms]	29	1024	0	16	GENERIC	0.10412
create-batch-K2[ns]	29	1024	0	16	CLMUL	8.65161
create-batch-K2-total[ms]	29	1024	0	16	CLMUL	0.14175
create-batch-K2[ns]	29	1024	0	16	CLMUL_TRI	10.48523
create-batch-K2-total[ms]	29	1024	0	16	CLMUL_TRI	0.17179
create-batch-K4[ns]	29	1024	0	16	GENERIC	7.60132
create-batch-K4-total[ms]	29	1024	0	16	GENERIC	0.12454
create-batch-K4[ns]	29	1024	0	16	CLMUL	5.09131
create-batch-K4-total[ms]	29	1024	0	16	CLMUL	0.08342
create-batch-K4[ns]	29	1024	0	16	CLMUL_TRI	6.23059
create-batch-K4-total[ms]	29	1024	0	16	CLMUL_TRI	0.10208
create-batch-K8[ns]	29	1024	0	16	GENERIC	8.49139
create-batch-K8-total[ms]	29	1024	0	16	GENERIC	0.13912
create-batch-K8[ns]	29	1024	0	16	CLMUL	3.54254
create-batch-K8-total[ms]	29	1024	0	16	CLMUL	0.05804
create-batch-K8[ns]	29	1024	0	16	CLMUL_TRI	4.37921
create-batch-K8-total[ms]	29	1024	0	16	CLMUL_TRI	0.07175
create-batch-K1[ns]	29	1024	0	64	GENERIC	7.87279
create-batch-K1-total[ms]	29	1024	0	64	GENERIC	0.51595
create-batch-K1[ns]	29	1024	0	64	CLMUL	17.49905
create-batch-K1-total[ms]	29	1024	0	64	CLMUL	1.14682
create-batch-K1[ns]	29	1024	0	64	CLMUL_TRI	20.54761
create-batch-K1-total[ms]	29	1024	0	64	CLMUL_TRI	1.34661
create-batch-K2[ns]	29	1024	0	64	GENERIC	6.42195
create-batch-K2-total[ms]	29	1024	0	64	GENERIC	0.42087
create-batch-K2[ns]	29	1024	0	64	CLMUL	8.66942
create-batch-K2-total[ms]	29	1024	0	64	CLMUL	0.56816
create-batch-K2[ns]	29	1024	0	64	CLMUL_TRI	10.50745
create-batch-K2-total[ms]	29	1024	0	64	CLMUL_TRI	0.68862
create-batch-K4[ns]	29	1024	0	64	GENERIC	7.59242
create-batch-K4-total[ms]	29	1024	0	64	GENERIC	0.49758
create-batch-K4[ns]	29	1024	0	64	CLMUL	5.15805
create-batch-K4-total[ms]	29	1024	0	64	CLMUL	0.33804
create-batch-K4[ns]	29	1024	0	64	CLMUL_TRI	6.23950
create-batch-K4-total[ms]	29	1024	0	64	CLMUL_TRI	0.40891
create-batch-K8[ns]	29	1024	0	64	GENERIC	8.49141
create-batch-K8-total[ms]	29	1024	0	64	GENERIC	0.55649
create-batch-K8[ns]	29	1024	0	64	CLMUL	3.54698
create-batch-K8-total[ms]	29	1024	0	64	CLMUL	0.23246
create-batch-K8[ns]	29	1024	0	64	CLMUL_TRI	4.37921
create-batch-K8-total[ms]	29	1024	0	64	CLMUL_TRI	0.28700
create-batch-K1[ns]	29	1024	0	128	GENERIC	7.87503
create-batch-K1-total[ms]	29	1024	0	128	GENERIC	1.03220
create-batch-K1[ns]	29	1024	0	128	CLMUL	17.48349
create-batch-K1-total[ms]	29	1024	0	128	CLMUL	2.29160
create-batch-K1[ns]	29	1024	0	128	CLMUL_TRI	20.54983
create-batch-K1-total[ms]	29	1024	0	128	CLMUL_TRI	2.69351
create-batch-K2[ns]	29	1024	0	128	GENERIC	6.42863
create-batch-K2-total[ms]	29	1024	0	128	GENERIC	0.84261
create-batch-K2[ns]	29	1024	0	128	CLMUL	8.65607
create-batch-K2-total[ms]	29	1024	0	128	CLMUL	1.13457
create-batch-K2[ns]	29	1024	0	128	CLMUL_TRI	10.50523
create-batch-K2-total[ms]	29	1024	0	128	CLMUL_TRI	1.37694
create-batch-K4[ns]	29	1024	0	128	GENERIC	7.59242
create-batch-K4-total[ms]	29	1024	0	128	GENERIC	0.99515
create-batch-K4[ns]	29	1024	0	128	CLMUL	5.16694
create-batch-K4-total[ms]	29	1024	0	128	CLMUL	0.67724
create-batch-K4[ns]	29	1024	0	128	CLMUL_TRI	6.25507
create-batch-K4-total[ms]	29	1024	0	128	CLMUL_TRI	0.81987
create-batch-K8[ns]	29	1024	0	128	GENERIC	8.49363
create-batch-K8-total[ms]	29	1024	0	128	GENERIC	1.11328
create-batch-K8[ns]	29	1024	0	128	CLMUL	3.54698
create-batch-K8-total[ms]	29	1024	0	128	CLMUL	0.46491
create-batch-K8[ns]	29	1024	0	128	CLMUL_TRI	4.38144
create-batch-K8-total[ms]	29	1024	0	128	CLMUL_TRI	0.57428
create-batch-K1[ns]	29	1024	0	512	GENERIC	7.88671
create-batch-K1-total[ms]	29	1024	0	512	GENERIC	4.13491
create-batch-K1[ns]	29	1024	0	512	CLMUL	17.52299
create-batch-K1-total[ms]	29	1024	0	512	CLMUL	9.18709
create-batch-K1[ns]	29	1024	0	512	CLMUL_TRI	20.56430
create-batch-K1-total[ms]	29	1024	0	512	CLMUL_TRI	10.78161
create-batch-K2[ns]	29	1024	0	512	GENERIC	6.45645
create-batch-K2-total[ms]	29	1024	0	512	GENERIC	3.38504
create-batch-K2[ns]	29	1024	0	512	CLMUL	8.66665
create-batch-K2-total[ms]	29	1024	0	512	CLMUL	4.54382
create-batch-K2[ns]	29	1024	0	512	CLMUL_TRI	10.51691
create-batch-K2-total[ms]	29	1024	0	512	CLMUL_TRI	5.51389
create-batch-K4[ns]	29	1024	0	512	GENERIC	7.59966
create-batch-K4-total[ms]	29	1024	0	512	GENERIC	3.98441
create-batch-K4[ns]	29	1024	0	512	CLMUL	5.17139
create-batch-K4-total[ms]	29	1024	0	512	CLMUL	2.71130
create-batch-K4[ns]	29	1024	0	512	CLMUL_TRI	6.27176
create-batch-K4-total[ms]	29	1024	0	512	CLMUL_TRI	3.28821
create-batch-K8[ns]	29	1024	0	512	GENERIC	8.50198
create-batch-K8-total[ms]	29	1024	0	512	GENERIC	4.45749
create-batch-K8[ns]	29	1024	0	512	CLMUL	3.54810
create-batch-K8-total[ms]	29	1024	0	512	CLMUL	1.86023
create-batch-K8[ns]	29	1024	0	512	CLMUL_TRI	4.38089
create-batch-K8-total[ms]	29	1024	0	512	CLMUL_TRI	2.29685
create-batch-K1[ns]	29	1024	0	1024	GENERIC	7.88393
create-batch-K1-total[ms]	29	1024	0	1024	GENERIC	8.26689
create-batch-K1[ns]	29	1024	0	1024	CLMUL	17.52188
create-batch-K1-total[ms]	29	1024	0	1024	CLMUL	18.37302
create-batch-K1[ns]	29	1024	0	1024	CLMUL_TRI	20.56875
create-batch-K1-total[ms]	29	1024	0	1024	CLMUL_TRI	21.56789
create-batch-K2[ns]	29	1024	0	1024	GENERIC	6.45256
create-batch-K2-total[ms]	29	1024	0	1024	GENERIC	6.76600
create-batch-K2[ns]	29	1024	0	1024	CLMUL	8.66553
create-batch-K2-total[ms]	29	1024	0	1024	CLMUL	9.08647
create-batch-K2[ns]	29	1024	0	1024	CLMUL_TRI	10.51774
create-batch-K2-total[ms]	29	1024	0	1024	CLMUL_TRI	11.02865
create-batch-K4[ns]	29	1024	0	1024	GENERIC	7.59826
create-batch-K4-total[ms]	29	1024	0	1024	GENERIC	7.96736
create-batch-K4[ns]	29	1024	0	1024	CLMUL	5.18252
create-batch-K4-total[ms]	29	1024	0	1024	CLMUL	5.43426
create-batch-K4[ns]	29	1024	0	1024	CLMUL_TRI	6.32906
create-batch-K4-total[ms]	29	1024	0	1024	CLMUL_TRI	6.63650
create-batch-K8[ns]	29	1024	0	1024	GENERIC	8.50281
create-batch-K8-total[ms]	29	1024	0	1024	GENERIC	8.91585
create-batch-K8[ns]	29	1024	0	1024	CLMUL	3.54782
create-batch-K8-total[ms]	29	1024	0	1024	CLMUL	3.72016
create-batch-K8[ns]	29	1024	0	1024	CLMUL_TRI	4.38506
create-batch-K8-total[ms]	29	1024	0	1024	CLMUL_TRI	4.59807
create-batch-K1[ns]	29	1024	0	2048	GENERIC	7.88407
create-batch-K1-total[ms]	29	1024	0	2048	GENERIC	16.53408
create-batch-K1[ns]	29	1024	0	2048	CLMUL	17.51715
create-batch-K1-total[ms]	29	1024	0	2048	CLMUL	36.73612
create-batch-K1[ns]	29	1024	0	2048	CLMUL_TRI	20.56930
create-batch-K1-total[ms]	29	1024	0	2048	CLMUL_TRI	43.13696
create-batch-K2[ns]	29	1024	0	2048	GENERIC	6.31098
create-batch-K2-total[ms]	29	1024	0	2048	GENERIC	13.23508
create-batch-K2[ns]	29	1024	0	2048	CLMUL	8.66970
create-batch-K2-total[ms]	29	1024	0	2048	CLMUL	18.18169
create-batch-K2[ns]	29	1024	0	2048	CLMUL_TRI	10.52289
create-batch-K2-total[ms]	29	1024	0	2048	CLMUL_TRI	22.06810
create-batch-K4[ns]	29	1024	0	2048	GENERIC	7.59966
create-batch-K4-total[ms]	29	1024	0	2048	GENERIC	15.93763
create-batch-K4[ns]	29	1024	0	2048	CLMUL	5.23189
create-batch-K4-total[ms]	29	1024	0	2048	CLMUL	10.97207
create-batch-K4[ns]	29	1024	0	2048	CLMUL_TRI	6.31154
create-batch-K4-total[ms]	29	1024	0	2048	CLMUL_TRI	13.23625
create-batch-K8[ns]	29	1024	0	2048	GENERIC	8.50226
create-batch-K8-total[ms]	29	1024	0	2048	GENERIC	17.83052
create-batch-K8[ns]	29	1024	0	2048	CLMUL	3.55005
create-batch-K8-total[ms]	29	1024	0	2048	CLMUL	7.44499
create-batch-K8[ns]	29	1024	0	2048	CLMUL_TRI	4.38534
create-batch-K8-total[ms]	29	1024	0	2048	CLMUL_TRI	9.19672
create-batch-K1[ns]	29	1024	0	4096	GENERIC	7.88469
create-batch-K1-total[ms]	29	1024	0	4096	GENERIC	33.07079
create-batch-K1[ns]	29	1024	0	4096	CLMUL	17.51763
create-batch-K1-total[ms]	29	1024	0	4096	CLMUL	73.47428
create-batch-K1[ns]	29	1024	0	4096	CLMUL_TRI	20.57271
create-batch-K1-total[ms]	29	1024	0	4096	CLMUL_TRI	86.28820
create-batch-K2[ns]	29	1024	0	4096	GENERIC	6.31119
create-batch-K2-total[ms]	29	1024	0	4096	GENERIC	26.47104
create-batch-K2[ns]	29	1024	0	4096	CLMUL	8.66887
create-batch-K2-total[ms]	29	1024	0	4096	CLMUL	36.35987
create-batch-K2[ns]	29	1024	0	4096	CLMUL_TRI	10.52178
create-batch-K2-total[ms]	29	1024	0	4096	CLMUL_TRI	44.13153
create-batch-K4[ns]	29	1024	0	4096	GENERIC	7.59917
create-batch-K4-total[ms]	29	1024	0	4096	GENERIC	31.87322
create-batch-K4[ns]	29	1024	0	4096	CLMUL	5.28182
create-batch-K4-total[ms]	29	1024	0	4096	CLMUL	22.15355
create-batch-K4[ns]	29	1024	0	4096	CLMUL_TRI	6.38365
create-batch-K4-total[ms]	29	1024	0	4096	CLMUL_TRI	26.77495
create-batch-K8[ns]	29	1024	0	4096	GENERIC	8.50441
create-batch-K8-total[ms]	29	1024	0	4096	GENERIC	35.67009
create-batch-K8[ns]	29	1024	0	4096	CLMUL	3.55088
create-batch-K8-total[ms]	29	1024	0	4096	CLMUL	14.89348
create-batch-K8[ns]	29	1024	0	4096	CLMUL_TRI	4.38485
create-batch-K8-total[ms]	29	1024	0	4096	CLMUL_TRI	18.39139
create-batch-K1[ns]	29	1024	0	8192	GENERIC	7.88500
create-batch-K1-total[ms]	29	1024	0	8192	GENERIC	66.14421
create-batch-K1[ns]	29	1024	0	8192	CLMUL	17.51770
create-batch-K1-total[ms]	29	1024	0	8192	CLMUL	146.94914
create-batch-K1[ns]	29	1024	0	8192	CLMUL_TRI	20.57208
create-batch-K1-total[ms]	29	1024	0	8192	CLMUL_TRI	172.57115
create-batch-K2[ns]	29	1024	0	8192	GENERIC	6.45955
create-batch-K2-total[ms]	29	1024	0	8192	GENERIC	54.18661
create-batch-K2[ns]	29	1024	0	8192	CLMUL	8.67127
create-batch-K2-total[ms]	29	1024	0	8192	CLMUL	72.73987
create-batch-K2[ns]	29	1024	0	8192	CLMUL_TRI	10.52230
create-batch-K2-total[ms]	29	1024	0	8192	CLMUL_TRI	88.26743
create-batch-K4[ns]	29	1024	0	8192	GENERIC	7.59976
create-batch-K4-total[ms]	29	1024	0	8192	GENERIC	63.75140
create-batch-K4[ns]	29	1024	0	8192	CLMUL	5.28116
create-batch-K4-total[ms]	29	1024	0	8192	CLMUL	44.30157
create-batch-K4[ns]	29	1024	0	8192	CLMUL_TRI	6.38785
create-batch-K4-total[ms]	29	1024	0	8192	CLMUL_TRI	53.58520
create-batch-K8[ns]	29	1024	0	8192	GENERIC	8.50448
create-batch-K8-total[ms]	29	1024	0	8192	GENERIC	71.34077
create-batch-K8[ns]	29	1024	0	8192	CLMUL	3.55217
create-batch-K8-total[ms]	29	1024	0	8192	CLMUL	29.79775
create-batch-K8[ns]	29	1024	0	8192	CLMUL_TRI	4.38544
create-batch-K8-total[ms]	29	1024	0	8192	CLMUL_TRI	36.78774
create-batch-K1[ns]	29	2048	0	16	GENERIC	7.82382
create-batch-K1-total[ms]	29	2048	0	16	GENERIC	0.25637
create-batch-K1[ns]	29	2048	0	16	CLMUL	17.54355
create-batch-K1-total[ms]	29	2048	0	16	CLMUL	0.57487
create-batch-K1[ns]	29	2048	0	16	CLMUL_TRI	20.55203
create-batch-K1-total[ms]	29	2048	0	16	CLMUL_TRI	0.67345
create-batch-K2[ns]	29	2048	0	16	GENERIC	6.25729
create-batch-K2-total[ms]	29	2048	0	16	GENERIC	0.20504
create-batch-K2[ns]	29	2048	0	16	CLMUL	8.65161
create-batch-K2-total[ms]	29	2048	0	16	CLMUL	0.28350
create-batch-K2[ns]	29	2048	0	16	CLMUL_TRI	10.46741
create-batch-K2-total[ms]	29	2048	0	16	CLMUL_TRI	0.34300
create-batch-K4[ns]	29	2048	0	16	GENERIC	7.54791
create-batch-K4-total[ms]	29	2048	0	16	GENERIC	0.24733
create-batch-K4[ns]	29	2048	0	16	CLMUL	5.18030
create-batch-K4-total[ms]	29	2048	0	16	CLMUL	0.16975
create-batch-K4[ns]	29	2048	0	16	CLMUL_TRI	6.20389
create-batch-K4-total[ms]	29	2048	0	16	CLMUL_TRI	0.20329
create-batch-K8[ns]	29	2048	0	16	GENERIC	8.44690
create-batch-K8-total[ms]	29	2048	0	16	GENERIC	0.27679
create-batch-K8[ns]	29	2048	0	16	CLMUL	3.54254
create-batch-K8-total[ms]	29	2048	0	16	CLMUL	0.11608
create-batch-K8[ns]	29	2048	0	16	CLMUL_TRI	4.37921
create-batch-K8-total[ms]	29	2048	0	16	CLMUL_TRI	0.14350
create-batch-K1[ns]	29	2048	0	64	GENERIC	7.82607
create-batch-K1-total[ms]	29	2048	0	64	GENERIC	1.02578
create-batch-K1[ns]	29	2048	0	64	CLMUL	17.51910
create-batch-K1-total[ms]	29	2048	0	64	CLMUL	2.29626
create-batch-K1[ns]	29	2048	0	64	CLMUL_TRI	20.55206
create-batch-K1-total[ms]	29	2048	0	64	CLMUL_TRI	2.69380
create-batch-K2[ns]	29	2048	0	64	GENERIC	6.25507
create-batch-K2-total[ms]	29	2048	0	64	GENERIC	0.81987
create-batch-K2[ns]	29	2048	0	64	CLMUL	8.67165
create-batch-K2-total[ms]	29	2048	0	64	CLMUL	1.13661
create-batch-K2[ns]	29	2048	0	64	CLMUL_TRI	10.47630
create-batch-K2-total[ms]	29	2048	0	64	CLMUL_TRI	1.37315
create-batch-K4[ns]	29	2048	0	64	GENERIC	7.54569
create-batch-K4-total[ms]	29	2048	0	64	GENERIC	0.98903
create-batch-K4[ns]	29	2048	0	64	CLMUL	5.10018
create-batch-K4-total[ms]	29	2048	0	64	CLMUL	0.66849
create-batch-K4[ns]	29	2048	0	64	CLMUL_TRI	6.11488
create-batch-K4-total[ms]	29	2048	0	64	CLMUL_TRI	0.80149
create-batch-K8[ns]	29	2048	0	64	GENERIC	8.44690
create-batch-K8-total[ms]	29	2048	0	64	GENERIC	1.10715
create-batch-K8[ns]	29	2048	0	64	CLMUL	3.54476
create-batch-K8-total[ms]	29	2048	0	64	CLMUL	0.46462
create-batch-K8[ns]	29	2048	0	64	CLMUL_TRI	4.37699
create-batch-K8-total[ms]	29	2048	0	64	CLMUL_TRI	0.57370
create-batch-K1[ns]	29	2048	0	128	GENERIC	7.82718
create-batch-K1-total[ms]	29	2048	0	128	GENERIC	2.05185
create-batch-K1[ns]	29	2048	0	128	CLMUL	17.51575
create-batch-K1-total[ms]	29	2048	0	128	CLMUL	4.59165
create-batch-K1[ns]	29	2048	0	128	CLMUL_TRI	20.56874
create-batch-K1-total[ms]	29	2048	0	128	CLMUL_TRI	5.39197
create-batch-K2[ns]	29	2048	0	128	GENERIC	6.25285
create-batch-K2-total[ms]	29	2048	0	128	GENERIC	1.63915
create-batch-K2[ns]	29	2048	0	128	CLMUL	8.67833
create-batch-K2-total[ms]	29	2048	0	128	CLMUL	2.27497
create-batch-K2[ns]	29	2048	0	128	CLMUL_TRI	10.49187
create-batch-K2-total[ms]	29	2048	0	128	CLMUL_TRI	2.75038
create-batch-K4[ns]	29	2048	0	128	GENERIC	7.54569
create-batch-K4-total[ms]	29	2048	0	128	GENERIC	1.97806
create-batch-K4[ns]	29	2048	0	128	CLMUL	5.08683
create-batch-K4-total[ms]	29	2048	0	128	CLMUL	1.33348
create-batch-K4[ns]	29	2048	0	128	CLMUL_TRI	6.27843
create-batch-K4-total[ms]	29	2048	0	128	CLMUL_TRI	1.64585
create-batch-K8[ns]	29	2048	0	128	GENERIC	8.44913
create-batch-K8-total[ms]	29	2048	0	128	GENERIC	2.21489
create-batch-K8[ns]	29	2048	0	128	CLMUL	3.54476
create-batch-K8-total[ms]	29	2048	0	128	CLMUL	0.92924
create-batch-K8[ns]	29	2048	0	128	CLMUL_TRI	4.37811
create-batch-K8-total[ms]	29	2048	0	128	CLMUL_TRI	1.14769
create-batch-K1[ns]	29	2048	0	512	GENERIC	7.83497
create-batch-K1-total[ms]	29	2048	0	512	GENERIC	8.21556
create-batch-K1[ns]	29	2048	0	512	CLMUL	17.53606
create-batch-K1-total[ms]	29	2048	0	512	CLMUL	18.38789
create-batch-K1[ns]	29	2048	0	512	CLMUL_TRI	20.57208
create-batch-K1-total[ms]	29	2048	0	512	CLMUL_TRI	21.57139
create-batch-K2[ns]	29	2048	0	512	GENERIC	6.26508
create-batch-K2-total[ms]	29	2048	0	512	GENERIC	6.56942
create-batch-K2[ns]	29	2048	0	512	CLMUL	8.68556
create-batch-K2-total[ms]	29	2048	0	512	CLMUL	9.10747
create-batch-K2[ns]	29	2048	0	512	CLMUL_TRI	10.52637
create-batch-K2-total[ms]	29	2048	0	512	CLMUL_TRI	11.03769
create-batch-K4[ns]	29	2048	0	512	GENERIC	7.55404
create-batch-K4-total[ms]	29	2048	0	512	GENERIC	7.92098
create-batch-K4[ns]	29	2048	0	512	CLMUL	5.27375
create-batch-K4-total[ms]	29	2048	0	512	CLMUL	5.52993
create-batch-K4[ns]	29	2048	0	512	CLMUL_TRI	6.29930
create-batch-K4-total[ms]	29	2048	0	512	CLMUL_TRI	6.60529
create-batch-K8[ns]	29	2048	0	512	GENERIC	8.45692
create-batch-K8-total[ms]	29	2048	0	512	GENERIC	8.86772
create-batch-K8[ns]	29	2048	0	512	CLMUL	3.54504
create-batch-K8-total[ms]	29	2048	0	512	CLMUL	3.71724
create-batch-K8[ns]	29	2048	0	512	CLMUL_TRI	4.38256
create-batch-K8-total[ms]	29	2048	0	512	CLMUL_TRI	4.59544
create-batch-K1[ns]	29	2048	0	1024	GENERIC	7.83539
create-batch-K1-total[ms]	29	2048	0	1024	GENERIC	16.43200
create-batch-K1[ns]	29	2048	0	1024	CLMUL	17.55692
create-batch-K1-total[ms]	29	2048	0	1024	CLMUL	36.81954
create-batch-K1[ns]	29	2048	0	1024	CLMUL_TRI	20.57501
create-batch-K1-total[ms]	29	2048	0	1024	CLMUL_TRI	43.14891
create-batch-K2[ns]	29	2048	0	1024	GENERIC	6.26328
create-batch-K2-total[ms]	29	2048	0	1024	GENERIC	13.13504
create-batch-K2[ns]	29	2048	0	1024	CLMUL	8.67415
create-batch-K2-total[ms]	29	2048	0	1024	CLMUL	18.19102
create-batch-K2[ns]	29	2048	0	1024	CLMUL_TRI	10.51649
create-batch-K2-total[ms]	29	2048	0	1024	CLMUL_TRI	22.05468
create-batch-K4[ns]	29	2048	0	1024	GENERIC	7.55195
create-batch-K4-total[ms]	29	2048	0	1024	GENERIC	15.83759
create-batch-K4[ns]	29	2048	0	1024	CLMUL	5.15804
create-batch-K4-total[ms]	29	2048	0	1024	CLMUL	10.81720
create-batch-K4[ns]	29	2048	0	1024	CLMUL_TRI	6.23351
create-batch-K4-total[ms]	29	2048	0	1024	CLMUL_TRI	13.07263
create-batch-K8[ns]	29	2048	0	1024	GENERIC	8.45706
create-batch-K8-total[ms]	29	2048	0	1024	GENERIC	17.73573
create-batch-K8[ns]	29	2048	0	1024	CLMUL	3.54699
create-batch-K8-total[ms]	29	2048	0	1024	CLMUL	7.43857
create-batch-K8[ns]	29	2048	0	1024	CLMUL_TRI	4.38256
create-batch-K8-total[ms]	29	2048	0	1024	CLMUL_TRI	9.19088
create-batch-K1[ns]	29	2048	0	2048	GENERIC	7.83525
create-batch-K1-total[ms]	29	2048	0	2048	GENERIC	32.86342
create-batch-K1[ns]	29	2048	0	2048	CLMUL	17.54142
create-batch-K1-total[ms]	29	2048	0	2048	CLMUL	73.57403
create-batch-K1[ns]	29	2048	0	2048	CLMUL_TRI	20.58105
create-batch-K1-total[ms]	29	2048	0	2048	CLMUL_TRI	86.32320
create-batch-K2[ns]	29	2048	0	2048	GENERIC	6.26926
create-batch-K2-total[ms]	29	2048	0	2048	GENERIC	26.29517
create-batch-K2[ns]	29	2048	0	2048	CLMUL	8.69182
create-batch-K2-total[ms]	29	2048	0	2048	CLMUL	36.45612
create-batch-K2[ns]	29	2048	0	2048	CLMUL_TRI	10.51169
create-batch-K2-total[ms]	29	2048	0	2048	CLMUL_TRI	44.08923
create-batch-K4[ns]	29	2048	0	2048	GENERIC	7.55425
create-batch-K4-total[ms]	29	2048	0	2048	GENERIC	31.68481
create-batch-K4[ns]	29	2048	0	2048	CLMUL	5.22090
create-batch-K4-total[ms]	29	2048	0	2048	CLMUL	21.89806
create-batch-K4[ns]	29	2048	0	2048	CLMUL_TRI	6.28129
create-batch-K4-total[ms]	29	2048	0	2048	CLMUL_TRI	26.34563
create-batch-K8[ns]	29	2048	0	2048	GENERIC	8.45893
create-batch-K8-total[ms]	29	2048	0	2048	GENERIC	35.47934
create-batch-K8[ns]	29	2048	0	2048	CLMUL	3.54845
create-batch-K8-total[ms]	29	2048	0	2048	CLMUL	14.88327
create-batch-K8[ns]	29	2048	0	2048	CLMUL_TRI	4.38221
create-batch-K8-total[ms]	29	2048	0	2048	CLMUL_TRI	18.38031
create-batch-K1[ns]	29	2048	0	4096	GENERIC	7.83594
create-batch-K1-total[ms]	29	2048	0	4096	GENERIC	65.73267
create-batch-K1[ns]	29	2048	0	4096	CLMUL	17.33381
create-batch-K1-total[ms]	29	2048	0	4096	CLMUL	145.40654
create-batch-K1[ns]	29	2048	0	4096	CLMUL_TRI	20.57733
create-batch-K1-total[ms]	29	2048	0	4096	CLMUL_TRI	172.61519
create-batch-K2[ns]	29	2048	0	4096	GENERIC	6.28275
create-batch-K2-total[ms]	29	2048	0	4096	GENERIC	52.70350
create-batch-K2[ns]	29	2048	0	4096	CLMUL	8.68758
create-batch-K2-total[ms]	29	2048	0	4096	CLMUL	72.87666
create-batch-K2[ns]	29	2048	0	4096	CLMUL_TRI	10.51208
create-batch-K2-total[ms]	29	2048	0	4096	CLMUL_TRI	88.18168
create-batch-K4[ns]	29	2048	0	4096	GENERIC	7.55359
create-batch-K4-total[ms]	29	2048	0	4096	GENERIC	63.36407
create-batch-K4[ns]	29	2048	0	4096	CLMUL	5.17327
create-batch-K4-total[ms]	29	2048	0	4096	CLMUL	43.39654
create-batch-K4[ns]	29	2048	0	4096	CLMUL_TRI	6.27739
create-batch-K4-total[ms]	29	2048	0	4096	CLMUL_TRI	52.65859
create-batch-K8[ns]	29	2048	0	4096	GENERIC	8.45880
create-batch-K8-total[ms]	29	2048	0	4096	GENERIC	70.95752
create-batch-K8[ns]	29	2048	0	4096	CLMUL	3.54897
create-batch-K8-total[ms]	29	2048	0	4096	CLMUL	29.77091
create-batch-K8[ns]	29	2048	0	4096	CLMUL_TRI	4.38262
create-batch-K8-total[ms]	29	2048	0	4096	CLMUL_TRI	36.76412
create-batch-K1[ns]	29	2048	0	8192	GENERIC	7.83761
create-batch-K1-total[ms]	29	2048	0	8192	GENERIC	131.49334
create-batch-K1[ns]	29	2048	0	8192	CLMUL	17.50652
create-batch-K1-total[ms]	29	2048	0	8192	CLMUL	293.71075
create-batch-K1[ns]	29	2048	0	8192	CLMUL_TRI	20.57758
create-batch-K1-total[ms]	29	2048	0	8192	CLMUL_TRI	345.23447
create-batch-K2[ns]	29	2048	0	8192	GENERIC	6.26529
create-batch-K2-total[ms]	29	2048	0	8192	GENERIC	105.11417
create-batch-K2[ns]	29	2048	0	8192	CLMUL	8.61559
create-batch-K2-total[ms]	29	2048	0	8192	CLMUL	144.54555
create-batch-K2[ns]	29	2048	0	8192	CLMUL_TRI	10.52468
create-batch-K2-total[ms]	29	2048	0	8192	CLMUL_TRI	176.57481
create-batch-K4[ns]	29	2048	0	8192	GENERIC	7.55487
create-batch-K4-total[ms]	29	2048	0	8192	GENERIC	126.74973
create-batch-K4[ns]	29	2048	0	8192	CLMUL	5.15493
create-batch-K4-total[ms]	29	2048	0	8192	CLMUL	86.48537
create-batch-K4[ns]	29	2048	0	8192	CLMUL_TRI	6.26618
create-batch-K4-total[ms]	29	2048	0	8192	CLMUL_TRI	105.12905
create-batch-K8[ns]	29	2048	0	8192	GENERIC	8.45933
create-batch-K8-total[ms]	29	2048	0	8192	GENERIC	141.92408
create-batch-K8[ns]	29	2048	0	8192	CLMUL	3.54888
create-batch-K8-total[ms]	29	2048	0	8192	CLMUL	59.54037
create-batch-K8[ns]	29	2048	0	8192	CLMUL_TRI	4.38309
create-batch-K8-total[ms]	29	2048	0	8192	CLMUL_TRI	73.53611
create-batch-K1[ns]	29	3072	0	16	GENERIC	7.81494
create-batch-K1-total[ms]	29	3072	0	16	GENERIC	0.38412
create-batch-K1[ns]	29	3072	0	16	CLMUL	17.40411
create-batch-K1-total[ms]	29	3072	0	16	CLMUL	0.85545
create-batch-K1[ns]	29	3072	0	16	CLMUL_TRI	20.55501
create-batch-K1-total[ms]	29	3072	0	16	CLMUL_TRI	1.01032
create-batch-K2[ns]	29	3072	0	16	GENERIC	6.24245
create-batch-K2-total[ms]	29	3072	0	16	GENERIC	0.30683
create-batch-K2[ns]	29	3072	0	16	CLMUL	8.62789
create-batch-K2-total[ms]	29	3072	0	16	CLMUL	0.42408
create-batch-K2[ns]	29	3072	0	16	CLMUL_TRI	10.50893
create-batch-K2-total[ms]	29	3072	0	16	CLMUL_TRI	0.51654
create-batch-K4[ns]	29	3072	0	16	GENERIC	7.53605
create-batch-K4-total[ms]	29	3072	0	16	GENERIC	0.37041
create-batch-K4[ns]	29	3072	0	16	CLMUL	5.22184
create-batch-K4-total[ms]	29	3072	0	16	CLMUL	0.25666
create-batch-K4[ns]	29	3072	0	16	CLMUL_TRI	6.18313
create-batch-K4-total[ms]	29	3072	0	16	CLMUL_TRI	0.30391
create-batch-K8[ns]	29	3072	0	16	GENERIC	8.44393
create-batch-K8-total[ms]	29	3072	0	16	GENERIC	0.41504
create-batch-K8[ns]	29	3072	0	16	CLMUL	3.54254
create-batch-K8-total[ms]	29	3072	0	16	CLMUL	0.17412
create-batch-K8[ns]	29	3072	0	16	CLMUL_TRI	4.37921
create-batch-K8-total[ms]	29	3072	0	16	CLMUL_TRI	0.21525
create-batch-K1[ns]	29	3072	0	64	GENERIC	7.81049
create-batch-K1-total[ms]	29	3072	0	64	GENERIC	1.53561
create-batch-K1[ns]	29	3072	0	64	CLMUL	17.38484
create-batch-K1-total[ms]	29	3072	0	64	CLMUL	3.41800
create-batch-K1[ns]	29	3072	0	64	CLMUL_TRI	20.57579
create-batch-K1-total[ms]	29	3072	0	64	CLMUL_TRI	4.04537
create-batch-K2[ns]	29	3072	0	64	GENERIC	6.24394
create-batch-K2-total[ms]	29	3072	0	64	GENERIC	1.22761
create-batch-K2[ns]	29	3072	0	64	CLMUL	8.67536
create-batch-K2-total[ms]	29	3072	0	64	CLMUL	1.70565
create-batch-K2[ns]	29	3072	0	64	CLMUL_TRI	10.49410
create-batch-K2-total[ms]	29	3072	0	64	CLMUL_TRI	2.06322
create-batch-K4[ns]	29	3072	0	64	GENERIC	7.53160
create-batch-K4-total[ms]	29	3072	0	64	GENERIC	1.48077
create-batch-K4[ns]	29	3072	0	64	CLMUL	5.11651
create-batch-K4-total[ms]	29	3072	0	64	CLMUL	1.00595
create-batch-K4[ns]	29	3072	0	64	CLMUL_TRI	6.30180
create-batch-K4-total[ms]	29	3072	0	64	CLMUL_TRI	1.23899
create-batch-K8[ns]	29	3072	0	64	GENERIC	8.43355
create-batch-K8-total[ms]	29	3072	0	64	GENERIC	1.65810
create-batch-K8[ns]	29	3072	0	64	CLMUL	3.54402
create-batch-K8-total[ms]	29	3072	0	64	CLMUL	0.69678
create-batch-K8[ns]	29	3072	0	64	CLMUL_TRI	4.37773
create-batch-K8-total[ms]	29	3072	0	64	CLMUL_TRI	0.86070
create-batch-K1[ns]	29	3072	0	128	GENERIC	7.81494
create-batch-K1-total[ms]	29	3072	0	128	GENERIC	3.07296
create-batch-K1[ns]	29	3072	0	128	CLMUL	17.45382
create-batch-K1-total[ms]	29	3072	0	128	CLMUL	6.86312
create-batch-K1[ns]	29	3072	0	128	CLMUL_TRI	20.57505
create-batch-K1-total[ms]	29	3072	0	128	CLMUL_TRI	8.09044
create-batch-K2[ns]	29	3072	0	128	GENERIC	6.24098
create-batch-K2-total[ms]	29	3072	0	128	GENERIC	2.45405
create-batch-K2[ns]	29	3072	0	128	CLMUL	8.67239
create-batch-K2-total[ms]	29	3072	0	128	CLMUL	3.41012
create-batch-K2[ns]	29	3072	0	128	CLMUL_TRI	10.50894
create-batch-K2-total[ms]	29	3072	0	128	CLMUL_TRI	4.13228
create-batch-K4[ns]	29	3072	0	128	GENERIC	7.53234
create-batch-K4-total[ms]	29	3072	0	128	GENERIC	2.96184
create-batch-K4[ns]	29	3072	0	128	CLMUL	5.06458
create-batch-K4-total[ms]	29	3072	0	128	CLMUL	1.99147
create-batch-K4[ns]	29	3072	0	128	CLMUL_TRI	6.18535
create-batch-K4-total[ms]	29	3072	0	128	CLMUL_TRI	2.43218
create-batch-K8[ns]	29	3072	0	128	GENERIC	8.43504
create-batch-K8-total[ms]	29	3072	0	128	GENERIC	3.31679
create-batch-K8[ns]	29	3072	0	128	CLMUL	3.54402
create-batch-K8-total[ms]	29	3072	0	128	CLMUL	1.39356
create-batch-K8[ns]	29	3072	0	128	CLMUL_TRI	4.37773
create-batch-K8-total[ms]	29	3072	0	128	CLMUL_TRI	1.72140
create-batch-K1[ns]	29	3072	0	512	GENERIC	7.81921
create-batch-K1-total[ms]	29	3072	0	512	GENERIC	12.29855
create-batch-K1[ns]	29	3072	0	512	CLMUL	17.49072
create-batch-K1-total[ms]	29	3072	0	512	CLMUL	27.51053
create-batch-K1[ns]	29	3072	0	512	CLMUL_TRI	20.57487
create-batch-K1-total[ms]	29	3072	0	512	CLMUL_TRI	32.36147
create-batch-K2[ns]	29	3072	0	512	GENERIC	6.25767
create-batch-K2-total[ms]	29	3072	0	512	GENERIC	9.84246
create-batch-K2[ns]	29	3072	0	512	CLMUL	8.68871
create-batch-K2-total[ms]	29	3072	0	512	CLMUL	13.66616
create-batch-K2[ns]	29	3072	0	512	CLMUL_TRI	10.51542
create-batch-K2-total[ms]	29	3072	0	512	CLMUL_TRI	16.53933
create-batch-K4[ns]	29	3072	0	512	GENERIC	7.53920
create-batch-K4-total[ms]	29	3072	0	512	GENERIC	11.85814
create-batch-K4[ns]	29	3072	0	512	CLMUL	5.21312
create-batch-K4-total[ms]	29	3072	0	512	CLMUL	8.19952
create-batch-K4[ns]	29	3072	0	512	CLMUL_TRI	6.28066
create-batch-K4-total[ms]	29	3072	0	512	CLMUL_TRI	9.87862
create-batch-K8[ns]	29	3072	0	512	GENERIC	8.44412
create-batch-K8-total[ms]	29	3072	0	512	GENERIC	13.28146
create-batch-K8[ns]	29	3072	0	512	CLMUL	3.54699
create-batch-K8-total[ms]	29	3072	0	512	CLMUL	5.57893
create-batch-K8[ns]	29	3072	0	512	CLMUL_TRI	4.38014
create-batch-K8-total[ms]	29	3072	0	512	CLMUL_TRI	6.88937
create-batch-K1[ns]	29	3072	0	1024	GENERIC	7.82032
create-batch-K1-total[ms]	29	3072	0	1024	GENERIC	24.60061
create-batch-K1[ns]	29	3072	0	1024	CLMUL	17.41850
create-batch-K1-total[ms]	29	3072	0	1024	CLMUL	54.79385
create-batch-K1[ns]	29	3072	0	1024	CLMUL_TRI	20.57718
create-batch-K1-total[ms]	29	3072	0	1024	CLMUL_TRI	64.73022
create-batch-K2[ns]	29	3072	0	1024	GENERIC	6.26082
create-batch-K2-total[ms]	29	3072	0	1024	GENERIC	19.69484
create-batch-K2[ns]	29	3072	0	1024	CLMUL	8.65496
create-batch-K2-total[ms]	29	3072	0	1024	CLMUL	27.22616
create-batch-K2[ns]	29	3072	0	1024	CLMUL_TRI	10.51839
create-batch-K2-total[ms]	29	3072	0	1024	CLMUL_TRI	33.08800
create-batch-K4[ns]	29	3072	0	1024	GENERIC	7.53855
create-batch-K4-total[ms]	29	3072	0	1024	GENERIC	23.71424
create-batch-K4[ns]	29	3072	0	1024	CLMUL	5.16907
create-batch-K4-total[ms]	29	3072	0	1024	CLMUL	16.26050
create-batch-K4[ns]	29	3072	0	1024	CLMUL_TRI	6.25387
create-batch-K4-total[ms]	29	3072	0	1024	CLMUL_TRI	19.67296
create-batch-K8[ns]	29	3072	0	1024	GENERIC	8.44422
create-batch-K8-total[ms]	29	3072	0	1024	GENERIC	26.56321
create-batch-K8[ns]	29	3072	0	1024	CLMUL	3.54866
create-batch-K8-total[ms]	29	3072	0	1024	CLMUL	11.16311
create-batch-K8[ns]	29	3072	0	1024	CLMUL_TRI	4.38246
create-batch-K8-total[ms]	29	3072	0	1024	CLMUL_TRI	13.78603
create-batch-K1[ns]	29	3072	0	2048	GENERIC	7.82055
create-batch-K1-total[ms]	29	3072	0	2048	GENERIC	49.20267
create-batch-K1[ns]	29	3072	0	2048	CLMUL	17.39597
create-batch-K1-total[ms]	29	3072	0	2048	CLMUL	109.44595
create-batch-K1[ns]	29	3072	0	2048	CLMUL_TRI	20.57769
create-batch-K1-total[ms]	29	3072	0	2048	CLMUL_TRI	129.46366
create-batch-K2[ns]	29	3072	0	2048	GENERIC	6.24751
create-batch-K2-total[ms]	29	3072	0	2048	GENERIC	39.30596
create-batch-K2[ns]	29	3072	0	2048	CLMUL	8.67643
create-batch-K2-total[ms]	29	3072	0	2048	CLMUL	54.58735
create-batch-K2[ns]	29	3072	0	2048	CLMUL_TRI	10.51969
create-batch-K2-total[ms]	29	3072	0	2048	CLMUL_TRI	66.18416
create-batch-K4[ns]	29	3072	0	2048	GENERIC	7.54134
create-batch-K4-total[ms]	29	3072	0	2048	GENERIC	47.44598
create-batch-K4[ns]	29	3072	0	2048	CLMUL	5.23184
create-batch-K4-total[ms]	29	3072	0	2048	CLMUL	32.91592
create-batch-K4[ns]	29	3072	0	2048	CLMUL_TRI	6.27686
create-batch-K4-total[ms]	29	3072	0	2048	CLMUL_TRI	39.49058
create-batch-K8[ns]	29	3072	0	2048	GENERIC	8.44496
create-batch-K8-total[ms]	29	3072	0	2048	GENERIC	53.13108
create-batch-K8[ns]	29	3072	0	2048	CLMUL	3.54829
create-batch-K8-total[ms]	29	3072	0	2048	CLMUL	22.32389
create-batch-K8[ns]	29	3072	0	2048	CLMUL_TRI	4.38306
create-batch-K8-total[ms]	29	3072	0	2048	CLMUL_TRI	27.57586
create-batch-K1[ns]	29	3072	0	4096	GENERIC	7.82255
create-batch-K1-total[ms]	29	3072	0	4096	GENERIC	98.43042
create-batch-K1[ns]	29	3072	0	4096	CLMUL	17.44740
create-batch-K1-total[ms]	29	3072	0	4096	CLMUL	219.53910
create-batch-K1[ns]	29	3072	0	4096	CLMUL_TRI	20.57758
create-batch-K1-total[ms]	29	3072	0	4096	CLMUL_TRI	258.92585
create-batch-K2[ns]	29	3072	0	4096	GENERIC	6.24960
create-batch-K2-total[ms]	29	3072	0	4096	GENERIC	78.63817
create-batch-K2[ns]	29	3072	0	4096	CLMUL	8.64219
create-batch-K2-total[ms]	29	3072	0	4096	CLMUL	108.74392
create-batch-K2[ns]	29	3072	0	4096	CLMUL_TRI	10.52226
create-batch-K2-total[ms]	29	3072	0	4096	CLMUL_TRI	132.40070
create-batch-K4[ns]	29	3072	0	4096	GENERIC	7.54148
create-batch-K4-total[ms]	29	3072	0	4096	GENERIC	94.89372
create-batch-K4[ns]	29	3072	0	4096	CLMUL	5.12893
create-batch-K4-total[ms]	29	3072	0	4096	CLMUL	64.53685
create-batch-K4[ns]	29	3072	0	4096	CLMUL_TRI	6.26295
create-batch-K4-total[ms]	29	3072	0	4096	CLMUL_TRI	78.80617
create-batch-K8[ns]	29	3072	0	4096	GENERIC	8.44459
create-batch-K8-total[ms]	29	3072	0	4096	GENERIC	106.25749
create-batch-K8[ns]	29	3072	0	4096	CLMUL	3.54771
create-batch-K8-total[ms]	29	3072	0	4096	CLMUL	44.64048
create-batch-K8[ns]	29	3072	0	4096	CLMUL_TRI	4.38235
create-batch-K8-total[ms]	29	3072	0	4096	CLMUL_TRI	55.14268
create-batch-K1[ns]	29	3072	0	8192	GENERIC	7.82084
create-batch-K1-total[ms]	29	3072	0	8192	GENERIC	196.81797
create-batch-K1[ns]	29	3072	0	8192	CLMUL	17.41596
create-batch-K1-total[ms]	29	3072	0	8192	CLMUL	438.28692
create-batch-K1[ns]	29	3072	0	8192	CLMUL_TRI	20.57906
create-batch-K1-total[ms]	29	3072	0	8192	CLMUL_TRI	517.88904
create-batch-K2[ns]	29	3072	0	8192	GENERIC	6.25092
create-batch-K2-total[ms]	29	3072	0	8192	GENERIC	157.30960
create-batch-K2[ns]	29	3072	0	8192	CLMUL	8.63503
create-batch-K2-total[ms]	29	3072	0	8192	CLMUL	217.30759
create-batch-K2[ns]	29	3072	0	8192	CLMUL_TRI	10.52295
create-batch-K2-total[ms]	29	3072	0	8192	CLMUL_TRI	264.81861
create-batch-K4[ns]	29	3072	0	8192	GENERIC	7.53992
create-batch-K4-total[ms]	29	3072	0	8192	GENERIC	189.74835
create-batch-K4[ns]	29	3072	0	8192	CLMUL	5.19920
create-batch-K4-total[ms]	29	3072	0	8192	CLMUL	130.84206
create-batch-K4[ns]	29	3072	0	8192	CLMUL_TRI	6.29776
create-batch-K4-total[ms]	29	3072	0	8192	CLMUL_TRI	158.48821
create-batch-K8[ns]	29	3072	0	8192	GENERIC	8.44528
create-batch-K8-total[ms]	29	3072	0	8192	GENERIC	212.53248
create-batch-K8[ns]	29	3072	0	8192	CLMUL	3.54814
create-batch-K8-total[ms]	29	3072	0	8192	CLMUL	89.29175
create-batch-K8[ns]	29	3072	0	8192	CLMUL_TRI	4.38271
create-batch-K8-total[ms]	29	3072	0	8192	CLMUL_TRI	110.29440
create-batch-K1[ns]	29	4096	0	16	GENERIC	7.80161
create-batch-K1-total[ms]	29	4096	0	16	GENERIC	0.51129
create-batch-K1[ns]	29	4096	0	16	CLMUL	17.31660
create-batch-K1-total[ms]	29	4096	0	16	CLMUL	1.13486
create-batch-K1[ns]	29	4096	0	16	CLMUL_TRI	20.55206
create-batch-K1-total[ms]	29	4096	0	16	CLMUL_TRI	1.34690
create-batch-K2[ns]	29	4096	0	16	GENERIC	6.23061
create-batch-K2-total[ms]	29	4096	0	16	GENERIC	0.40833
create-batch-K2[ns]	29	4096	0	16	CLMUL	8.58043
create-batch-K2-total[ms]	29	4096	0	16	CLMUL	0.56233
create-batch-K2[ns]	29	4096	0	16	CLMUL_TRI	10.47185
create-batch-K2-total[ms]	29	4096	0	16	CLMUL_TRI	0.68628
create-batch-K4[ns]	29	4096	0	16	GENERIC	7.52567
create-batch-K4-total[ms]	29	4096	0	16	GENERIC	0.49320
create-batch-K4[ns]	29	4096	0	16	CLMUL	5.17584
create-batch-K4-total[ms]	29	4096	0	16	CLMUL	0.33920
create-batch-K4[ns]	29	4096	0	16	CLMUL_TRI	6.04813
create-batch-K4-total[ms]	29	4096	0	16	CLMUL_TRI	0.39637
create-batch-K8[ns]	29	4096	0	16	GENERIC	8.42911
create-batch-K8-total[ms]	29	4096	0	16	GENERIC	0.55241
create-batch-K8[ns]	29	4096	0	16	CLMUL	3.54698
create-batch-K8-total[ms]	29	4096	0	16	CLMUL	0.23246
create-batch-K8[ns]	29	4096	0	16	CLMUL_TRI	4.37921
create-batch-K8-total[ms]	29	4096	0	16	CLMUL_TRI	0.28700
create-batch-K1[ns]	29	4096	0	64	GENERIC	7.80382
create-batch-K1-total[ms]	29	4096	0	64	GENERIC	2.04573
create-batch-K1[ns]	29	4096	0	64	CLMUL	17.14304
create-batch-K1-total[ms]	29	4096	0	64	CLMUL	4.49394
create-batch-K1[ns]	29	4096	0	64	CLMUL_TRI	20.56986
create-batch-K1-total[ms]	29	4096	0	64	CLMUL_TRI	5.39227
create-batch-K2[ns]	29	4096	0	64	GENERIC	6.23727
create-batch-K2-total[ms]	29	4096	0	64	GENERIC	1.63506
create-batch-K2[ns]	29	4096	0	64	CLMUL	8.50698
create-batch-K2-total[ms]	29	4096	0	64	CLMUL	2.23005
create-batch-K2[ns]	29	4096	0	64	CLMUL_TRI	10.50411
create-batch-K2-total[ms]	29	4096	0	64	CLMUL_TRI	2.75359
create-batch-K4[ns]	29	4096	0	64	GENERIC	7.52456
create-batch-K4-total[ms]	29	4096	0	64	GENERIC	1.97252
create-batch-K4[ns]	29	4096	0	64	CLMUL	5.17696
create-batch-K4-total[ms]	29	4096	0	64	CLMUL	1.35711
create-batch-K4[ns]	29	4096	0	64	CLMUL_TRI	6.10598
create-batch-K4-total[ms]	29	4096	0	64	CLMUL_TRI	1.60065
create-batch-K8[ns]	29	4096	0	64	GENERIC	8.42910
create-batch-K8-total[ms]	29	4096	0	64	GENERIC	2.20964
create-batch-K8[ns]	29	4096	0	64	CLMUL	3.54476
create-batch-K8-total[ms]	29	4096	0	64	CLMUL	0.92924
create-batch-K8[ns]	29	4096	0	64	CLMUL_TRI	4.37811
create-batch-K8-total[ms]	29	4096	0	64	CLMUL_TRI	1.14769
create-batch-K1[ns]	29	4096	0	128	GENERIC	7.81383
create-batch-K1-total[ms]	29	4096	0	128	GENERIC	4.09670
create-batch-K1[ns]	29	4096	0	128	CLMUL	17.43175
create-batch-K1-total[ms]	29	4096	0	128	CLMUL	9.13926
create-batch-K1[ns]	29	4096	0	128	CLMUL_TRI	20.57431
create-batch-K1-total[ms]	29	4096	0	128	CLMUL_TRI	10.78686
create-batch-K2[ns]	29	4096	0	128	GENERIC	6.24506
create-batch-K2-total[ms]	29	4096	0	128	GENERIC	3.27421
create-batch-K2[ns]	29	4096	0	128	CLMUL	8.66386
create-batch-K2-total[ms]	29	4096	0	128	CLMUL	4.54236
create-batch-K2[ns]	29	4096	0	128	CLMUL_TRI	10.50745
create-batch-K2-total[ms]	29	4096	0	128	CLMUL_TRI	5.50893
create-batch-K4[ns]	29	4096	0	128	GENERIC	7.53290
create-batch-K4-total[ms]	29	4096	0	128	GENERIC	3.94941
create-batch-K4[ns]	29	4096	0	128	CLMUL	5.20811
create-batch-K4-total[ms]	29	4096	0	128	CLMUL	2.73055
create-batch-K4[ns]	29	4096	0	128	CLMUL_TRI	6.25396
create-batch-K4-total[ms]	29	4096	0	128	CLMUL_TRI	3.27888
create-batch-K8[ns]	29	4096	0	128	GENERIC	8.43856
create-batch-K8-total[ms]	29	4096	0	128	GENERIC	4.42424
create-batch-K8[ns]	29	4096	0	128	CLMUL	3.54365
create-batch-K8-total[ms]	29	4096	0	128	CLMUL	1.85789
create-batch-K8[ns]	29	4096	0	128	CLMUL_TRI	4.37699
create-batch-K8-total[ms]	29	4096	0	128	CLMUL_TRI	2.29480
create-batch-K1[ns]	29	4096	0	512	GENERIC	7.81383
create-batch-K1-total[ms]	29	4096	0	512	GENERIC	16.38679
create-batch-K1[ns]	29	4096	0	512	CLMUL	17.43537
create-batch-K1-total[ms]	29	4096	0	512	CLMUL	36.56462
create-batch-K1[ns]	29	4096	0	512	CLMUL_TRI	20.57890
create-batch-K1-total[ms]	29	4096	0	512	CLMUL_TRI	43.15708
create-batch-K2[ns]	29	4096	0	512	GENERIC	6.24728
create-batch-K2-total[ms]	29	4096	0	512	GENERIC	13.10150
create-batch-K2[ns]	29	4096	0	512	CLMUL	8.60754
create-batch-K2-total[ms]	29	4096	0	512	CLMUL	18.05131
create-batch-K2[ns]	29	4096	0	512	CLMUL_TRI	10.51635
create-batch-K2-total[ms]	29	4096	0	512	CLMUL_TRI	22.05439
create-batch-K4[ns]	29	4096	0	512	GENERIC	7.53471
create-batch-K4-total[ms]	29	4096	0	512	GENERIC	15.80143
create-batch-K4[ns]	29	4096	0	512	CLMUL	5.19990
create-batch-K4-total[ms]	29	4096	0	512	CLMUL	10.90499
create-batch-K4[ns]	29	4096	0	512	CLMUL_TRI	6.29443
create-batch-K4-total[ms]	29	4096	0	512	CLMUL_TRI	13.20038
create-batch-K8[ns]	29	4096	0	512	GENERIC	8.43898
create-batch-K8-total[ms]	29	4096	0	512	GENERIC	17.69782
create-batch-K8[ns]	29	4096	0	512	CLMUL	3.54768
create-batch-K8-total[ms]	29	4096	0	512	CLMUL	7.44003
create-batch-K8[ns]	29	4096	0	512	CLMUL_TRI	4.38103
create-batch-K8-total[ms]	29	4096	0	512	CLMUL_TRI	9.18768
create-batch-K1[ns]	29	4096	0	1024	GENERIC	7.81606
create-batch-K1-total[ms]	29	4096	0	1024	GENERIC	32.78292
create-batch-K1[ns]	29	4096	0	1024	CLMUL	17.42744
create-batch-K1-total[ms]	29	4096	0	1024	CLMUL	73.09599
create-batch-K1[ns]	29	4096	0	1024	CLMUL_TRI	20.57800
create-batch-K1-total[ms]	29	4096	0	1024	CLMUL_TRI	86.31037
create-batch-K2[ns]	29	4096	0	1024	GENERIC	6.24464
create-batch-K2-total[ms]	29	4096	0	1024	GENERIC	26.19192
create-batch-K2[ns]	29	4096	0	1024	CLMUL	8.61533
create-batch-K2-total[ms]	29	4096	0	1024	CLMUL	36.13529
create-batch-K2[ns]	29	4096	0	1024	CLMUL_TRI	10.51983
create-batch-K2-total[ms]	29	4096	0	1024	CLMUL_TRI	44.12336
create-batch-K4[ns]	29	4096	0	1024	GENERIC	7.53401
create-batch-K4-total[ms]	29	4096	0	1024	GENERIC	31.59993
create-batch-K4[ns]	29	4096	0	1024	CLMUL	5.24350
create-batch-K4-total[ms]	29	4096	0	1024	CLMUL	21.99285
create-batch-K4[ns]	29	4096	0	1024	CLMUL_TRI	6.24582
create-batch-K4-total[ms]	29	4096	0	1024	CLMUL_TRI	26.19688
create-batch-K8[ns]	29	4096	0	1024	GENERIC	8.43981
create-batch-K8-total[ms]	29	4096	0	1024	GENERIC	35.39914
create-batch-K8[ns]	29	4096	0	1024	CLMUL	3.54692
create-batch-K8-total[ms]	29	4096	0	1024	CLMUL	14.87685
create-batch-K8[ns]	29	4096	0	1024	CLMUL_TRI	4.38297
create-batch-K8-total[ms]	29	4096	0	1024	CLMUL_TRI	18.38352
create-batch-K1[ns]	29	4096	0	2048	GENERIC	7.81408
create-batch-K1-total[ms]	29	4096	0	2048	GENERIC	65.54921
create-batch-K1[ns]	29	4096	0	2048	CLMUL	17.39361
create-batch-K1-total[ms]	29	4096	0	2048	CLMUL	145.90820
create-batch-K1[ns]	29	4096	0	2048	CLMUL_TRI	20.57817
create-batch-K1-total[ms]	29	4096	0	2048	CLMUL_TRI	172.62219
create-batch-K2[ns]	29	4096	0	2048	GENERIC	6.24116
create-batch-K2-total[ms]	29	4096	0	2048	GENERIC	52.35467
create-batch-K2[ns]	29	4096	0	2048	CLMUL	8.64404
create-batch-K2-total[ms]	29	4096	0	2048	CLMUL	72.51150
create-batch-K2[ns]	29	4096	0	2048	CLMUL_TRI	10.51604
create-batch-K2-total[ms]	29	4096	0	2048	CLMUL_TRI	88.21493
create-batch-K4[ns]	29	4096	0	2048	GENERIC	7.53453
create-batch-K4-total[ms]	29	4096	0	2048	GENERIC	63.20424
create-batch-K4[ns]	29	4096	0	2048	CLMUL	5.19639
create-batch-K4-total[ms]	29	4096	0	2048	CLMUL	43.59049
create-batch-K4[ns]	29	4096	0	2048	CLMUL_TRI	6.16001
create-batch-K4-total[ms]	29	4096	0	2048	CLMUL_TRI	51.67393
create-batch-K8[ns]	29	4096	0	2048	GENERIC	8.44325
create-batch-K8-total[ms]	29	4096	0	2048	GENERIC	70.82715
create-batch-K8[ns]	29	4096	0	2048	CLMUL	3.54786
create-batch-K8-total[ms]	29	4096	0	2048	CLMUL	29.76158
create-batch-K8[ns]	29	4096	0	2048	CLMUL_TRI	4.38262
create-batch-K8-total[ms]	29	4096	0	2048	CLMUL_TRI	36.76412
create-batch-K1[ns]	29	4096	0	4096	GENERIC	7.81547
create-batch-K1-total[ms]	29	4096	0	4096	GENERIC	131.12176
create-batch-K1[ns]	29	4096	0	4096	CLMUL	17.41460
create-batch-K1-total[ms]	29	4096	0	4096	CLMUL	292.16843
create-batch-K1[ns]	29	4096	0	4096	CLMUL_TRI	20.58019
create-batch-K1-total[ms]	29	4096	0	4096	CLMUL_TRI	345.27822
create-batch-K2[ns]	29	4096	0	4096	GENERIC	6.24125
create-batch-K2-total[ms]	29	4096	0	4096	GENERIC	104.71080
create-batch-K2[ns]	29	4096	0	4096	CLMUL	8.64978
create-batch-K2-total[ms]	29	4096	0	4096	CLMUL	145.11925
create-batch-K2[ns]	29	4096	0	4096	CLMUL_TRI	10.51974
create-batch-K2-total[ms]	29	4096	0	4096	CLMUL_TRI	176.49198
create-batch-K4[ns]	29	4096	0	4096	GENERIC	7.53455
create-batch-K4-total[ms]	29	4096	0	4096	GENERIC	126.40878
create-batch-K4[ns]	29	4096	0	4096	CLMUL	5.19712
create-batch-K4-total[ms]	29	4096	0	4096	CLMUL	87.19323
create-batch-K4[ns]	29	4096	0	4096	CLMUL_TRI	6.29293
create-batch-K4-total[ms]	29	4096	0	4096	CLMUL_TRI	105.57792
create-batch-K8[ns]	29	4096	0	4096	GENERIC	8.44139
create-batch-K8-total[ms]	29	4096	0	4096	GENERIC	141.62309
create-batch-K8[ns]	29	4096	0	4096	CLMUL	3.54779
create-batch-K8-total[ms]	29	4096	0	4096	CLMUL	59.52200
create-batch-K8[ns]	29	4096	0	4096	CLMUL_TRI	4.38289
create-batch-K8-total[ms]	29	4096	0	4096	CLMUL_TRI	73.53261
create-batch-K1[ns]	29	4096	0	8192	GENERIC	7.81406
create-batch-K1-total[ms]	29	4096	0	8192	GENERIC	262.19627
create-batch-K1[ns]	29	4096	0	8192	CLMUL	17.41248
create-batch-K1-total[ms]	29	4096	0	8192	CLMUL	584.26599
create-batch-K1[ns]	29	4096	0	8192	CLMUL_TRI	20.58048
create-batch-K1-total[ms]	29	4096	0	8192	CLMUL_TRI	690.56636
create-batch-K2[ns]	29	4096	0	8192	GENERIC	6.24244
create-batch-K2-total[ms]	29	4096	0	8192	GENERIC	209.46156
create-batch-K2[ns]	29	4096	0	8192	CLMUL	8.67588
create-batch-K2-total[ms]	29	4096	0	8192	CLMUL	291.11407
create-batch-K2[ns]	29	4096	0	8192	CLMUL_TRI	10.51976
create-batch-K2-total[ms]	29	4096	0	8192	CLMUL_TRI	352.98454
create-batch-K4[ns]	29	4096	0	8192	GENERIC	7.53395
create-batch-K4-total[ms]	29	4096	0	8192	GENERIC	252.79743
create-batch-K4[ns]	29	4096	0	8192	CLMUL	5.19401
create-batch-K4-total[ms]	29	4096	0	8192	CLMUL	174.28205
create-batch-K4[ns]	29	4096	0	8192	CLMUL_TRI	6.26746
create-batch-K4-total[ms]	29	4096	0	8192	CLMUL_TRI	210.30097
create-batch-K8[ns]	29	4096	0	8192	GENERIC	8.44376
create-batch-K8-total[ms]	29	4096	0	8192	GENERIC	283.32550
create-batch-K8[ns]	29	4096	0	8192	CLMUL	3.54803
create-batch-K8-total[ms]	29	4096	0	8192	CLMUL	119.05216
create-batch-K8[ns]	29	4096	0	8192	CLMUL_TRI	4.38356
create-batch-K8-total[ms]	29	4096	0	8192	CLMUL_TRI	147.08798
create-batch-K1[ns]	29	5120	0	16	GENERIC	7.80070
create-batch-K1-total[ms]	29	5120	0	16	GENERIC	0.63903
create-batch-K1[ns]	29	5120	0	16	CLMUL	17.41005
create-batch-K1-total[ms]	29	5120	0	16	CLMUL	1.42623
create-batch-K1[ns]	29	5120	0	16	CLMUL_TRI	20.55385
create-batch-K1-total[ms]	29	5120	0	16	CLMUL_TRI	1.68377
create-batch-K2[ns]	29	5120	0	16	GENERIC	6.23059
create-batch-K2-total[ms]	29	5120	0	16	GENERIC	0.51041
create-batch-K2[ns]	29	5120	0	16	CLMUL	8.51278
create-batch-K2-total[ms]	29	5120	0	16	CLMUL	0.69737
create-batch-K2[ns]	29	5120	0	16	CLMUL_TRI	10.49944
create-batch-K2-total[ms]	29	5120	0	16	CLMUL_TRI	0.86011
create-batch-K4[ns]	29	5120	0	16	GENERIC	7.52300
create-batch-K4-total[ms]	29	5120	0	16	GENERIC	0.61628
create-batch-K4[ns]	29	5120	0	16	CLMUL	5.15537
create-batch-K4-total[ms]	29	5120	0	16	CLMUL	0.42233
create-batch-K4[ns]	29	5120	0	16	CLMUL_TRI	6.21636
create-batch-K4-total[ms]	29	5120	0	16	CLMUL_TRI	0.50924
create-batch-K8[ns]	29	5120	0	16	GENERIC	8.43087
create-batch-K8-total[ms]	29	5120	0	16	GENERIC	0.69066
create-batch-K8[ns]	29	5120	0	16	CLMUL	3.54609
create-batch-K8-total[ms]	29	5120	0	16	CLMUL	0.29050
create-batch-K8[ns]	29	5120	0	16	CLMUL_TRI	4.37921
create-batch-K8-total[ms]	29	5120	0	16	CLMUL_TRI	0.35874
create-batch-K1[ns]	29	5120	0	64	GENERIC	7.80159
create-batch-K1-total[ms]	29	5120	0	64	GENERIC	2.55643
create-batch-K1[ns]	29	5120	0	64	CLMUL	17.32817
create-batch-K1-total[ms]	29	5120	0	64	CLMUL	5.67809
create-batch-K1[ns]	29	5120	0	64	CLMUL_TRI	20.56808
create-batch-K1-total[ms]	29	5120	0	64	CLMUL_TRI	6.73975
create-batch-K2[ns]	29	5120	0	64	GENERIC	6.23238
create-batch-K2-total[ms]	29	5120	0	64	GENERIC	2.04222
create-batch-K2[ns]	29	5120	0	64	CLMUL	8.50654
create-batch-K2-total[ms]	29	5120	0	64	CLMUL	2.78742
create-batch-K2[ns]	29	5120	0	64	CLMUL_TRI	10.50834
create-batch-K2-total[ms]	29	5120	0	64	CLMUL_TRI	3.44337
create-batch-K4[ns]	29	5120	0	64	GENERIC	7.52122
create-batch-K4-total[ms]	29	5120	0	64	GENERIC	2.46455
create-batch-K4[ns]	29	5120	0	64	CLMUL	5.20611
create-batch-K4-total[ms]	29	5120	0	64	CLMUL	1.70594
create-batch-K4[ns]	29	5120	0	64	CLMUL_TRI	6.26086
create-batch-K4-total[ms]	29	5120	0	64	CLMUL_TRI	2.05156
create-batch-K8[ns]	29	5120	0	64	GENERIC	8.42554
create-batch-K8-total[ms]	29	5120	0	64	GENERIC	2.76088
create-batch-K8[ns]	29	5120	0	64	CLMUL	3.54521
create-batch-K8-total[ms]	29	5120	0	64	CLMUL	1.16169
create-batch-K8[ns]	29	5120	0	64	CLMUL_TRI	4.37654
create-batch-K8-total[ms]	29	5120	0	64	CLMUL_TRI	1.43411
create-batch-K1[ns]	29	5120	0	128	GENERIC	7.80871
create-batch-K1-total[ms]	29	5120	0	128	GENERIC	5.11752
create-batch-K1[ns]	29	5120	0	128	CLMUL	17.31259
create-batch-K1-total[ms]	29	5120	0	128	CLMUL	11.34598
create-batch-K1[ns]	29	5120	0	128	CLMUL_TRI	20.57431
create-batch-K1-total[ms]	29	5120	0	128	CLMUL_TRI	13.48358
create-batch-K2[ns]	29	5120	0	128	GENERIC	6.23816
create-batch-K2-total[ms]	29	5120	0	128	GENERIC	4.08824
create-batch-K2[ns]	29	5120	0	128	CLMUL	8.55282
create-batch-K2-total[ms]	29	5120	0	128	CLMUL	5.60518
create-batch-K2[ns]	29	5120	0	128	CLMUL_TRI	10.50834
create-batch-K2-total[ms]	29	5120	0	128	CLMUL_TRI	6.88675
create-batch-K4[ns]	29	5120	0	128	GENERIC	7.52834
create-batch-K4-total[ms]	29	5120	0	128	GENERIC	4.93377
create-batch-K4[ns]	29	5120	0	128	CLMUL	5.18074
create-batch-K4-total[ms]	29	5120	0	128	CLMUL	3.39525
create-batch-K4[ns]	29	5120	0	128	CLMUL_TRI	6.26486
create-batch-K4-total[ms]	29	5120	0	128	CLMUL_TRI	4.10574
create-batch-K8[ns]	29	5120	0	128	GENERIC	8.43355
create-batch-K8-total[ms]	29	5120	0	128	GENERIC	5.52701
create-batch-K8[ns]	29	5120	0	128	CLMUL	3.54343
create-batch-K8-total[ms]	29	5120	0	128	CLMUL	2.32222
create-batch-K8[ns]	29	5120	0	128	CLMUL_TRI	4.37744
create-batch-K8-total[ms]	29	5120	0	128	CLMUL_TRI	2.86880
create-batch-K1[ns]	29	5120	0	512	GENERIC	7.81061
create-batch-K1-total[ms]	29	5120	0	512	GENERIC	20.47503
create-batch-K1[ns]	29	5120	0	512	CLMUL	17.44199
create-batch-K1-total[ms]	29	5120	0	512	CLMUL	45.72313
create-batch-K1[ns]	29	5120	0	512	CLMUL_TRI	20.57620
create-batch-K1-total[ms]	29	5120	0	512	CLMUL_TRI	53.93928
create-batch-K2[ns]	29	5120	0	512	GENERIC	6.24216
create-batch-K2-total[ms]	29	5120	0	512	GENERIC	16.36346
create-batch-K2[ns]	29	5120	0	512	CLMUL	8.68166
create-batch-K2-total[ms]	29	5120	0	512	CLMUL	22.75846
create-batch-K2[ns]	29	5120	0	512	CLMUL_TRI	10.51134
create-batch-K2-total[ms]	29	5120	0	512	CLMUL_TRI	27.55486
create-batch-K4[ns]	29	5120	0	512	GENERIC	7.53512
create-batch-K4-total[ms]	29	5120	0	512	GENERIC	19.75287
create-batch-K4[ns]	29	5120	0	512	CLMUL	5.25005
create-batch-K4-total[ms]	29	5120	0	512	CLMUL	13.76270
create-batch-K4[ns]	29	5120	0	512	CLMUL_TRI	6.23638
create-batch-K4-total[ms]	29	5120	0	512	CLMUL_TRI	16.34829
create-batch-K8[ns]	29	5120	0	512	GENERIC	8.43622
create-batch-K8-total[ms]	29	5120	0	512	GENERIC	22.11505
create-batch-K8[ns]	29	5120	0	512	CLMUL	3.54799
create-batch-K8-total[ms]	29	5120	0	512	CLMUL	9.30084
create-batch-K8[ns]	29	5120	0	512	CLMUL_TRI	4.38378
create-batch-K8-total[ms]	29	5120	0	512	CLMUL_TRI	11.49181
create-batch-K1[ns]	29	5120	0	1024	GENERIC	7.81366
create-batch-K1-total[ms]	29	5120	0	1024	GENERIC	40.96611
create-batch-K1[ns]	29	5120	0	1024	CLMUL	17.41178
create-batch-K1-total[ms]	29	5120	0	1024	CLMUL	91.28789
create-batch-K1[ns]	29	5120	0	1024	CLMUL_TRI	20.58149
create-batch-K1-total[ms]	29	5120	0	1024	CLMUL_TRI	107.90626
create-batch-K2[ns]	29	5120	0	1024	GENERIC	6.23788
create-batch-K2-total[ms]	29	5120	0	1024	GENERIC	32.70446
create-batch-K2[ns]	29	5120	0	1024	CLMUL	8.67404
create-batch-K2-total[ms]	29	5120	0	1024	CLMUL	45.47697
create-batch-K2[ns]	29	5120	0	1024	CLMUL_TRI	10.51696
create-batch-K2-total[ms]	29	5120	0	1024	CLMUL_TRI	55.13918
create-batch-K4[ns]	29	5120	0	1024	GENERIC	7.53351
create-batch-K4-total[ms]	29	5120	0	1024	GENERIC	39.49729
create-batch-K4[ns]	29	5120	0	1024	CLMUL	5.25345
create-batch-K4-total[ms]	29	5120	0	1024	CLMUL	27.54319
create-batch-K4[ns]	29	5120	0	1024	CLMUL_TRI	6.30547
create-batch-K4-total[ms]	29	5120	0	1024	CLMUL_TRI	33.05883
create-batch-K8[ns]	29	5120	0	1024	GENERIC	8.43928
create-batch-K8-total[ms]	29	5120	0	1024	GENERIC	44.24615
create-batch-K8[ns]	29	5120	0	1024	CLMUL	3.55083
create-batch-K8-total[ms]	29	5120	0	1024	CLMUL	18.61656
create-batch-K8[ns]	29	5120	0	1024	CLMUL_TRI	4.38923
create-batch-K8-total[ms]	29	5120	0	1024	CLMUL_TRI	23.01221
create-batch-K1[ns]	29	5120	0	2048	GENERIC	7.81372
create-batch-K1-total[ms]	29	5120	0	2048	GENERIC	81.93280
create-batch-K1[ns]	29	5120	0	2048	CLMUL	17.39167
create-batch-K1-total[ms]	29	5120	0	2048	CLMUL	182.36491
create-batch-K1[ns]	29	5120	0	2048	CLMUL_TRI	20.58115
create-batch-K1-total[ms]	29	5120	0	2048	CLMUL_TRI	215.80904
create-batch-K2[ns]	29	5120	0	2048	GENERIC	6.24314
create-batch-K2-total[ms]	29	5120	0	2048	GENERIC	65.46405
create-batch-K2[ns]	29	5120	0	2048	CLMUL	8.64092
create-batch-K2-total[ms]	29	5120	0	2048	CLMUL	90.60657
create-batch-K2[ns]	29	5120	0	2048	CLMUL_TRI	10.51563
create-batch-K2-total[ms]	29	5120	0	2048	CLMUL_TRI	110.26436
create-batch-K4[ns]	29	5120	0	2048	GENERIC	7.53457
create-batch-K4-total[ms]	29	5120	0	2048	GENERIC	79.00567
create-batch-K4[ns]	29	5120	0	2048	CLMUL	5.19887
create-batch-K4-total[ms]	29	5120	0	2048	CLMUL	54.51415
create-batch-K4[ns]	29	5120	0	2048	CLMUL_TRI	6.25944
create-batch-K4-total[ms]	29	5120	0	2048	CLMUL_TRI	65.63497
create-batch-K8[ns]	29	5120	0	2048	GENERIC	8.43828
create-batch-K8-total[ms]	29	5120	0	2048	GENERIC	88.48180
create-batch-K8[ns]	29	5120	0	2048	CLMUL	3.54863
create-batch-K8-total[ms]	29	5120	0	2048	CLMUL	37.21007
create-batch-K8[ns]	29	5120	0	2048	CLMUL_TRI	4.38336
create-batch-K8-total[ms]	29	5120	0	2048	CLMUL_TRI	45.96288
create-batch-K1[ns]	29	5120	0	4096	GENERIC	7.81105
create-batch-K1-total[ms]	29	5120	0	4096	GENERIC	163.80961
create-batch-K1[ns]	29	5120	0	4096	CLMUL	17.39301
create-batch-K1-total[ms]	29	5120	0	4096	CLMUL	364.75783
create-batch-K1[ns]	29	5120	0	4096	CLMUL_TRI	20.58089
create-batch-K1-total[ms]	29	5120	0	4096	CLMUL_TRI	431.61253
create-batch-K2[ns]	29	5120	0	4096	GENERIC	6.24154
create-batch-K2-total[ms]	29	5120	0	4096	GENERIC	130.89456
create-batch-K2[ns]	29	5120	0	4096	CLMUL	8.68424
create-batch-K2-total[ms]	29	5120	0	4096	CLMUL	182.12167
create-batch-K2[ns]	29	5120	0	4096	CLMUL_TRI	10.51916
create-batch-K2-total[ms]	29	5120	0	4096	CLMUL_TRI	220.60281
create-batch-K4[ns]	29	5120	0	4096	GENERIC	7.53099
create-batch-K4-total[ms]	29	5120	0	4096	GENERIC	157.93639
create-batch-K4[ns]	29	5120	0	4096	CLMUL	5.20765
create-batch-K4-total[ms]	29	5120	0	4096	CLMUL	109.21233
create-batch-K4[ns]	29	5120	0	4096	CLMUL_TRI	6.24481
create-batch-K4-total[ms]	29	5120	0	4096	CLMUL_TRI	130.96310
create-batch-K8[ns]	29	5120	0	4096	GENERIC	8.43752
create-batch-K8-total[ms]	29	5120	0	4096	GENERIC	176.94756
create-batch-K8[ns]	29	5120	0	4096	CLMUL	3.54818
create-batch-K8-total[ms]	29	5120	0	4096	CLMUL	74.41081
create-batch-K8[ns]	29	5120	0	4096	CLMUL_TRI	4.38250
create-batch-K8-total[ms]	29	5120	0	4096	CLMUL_TRI	91.90768
create-batch-K1[ns]	29	5120	0	8192	GENERIC	7.81236
create-batch-K1-total[ms]	29	5120	0	8192	GENERIC	327.67404
create-batch-K1[ns]	29	5120	0	8192	CLMUL	17.40939
create-batch-K1-total[ms]	29	5120	0	8192	CLMUL	730.20281
create-batch-K1[ns]	29	5120	0	8192	CLMUL_TRI	20.58080
create-batch-K1-total[ms]	29	5120	0	8192	CLMUL_TRI	863.22126
create-batch-K2[ns]	29	5120	0	8192	GENERIC	6.24723
create-batch-K2-total[ms]	29	5120	0	8192	GENERIC	262.02800
create-batch-K2[ns]	29	5120	0	8192	CLMUL	8.68422
create-batch-K2-total[ms]	29	5120	0	8192	CLMUL	364.24275
create-batch-K2[ns]	29	5120	0	8192	CLMUL_TRI	10.51230
create-batch-K2-total[ms]	29	5120	0	8192	CLMUL_TRI	440.91774
create-batch-K4[ns]	29	5120	0	8192	GENERIC	7.53360
create-batch-K4-total[ms]	29	5120	0	8192	GENERIC	315.98215
create-batch-K4[ns]	29	5120	0	8192	CLMUL	5.23933
create-batch-K4-total[ms]	29	5120	0	8192	CLMUL	219.75349
create-batch-K4[ns]	29	5120	0	8192	CLMUL_TRI	6.25564
create-batch-K4-total[ms]	29	5120	0	8192	CLMUL_TRI	262.38061
create-batch-K8[ns]	29	5120	0	8192	GENERIC	8.43971
create-batch-K8-total[ms]	29	5120	0	8192	GENERIC	353.98730
create-batch-K8[ns]	29	5120	0	8192	CLMUL	3.54934
create-batch-K8-total[ms]	29	5120	0	8192	CLMUL	148.87004
create-batch-K8[ns]	29	5120	0	8192	CLMUL_TRI	4.38233
create-batch-K8-total[ms]	29	5120	0	8192	CLMUL_TRI	183.80806
create-batch-K1[ns]	29	6144	0	16	GENERIC	7.80604
create-batch-K1-total[ms]	29	6144	0	16	GENERIC	0.76736
create-batch-K1[ns]	29	6144	0	16	CLMUL	17.31808
create-batch-K1-total[ms]	29	6144	0	16	CLMUL	1.70244
create-batch-K1[ns]	29	6144	0	16	CLMUL_TRI	20.55799
create-batch-K1-total[ms]	29	6144	0	16	CLMUL_TRI	2.02093
create-batch-K2[ns]	29	6144	0	16	GENERIC	6.23950
create-batch-K2-total[ms]	29	6144	0	16	GENERIC	0.61337
create-batch-K2[ns]	29	6144	0	16	CLMUL	8.60712
create-batch-K2-total[ms]	29	6144	0	16	CLMUL	0.84611
create-batch-K2[ns]	29	6144	0	16	CLMUL_TRI	10.47630
create-batch-K2-total[ms]	29	6144	0	16	CLMUL_TRI	1.02986
create-batch-K4[ns]	29	6144	0	16	GENERIC	7.52122
create-batch-K4-total[ms]	29	6144	0	16	GENERIC	0.73937
create-batch-K4[ns]	29	6144	0	16	CLMUL	5.26930
create-batch-K4-total[ms]	29	6144	0	16	CLMUL	0.51799
create-batch-K4[ns]	29	6144	0	16	CLMUL_TRI	6.21279
create-batch-K4-total[ms]	29	6144	0	16	CLMUL_TRI	0.61074
create-batch-K8[ns]	29	6144	0	16	GENERIC	8.42317
create-batch-K8-total[ms]	29	6144	0	16	GENERIC	0.82803
create-batch-K8[ns]	29	6144	0	16	CLMUL	3.54847
create-batch-K8-total[ms]	29	6144	0	16	CLMUL	0.34883
create-batch-K8[ns]	29	6144	0	16	CLMUL_TRI	4.38218
create-batch-K8-total[ms]	29	6144	0	16	CLMUL_TRI	0.43079
create-batch-K1[ns]	29	6144	0	64	GENERIC	7.80382
create-batch-K1-total[ms]	29	6144	0	64	GENERIC	3.06859
create-batch-K1[ns]	29	6144	0	64	CLMUL	17.30770
create-batch-K1-total[ms]	29	6144	0	64	CLMUL	6.80566
create-batch-K1[ns]	29	6144	0	64	CLMUL_TRI	20.57728
create-batch-K1-total[ms]	29	6144	0	64	CLMUL_TRI	8.09131
create-batch-K2[ns]	29	6144	0	64	GENERIC	6.23356
create-batch-K2-total[ms]	29	6144	0	64	GENERIC	2.45114
create-batch-K2[ns]	29	6144	0	64	CLMUL	8.65014
create-batch-K2-total[ms]	29	6144	0	64	CLMUL	3.40137
create-batch-K2[ns]	29	6144	0	64	CLMUL_TRI	10.50449
create-batch-K2-total[ms]	29	6144	0	64	CLMUL_TRI	4.13053
create-batch-K4[ns]	29	6144	0	64	GENERIC	7.53309
create-batch-K4-total[ms]	29	6144	0	64	GENERIC	2.96213
create-batch-K4[ns]	29	6144	0	64	CLMUL	5.26782
create-batch-K4-total[ms]	29	6144	0	64	CLMUL	2.07139
create-batch-K4[ns]	29	6144	0	64	CLMUL_TRI	6.24024
create-batch-K4-total[ms]	29	6144	0	64	CLMUL_TRI	2.45376
create-batch-K8[ns]	29	6144	0	64	GENERIC	8.42836
create-batch-K8-total[ms]	29	6144	0	64	GENERIC	3.31417
create-batch-K8[ns]	29	6144	0	64	CLMUL	3.54773
create-batch-K8-total[ms]	29	6144	0	64	CLMUL	1.39502
create-batch-K8[ns]	29	6144	0	64	CLMUL_TRI	4.38293
create-batch-K8-total[ms]	29	6144	0	64	CLMUL_TRI	1.72344
create-batch-K1[ns]	29	6144	0	128	GENERIC	7.81049
create-batch-K1-total[ms]	29	6144	0	128	GENERIC	6.14242
create-batch-K1[ns]	29	6144	0	128	CLMUL	17.37112
create-batch-K1-total[ms]	29	6144	0	128	CLMUL	13.66120
create-batch-K1[ns]	29	6144	0	128	CLMUL_TRI	20.57617
create-batch-K1-total[ms]	29	6144	0	128	CLMUL_TRI	16.18175
create-batch-K2[ns]	29	6144	0	128	GENERIC	6.23838
create-batch-K2-total[ms]	29	6144	0	128	GENERIC	4.90606
create-batch-K2[ns]	29	6144	0	128	CLMUL	8.67499
create-batch-K2-total[ms]	29	6144	0	128	CLMUL	6.82229
create-batch-K2[ns]	29	6144	0	128	CLMUL_TRI	10.51784
create-batch-K2-total[ms]	29	6144	0	128	CLMUL_TRI	8.27156
create-batch-K4[ns]	29	6144	0	128	GENERIC	7.53123
create-batch-K4-total[ms]	29	6144	0	128	GENERIC	5.92280
create-batch-K4[ns]	29	6144	0	128	CLMUL	5.27561
create-batch-K4-total[ms]	29	6144	0	128	CLMUL	4.14891
create-batch-K4[ns]	29	6144	0	128	CLMUL_TRI	6.27287
create-batch-K4-total[ms]	29	6144	0	128	CLMUL_TRI	4.93319
create-batch-K8[ns]	29	6144	0	128	GENERIC	8.42910
create-batch-K8-total[ms]	29	6144	0	128	GENERIC	6.62892
create-batch-K8[ns]	29	6144	0	128	CLMUL	3.54958
create-batch-K8-total[ms]	29	6144	0	128	CLMUL	2.79151
create-batch-K8[ns]	29	6144	0	128	CLMUL_TRI	4.38738
create-batch-K8-total[ms]	29	6144	0	128	CLMUL_TRI	3.45037
create-batch-K1[ns]	29	6144	0	512	GENERIC	7.81207
create-batch-K1-total[ms]	29	6144	0	512	GENERIC	24.57465
create-batch-K1[ns]	29	6144	0	512	CLMUL	17.24270
create-batch-K1-total[ms]	29	6144	0	512	CLMUL	54.24086
create-batch-K1[ns]	29	6144	0	512	CLMUL_TRI	20.57978
create-batch-K1-total[ms]	29	6144	0	512	CLMUL_TRI	64.73839
create-batch-K2[ns]	29	6144	0	512	GENERIC	6.23625
create-batch-K2-total[ms]	29	6144	0	512	GENERIC	19.61754
create-batch-K2[ns]	29	6144	0	512	CLMUL	8.66813
create-batch-K2-total[ms]	29	6144	0	512	CLMUL	27.26757
create-batch-K2[ns]	29	6144	0	512	CLMUL_TRI	10.51459
create-batch-K2-total[ms]	29	6144	0	512	CLMUL_TRI	33.07604
create-batch-K4[ns]	29	6144	0	512	GENERIC	7.52789
create-batch-K4-total[ms]	29	6144	0	512	GENERIC	23.68070
create-batch-K4[ns]	29	6144	0	512	CLMUL	5.27755
create-batch-K4-total[ms]	29	6144	0	512	CLMUL	16.60175
create-batch-K4[ns]	29	6144	0	512	CLMUL_TRI	6.28085
create-batch-K4-total[ms]	29	6144	0	512	CLMUL_TRI	19.75784
create-batch-K8[ns]	29	6144	0	512	GENERIC	8.43532
create-batch-K8-total[ms]	29	6144	0	512	GENERIC	26.53521
create-batch-K8[ns]	29	6144	0	512	CLMUL	3.55116
create-batch-K8-total[ms]	29	6144	0	512	CLMUL	11.17098
create-batch-K8[ns]	29	6144	0	512	CLMUL_TRI	4.38339
create-batch-K8-total[ms]	29	6144	0	512	CLMUL_TRI	13.78895
create-batch-K1[ns]	29	6144	0	1024	GENERIC	7.81110
create-batch-K1-total[ms]	29	6144	0	1024	GENERIC	49.14317
create-batch-K1[ns]	29	6144	0	1024	CLMUL	17.36653
create-batch-K1-total[ms]	29	6144	0	1024	CLMUL	109.26075
create-batch-K1[ns]	29	6144	0	1024	CLMUL_TRI	20.58609
create-batch-K1-total[ms]	29	6144	0	1024	CLMUL_TRI	129.51645
create-batch-K2[ns]	29	6144	0	1024	GENERIC	6.23977
create-batch-K2-total[ms]	29	6144	0	1024	GENERIC	39.25726
create-batch-K2[ns]	29	6144	0	1024	CLMUL	8.67856
create-batch-K2-total[ms]	29	6144	0	1024	CLMUL	54.60077
create-batch-K2[ns]	29	6144	0	1024	CLMUL_TRI	10.51751
create-batch-K2-total[ms]	29	6144	0	1024	CLMUL_TRI	66.17046
create-batch-K4[ns]	29	6144	0	1024	GENERIC	7.53614
create-batch-K4-total[ms]	29	6144	0	1024	GENERIC	47.41332
create-batch-K4[ns]	29	6144	0	1024	CLMUL	5.19369
create-batch-K4-total[ms]	29	6144	0	1024	CLMUL	32.67588
create-batch-K4[ns]	29	6144	0	1024	CLMUL_TRI	6.27083
create-batch-K4-total[ms]	29	6144	0	1024	CLMUL_TRI	39.45267
create-batch-K8[ns]	29	6144	0	1024	GENERIC	8.43680
create-batch-K8-total[ms]	29	6144	0	1024	GENERIC	53.07975
create-batch-K8[ns]	29	6144	0	1024	CLMUL	3.55422
create-batch-K8-total[ms]	29	6144	0	1024	CLMUL	22.36122
create-batch-K8[ns]	29	6144	0	1024	CLMUL_TRI	4.38371
create-batch-K8-total[ms]	29	6144	0	1024	CLMUL_TRI	27.57994
create-batch-K1[ns]	29	6144	0	2048	GENERIC	7.81284
create-batch-K1-total[ms]	29	6144	0	2048	GENERIC	98.30822
create-batch-K1[ns]	29	6144	0	2048	CLMUL	17.38051
create-batch-K1-total[ms]	29	6144	0	2048	CLMUL	218.69737
create-batch-K1[ns]	29	6144	0	2048	CLMUL_TRI	20.58031
create-batch-K1-total[ms]	29	6144	0	2048	CLMUL_TRI	258.96028
create-batch-K2[ns]	29	6144	0	2048	GENERIC	6.24181
create-batch-K2-total[ms]	29	6144	0	2048	GENERIC	78.54018
create-batch-K2[ns]	29	6144	0	2048	CLMUL	8.68741
create-batch-K2-total[ms]	29	6144	0	2048	CLMUL	109.31296
create-batch-K2[ns]	29	6144	0	2048	CLMUL_TRI	10.51570
create-batch-K2-total[ms]	29	6144	0	2048	CLMUL_TRI	132.31817
create-batch-K4[ns]	29	6144	0	2048	GENERIC	7.53216
create-batch-K4-total[ms]	29	6144	0	2048	GENERIC	94.77647
create-batch-K4[ns]	29	6144	0	2048	CLMUL	5.21689
create-batch-K4-total[ms]	29	6144	0	2048	CLMUL	65.64372
create-batch-K4[ns]	29	6144	0	2048	CLMUL_TRI	6.28567
create-batch-K4-total[ms]	29	6144	0	2048	CLMUL_TRI	79.09200
create-batch-K8[ns]	29	6144	0	2048	GENERIC	8.43552
create-batch-K8-total[ms]	29	6144	0	2048	GENERIC	106.14346
create-batch-K8[ns]	29	6144	0	2048	CLMUL	3.55213
create-batch-K8-total[ms]	29	6144	0	2048	CLMUL	44.69619
create-batch-K8[ns]	29	6144	0	2048	CLMUL_TRI	4.38358
create-batch-K8-total[ms]	29	6144	0	2048	CLMUL_TRI	55.15814
create-batch-K1[ns]	29	6144	0	4096	GENERIC	7.81222
create-batch-K1-total[ms]	29	6144	0	4096	GENERIC	196.60099
create-batch-K1[ns]	29	6144	0	4096	CLMUL	17.37632
create-batch-K1-total[ms]	29	6144	0	4096	CLMUL	437.28946
create-batch-K1[ns]	29	6144	0	4096	CLMUL_TRI	20.58132
create-batch-K1-total[ms]	29	6144	0	4096	CLMUL_TRI	517.94594
create-batch-K2[ns]	29	6144	0	4096	GENERIC	6.23835
create-batch-K2-total[ms]	29	6144	0	4096	GENERIC	156.99315
create-batch-K2[ns]	29	6144	0	4096	CLMUL	8.69233
create-batch-K2-total[ms]	29	6144	0	4096	CLMUL	218.74958
create-batch-K2[ns]	29	6144	0	4096	CLMUL_TRI	10.51769
create-batch-K2-total[ms]	29	6144	0	4096	CLMUL_TRI	264.68621
create-batch-K4[ns]	29	6144	0	4096	GENERIC	7.53107
create-batch-K4-total[ms]	29	6144	0	4096	GENERIC	189.52553
create-batch-K4[ns]	29	6144	0	4096	CLMUL	5.20842
create-batch-K4-total[ms]	29	6144	0	4096	CLMUL	131.07422
create-batch-K4[ns]	29	6144	0	4096	CLMUL_TRI	6.27838
create-batch-K4-total[ms]	29	6144	0	4096	CLMUL_TRI	158.00055
create-batch-K8[ns]	29	6144	0	4096	GENERIC	8.43980
create-batch-K8-total[ms]	29	6144	0	4096	GENERIC	212.39453
create-batch-K8[ns]	29	6144	0	4096	CLMUL	3.54977
create-batch-K8-total[ms]	29	6144	0	4096	CLMUL	89.33288
create-batch-K8[ns]	29	6144	0	4096	CLMUL_TRI	4.38581
create-batch-K8-total[ms]	29	6144	0	4096	CLMUL_TRI	110.37257
create-batch-K1[ns]	29	6144	0	8192	GENERIC	7.81051
create-batch-K1-total[ms]	29	6144	0	8192	GENERIC	393.11593
create-batch-K1[ns]	29	6144	0	8192	CLMUL	17.33871
create-batch-K1-total[ms]	29	6144	0	8192	CLMUL	872.68573
create-batch-K1[ns]	29	6144	0	8192	CLMUL_TRI	20.58683
create-batch-K1-total[ms]	29	6144	0	8192	CLMUL_TRI	1036.16925
create-batch-K2[ns]	29	6144	0	8192	GENERIC	6.23715
create-batch-K2-total[ms]	29	6144	0	8192	GENERIC	313.92622
create-batch-K2[ns]	29	6144	0	8192	CLMUL	8.68569
create-batch-K2-total[ms]	29	6144	0	8192	CLMUL	437.16492
create-batch-K2[ns]	29	6144	0	8192	CLMUL_TRI	10.51971
create-batch-K2-total[ms]	29	6144	0	8192	CLMUL_TRI	529.47450
create-batch-K4[ns]	29	6144	0	8192	GENERIC	7.53585
create-batch-K4-total[ms]	29	6144	0	8192	GENERIC	379.29168
create-batch-K4[ns]	29	6144	0	8192	CLMUL	5.19030
create-batch-K4-total[ms]	29	6144	0	8192	CLMUL	261.23613
create-batch-K4[ns]	29	6144	0	8192	CLMUL_TRI	6.26311
create-batch-K4-total[ms]	29	6144	0	8192	CLMUL_TRI	315.23257
create-batch-K8[ns]	29	6144	0	8192	GENERIC	8.43719
create-batch-K8-total[ms]	29	6144	0	8192	GENERIC	424.65753
create-batch-K8[ns]	29	6144	0	8192	CLMUL	3.55176
create-batch-K8-total[ms]	29	6144	0	8192	CLMUL	178.76608
create-batch-K8[ns]	29	6144	0	8192	CLMUL_TRI	4.38366
create-batch-K8-total[ms]	29	6144	0	8192	CLMUL_TRI	220.63693
create-batch-K1[ns]	29	7168	0	16	GENERIC	7.79714
create-batch-K1-total[ms]	29	7168	0	16	GENERIC	0.89424
create-batch-K1[ns]	29	7168	0	16	CLMUL	17.31596
create-batch-K1-total[ms]	29	7168	0	16	CLMUL	1.98593
create-batch-K1[ns]	29	7168	0	16	CLMUL_TRI	20.55587
create-batch-K1-total[ms]	29	7168	0	16	CLMUL_TRI	2.35751
create-batch-K2[ns]	29	7168	0	16	GENERIC	6.22804
create-batch-K2-total[ms]	29	7168	0	16	GENERIC	0.71428
create-batch-K2[ns]	29	7168	0	16	CLMUL	8.56008
create-batch-K2-total[ms]	29	7168	0	16	CLMUL	0.98174
create-batch-K2[ns]	29	7168	0	16	CLMUL_TRI	10.46232
create-batch-K2-total[ms]	29	7168	0	16	CLMUL_TRI	1.19990
create-batch-K4[ns]	29	7168	0	16	GENERIC	7.51995
create-batch-K4-total[ms]	29	7168	0	16	GENERIC	0.86245
create-batch-K4[ns]	29	7168	0	16	CLMUL	5.20572
create-batch-K4-total[ms]	29	7168	0	16	CLMUL	0.59703
create-batch-K4[ns]	29	7168	0	16	CLMUL_TRI	6.10598
create-batch-K4-total[ms]	29	7168	0	16	CLMUL_TRI	0.70028
create-batch-K8[ns]	29	7168	0	16	GENERIC	8.42275
create-batch-K8-total[ms]	29	7168	0	16	GENERIC	0.96599
create-batch-K8[ns]	29	7168	0	16	CLMUL	3.54508
create-batch-K8-total[ms]	29	7168	0	16	CLMUL	0.40658
create-batch-K8[ns]	29	7168	0	16	CLMUL_TRI	4.37414
create-batch-K8-total[ms]	29	7168	0	16	CLMUL_TRI	0.50166
create-batch-K1[ns]	29	7168	0	64	GENERIC	7.80287
create-batch-K1-total[ms]	29	7168	0	64	GENERIC	3.57958
create-batch-K1[ns]	29	7168	0	64	CLMUL	17.44439
create-batch-K1-total[ms]	29	7168	0	64	CLMUL	8.00265
create-batch-K1[ns]	29	7168	0	64	CLMUL_TRI	20.57431
create-batch-K1-total[ms]	29	7168	0	64	CLMUL_TRI	9.43851
create-batch-K2[ns]	29	7168	0	64	GENERIC	6.22106
create-batch-K2-total[ms]	29	7168	0	64	GENERIC	2.85392
create-batch-K2[ns]	29	7168	0	64	CLMUL	8.62429
create-batch-K2-total[ms]	29	7168	0	64	CLMUL	3.95641
create-batch-K2[ns]	29	7168	0	64	CLMUL_TRI	10.51190
create-batch-K2-total[ms]	29	7168	0	64	CLMUL_TRI	4.82235
create-batch-K4[ns]	29	7168	0	64	GENERIC	7.53012
create-batch-K4-total[ms]	29	7168	0	64	GENERIC	3.45446
create-batch-K4[ns]	29	7168	0	64	CLMUL	5.19555
create-batch-K4-total[ms]	29	7168	0	64	CLMUL	2.38347
create-batch-K4[ns]	29	7168	0	64	CLMUL_TRI	5.92415
create-batch-K4-total[ms]	29	7168	0	64	CLMUL_TRI	2.71772
create-batch-K8[ns]	29	7168	0	64	GENERIC	8.43292
create-batch-K8-total[ms]	29	7168	0	64	GENERIC	3.86862
create-batch-K8[ns]	29	7168	0	64	CLMUL	3.54635
create-batch-K8-total[ms]	29	7168	0	64	CLMUL	1.62690
create-batch-K8[ns]	29	7168	0	64	CLMUL_TRI	4.38240
create-batch-K8-total[ms]	29	7168	0	64	CLMUL_TRI	2.01043
create-batch-K1[ns]	29	7168	0	128	GENERIC	7.80922
create-batch-K1-total[ms]	29	7168	0	128	GENERIC	7.16499
create-batch-K1[ns]	29	7168	0	128	CLMUL	17.37382
create-batch-K1-total[ms]	29	7168	0	128	CLMUL	15.94055
create-batch-K1[ns]	29	7168	0	128	CLMUL_TRI	20.58130
create-batch-K1-total[ms]	29	7168	0	128	CLMUL_TRI	18.88343
create-batch-K2[ns]	29	7168	0	128	GENERIC	6.22519
create-batch-K2-total[ms]	29	7168	0	128	GENERIC	5.71164
create-batch-K2[ns]	29	7168	0	128	CLMUL	8.63923
create-batch-K2-total[ms]	29	7168	0	128	CLMUL	7.92652
create-batch-K2[ns]	29	7168	0	128	CLMUL_TRI	10.51794
create-batch-K2-total[ms]	29	7168	0	128	CLMUL_TRI	9.65025
create-batch-K4[ns]	29	7168	0	128	GENERIC	7.52535
create-batch-K4-total[ms]	29	7168	0	128	GENERIC	6.90454
create-batch-K4[ns]	29	7168	0	128	CLMUL	5.14533
create-batch-K4-total[ms]	29	7168	0	128	CLMUL	4.72086
create-batch-K4[ns]	29	7168	0	128	CLMUL_TRI	5.90826
create-batch-K4-total[ms]	29	7168	0	128	CLMUL_TRI	5.42085
create-batch-K8[ns]	29	7168	0	128	GENERIC	8.42910
create-batch-K8-total[ms]	29	7168	0	128	GENERIC	7.73374
create-batch-K8[ns]	29	7168	0	128	CLMUL	3.54762
create-batch-K8-total[ms]	29	7168	0	128	CLMUL	3.25496
create-batch-K8[ns]	29	7168	0	128	CLMUL_TRI	4.38271
create-batch-K8-total[ms]	29	7168	0	128	CLMUL_TRI	4.02116
create-batch-K1[ns]	29	7168	0	512	GENERIC	7.81034
create-batch-K1-total[ms]	29	7168	0	512	GENERIC	28.66406
create-batch-K1[ns]	29	7168	0	512	CLMUL	17.37740
create-batch-K1-total[ms]	29	7168	0	512	CLMUL	63.77532
create-batch-K1[ns]	29	7168	0	512	CLMUL_TRI	20.57948
create-batch-K1-total[ms]	29	7168	0	512	CLMUL_TRI	75.52701
create-batch-K2[ns]	29	7168	0	512	GENERIC	6.23942
create-batch-K2-total[ms]	29	7168	0	512	GENERIC	22.89875
create-batch-K2[ns]	29	7168	0	512	CLMUL	8.67030
create-batch-K2-total[ms]	29	7168	0	512	CLMUL	31.82014
create-batch-K2[ns]	29	7168	0	512	CLMUL_TRI	10.51492
create-batch-K2-total[ms]	29	7168	0	512	CLMUL_TRI	38.58993
create-batch-K4[ns]	29	7168	0	512	GENERIC	7.53067
create-batch-K4-total[ms]	29	7168	0	512	GENERIC	27.63769
create-batch-K4[ns]	29	7168	0	512	CLMUL	5.24983
create-batch-K4-total[ms]	29	7168	0	512	CLMUL	19.26697
create-batch-K4[ns]	29	7168	0	512	CLMUL_TRI	6.28662
create-batch-K4-total[ms]	29	7168	0	512	CLMUL_TRI	23.07200
create-batch-K8[ns]	29	7168	0	512	GENERIC	8.43276
create-batch-K8-total[ms]	29	7168	0	512	GENERIC	30.94836
create-batch-K8[ns]	29	7168	0	512	CLMUL	3.55128
create-batch-K8-total[ms]	29	7168	0	512	CLMUL	13.03325
create-batch-K8[ns]	29	7168	0	512	CLMUL_TRI	4.38724
create-batch-K8-total[ms]	29	7168	0	512	CLMUL_TRI	16.10126
create-batch-K1[ns]	29	7168	0	1024	GENERIC	7.81216
create-batch-K1-total[ms]	29	7168	0	1024	GENERIC	57.34153
create-batch-K1[ns]	29	7168	0	1024	CLMUL	17.43676
create-batch-K1-total[ms]	29	7168	0	1024	CLMUL	127.98639
create-batch-K1[ns]	29	7168	0	1024	CLMUL_TRI	20.58270
create-batch-K1-total[ms]	29	7168	0	1024	CLMUL_TRI	151.07764
create-batch-K2[ns]	29	7168	0	1024	GENERIC	6.23846
create-batch-K2-total[ms]	29	7168	0	1024	GENERIC	45.79051
create-batch-K2[ns]	29	7168	0	1024	CLMUL	8.63017
create-batch-K2-total[ms]	29	7168	0	1024	CLMUL	63.34570
create-batch-K2[ns]	29	7168	0	1024	CLMUL_TRI	10.51894
create-batch-K2-total[ms]	29	7168	0	1024	CLMUL_TRI	77.20932
create-batch-K4[ns]	29	7168	0	1024	GENERIC	7.53131
create-batch-K4-total[ms]	29	7168	0	1024	GENERIC	55.28005
create-batch-K4[ns]	29	7168	0	1024	CLMUL	5.26048
create-batch-K4-total[ms]	29	7168	0	1024	CLMUL	38.61210
create-batch-K4[ns]	29	7168	0	1024	CLMUL_TRI	6.29147
create-batch-K4-total[ms]	29	7168	0	1024	CLMUL_TRI	46.17959
create-batch-K8[ns]	29	7168	0	1024	GENERIC	8.43169
create-batch-K8-total[ms]	29	7168	0	1024	GENERIC	61.88885
create-batch-K8[ns]	29	7168	0	1024	CLMUL	3.55211
create-batch-K8-total[ms]	29	7168	0	1024	CLMUL	26.07263
create-batch-K8[ns]	29	7168	0	1024	CLMUL_TRI	4.38776
create-batch-K8-total[ms]	29	7168	0	1024	CLMUL_TRI	32.20630
create-batch-K1[ns]	29	7168	0	2048	GENERIC	7.81099
create-batch-K1-total[ms]	29	7168	0	2048	GENERIC	114.66585
create-batch-K1[ns]	29	7168	0	2048	CLMUL	17.43106
create-batch-K1-total[ms]	29	7168	0	2048	CLMUL	255.88907
create-batch-K1[ns]	29	7168	0	2048	CLMUL_TRI	20.58202
create-batch-K1-total[ms]	29	7168	0	2048	CLMUL_TRI	302.14537
create-batch-K2[ns]	29	7168	0	2048	GENERIC	6.23914
create-batch-K2-total[ms]	29	7168	0	2048	GENERIC	91.59093
create-batch-K2[ns]	29	7168	0	2048	CLMUL	8.66770
create-batch-K2-total[ms]	29	7168	0	2048	CLMUL	127.24236
create-batch-K2[ns]	29	7168	0	2048	CLMUL_TRI	10.51874
create-batch-K2-total[ms]	29	7168	0	2048	CLMUL_TRI	154.41572
create-batch-K4[ns]	29	7168	0	2048	GENERIC	7.53604
create-batch-K4-total[ms]	29	7168	0	2048	GENERIC	110.62952
create-batch-K4[ns]	29	7168	0	2048	CLMUL	5.22531
create-batch-K4-total[ms]	29	7168	0	2048	CLMUL	76.70795
create-batch-K4[ns]	29	7168	0	2048	CLMUL_TRI	6.29801
create-batch-K4-total[ms]	29	7168	0	2048	CLMUL_TRI	92.45513
create-batch-K8[ns]	29	7168	0	2048	GENERIC	8.43389
create-batch-K8-total[ms]	29	7168	0	2048	GENERIC	123.81007
create-batch-K8[ns]	29	7168	0	2048	CLMUL	3.55319
create-batch-K8-total[ms]	29	7168	0	2048	CLMUL	52.16101
create-batch-K8[ns]	29	7168	0	2048	CLMUL_TRI	4.38772
create-batch-K8-total[ms]	29	7168	0	2048	CLMUL_TRI	64.41202
create-batch-K1[ns]	29	7168	0	4096	GENERIC	7.80799
create-batch-K1-total[ms]	29	7168	0	4096	GENERIC	229.24362
create-batch-K1[ns]	29	7168	0	4096	CLMUL	17.36416
create-batch-K1-total[ms]	29	7168	0	4096	CLMUL	509.81409
create-batch-K1[ns]	29	7168	0	4096	CLMUL_TRI	20.58307
create-batch-K1-total[ms]	29	7168	0	4096	CLMUL_TRI	604.32164
create-batch-K2[ns]	29	7168	0	4096	GENERIC	6.23924
create-batch-K2-total[ms]	29	7168	0	4096	GENERIC	183.18478
create-batch-K2[ns]	29	7168	0	4096	CLMUL	8.67483
create-batch-K2-total[ms]	29	7168	0	4096	CLMUL	254.69413
create-batch-K2[ns]	29	7168	0	4096	CLMUL_TRI	10.51788
create-batch-K2-total[ms]	29	7168	0	4096	CLMUL_TRI	308.80636
create-batch-K4[ns]	29	7168	0	4096	GENERIC	7.53239
create-batch-K4-total[ms]	29	7168	0	4096	GENERIC	221.15201
create-batch-K4[ns]	29	7168	0	4096	CLMUL	5.20891
create-batch-K4-total[ms]	29	7168	0	4096	CLMUL	152.93437
create-batch-K4[ns]	29	7168	0	4096	CLMUL_TRI	6.12813
create-batch-K4-total[ms]	29	7168	0	4096	CLMUL_TRI	179.92282
create-batch-K8[ns]	29	7168	0	4096	GENERIC	8.43364
create-batch-K8-total[ms]	29	7168	0	4096	GENERIC	247.61284
create-batch-K8[ns]	29	7168	0	4096	CLMUL	3.55133
create-batch-K8-total[ms]	29	7168	0	4096	CLMUL	104.26748
create-batch-K8[ns]	29	7168	0	4096	CLMUL_TRI	4.38680
create-batch-K8-total[ms]	29	7168	0	4096	CLMUL_TRI	128.79692
create-batch-K1[ns]	29	7168	0	8192	GENERIC	7.81012
create-batch-K1-total[ms]	29	7168	0	8192	GENERIC	458.61206
create-batch-K1[ns]	29	7168	0	8192	CLMUL	17.37426
create-batch-K1-total[ms]	29	7168	0	8192	CLMUL	1020.22083
create-batch-K1[ns]	29	7168	0	8192	CLMUL_TRI	20.58490
create-batch-K1-total[ms]	29	7168	0	8192	CLMUL_TRI	1208.75033
create-batch-K2[ns]	29	7168	0	8192	GENERIC	6.23801
create-batch-K2-total[ms]	29	7168	0	8192	GENERIC	366.29752
create-batch-K2[ns]	29	7168	0	8192	CLMUL	8.66837
create-batch-K2-total[ms]	29	7168	0	8192	CLMUL	509.00880
create-batch-K2[ns]	29	7168	0	8192	CLMUL_TRI	10.51734
create-batch-K2-total[ms]	29	7168	0	8192	CLMUL_TRI	617.58094
create-batch-K4[ns]	29	7168	0	8192	GENERIC	7.53192
create-batch-K4-total[ms]	29	7168	0	8192	GENERIC	442.27631
create-batch-K4[ns]	29	7168	0	8192	CLMUL	5.27768
create-batch-K4-total[ms]	29	7168	0	8192	CLMUL	309.90652
create-batch-K4[ns]	29	7168	0	8192	CLMUL_TRI	6.07687
create-batch-K4-total[ms]	29	7168	0	8192	CLMUL_TRI	356.83509
create-batch-K8[ns]	29	7168	0	8192	GENERIC	8.43561
create-batch-K8-total[ms]	29	7168	0	8192	GENERIC	495.34118
create-batch-K8[ns]	29	7168	0	8192	CLMUL	3.55108
create-batch-K8-total[ms]	29	7168	0	8192	CLMUL	208.52038
create-batch-K8[ns]	29	7168	0	8192	CLMUL_TRI	4.38680
create-batch-K8-total[ms]	29	7168	0	8192	CLMUL_TRI	257.59413
create-batch-K1[ns]	29	8192	0	16	GENERIC	7.80160
create-batch-K1-total[ms]	29	8192	0	16	GENERIC	1.02257
create-batch-K1[ns]	29	8192	0	16	CLMUL	17.39004
create-batch-K1-total[ms]	29	8192	0	16	CLMUL	2.27935
create-batch-K1[ns]	29	8192	0	16	CLMUL_TRI	20.55650
create-batch-K1-total[ms]	29	8192	0	16	CLMUL_TRI	2.69438
create-batch-K2[ns]	29	8192	0	16	GENERIC	6.23282
create-batch-K2-total[ms]	29	8192	0	16	GENERIC	0.81695
create-batch-K2[ns]	29	8192	0	16	CLMUL	8.56706
create-batch-K2-total[ms]	29	8192	0	16	CLMUL	1.12290
create-batch-K2[ns]	29	8192	0	16	CLMUL_TRI	10.49855
create-batch-K2-total[ms]	29	8192	0	16	CLMUL_TRI	1.37607
create-batch-K4[ns]	29	8192	0	16	GENERIC	7.51900
create-batch-K4-total[ms]	29	8192	0	16	GENERIC	0.98553
create-batch-K4[ns]	29	8192	0	16	CLMUL	5.25372
create-batch-K4-total[ms]	29	8192	0	16	CLMUL	0.68862
create-batch-K4[ns]	29	8192	0	16	CLMUL_TRI	6.21056
create-batch-K4-total[ms]	29	8192	0	16	CLMUL_TRI	0.81403
create-batch-K8[ns]	29	8192	0	16	GENERIC	8.42020
create-batch-K8-total[ms]	29	8192	0	16	GENERIC	1.10365
create-batch-K8[ns]	29	8192	0	16	CLMUL	3.54698
create-batch-K8-total[ms]	29	8192	0	16	CLMUL	0.46491
create-batch-K8[ns]	29	8192	0	16	CLMUL_TRI	4.38144
create-batch-K8-total[ms]	29	8192	0	16	CLMUL_TRI	0.57428
create-batch-K1[ns]	29	8192	0	64	GENERIC	7.80771
create-batch-K1-total[ms]	29	8192	0	64	GENERIC	4.09349
create-batch-K1[ns]	29	8192	0	64	CLMUL	17.34608
create-batch-K1-total[ms]	29	8192	0	64	CLMUL	9.09434
create-batch-K1[ns]	29	8192	0	64	CLMUL_TRI	20.57431
create-batch-K1-total[ms]	29	8192	0	64	CLMUL_TRI	10.78686
create-batch-K2[ns]	29	8192	0	64	GENERIC	6.23504
create-batch-K2-total[ms]	29	8192	0	64	GENERIC	3.26896
create-batch-K2[ns]	29	8192	0	64	CLMUL	8.63939
create-batch-K2-total[ms]	29	8192	0	64	CLMUL	4.52953
create-batch-K2[ns]	29	8192	0	64	CLMUL_TRI	10.50968
create-batch-K2-total[ms]	29	8192	0	64	CLMUL_TRI	5.51010
create-batch-K4[ns]	29	8192	0	64	GENERIC	7.52901
create-batch-K4-total[ms]	29	8192	0	64	GENERIC	3.94737
create-batch-K4[ns]	29	8192	0	64	CLMUL	5.25484
create-batch-K4-total[ms]	29	8192	0	64	CLMUL	2.75505
create-batch-K4[ns]	29	8192	0	64	CLMUL_TRI	6.19499
create-batch-K4-total[ms]	29	8192	0	64	CLMUL_TRI	3.24796
create-batch-K8[ns]	29	8192	0	64	GENERIC	8.42743
create-batch-K8-total[ms]	29	8192	0	64	GENERIC	4.41840
create-batch-K8[ns]	29	8192	0	64	CLMUL	3.54699
create-batch-K8-total[ms]	29	8192	0	64	CLMUL	1.85964
create-batch-K8[ns]	29	8192	0	64	CLMUL_TRI	4.38144
create-batch-K8-total[ms]	29	8192	0	64	CLMUL_TRI	2.29714
create-batch-K1[ns]	29	8192	0	128	GENERIC	7.80883
create-batch-K1-total[ms]	29	8192	0	128	GENERIC	8.18815
create-batch-K1[ns]	29	8192	0	128	CLMUL	17.30325
create-batch-K1-total[ms]	29	8192	0	128	CLMUL	18.14377
create-batch-K1[ns]	29	8192	0	128	CLMUL_TRI	20.57876
create-batch-K1-total[ms]	29	8192	0	128	CLMUL_TRI	21.57840
create-batch-K2[ns]	29	8192	0	128	GENERIC	6.23616
create-batch-K2-total[ms]	29	8192	0	128	GENERIC	6.53908
create-batch-K2[ns]	29	8192	0	128	CLMUL	8.62131
create-batch-K2-total[ms]	29	8192	0	128	CLMUL	9.04009
create-batch-K2[ns]	29	8192	0	128	CLMUL_TRI	10.50606
create-batch-K2-total[ms]	29	8192	0	128	CLMUL_TRI	11.01640
create-batch-K4[ns]	29	8192	0	128	GENERIC	7.53067
create-batch-K4-total[ms]	29	8192	0	128	GENERIC	7.89648
create-batch-K4[ns]	29	8192	0	128	CLMUL	5.25901
create-batch-K4-total[ms]	29	8192	0	128	CLMUL	5.51447
create-batch-K4[ns]	29	8192	0	128	CLMUL_TRI	6.25785
create-batch-K4-total[ms]	29	8192	0	128	CLMUL_TRI	6.56183
create-batch-K8[ns]	29	8192	0	128	GENERIC	8.42827
create-batch-K8-total[ms]	29	8192	0	128	GENERIC	8.83768
create-batch-K8[ns]	29	8192	0	128	CLMUL	3.55060
create-batch-K8-total[ms]	29	8192	0	128	CLMUL	3.72308
create-batch-K8[ns]	29	8192	0	128	CLMUL_TRI	4.38589
create-batch-K8-total[ms]	29	8192	0	128	CLMUL_TRI	4.59894
create-batch-K1[ns]	29	8192	0	512	GENERIC	7.80876
create-batch-K1-total[ms]	29	8192	0	512	GENERIC	32.75230
create-batch-K1[ns]	29	8192	0	512	CLMUL	17.37390
create-batch-K1-total[ms]	29	8192	0	512	CLMUL	72.87142
create-batch-K1[ns]	29	8192	0	512	CLMUL_TRI	20.58210
create-batch-K1-total[ms]	29	8192	0	512	CLMUL_TRI	86.32758
create-batch-K2[ns]	29	8192	0	512	GENERIC	6.23637
create-batch-K2-total[ms]	29	8192	0	512	GENERIC	26.15721
create-batch-K2[ns]	29	8192	0	512	CLMUL	8.65183
create-batch-K2-total[ms]	29	8192	0	512	CLMUL	36.28842
create-batch-K2[ns]	29	8192	0	512	CLMUL_TRI	10.51760
create-batch-K2-total[ms]	29	8192	0	512	CLMUL_TRI	44.11403
create-batch-K4[ns]	29	8192	0	512	GENERIC	7.53144
create-batch-K4-total[ms]	29	8192	0	512	GENERIC	31.58914
create-batch-K4[ns]	29	8192	0	512	CLMUL	5.27834
create-batch-K4-total[ms]	29	8192	0	512	CLMUL	22.13897
create-batch-K4[ns]	29	8192	0	512	CLMUL_TRI	6.28066
create-batch-K4-total[ms]	29	8192	0	512	CLMUL_TRI	26.34300
create-batch-K8[ns]	29	8192	0	512	GENERIC	8.43042
create-batch-K8-total[ms]	29	8192	0	512	GENERIC	35.35976
create-batch-K8[ns]	29	8192	0	512	CLMUL	3.55116
create-batch-K8-total[ms]	29	8192	0	512	CLMUL	14.89465
create-batch-K8[ns]	29	8192	0	512	CLMUL_TRI	4.38687
create-batch-K8-total[ms]	29	8192	0	512	CLMUL_TRI	18.39985
create-batch-K1[ns]	29	8192	0	1024	GENERIC	7.80764
create-batch-K1-total[ms]	29	8192	0	1024	GENERIC	65.49526
create-batch-K1[ns]	29	8192	0	1024	CLMUL	17.42077
create-batch-K1-total[ms]	29	8192	0	1024	CLMUL	146.13599
create-batch-K1[ns]	29	8192	0	1024	CLMUL_TRI	20.58053
create-batch-K1-total[ms]	29	8192	0	1024	CLMUL_TRI	172.64204
create-batch-K2[ns]	29	8192	0	1024	GENERIC	6.24033
create-batch-K2-total[ms]	29	8192	0	1024	GENERIC	52.34768
create-batch-K2[ns]	29	8192	0	1024	CLMUL	8.67958
create-batch-K2-total[ms]	29	8192	0	1024	CLMUL	72.80958
create-batch-K2[ns]	29	8192	0	1024	CLMUL_TRI	10.51701
create-batch-K2-total[ms]	29	8192	0	1024	CLMUL_TRI	88.22310
create-batch-K4[ns]	29	8192	0	1024	GENERIC	7.52994
create-batch-K4-total[ms]	29	8192	0	1024	GENERIC	63.16575
create-batch-K4[ns]	29	8192	0	1024	CLMUL	5.28144
create-batch-K4-total[ms]	29	8192	0	1024	CLMUL	44.30390
create-batch-K4[ns]	29	8192	0	1024	CLMUL_TRI	6.27013
create-batch-K4-total[ms]	29	8192	0	1024	CLMUL_TRI	52.59763
create-batch-K8[ns]	29	8192	0	1024	GENERIC	8.43129
create-batch-K8-total[ms]	29	8192	0	1024	GENERIC	70.72682
create-batch-K8[ns]	29	8192	0	1024	CLMUL	3.55179
create-batch-K8-total[ms]	29	8192	0	1024	CLMUL	29.79454
create-batch-K8[ns]	29	8192	0	1024	CLMUL_TRI	4.38895
create-batch-K8-total[ms]	29	8192	0	1024	CLMUL_TRI	36.81720
create-batch-K1[ns]	29	8192	0	2048	GENERIC	7.80907
create-batch-K1-total[ms]	29	8192	0	2048	GENERIC	131.01444
create-batch-K1[ns]	29	8192	0	2048	CLMUL	17.41906
create-batch-K1-total[ms]	29	8192	0	2048	CLMUL	292.24341
create-batch-K1[ns]	29	8192	0	2048	CLMUL_TRI	20.58239
create-batch-K1-total[ms]	29	8192	0	2048	CLMUL_TRI	345.31528
create-batch-K2[ns]	29	8192	0	2048	GENERIC	6.23777
create-batch-K2-total[ms]	29	8192	0	2048	GENERIC	104.65247
create-batch-K2[ns]	29	8192	0	2048	CLMUL	8.68257
create-batch-K2-total[ms]	29	8192	0	2048	CLMUL	145.66933
create-batch-K2[ns]	29	8192	0	2048	CLMUL_TRI	10.51793
create-batch-K2-total[ms]	29	8192	0	2048	CLMUL_TRI	176.46165
create-batch-K4[ns]	29	8192	0	2048	GENERIC	7.52968
create-batch-K4-total[ms]	29	8192	0	2048	GENERIC	126.32712
create-batch-K4[ns]	29	8192	0	2048	CLMUL	5.26777
create-batch-K4-total[ms]	29	8192	0	2048	CLMUL	88.37855
create-batch-K4[ns]	29	8192	0	2048	CLMUL_TRI	6.28529
create-batch-K4-total[ms]	29	8192	0	2048	CLMUL_TRI	105.44959
create-batch-K8[ns]	29	8192	0	2048	GENERIC	8.43176
create-batch-K8-total[ms]	29	8192	0	2048	GENERIC	141.46151
create-batch-K8[ns]	29	8192	0	2048	CLMUL	3.55120
create-batch-K8-total[ms]	29	8192	0	2048	CLMUL	59.57917
create-batch-K8[ns]	29	8192	0	2048	CLMUL_TRI	4.38920
create-batch-K8-total[ms]	29	8192	0	2048	CLMUL_TRI	73.63849
create-batch-K1[ns]	29	8192	0	4096	GENERIC	7.80811
create-batch-K1-total[ms]	29	8192	0	4096	GENERIC	261.99679
create-batch-K1[ns]	29	8192	0	4096	CLMUL	17.41186
create-batch-K1-total[ms]	29	8192	0	4096	CLMUL	584.24502
create-batch-K1[ns]	29	8192	0	4096	CLMUL_TRI	20.58651
create-batch-K1-total[ms]	29	8192	0	4096	CLMUL_TRI	690.76881
create-batch-K2[ns]	29	8192	0	4096	GENERIC	6.23864
create-batch-K2-total[ms]	29	8192	0	4096	GENERIC	209.33412
create-batch-K2[ns]	29	8192	0	4096	CLMUL	8.68709
create-batch-K2-total[ms]	29	8192	0	4096	CLMUL	291.49033
create-batch-K2[ns]	29	8192	0	4096	CLMUL_TRI	10.51793
create-batch-K2-total[ms]	29	8192	0	4096	CLMUL_TRI	352.92302
create-batch-K4[ns]	29	8192	0	4096	GENERIC	7.53348
create-batch-K4-total[ms]	29	8192	0	4096	GENERIC	252.78169
create-batch-K4[ns]	29	8192	0	4096	CLMUL	5.27391
create-batch-K4-total[ms]	29	8192	0	4096	CLMUL	176.96302
create-batch-K4[ns]	29	8192	0	4096	CLMUL_TRI	6.28779
create-batch-K4-total[ms]	29	8192	0	4096	CLMUL_TRI	210.98318
create-batch-K8[ns]	29	8192	0	4096	GENERIC	8.43215
create-batch-K8-total[ms]	29	8192	0	4096	GENERIC	282.93615
create-batch-K8[ns]	29	8192	0	4096	CLMUL	3.55218
create-batch-K8-total[ms]	29	8192	0	4096	CLMUL	119.19129
create-batch-K8[ns]	29	8192	0	4096	CLMUL_TRI	4.38807
create-batch-K8-total[ms]	29	8192	0	4096	CLMUL_TRI	147.23936
create-batch-K1[ns]	29	8192	0	8192	GENERIC	7.81011
create-batch-K1-total[ms]	29	8192	0	8192	GENERIC	524.12745
create-batch-K1[ns]	29	8192	0	8192	CLMUL	17.38419
create-batch-K1-total[ms]	29	8192	0	8192	CLMUL	1166.63332
create-batch-K1[ns]	29	8192	0	8192	CLMUL_TRI	20.58553
create-batch-K1-total[ms]	29	8192	0	8192	CLMUL_TRI	1381.47170
create-batch-K2[ns]	29	8192	0	8192	GENERIC	6.24079
create-batch-K2-total[ms]	29	8192	0	8192	GENERIC	418.81261
create-batch-K2[ns]	29	8192	0	8192	CLMUL	8.68646
create-batch-K2-total[ms]	29	8192	0	8192	CLMUL	582.93866
create-batch-K2[ns]	29	8192	0	8192	CLMUL_TRI	10.51786
create-batch-K2-total[ms]	29	8192	0	8192	CLMUL_TRI	705.84166
create-batch-K4[ns]	29	8192	0	8192	GENERIC	7.53392
create-batch-K4-total[ms]	29	8192	0	8192	GENERIC	505.59314
create-batch-K4[ns]	29	8192	0	8192	CLMUL	5.28058
create-batch-K4-total[ms]	29	8192	0	8192	CLMUL	354.37346
create-batch-K4[ns]	29	8192	0	8192	CLMUL_TRI	6.29056
create-batch-K4-total[ms]	29	8192	0	8192	CLMUL_TRI	422.15244
create-batch-K8[ns]	29	8192	0	8192	GENERIC	8.43226
create-batch-K8-total[ms]	29	8192	0	8192	GENERIC	565.87929
create-batch-K8[ns]	29	8192	0	8192	CLMUL	3.55249
create-batch-K8-total[ms]	29	8192	0	8192	CLMUL	238.40358
create-batch-K8[ns]	29	8192	0	8192	CLMUL_TRI	4.38778
create-batch-K8-total[ms]	29	8192	0	8192	CLMUL_TRI	294.45917
create-batch-K1[ns]	32	128	0	16	GENERIC	8.68701
create-batch-K1-total[ms]	32	128	0	16	GENERIC	0.01779
create-batch-K1[ns]	32	128	0	16	CLMUL	16.94727
create-batch-K1-total[ms]	32	128	0	16	CLMUL	0.03471
create-batch-K2[ns]	32	128	0	16	GENERIC	7.12061
create-batch-K2-total[ms]	32	128	0	16	GENERIC	0.01458
create-batch-K2[ns]	32	128	0	16	CLMUL	8.68701
create-batch-K2-total[ms]	32	128	0	16	CLMUL	0.01779
create-batch-K4[ns]	32	128	0	16	GENERIC	8.25977
create-batch-K4-total[ms]	32	128	0	16	GENERIC	0.01692
create-batch-K4[ns]	32	128	0	16	CLMUL	4.98438
create-batch-K4-total[ms]	32	128	0	16	CLMUL	0.01021
create-batch-K8[ns]	32	128	0	16	GENERIC	9.11426
create-batch-K8-total[ms]	32	128	0	16	GENERIC	0.01867
create-batch-K8[ns]	32	128	0	16	CLMUL	3.84473
create-batch-K8-total[ms]	32	128	0	16	CLMUL	0.00787
create-batch-K1[ns]	32	128	0	64	GENERIC	8.61597
create-batch-K1-total[ms]	32	128	0	64	GENERIC	0.07058
create-batch-K1[ns]	32	128	0	64	CLMUL	17.01843
create-batch-K1-total[ms]	32	128	0	64	CLMUL	0.13941
create-batch-K2[ns]	32	128	0	64	GENERIC	7.15625
create-batch-K2-total[ms]	32	128	0	64	GENERIC	0.05862
create-batch-K2[ns]	32	128	0	64	CLMUL	8.82959
create-batch-K2-total[ms]	32	128	0	64	CLMUL	0.07233
create-batch-K4[ns]	32	128	0	64	GENERIC	8.25989
create-batch-K4-total[ms]	32	128	0	64	GENERIC	0.06767
create-batch-K4[ns]	32	128	0	64	CLMUL	4.98450
create-batch-K4-total[ms]	32	128	0	64	CLMUL	0.04083
create-batch-K8[ns]	32	128	0	64	GENERIC	9.04321
create-batch-K8-total[ms]	32	128	0	64	GENERIC	0.07408
create-batch-K8[ns]	32	128	0	64	CLMUL	3.84509
create-batch-K8-total[ms]	32	128	0	64	CLMUL	0.03150
create-batch-K1[ns]	32	128	0	128	GENERIC	8.61603
create-batch-K1-total[ms]	32	128	0	128	GENERIC	0.14117
create-batch-K1[ns]	32	128	0	128	CLMUL	17.05402
create-batch-K1-total[ms]	32	128	0	128	CLMUL	0.27941
create-batch-K2[ns]	32	128	0	128	GENERIC	7.17407
create-batch-K2-total[ms]	32	128	0	128	GENERIC	0.11754
create-batch-K2[ns]	32	128	0	128	CLMUL	8.82959
create-batch-K2-total[ms]	32	128	0	128	CLMUL	0.14466
create-batch-K4[ns]	32	128	0	128	GENERIC	8.25995
create-batch-K4-total[ms]	32	128	0	128	GENERIC	0.13533
create-batch-K4[ns]	32	128	0	128	CLMUL	5.00226
create-batch-K4-total[ms]	32	128	0	128	CLMUL	0.08196
create-batch-K8[ns]	32	128	0	128	GENERIC	9.04327
create-batch-K8-total[ms]	32	128	0	128	GENERIC	0.14816
create-batch-K8[ns]	32	128	0	128	CLMUL	3.84515
create-batch-K8-total[ms]	32	128	0	128	CLMUL	0.06300
create-batch-K1[ns]	32	128	0	512	GENERIC	8.61601
create-batch-K1-total[ms]	32	128	0	512	GENERIC	0.56466
create-batch-K1[ns]	32	128	0	512	CLMUL	17.05847
create-batch-K1-total[ms]	32	128	0	512	CLMUL	1.11794
create-batch-K2[ns]	32	128	0	512	GENERIC	7.16518
create-batch-K2-total[ms]	32	128	0	512	GENERIC	0.46958
create-batch-K2[ns]	32	128	0	512	CLMUL	8.83853
create-batch-K2-total[ms]	32	128	0	512	CLMUL	0.57924
create-batch-K4[ns]	32	128	0	512	GENERIC	8.26888
create-batch-K4-total[ms]	32	128	0	512	GENERIC	0.54191
create-batch-K4[ns]	32	128	0	512	CLMUL	4.72635
create-batch-K4-total[ms]	32	128	0	512	CLMUL	0.30975
create-batch-K8[ns]	32	128	0	512	GENERIC	9.03880
create-batch-K8-total[ms]	32	128	0	512	GENERIC	0.59237
create-batch-K8[ns]	32	128	0	512	CLMUL	3.84071
create-batch-K8-total[ms]	32	128	0	512	CLMUL	0.25171
create-batch-K1[ns]	32	128	0	1024	GENERIC	8.61602
create-batch-K1-total[ms]	32	128	0	1024	GENERIC	1.12932
create-batch-K1[ns]	32	128	0	1024	CLMUL	17.05625
create-batch-K1-total[ms]	32	128	0	1024	CLMUL	2.23560
create-batch-K2[ns]	32	128	0	1024	GENERIC	7.16518
create-batch-K2-total[ms]	32	128	0	1024	GENERIC	0.93915
create-batch-K2[ns]	32	128	0	1024	CLMUL	8.84077
create-batch-K2-total[ms]	32	128	0	1024	CLMUL	1.15878
create-batch-K4[ns]	32	128	0	1024	GENERIC	8.26666
create-batch-K4-total[ms]	32	128	0	1024	GENERIC	1.08353
create-batch-K4[ns]	32	128	0	1024	CLMUL	5.00005
create-batch-K4-total[ms]	32	128	0	1024	CLMUL	0.65537
create-batch-K8[ns]	32	128	0	1024	GENERIC	9.03881
create-batch-K8-total[ms]	32	128	0	1024	GENERIC	1.18473
create-batch-K8[ns]	32	128	0	1024	CLMUL	3.84294
create-batch-K8-total[ms]	32	128	0	1024	CLMUL	0.50370
create-batch-K1[ns]	32	128	0	2048	GENERIC	8.61602
create-batch-K1-total[ms]	32	128	0	2048	GENERIC	2.25864
create-batch-K1[ns]	32	128	0	2048	CLMUL	17.06627
create-batch-K1-total[ms]	32	128	0	2048	CLMUL	4.47382
create-batch-K2[ns]	32	128	0	2048	GENERIC	7.16630
create-batch-K2-total[ms]	32	128	0	2048	GENERIC	1.87860
create-batch-K2[ns]	32	128	0	2048	CLMUL	8.84077
create-batch-K2-total[ms]	32	128	0	2048	CLMUL	2.31755
create-batch-K4[ns]	32	128	0	2048	GENERIC	8.26666
create-batch-K4-total[ms]	32	128	0	2048	GENERIC	2.16706
create-batch-K4[ns]	32	128	0	2048	CLMUL	4.99894
create-batch-K4-total[ms]	32	128	0	2048	CLMUL	1.31044
create-batch-K8[ns]	32	128	0	2048	GENERIC	9.03992
create-batch-K8-total[ms]	32	128	0	2048	GENERIC	2.36976
create-batch-K8[ns]	32	128	0	2048	CLMUL	3.84294
create-batch-K8-total[ms]	32	128	0	2048	CLMUL	1.00740
create-batch-K1[ns]	32	128	0	4096	GENERIC	8.62492
create-batch-K1-total[ms]	32	128	0	4096	GENERIC	4.52194
create-batch-K1[ns]	32	128	0	4096	CLMUL	17.05403
create-batch-K1-total[ms]	32	128	0	4096	CLMUL	8.94122
create-batch-K2[ns]	32	128	0	4096	GENERIC	7.17631
create-batch-K2-total[ms]	32	128	0	4096	GENERIC	3.76245
create-batch-K2[ns]	32	128	0	4096	CLMUL	8.84800
create-batch-K2-total[ms]	32	128	0	4096	CLMUL	4.63890
create-batch-K4[ns]	32	128	0	4096	GENERIC	8.27501
create-batch-K4-total[ms]	32	128	0	4096	GENERIC	4.33849
create-batch-K4[ns]	32	128	0	4096	CLMUL	4.99949
create-batch-K4-total[ms]	32	128	0	4096	CLMUL	2.62118
create-batch-K8[ns]	32	128	0	4096	GENERIC	9.04938
create-batch-K8-total[ms]	32	128	0	4096	GENERIC	4.74448
create-batch-K8[ns]	32	128	0	4096	CLMUL	3.84350
create-batch-K8-total[ms]	32	128	0	4096	CLMUL	2.01510
create-batch-K1[ns]	32	128	0	8192	GENERIC	8.62492
create-batch-K1-total[ms]	32	128	0	8192	GENERIC	9.04389
create-batch-K1[ns]	32	128	0	8192	CLMUL	17.06376
create-batch-K1-total[ms]	32	128	0	8192	CLMUL	17.89265
create-batch-K2[ns]	32	128	0	8192	GENERIC	7.17047
create-batch-K2-total[ms]	32	128	0	8192	GENERIC	7.51878
create-batch-K2[ns]	32	128	0	8192	CLMUL	8.84856
create-batch-K2-total[ms]	32	128	0	8192	CLMUL	9.27838
create-batch-K4[ns]	32	128	0	8192	GENERIC	8.27473
create-batch-K4-total[ms]	32	128	0	8192	GENERIC	8.67668
create-batch-K4[ns]	32	128	0	8192	CLMUL	5.00367
create-batch-K4-total[ms]	32	128	0	8192	CLMUL	5.24673
create-batch-K8[ns]	32	128	0	8192	GENERIC	9.05328
create-batch-K8-total[ms]	32	128	0	8192	GENERIC	9.49305
create-batch-K8[ns]	32	128	0	8192	CLMUL	3.84739
create-batch-K8-total[ms]	32	128	0	8192	CLMUL	4.03428
create-batch-K1[ns]	32	256	0	16	GENERIC	8.18872
create-batch-K1-total[ms]	32	256	0	16	GENERIC	0.03354
create-batch-K1[ns]	32	256	0	16	CLMUL	17.23218
create-batch-K1-total[ms]	32	256	0	16	CLMUL	0.07058
create-batch-K2[ns]	32	256	0	16	GENERIC	6.76465
create-batch-K2-total[ms]	32	256	0	16	GENERIC	0.02771
create-batch-K2[ns]	32	256	0	16	CLMUL	8.61621
create-batch-K2-total[ms]	32	256	0	16	CLMUL	0.03529
create-batch-K4[ns]	32	256	0	16	GENERIC	7.83276
create-batch-K4-total[ms]	32	256	0	16	GENERIC	0.03208
create-batch-K4[ns]	32	256	0	16	CLMUL	4.98438
create-batch-K4-total[ms]	32	256	0	16	CLMUL	0.02042
create-batch-K8[ns]	32	256	0	16	GENERIC	8.68701
create-batch-K8-total[ms]	32	256	0	16	GENERIC	0.03558
create-batch-K8[ns]	32	256	0	16	CLMUL	3.84497
create-batch-K8-total[ms]	32	256	0	16	CLMUL	0.01575
create-batch-K1[ns]	32	256	0	64	GENERIC	8.18878
create-batch-K1-total[ms]	32	256	0	64	GENERIC	0.13417
create-batch-K1[ns]	32	256	0	64	CLMUL	17.48126
create-batch-K1-total[ms]	32	256	0	64	CLMUL	0.28641
create-batch-K2[ns]	32	256	0	64	GENERIC	6.78241
create-batch-K2-total[ms]	32	256	0	64	GENERIC	0.11112
create-batch-K2[ns]	32	256	0	64	CLMUL	8.79401
create-batch-K2-total[ms]	32	256	0	64	CLMUL	0.14408
create-batch-K4[ns]	32	256	0	64	GENERIC	7.88611
create-batch-K4-total[ms]	32	256	0	64	GENERIC	0.12921
create-batch-K4[ns]	32	256	0	64	CLMUL	4.98444
create-batch-K4-total[ms]	32	256	0	64	CLMUL	0.08167
create-batch-K8[ns]	32	256	0	64	GENERIC	8.65161
create-batch-K8-total[ms]	32	256	0	64	GENERIC	0.14175
create-batch-K8[ns]	32	256	0	64	CLMUL	3.80957
create-batch-K8-total[ms]	32	256	0	64	CLMUL	0.06242
create-batch-K1[ns]	32	256	0	128	GENERIC	8.18878
create-batch-K1-total[ms]	32	256	0	128	GENERIC	0.26833
create-batch-K1[ns]	32	256	0	128	CLMUL	17.49017
create-batch-K1-total[ms]	32	256	0	128	CLMUL	0.57312
create-batch-K2[ns]	32	256	0	128	GENERIC	6.77353
create-batch-K2-total[ms]	32	256	0	128	GENERIC	0.22195
create-batch-K2[ns]	32	256	0	128	CLMUL	8.76733
create-batch-K2-total[ms]	32	256	0	128	CLMUL	0.28729
create-batch-K4[ns]	32	256	0	128	GENERIC	7.88614
create-batch-K4-total[ms]	32	256	0	128	GENERIC	0.25841
create-batch-K4[ns]	32	256	0	128	CLMUL	4.97556
create-batch-K4-total[ms]	32	256	0	128	CLMUL	0.16304
create-batch-K8[ns]	32	256	0	128	GENERIC	8.65161
create-batch-K8-total[ms]	32	256	0	128	GENERIC	0.28350
create-batch-K8[ns]	32	256	0	128	CLMUL	3.81845
create-batch-K8-total[ms]	32	256	0	128	CLMUL	0.12512
create-batch-K1[ns]	32	256	0	512	GENERIC	8.19323
create-batch-K1-total[ms]	32	256	0	512	GENERIC	1.07390
create-batch-K1[ns]	32	256	0	512	CLMUL	17.50129
create-batch-K1-total[ms]	32	256	0	512	CLMUL	2.29393
create-batch-K2[ns]	32	256	0	512	GENERIC	6.77577
create-batch-K2-total[ms]	32	256	0	512	GENERIC	0.88811
create-batch-K2[ns]	32	256	0	512	CLMUL	8.80516
create-batch-K2-total[ms]	32	256	0	512	CLMUL	1.15411
create-batch-K4[ns]	32	256	0	512	GENERIC	7.88171
create-batch-K4-total[ms]	32	256	0	512	GENERIC	1.03307
create-batch-K4[ns]	32	256	0	512	CLMUL	4.97557
create-batch-K4-total[ms]	32	256	0	512	CLMUL	0.65216
create-batch-K8[ns]	32	256	0	512	GENERIC	8.65162
create-batch-K8-total[ms]	32	256	0	512	GENERIC	1.13398
create-batch-K8[ns]	32	256	0	512	CLMUL	3.82069
create-batch-K8-total[ms]	32	256	0	512	CLMUL	0.50079
create-batch-K1[ns]	32	256	0	1024	GENERIC	8.19434
create-batch-K1-total[ms]	32	256	0	1024	GENERIC	2.14810
create-batch-K1[ns]	32	256	0	1024	CLMUL	17.44900
create-batch-K1-total[ms]	32	256	0	1024	CLMUL	4.57415
create-batch-K2[ns]	32	256	0	1024	GENERIC	6.77800
create-batch-K2-total[ms]	32	256	0	1024	GENERIC	1.77681
create-batch-K2[ns]	32	256	0	1024	CLMUL	8.77958
create-batch-K2-total[ms]	32	256	0	1024	CLMUL	2.30151
create-batch-K4[ns]	32	256	0	1024	GENERIC	7.88393
create-batch-K4-total[ms]	32	256	0	1024	GENERIC	2.06672
create-batch-K4[ns]	32	256	0	1024	CLMUL	4.97668
create-batch-K4-total[ms]	32	256	0	1024	CLMUL	1.30461
create-batch-K8[ns]	32	256	0	1024	GENERIC	8.65162
create-batch-K8-total[ms]	32	256	0	1024	GENERIC	2.26797
create-batch-K8[ns]	32	256	0	1024	CLMUL	3.81958
create-batch-K8-total[ms]	32	256	0	1024	CLMUL	1.00128
create-batch-K1[ns]	32	256	0	2048	GENERIC	8.20380
create-batch-K1-total[ms]	32	256	0	2048	GENERIC	4.30115
create-batch-K1[ns]	32	256	0	2048	CLMUL	17.48405
create-batch-K1-total[ms]	32	256	0	2048	CLMUL	9.16668
create-batch-K2[ns]	32	256	0	2048	GENERIC	6.77911
create-batch-K2-total[ms]	32	256	0	2048	GENERIC	3.55421
create-batch-K2[ns]	32	256	0	2048	CLMUL	8.77012
create-batch-K2-total[ms]	32	256	0	2048	CLMUL	4.59807
create-batch-K4[ns]	32	256	0	2048	GENERIC	7.89171
create-batch-K4-total[ms]	32	256	0	2048	GENERIC	4.13753
create-batch-K4[ns]	32	256	0	2048	CLMUL	4.97780
create-batch-K4-total[ms]	32	256	0	2048	CLMUL	2.60980
create-batch-K8[ns]	32	256	0	2048	GENERIC	8.66219
create-batch-K8-total[ms]	32	256	0	2048	GENERIC	4.54148
create-batch-K8[ns]	32	256	0	2048	CLMUL	3.82013
create-batch-K8-total[ms]	32	256	0	2048	CLMUL	2.00285
create-batch-K1[ns]	32	256	0	4096	GENERIC	8.20352
create-batch-K1-total[ms]	32	256	0	4096	GENERIC	8.60202
create-batch-K1[ns]	32	256	0	4096	CLMUL	17.44733
create-batch-K1-total[ms]	32	256	0	4096	CLMUL	18.29485
create-batch-K2[ns]	32	256	0	4096	GENERIC	6.78161
create-batch-K2-total[ms]	32	256	0	4096	GENERIC	7.11104
create-batch-K2[ns]	32	256	0	4096	CLMUL	8.79237
create-batch-K2-total[ms]	32	256	0	4096	CLMUL	9.21947
create-batch-K4[ns]	32	256	0	4096	GENERIC	7.89144
create-batch-K4-total[ms]	32	256	0	4096	GENERIC	8.27477
create-batch-K4[ns]	32	256	0	4096	CLMUL	4.98030
create-batch-K4-total[ms]	32	256	0	4096	CLMUL	5.22223
create-batch-K8[ns]	32	256	0	4096	GENERIC	8.66247
create-batch-K8-total[ms]	32	256	0	4096	GENERIC	9.08326
create-batch-K8[ns]	32	256	0	4096	CLMUL	3.82403
create-batch-K8-total[ms]	32	256	0	4096	CLMUL	4.00978
create-batch-K1[ns]	32	256	0	8192	GENERIC	8.20366
create-batch-K1-total[ms]	32	256	0	8192	GENERIC	17.20433
create-batch-K1[ns]	32	256	0	8192	CLMUL	17.46736
create-batch-K1-total[ms]	32	256	0	8192	CLMUL	36.63171
create-batch-K2[ns]	32	256	0	8192	GENERIC	6.78453
create-batch-K2-total[ms]	32	256	0	8192	GENERIC	14.22820
create-batch-K2[ns]	32	256	0	8192	CLMUL	8.78820
create-batch-K2-total[ms]	32	256	0	8192	CLMUL	18.43018
create-batch-K4[ns]	32	256	0	8192	GENERIC	7.89158
create-batch-K4-total[ms]	32	256	0	8192	GENERIC	16.54983
create-batch-K4[ns]	32	256	0	8192	CLMUL	4.98142
create-batch-K4-total[ms]	32	256	0	8192	CLMUL	10.44679
create-batch-K8[ns]	32	256	0	8192	GENERIC	8.66553
create-batch-K8-total[ms]	32	256	0	8192	GENERIC	18.17294
create-batch-K8[ns]	32	256	0	8192	CLMUL	3.82375
create-batch-K8-total[ms]	32	256	0	8192	CLMUL	8.01898
create-batch-K1[ns]	32	512	0	16	GENERIC	7.97510
create-batch-K1-total[ms]	32	512	0	16	GENERIC	0.06533
create-batch-K1[ns]	32	512	0	16	CLMUL	16.87598
create-batch-K1-total[ms]	32	512	0	16	CLMUL	0.13825
create-batch-K2[ns]	32	512	0	16	GENERIC	6.58655
create-batch-K2-total[ms]	32	512	0	16	GENERIC	0.05396
create-batch-K2[ns]	32	512	0	16	CLMUL	8.72278
create-batch-K2-total[ms]	32	512	0	16	CLMUL	0.07146
create-batch-K4[ns]	32	512	0	16	GENERIC	7.69031
create-batch-K4-total[ms]	32	512	0	16	GENERIC	0.06300
create-batch-K4[ns]	32	512	0	16	CLMUL	4.94885
create-batch-K4-total[ms]	32	512	0	16	CLMUL	0.04054
create-batch-K8[ns]	32	512	0	16	GENERIC	8.43799
create-batch-K8-total[ms]	32	512	0	16	GENERIC	0.06912
create-batch-K8[ns]	32	512	0	16	CLMUL	3.80957
create-batch-K8-total[ms]	32	512	0	16	CLMUL	0.03121
create-batch-K1[ns]	32	512	0	64	GENERIC	7.98404
create-batch-K1-total[ms]	32	512	0	64	GENERIC	0.26162
create-batch-K1[ns]	32	512	0	64	CLMUL	17.00061
create-batch-K1-total[ms]	32	512	0	64	CLMUL	0.55708
create-batch-K2[ns]	32	512	0	64	GENERIC	6.58661
create-batch-K2-total[ms]	32	512	0	64	GENERIC	0.21583
create-batch-K2[ns]	32	512	0	64	CLMUL	8.36679
create-batch-K2-total[ms]	32	512	0	64	CLMUL	0.27416
create-batch-K4[ns]	32	512	0	64	GENERIC	7.69034
create-batch-K4-total[ms]	32	512	0	64	GENERIC	0.25200
create-batch-K4[ns]	32	512	0	64	CLMUL	4.96667
create-batch-K4-total[ms]	32	512	0	64	CLMUL	0.16275
create-batch-K8[ns]	32	512	0	64	GENERIC	8.45578
create-batch-K8-total[ms]	32	512	0	64	GENERIC	0.27708
create-batch-K8[ns]	32	512	0	64	CLMUL	3.80957
create-batch-K8-total[ms]	32	512	0	64	CLMUL	0.12483
create-batch-K1[ns]	32	512	0	128	GENERIC	7.98851
create-batch-K1-total[ms]	32	512	0	128	GENERIC	0.52353
create-batch-K1[ns]	32	512	0	128	CLMUL	17.04068
create-batch-K1-total[ms]	32	512	0	128	CLMUL	1.11678
create-batch-K2[ns]	32	512	0	128	GENERIC	6.58218
create-batch-K2-total[ms]	32	512	0	128	GENERIC	0.43137
create-batch-K2[ns]	32	512	0	128	CLMUL	8.36679
create-batch-K2-total[ms]	32	512	0	128	CLMUL	0.54833
create-batch-K4[ns]	32	512	0	128	GENERIC	7.69032
create-batch-K4-total[ms]	32	512	0	128	GENERIC	0.50399
create-batch-K4[ns]	32	512	0	128	CLMUL	4.68184
create-batch-K4-total[ms]	32	512	0	128	CLMUL	0.30683
create-batch-K8[ns]	32	512	0	128	GENERIC	8.45580
create-batch-K8-total[ms]	32	512	0	128	GENERIC	0.55416
create-batch-K8[ns]	32	512	0	128	CLMUL	3.80511
create-batch-K8-total[ms]	32	512	0	128	CLMUL	0.24937
create-batch-K1[ns]	32	512	0	512	GENERIC	7.98740
create-batch-K1-total[ms]	32	512	0	512	GENERIC	2.09385
create-batch-K1[ns]	32	512	0	512	CLMUL	17.06738
create-batch-K1-total[ms]	32	512	0	512	CLMUL	4.47411
create-batch-K2[ns]	32	512	0	512	GENERIC	6.58329
create-batch-K2-total[ms]	32	512	0	512	GENERIC	1.72577
create-batch-K2[ns]	32	512	0	512	CLMUL	8.36235
create-batch-K2-total[ms]	32	512	0	512	CLMUL	2.19214
create-batch-K4[ns]	32	512	0	512	GENERIC	7.69144
create-batch-K4-total[ms]	32	512	0	512	GENERIC	2.01627
create-batch-K4[ns]	32	512	0	512	CLMUL	4.96222
create-batch-K4-total[ms]	32	512	0	512	CLMUL	1.30082
create-batch-K8[ns]	32	512	0	512	GENERIC	8.45914
create-batch-K8-total[ms]	32	512	0	512	GENERIC	2.21751
create-batch-K8[ns]	32	512	0	512	CLMUL	3.80734
create-batch-K8-total[ms]	32	512	0	512	CLMUL	0.99807
create-batch-K1[ns]	32	512	0	1024	GENERIC	7.99630
create-batch-K1-total[ms]	32	512	0	1024	GENERIC	4.19236
create-batch-K1[ns]	32	512	0	1024	CLMUL	17.08852
create-batch-K1-total[ms]	32	512	0	1024	CLMUL	8.95930
create-batch-K2[ns]	32	512	0	1024	GENERIC	6.58385
create-batch-K2-total[ms]	32	512	0	1024	GENERIC	3.45183
create-batch-K2[ns]	32	512	0	1024	CLMUL	8.37626
create-batch-K2-total[ms]	32	512	0	1024	CLMUL	4.39157
create-batch-K4[ns]	32	512	0	1024	GENERIC	7.69979
create-batch-K4-total[ms]	32	512	0	1024	GENERIC	4.03691
create-batch-K4[ns]	32	512	0	1024	CLMUL	4.96445
create-batch-K4-total[ms]	32	512	0	1024	CLMUL	2.60280
create-batch-K8[ns]	32	512	0	1024	GENERIC	8.46749
create-batch-K8-total[ms]	32	512	0	1024	GENERIC	4.43940
create-batch-K8[ns]	32	512	0	1024	CLMUL	3.80789
create-batch-K8-total[ms]	32	512	0	1024	CLMUL	1.99643
create-batch-K1[ns]	32	512	0	2048	GENERIC	7.99602
create-batch-K1-total[ms]	32	512	0	2048	GENERIC	8.38444
create-batch-K1[ns]	32	512	0	2048	CLMUL	17.08852
create-batch-K1-total[ms]	32	512	0	2048	CLMUL	17.91861
create-batch-K2[ns]	32	512	0	2048	GENERIC	6.58802
create-batch-K2-total[ms]	32	512	0	2048	GENERIC	6.90804
create-batch-K2[ns]	32	512	0	2048	CLMUL	8.44607
create-batch-K2-total[ms]	32	512	0	2048	CLMUL	8.85635
create-batch-K4[ns]	32	512	0	2048	GENERIC	7.70007
create-batch-K4-total[ms]	32	512	0	2048	GENERIC	8.07411
create-batch-K4[ns]	32	512	0	2048	CLMUL	4.96945
create-batch-K4-total[ms]	32	512	0	2048	CLMUL	5.21085
create-batch-K8[ns]	32	512	0	2048	GENERIC	8.46693
create-batch-K8-total[ms]	32	512	0	2048	GENERIC	8.87822
create-batch-K8[ns]	32	512	0	2048	CLMUL	3.81234
create-batch-K8-total[ms]	32	512	0	2048	CLMUL	3.99753
create-batch-K1[ns]	32	512	0	4096	GENERIC	7.99602
create-batch-K1-total[ms]	32	512	0	4096	GENERIC	16.76887
create-batch-K1[ns]	32	512	0	4096	CLMUL	17.09519
create-batch-K1-total[ms]	32	512	0	4096	CLMUL	35.85121
create-batch-K2[ns]	32	512	0	4096	GENERIC	6.59010
create-batch-K2-total[ms]	32	512	0	4096	GENERIC	13.82045
create-batch-K2[ns]	32	512	0	4096	CLMUL	8.54551
create-batch-K2-total[ms]	32	512	0	4096	CLMUL	17.92123
create-batch-K4[ns]	32	512	0	4096	GENERIC	7.69993
create-batch-K4-total[ms]	32	512	0	4096	GENERIC	16.14792
create-batch-K4[ns]	32	512	0	4096	CLMUL	4.96820
create-batch-K4-total[ms]	32	512	0	4096	CLMUL	10.41908
create-batch-K8[ns]	32	512	0	4096	GENERIC	8.46763
create-batch-K8-total[ms]	32	512	0	4096	GENERIC	17.75790
create-batch-K8[ns]	32	512	0	4096	CLMUL	3.81221
create-batch-K8-total[ms]	32	512	0	4096	CLMUL	7.99477
create-batch-K1[ns]	32	512	0	8192	GENERIC	7.99741
create-batch-K1-total[ms]	32	512	0	8192	GENERIC	33.54358
create-batch-K1[ns]	32	512	0	8192	CLMUL	17.09950
create-batch-K1-total[ms]	32	512	0	8192	CLMUL	71.72051
create-batch-K2[ns]	32	512	0	8192	GENERIC	6.58920
create-batch-K2-total[ms]	32	512	0	8192	GENERIC	27.63711
create-batch-K2[ns]	32	512	0	8192	CLMUL	8.60350
create-batch-K2-total[ms]	32	512	0	8192	CLMUL	36.08571
create-batch-K4[ns]	32	512	0	8192	GENERIC	7.70000
create-batch-K4-total[ms]	32	512	0	8192	GENERIC	32.29613
create-batch-K4[ns]	32	512	0	8192	CLMUL	4.97036
create-batch-K4-total[ms]	32	512	0	8192	CLMUL	20.84720
create-batch-K8[ns]	32	512	0	8192	GENERIC	8.46950
create-batch-K8-total[ms]	32	512	0	8192	GENERIC	35.52368
create-batch-K8[ns]	32	512	0	8192	CLMUL	3.81214
create-batch-K8-total[ms]	32	512	0	8192	CLMUL	15.98926
create-batch-K1[ns]	32	1024	0	16	GENERIC	7.88611
create-batch-K1-total[ms]	32	1024	0	16	GENERIC	0.12921
create-batch-K1[ns]	32	1024	0	16	CLMUL	17.21423
create-batch-K1-total[ms]	32	1024	0	16	CLMUL	0.28204
create-batch-K2[ns]	32	1024	0	16	GENERIC	6.47980
create-batch-K2-total[ms]	32	1024	0	16	GENERIC	0.10616
create-batch-K2[ns]	32	1024	0	16	CLMUL	8.52698
create-batch-K2-total[ms]	32	1024	0	16	CLMUL	0.13971
create-batch-K4[ns]	32	1024	0	16	GENERIC	7.60132
create-batch-K4-total[ms]	32	1024	0	16	GENERIC	0.12454
create-batch-K4[ns]	32	1024	0	16	CLMUL	4.91327
create-batch-K4-total[ms]	32	1024	0	16	CLMUL	0.08050
create-batch-K8[ns]	32	1024	0	16	GENERIC	8.36676
create-batch-K8-total[ms]	32	1024	0	16	GENERIC	0.13708
create-batch-K8[ns]	32	1024	0	16	CLMUL	3.79175
create-batch-K8-total[ms]	32	1024	0	16	CLMUL	0.06212
create-batch-K1[ns]	32	1024	0	64	GENERIC	7.88170
create-batch-K1-total[ms]	32	1024	0	64	GENERIC	0.51654
create-batch-K1[ns]	32	1024	0	64	CLMUL	17.33885
create-batch-K1-total[ms]	32	1024	0	64	CLMUL	1.13632
create-batch-K2[ns]	32	1024	0	64	GENERIC	6.48427
create-batch-K2-total[ms]	32	1024	0	64	GENERIC	0.42495
create-batch-K2[ns]	32	1024	0	64	CLMUL	8.75844
create-batch-K2-total[ms]	32	1024	0	64	CLMUL	0.57399
create-batch-K4[ns]	32	1024	0	64	GENERIC	7.59686
create-batch-K4-total[ms]	32	1024	0	64	GENERIC	0.49787
create-batch-K4[ns]	32	1024	0	64	CLMUL	4.95776
create-batch-K4-total[ms]	32	1024	0	64	CLMUL	0.32491
create-batch-K8[ns]	32	1024	0	64	GENERIC	8.36235
create-batch-K8-total[ms]	32	1024	0	64	GENERIC	0.54803
create-batch-K8[ns]	32	1024	0	64	CLMUL	3.80066
create-batch-K8-total[ms]	32	1024	0	64	CLMUL	0.24908
create-batch-K1[ns]	32	1024	0	128	GENERIC	7.88170
create-batch-K1-total[ms]	32	1024	0	128	GENERIC	1.03307
create-batch-K1[ns]	32	1024	0	128	CLMUL	17.23872
create-batch-K1-total[ms]	32	1024	0	128	CLMUL	2.25951
create-batch-K2[ns]	32	1024	0	128	GENERIC	6.48649
create-batch-K2-total[ms]	32	1024	0	128	GENERIC	0.85020
create-batch-K2[ns]	32	1024	0	128	CLMUL	8.63605
create-batch-K2-total[ms]	32	1024	0	128	CLMUL	1.13194
create-batch-K4[ns]	32	1024	0	128	GENERIC	7.59465
create-batch-K4-total[ms]	32	1024	0	128	GENERIC	0.99545
create-batch-K4[ns]	32	1024	0	128	CLMUL	4.95777
create-batch-K4-total[ms]	32	1024	0	128	CLMUL	0.64982
create-batch-K8[ns]	32	1024	0	128	GENERIC	8.36234
create-batch-K8-total[ms]	32	1024	0	128	GENERIC	1.09607
create-batch-K8[ns]	32	1024	0	128	CLMUL	3.80289
create-batch-K8-total[ms]	32	1024	0	128	CLMUL	0.49845
create-batch-K1[ns]	32	1024	0	512	GENERIC	7.89060
create-batch-K1-total[ms]	32	1024	0	512	GENERIC	4.13695
create-batch-K1[ns]	32	1024	0	512	CLMUL	17.49796
create-batch-K1-total[ms]	32	1024	0	512	CLMUL	9.17397
create-batch-K2[ns]	32	1024	0	512	GENERIC	6.34352
create-batch-K2-total[ms]	32	1024	0	512	GENERIC	3.32583
create-batch-K2[ns]	32	1024	0	512	CLMUL	8.81907
create-batch-K2-total[ms]	32	1024	0	512	CLMUL	4.62373
create-batch-K4[ns]	32	1024	0	512	GENERIC	7.60466
create-batch-K4-total[ms]	32	1024	0	512	GENERIC	3.98703
create-batch-K4[ns]	32	1024	0	512	CLMUL	4.96000
create-batch-K4-total[ms]	32	1024	0	512	CLMUL	2.60047
create-batch-K8[ns]	32	1024	0	512	GENERIC	8.37013
create-batch-K8-total[ms]	32	1024	0	512	GENERIC	4.38836
create-batch-K8[ns]	32	1024	0	512	CLMUL	3.80177
create-batch-K8-total[ms]	32	1024	0	512	CLMUL	1.99323
create-batch-K1[ns]	32	1024	0	1024	GENERIC	7.89088
create-batch-K1-total[ms]	32	1024	0	1024	GENERIC	8.27419
create-batch-K1[ns]	32	1024	0	1024	CLMUL	17.44399
create-batch-K1-total[ms]	32	1024	0	1024	CLMUL	18.29135
create-batch-K2[ns]	32	1024	0	1024	GENERIC	6.30820
create-batch-K2-total[ms]	32	1024	0	1024	GENERIC	6.61463
create-batch-K2[ns]	32	1024	0	1024	CLMUL	8.79988
create-batch-K2-total[ms]	32	1024	0	1024	CLMUL	9.22734
create-batch-K4[ns]	32	1024	0	1024	GENERIC	7.60383
create-batch-K4-total[ms]	32	1024	0	1024	GENERIC	7.97319
create-batch-K4[ns]	32	1024	0	1024	CLMUL	4.96445
create-batch-K4-total[ms]	32	1024	0	1024	CLMUL	5.20560
create-batch-K8[ns]	32	1024	0	1024	GENERIC	8.36986
create-batch-K8-total[ms]	32	1024	0	1024	GENERIC	8.77643
create-batch-K8[ns]	32	1024	0	1024	CLMUL	3.80650
create-batch-K8-total[ms]	32	1024	0	1024	CLMUL	3.99141
create-batch-K1[ns]	32	1024	0	2048	GENERIC	7.89046
create-batch-K1-total[ms]	32	1024	0	2048	GENERIC	16.54750
create-batch-K1[ns]	32	1024	0	2048	CLMUL	17.47556
create-batch-K1-total[ms]	32	1024	0	2048	CLMUL	36.64891
create-batch-K2[ns]	32	1024	0	2048	GENERIC	6.49331
create-batch-K2-total[ms]	32	1024	0	2048	GENERIC	13.61745
create-batch-K2[ns]	32	1024	0	2048	CLMUL	8.81114
create-batch-K2-total[ms]	32	1024	0	2048	CLMUL	18.47831
create-batch-K4[ns]	32	1024	0	2048	GENERIC	7.60577
create-batch-K4-total[ms]	32	1024	0	2048	GENERIC	15.95047
create-batch-K4[ns]	32	1024	0	2048	CLMUL	4.96375
create-batch-K4-total[ms]	32	1024	0	2048	CLMUL	10.40974
create-batch-K8[ns]	32	1024	0	2048	GENERIC	8.37264
create-batch-K8-total[ms]	32	1024	0	2048	GENERIC	17.55870
create-batch-K8[ns]	32	1024	0	2048	CLMUL	3.80636
create-batch-K8-total[ms]	32	1024	0	2048	CLMUL	7.98252
create-batch-K1[ns]	32	1024	0	4096	GENERIC	7.89443
create-batch-K1-total[ms]	32	1024	0	4096	GENERIC	33.11162
create-batch-K1[ns]	32	1024	0	4096	CLMUL	17.45901
create-batch-K1-total[ms]	32	1024	0	4096	CLMUL	73.22841
create-batch-K2[ns]	32	1024	0	4096	GENERIC	6.32023
create-batch-K2-total[ms]	32	1024	0	4096	GENERIC	26.50896
create-batch-K2[ns]	32	1024	0	4096	CLMUL	8.80920
create-batch-K2-total[ms]	32	1024	0	4096	CLMUL	36.94845
create-batch-K4[ns]	32	1024	0	4096	GENERIC	7.60404
create-batch-K4-total[ms]	32	1024	0	4096	GENERIC	31.89364
create-batch-K4[ns]	32	1024	0	4096	CLMUL	4.96507
create-batch-K4-total[ms]	32	1024	0	4096	CLMUL	20.82503
create-batch-K8[ns]	32	1024	0	4096	GENERIC	8.37090
create-batch-K8-total[ms]	32	1024	0	4096	GENERIC	35.11010
create-batch-K8[ns]	32	1024	0	4096	CLMUL	3.80623
create-batch-K8-total[ms]	32	1024	0	4096	CLMUL	15.96447
create-batch-K1[ns]	32	1024	0	8192	GENERIC	7.89192
create-batch-K1-total[ms]	32	1024	0	8192	GENERIC	66.20225
create-batch-K1[ns]	32	1024	0	8192	CLMUL	17.44629
create-batch-K1-total[ms]	32	1024	0	8192	CLMUL	146.35008
create-batch-K2[ns]	32	1024	0	8192	GENERIC	6.49080
create-batch-K2-total[ms]	32	1024	0	8192	GENERIC	54.44881
create-batch-K2[ns]	32	1024	0	8192	CLMUL	8.81514
create-batch-K2-total[ms]	32	1024	0	8192	CLMUL	73.94678
create-batch-K4[ns]	32	1024	0	8192	GENERIC	7.60428
create-batch-K4-total[ms]	32	1024	0	8192	GENERIC	63.78932
create-batch-K4[ns]	32	1024	0	8192	CLMUL	4.96351
create-batch-K4-total[ms]	32	1024	0	8192	CLMUL	41.63694
create-batch-K8[ns]	32	1024	0	8192	GENERIC	8.37194
create-batch-K8-total[ms]	32	1024	0	8192	GENERIC	70.22895
create-batch-K8[ns]	32	1024	0	8192	CLMUL	3.80626
create-batch-K8-total[ms]	32	1024	0	8192	CLMUL	31.92922
create-batch-K1[ns]	32	2048	0	16	GENERIC	7.83273
create-batch-K1-total[ms]	32	2048	0	16	GENERIC	0.25666
create-batch-K1[ns]	32	2048	0	16	CLMUL	16.87601
create-batch-K1-total[ms]	32	2048	0	16	CLMUL	0.55299
create-batch-K2[ns]	32	2048	0	16	GENERIC	6.29288
create-batch-K2-total[ms]	32	2048	0	16	GENERIC	0.20620
create-batch-K2[ns]	32	2048	0	16	CLMUL	8.56259
create-batch-K2-total[ms]	32	2048	0	16	CLMUL	0.28058
create-batch-K4[ns]	32	2048	0	16	GENERIC	7.55682
create-batch-K4-total[ms]	32	2048	0	16	GENERIC	0.24762
create-batch-K4[ns]	32	2048	0	16	CLMUL	4.95776
create-batch-K4-total[ms]	32	2048	0	16	CLMUL	0.16246
create-batch-K8[ns]	32	2048	0	16	GENERIC	8.31339
create-batch-K8-total[ms]	32	2048	0	16	GENERIC	0.27241
create-batch-K8[ns]	32	2048	0	16	CLMUL	3.79175
create-batch-K8-total[ms]	32	2048	0	16	CLMUL	0.12425
create-batch-K1[ns]	32	2048	0	64	GENERIC	7.83052
create-batch-K1-total[ms]	32	2048	0	64	GENERIC	1.02636
create-batch-K1[ns]	32	2048	0	64	CLMUL	16.88268
create-batch-K1-total[ms]	32	2048	0	64	CLMUL	2.21285
create-batch-K2[ns]	32	2048	0	64	GENERIC	6.23727
create-batch-K2-total[ms]	32	2048	0	64	GENERIC	0.81753
create-batch-K2[ns]	32	2048	0	64	CLMUL	8.64495
create-batch-K2-total[ms]	32	2048	0	64	CLMUL	1.13311
create-batch-K4[ns]	32	2048	0	64	GENERIC	7.55014
create-batch-K4-total[ms]	32	2048	0	64	GENERIC	0.98961
create-batch-K4[ns]	32	2048	0	64	CLMUL	4.95777
create-batch-K4-total[ms]	32	2048	0	64	CLMUL	0.64982
create-batch-K8[ns]	32	2048	0	64	GENERIC	8.31339
create-batch-K8-total[ms]	32	2048	0	64	GENERIC	1.08965
create-batch-K8[ns]	32	2048	0	64	CLMUL	3.79844
create-batch-K8-total[ms]	32	2048	0	64	CLMUL	0.49787
create-batch-K1[ns]	32	2048	0	128	GENERIC	7.83052
create-batch-K1-total[ms]	32	2048	0	128	GENERIC	2.05272
create-batch-K1[ns]	32	2048	0	128	CLMUL	16.92385
create-batch-K1-total[ms]	32	2048	0	128	CLMUL	4.43649
create-batch-K2[ns]	32	2048	0	128	GENERIC	6.22837
create-batch-K2-total[ms]	32	2048	0	128	GENERIC	1.63273
create-batch-K2[ns]	32	2048	0	128	CLMUL	8.61713
create-batch-K2-total[ms]	32	2048	0	128	CLMUL	2.25893
create-batch-K4[ns]	32	2048	0	128	GENERIC	7.54903
create-batch-K4-total[ms]	32	2048	0	128	GENERIC	1.97893
create-batch-K4[ns]	32	2048	0	128	CLMUL	4.95777
create-batch-K4-total[ms]	32	2048	0	128	CLMUL	1.29965
create-batch-K8[ns]	32	2048	0	128	GENERIC	8.31450
create-batch-K8-total[ms]	32	2048	0	128	GENERIC	2.17960
create-batch-K8[ns]	32	2048	0	128	CLMUL	3.77952
create-batch-K8-total[ms]	32	2048	0	128	CLMUL	0.99078
create-batch-K1[ns]	32	2048	0	512	GENERIC	7.83887
create-batch-K1-total[ms]	32	2048	0	512	GENERIC	8.21965
create-batch-K1[ns]	32	2048	0	512	CLMUL	16.82177
create-batch-K1-total[ms]	32	2048	0	512	CLMUL	17.63890
create-batch-K2[ns]	32	2048	0	512	GENERIC	6.35715
create-batch-K2-total[ms]	32	2048	0	512	GENERIC	6.66596
create-batch-K2[ns]	32	2048	0	512	CLMUL	8.68278
create-batch-K2-total[ms]	32	2048	0	512	CLMUL	9.10455
create-batch-K4[ns]	32	2048	0	512	GENERIC	7.55682
create-batch-K4-total[ms]	32	2048	0	512	GENERIC	7.92390
create-batch-K4[ns]	32	2048	0	512	CLMUL	4.96306
create-batch-K4-total[ms]	32	2048	0	512	CLMUL	5.20414
create-batch-K8[ns]	32	2048	0	512	GENERIC	8.32229
create-batch-K8-total[ms]	32	2048	0	512	GENERIC	8.72656
create-batch-K8[ns]	32	2048	0	512	CLMUL	3.78981
create-batch-K8-total[ms]	32	2048	0	512	CLMUL	3.97391
create-batch-K1[ns]	32	2048	0	1024	GENERIC	7.83900
create-batch-K1-total[ms]	32	2048	0	1024	GENERIC	16.43959
create-batch-K1[ns]	32	2048	0	1024	CLMUL	16.81579
create-batch-K1-total[ms]	32	2048	0	1024	CLMUL	35.26526
create-batch-K2[ns]	32	2048	0	1024	GENERIC	6.25799
create-batch-K2-total[ms]	32	2048	0	1024	GENERIC	13.12396
create-batch-K2[ns]	32	2048	0	1024	CLMUL	8.66150
create-batch-K2-total[ms]	32	2048	0	1024	CLMUL	18.16448
create-batch-K4[ns]	32	2048	0	1024	GENERIC	7.55612
create-batch-K4-total[ms]	32	2048	0	1024	GENERIC	15.84634
create-batch-K4[ns]	32	2048	0	1024	CLMUL	4.96014
create-batch-K4-total[ms]	32	2048	0	1024	CLMUL	10.40216
create-batch-K8[ns]	32	2048	0	1024	GENERIC	8.32174
create-batch-K8-total[ms]	32	2048	0	1024	GENERIC	17.45195
create-batch-K8[ns]	32	2048	0	1024	CLMUL	3.80205
create-batch-K8-total[ms]	32	2048	0	1024	CLMUL	7.97348
create-batch-K1[ns]	32	2048	0	2048	GENERIC	7.83970
create-batch-K1-total[ms]	32	2048	0	2048	GENERIC	32.88209
create-batch-K1[ns]	32	2048	0	2048	CLMUL	16.79013
create-batch-K1-total[ms]	32	2048	0	2048	CLMUL	70.42291
create-batch-K2[ns]	32	2048	0	2048	GENERIC	6.23943
create-batch-K2-total[ms]	32	2048	0	2048	GENERIC	26.17005
create-batch-K2[ns]	32	2048	0	2048	CLMUL	8.63292
create-batch-K2-total[ms]	32	2048	0	2048	CLMUL	36.20909
create-batch-K4[ns]	32	2048	0	2048	GENERIC	7.55703
create-batch-K4-total[ms]	32	2048	0	2048	GENERIC	31.69648
create-batch-K4[ns]	32	2048	0	2048	CLMUL	4.96306
create-batch-K4-total[ms]	32	2048	0	2048	CLMUL	20.81657
create-batch-K8[ns]	32	2048	0	2048	GENERIC	8.32257
create-batch-K8-total[ms]	32	2048	0	2048	GENERIC	34.90739
create-batch-K8[ns]	32	2048	0	2048	CLMUL	3.79357
create-batch-K8-total[ms]	32	2048	0	2048	CLMUL	15.91138
create-batch-K1[ns]	32	2048	0	4096	GENERIC	7.84050
create-batch-K1-total[ms]	32	2048	0	4096	GENERIC	65.77088
create-batch-K1[ns]	32	2048	0	4096	CLMUL	17.01794
create-batch-K1-total[ms]	32	2048	0	4096	CLMUL	142.75679
create-batch-K2[ns]	32	2048	0	4096	GENERIC	6.24443
create-batch-K2-total[ms]	32	2048	0	4096	GENERIC	52.38209
create-batch-K2[ns]	32	2048	0	4096	CLMUL	8.65907
create-batch-K2-total[ms]	32	2048	0	4096	CLMUL	72.63750
create-batch-K4[ns]	32	2048	0	4096	GENERIC	7.55911
create-batch-K4-total[ms]	32	2048	0	4096	GENERIC	63.41045
create-batch-K4[ns]	32	2048	0	4096	CLMUL	4.96626
create-batch-K4-total[ms]	32	2048	0	4096	CLMUL	41.65998
create-batch-K8[ns]	32	2048	0	4096	GENERIC	8.32636
create-batch-K8-total[ms]	32	2048	0	4096	GENERIC	69.84658
create-batch-K8[ns]	32	2048	0	4096	CLMUL	3.77445
create-batch-K8-total[ms]	32	2048	0	4096	CLMUL	31.66235
create-batch-K1[ns]	32	2048	0	8192	GENERIC	7.83994
create-batch-K1-total[ms]	32	2048	0	8192	GENERIC	131.53243
create-batch-K1[ns]	32	2048	0	8192	CLMUL	16.78985
create-batch-K1-total[ms]	32	2048	0	8192	CLMUL	281.68696
create-batch-K2[ns]	32	2048	0	8192	GENERIC	6.39978
create-batch-K2-total[ms]	32	2048	0	8192	GENERIC	107.37048
create-batch-K2[ns]	32	2048	0	8192	CLMUL	8.66682
create-batch-K2-total[ms]	32	2048	0	8192	CLMUL	145.40509
create-batch-K4[ns]	32	2048	0	8192	GENERIC	7.55826
create-batch-K4-total[ms]	32	2048	0	8192	GENERIC	126.80661
create-batch-K4[ns]	32	2048	0	8192	CLMUL	4.96511
create-batch-K4-total[ms]	32	2048	0	8192	CLMUL	83.30070
create-batch-K8[ns]	32	2048	0	8192	GENERIC	8.32339
create-batch-K8-total[ms]	32	2048	0	8192	GENERIC	139.64328
create-batch-K8[ns]	32	2048	0	8192	CLMUL	3.80346
create-batch-K8-total[ms]	32	2048	0	8192	CLMUL	63.81149
create-batch-K1[ns]	32	3072	0	16	GENERIC	7.81494
create-batch-K1-total[ms]	32	3072	0	16	GENERIC	0.38412
create-batch-K1[ns]	32	3072	0	16	CLMUL	16.54964
create-batch-K1-total[ms]	32	3072	0	16	CLMUL	0.81345
create-batch-K2[ns]	32	3072	0	16	GENERIC	6.37895
create-batch-K2-total[ms]	32	3072	0	16	GENERIC	0.31354
create-batch-K2[ns]	32	3072	0	16	CLMUL	8.61603
create-batch-K2-total[ms]	32	3072	0	16	CLMUL	0.42350
create-batch-K4[ns]	32	3072	0	16	GENERIC	7.53605
create-batch-K4-total[ms]	32	3072	0	16	GENERIC	0.37041
create-batch-K4[ns]	32	3072	0	16	CLMUL	4.90141
create-batch-K4-total[ms]	32	3072	0	16	CLMUL	0.24091
create-batch-K8[ns]	32	3072	0	16	GENERIC	8.30151
create-batch-K8-total[ms]	32	3072	0	16	GENERIC	0.40804
create-batch-K8[ns]	32	3072	0	16	CLMUL	3.78583
create-batch-K8-total[ms]	32	3072	0	16	CLMUL	0.18608
create-batch-K1[ns]	32	3072	0	64	GENERIC	7.81494
create-batch-K1-total[ms]	32	3072	0	64	GENERIC	1.53648
create-batch-K1[ns]	32	3072	0	64	CLMUL	16.80925
create-batch-K1-total[ms]	32	3072	0	64	CLMUL	3.30483
create-batch-K2[ns]	32	3072	0	64	GENERIC	6.36411
create-batch-K2-total[ms]	32	3072	0	64	GENERIC	1.25123
create-batch-K2[ns]	32	3072	0	64	CLMUL	8.66943
create-batch-K2-total[ms]	32	3072	0	64	CLMUL	1.70448
create-batch-K4[ns]	32	3072	0	64	GENERIC	7.53457
create-batch-K4-total[ms]	32	3072	0	64	GENERIC	1.48136
create-batch-K4[ns]	32	3072	0	64	CLMUL	4.96371
create-batch-K4-total[ms]	32	3072	0	64	CLMUL	0.97591
create-batch-K8[ns]	32	3072	0	64	GENERIC	8.29856
create-batch-K8-total[ms]	32	3072	0	64	GENERIC	1.63156
create-batch-K8[ns]	32	3072	0	64	CLMUL	3.78583
create-batch-K8-total[ms]	32	3072	0	64	CLMUL	0.74432
create-batch-K1[ns]	32	3072	0	128	GENERIC	7.81643
create-batch-K1-total[ms]	32	3072	0	128	GENERIC	3.07355
create-batch-K1[ns]	32	3072	0	128	CLMUL	16.84708
create-batch-K1-total[ms]	32	3072	0	128	CLMUL	6.62454
create-batch-K2[ns]	32	3072	0	128	GENERIC	6.35743
create-batch-K2-total[ms]	32	3072	0	128	GENERIC	2.49984
create-batch-K2[ns]	32	3072	0	128	CLMUL	8.59822
create-batch-K2-total[ms]	32	3072	0	128	CLMUL	3.38096
create-batch-K4[ns]	32	3072	0	128	GENERIC	7.53383
create-batch-K4-total[ms]	32	3072	0	128	GENERIC	2.96242
create-batch-K4[ns]	32	3072	0	128	CLMUL	4.95036
create-batch-K4-total[ms]	32	3072	0	128	CLMUL	1.94656
create-batch-K8[ns]	32	3072	0	128	GENERIC	8.29782
create-batch-K8-total[ms]	32	3072	0	128	GENERIC	3.26283
create-batch-K8[ns]	32	3072	0	128	CLMUL	3.78657
create-batch-K8-total[ms]	32	3072	0	128	CLMUL	1.48894
create-batch-K1[ns]	32	3072	0	512	GENERIC	7.82218
create-batch-K1-total[ms]	32	3072	0	512	GENERIC	12.30322
create-batch-K1[ns]	32	3072	0	512	CLMUL	16.81389
create-batch-K1-total[ms]	32	3072	0	512	CLMUL	26.44596
create-batch-K2[ns]	32	3072	0	512	GENERIC	6.21557
create-batch-K2-total[ms]	32	3072	0	512	GENERIC	9.77625
create-batch-K2[ns]	32	3072	0	512	CLMUL	8.64680
create-batch-K2-total[ms]	32	3072	0	512	CLMUL	13.60025
create-batch-K4[ns]	32	3072	0	512	GENERIC	7.54161
create-batch-K4-total[ms]	32	3072	0	512	GENERIC	11.86193
create-batch-K4[ns]	32	3072	0	512	CLMUL	4.96222
create-batch-K4-total[ms]	32	3072	0	512	CLMUL	7.80490
create-batch-K8[ns]	32	3072	0	512	GENERIC	8.30616
create-batch-K8-total[ms]	32	3072	0	512	GENERIC	13.06446
create-batch-K8[ns]	32	3072	0	512	CLMUL	3.80140
create-batch-K8-total[ms]	32	3072	0	512	CLMUL	5.97909
create-batch-K1[ns]	32	3072	0	1024	GENERIC	7.82255
create-batch-K1-total[ms]	32	3072	0	1024	GENERIC	24.60761
create-batch-K1[ns]	32	3072	0	1024	CLMUL	16.77643
create-batch-K1-total[ms]	32	3072	0	1024	CLMUL	52.77409
create-batch-K2[ns]	32	3072	0	1024	GENERIC	6.30245
create-batch-K2-total[ms]	32	3072	0	1024	GENERIC	19.82579
create-batch-K2[ns]	32	3072	0	1024	CLMUL	8.64291
create-batch-K2-total[ms]	32	3072	0	1024	CLMUL	27.18824
create-batch-K4[ns]	32	3072	0	1024	GENERIC	7.54347
create-batch-K4-total[ms]	32	3072	0	1024	GENERIC	23.72970
create-batch-K4[ns]	32	3072	0	1024	CLMUL	4.96269
create-batch-K4-total[ms]	32	3072	0	1024	CLMUL	15.61126
create-batch-K8[ns]	32	3072	0	1024	GENERIC	8.30718
create-batch-K8-total[ms]	32	3072	0	1024	GENERIC	26.13213
create-batch-K8[ns]	32	3072	0	1024	CLMUL	3.79269
create-batch-K8-total[ms]	32	3072	0	1024	CLMUL	11.93077
create-batch-K1[ns]	32	3072	0	2048	GENERIC	7.82273
create-batch-K1-total[ms]	32	3072	0	2048	GENERIC	49.21638
create-batch-K1[ns]	32	3072	0	2048	CLMUL	16.81908
create-batch-K1-total[ms]	32	3072	0	2048	CLMUL	105.81650
create-batch-K2[ns]	32	3072	0	2048	GENERIC	6.25132
create-batch-K2-total[ms]	32	3072	0	2048	GENERIC	39.32988
create-batch-K2[ns]	32	3072	0	2048	CLMUL	8.67040
create-batch-K2-total[ms]	32	3072	0	2048	CLMUL	54.54944
create-batch-K4[ns]	32	3072	0	2048	GENERIC	7.54250
create-batch-K4-total[ms]	32	3072	0	2048	GENERIC	47.45328
create-batch-K4[ns]	32	3072	0	2048	CLMUL	4.96176
create-batch-K4-total[ms]	32	3072	0	2048	CLMUL	31.21669
create-batch-K8[ns]	32	3072	0	2048	GENERIC	8.30746
create-batch-K8-total[ms]	32	3072	0	2048	GENERIC	52.26601
create-batch-K8[ns]	32	3072	0	2048	CLMUL	3.79181
create-batch-K8-total[ms]	32	3072	0	2048	CLMUL	23.85599
create-batch-K1[ns]	32	3072	0	4096	GENERIC	7.82294
create-batch-K1-total[ms]	32	3072	0	4096	GENERIC	98.43539
create-batch-K1[ns]	32	3072	0	4096	CLMUL	16.81943
create-batch-K1-total[ms]	32	3072	0	4096	CLMUL	211.63738
create-batch-K2[ns]	32	3072	0	4096	GENERIC	6.31900
create-batch-K2-total[ms]	32	3072	0	4096	GENERIC	79.51142
create-batch-K2[ns]	32	3072	0	4096	CLMUL	8.65299
create-batch-K2-total[ms]	32	3072	0	4096	CLMUL	108.87984
create-batch-K4[ns]	32	3072	0	4096	GENERIC	7.54444
create-batch-K4-total[ms]	32	3072	0	4096	GENERIC	94.93106
create-batch-K4[ns]	32	3072	0	4096	CLMUL	4.96691
create-batch-K4-total[ms]	32	3072	0	4096	CLMUL	62.49813
create-batch-K8[ns]	32	3072	0	4096	GENERIC	8.30788
create-batch-K8-total[ms]	32	3072	0	4096	GENERIC	104.53727
create-batch-K8[ns]	32	3072	0	4096	CLMUL	3.78634
create-batch-K8-total[ms]	32	3072	0	4096	CLMUL	47.64315
create-batch-K1[ns]	32	3072	0	8192	GENERIC	7.82381
create-batch-K1-total[ms]	32	3072	0	8192	GENERIC	196.89265
create-batch-K1[ns]	32	3072	0	8192	CLMUL	16.81429
create-batch-K1-total[ms]	32	3072	0	8192	CLMUL	423.14555
create-batch-K2[ns]	32	3072	0	8192	GENERIC	6.28917
create-batch-K2-total[ms]	32	3072	0	8192	GENERIC	158.27209
create-batch-K2[ns]	32	3072	0	8192	CLMUL	8.66335
create-batch-K2-total[ms]	32	3072	0	8192	CLMUL	218.02042
create-batch-K4[ns]	32	3072	0	8192	GENERIC	7.54193
create-batch-K4-total[ms]	32	3072	0	8192	GENERIC	189.79885
create-batch-K4[ns]	32	3072	0	8192	CLMUL	4.96862
create-batch-K4-total[ms]	32	3072	0	8192	CLMUL	125.03945
create-batch-K8[ns]	32	3072	0	8192	GENERIC	8.30869
create-batch-K8-total[ms]	32	3072	0	8192	GENERIC	209.09499
create-batch-K8[ns]	32	3072	0	8192	CLMUL	3.80070
create-batch-K8-total[ms]	32	3072	0	8192	CLMUL	95.64769
create-batch-K1[ns]	32	4096	0	16	GENERIC	7.80161
create-batch-K1-total[ms]	32	4096	0	16	GENERIC	0.51129
create-batch-K1[ns]	32	4096	0	16	CLMUL	16.70244
create-batch-K1-total[ms]	32	4096	0	16	CLMUL	1.09461
create-batch-K2[ns]	32	4096	0	16	GENERIC	6.23505
create-batch-K2-total[ms]	32	4096	0	16	GENERIC	0.40862
create-batch-K2[ns]	32	4096	0	16	CLMUL	8.55371
create-batch-K2-total[ms]	32	4096	0	16	CLMUL	0.56058
create-batch-K4[ns]	32	4096	0	16	GENERIC	7.52568
create-batch-K4-total[ms]	32	4096	0	16	GENERIC	0.49320
create-batch-K4[ns]	32	4096	0	16	CLMUL	4.92216
create-batch-K4-total[ms]	32	4096	0	16	CLMUL	0.32258
create-batch-K8[ns]	32	4096	0	16	GENERIC	8.29114
create-batch-K8-total[ms]	32	4096	0	16	GENERIC	0.54337
create-batch-K8[ns]	32	4096	0	16	CLMUL	3.77841
create-batch-K8-total[ms]	32	4096	0	16	CLMUL	0.24762
create-batch-K1[ns]	32	4096	0	64	GENERIC	7.80494
create-batch-K1-total[ms]	32	4096	0	64	GENERIC	2.04602
create-batch-K1[ns]	32	4096	0	64	CLMUL	16.86934
create-batch-K1-total[ms]	32	4096	0	64	CLMUL	4.42220
create-batch-K2[ns]	32	4096	0	64	GENERIC	6.22615
create-batch-K2-total[ms]	32	4096	0	64	GENERIC	1.63215
create-batch-K2[ns]	32	4096	0	64	CLMUL	8.45803
create-batch-K2-total[ms]	32	4096	0	64	CLMUL	2.21722
create-batch-K4[ns]	32	4096	0	64	GENERIC	7.52567
create-batch-K4-total[ms]	32	4096	0	64	GENERIC	1.97281
create-batch-K4[ns]	32	4096	0	64	CLMUL	4.84429
create-batch-K4-total[ms]	32	4096	0	64	CLMUL	1.26990
create-batch-K8[ns]	32	4096	0	64	GENERIC	8.29003
create-batch-K8-total[ms]	32	4096	0	64	GENERIC	2.17318
create-batch-K8[ns]	32	4096	0	64	CLMUL	3.78397
create-batch-K8-total[ms]	32	4096	0	64	CLMUL	0.99195
create-batch-K1[ns]	32	4096	0	128	GENERIC	7.81328
create-batch-K1-total[ms]	32	4096	0	128	GENERIC	4.09641
create-batch-K1[ns]	32	4096	0	128	CLMUL	16.81537
create-batch-K1-total[ms]	32	4096	0	128	CLMUL	8.81610
create-batch-K2[ns]	32	4096	0	128	GENERIC	6.24840
create-batch-K2-total[ms]	32	4096	0	128	GENERIC	3.27596
create-batch-K2[ns]	32	4096	0	128	CLMUL	8.43689
create-batch-K2-total[ms]	32	4096	0	128	CLMUL	4.42336
create-batch-K4[ns]	32	4096	0	128	GENERIC	7.52456
create-batch-K4-total[ms]	32	4096	0	128	GENERIC	3.94503
create-batch-K4[ns]	32	4096	0	128	CLMUL	4.92050
create-batch-K4-total[ms]	32	4096	0	128	CLMUL	2.57976
create-batch-K8[ns]	32	4096	0	128	GENERIC	8.29837
create-batch-K8-total[ms]	32	4096	0	128	GENERIC	4.35074
create-batch-K8[ns]	32	4096	0	128	CLMUL	3.79677
create-batch-K8-total[ms]	32	4096	0	128	CLMUL	1.99060
create-batch-K1[ns]	32	4096	0	512	GENERIC	7.81397
create-batch-K1-total[ms]	32	4096	0	512	GENERIC	16.38709
create-batch-K1[ns]	32	4096	0	512	CLMUL	16.70105
create-batch-K1-total[ms]	32	4096	0	512	CLMUL	35.02465
create-batch-K2[ns]	32	4096	0	512	GENERIC	6.27315
create-batch-K2-total[ms]	32	4096	0	512	GENERIC	13.15575
create-batch-K2[ns]	32	4096	0	512	CLMUL	8.42424
create-batch-K2-total[ms]	32	4096	0	512	CLMUL	17.66690
create-batch-K4[ns]	32	4096	0	512	GENERIC	7.54111
create-batch-K4-total[ms]	32	4096	0	512	GENERIC	15.81485
create-batch-K4[ns]	32	4096	0	512	CLMUL	4.90632
create-batch-K4-total[ms]	32	4096	0	512	CLMUL	10.28929
create-batch-K8[ns]	32	4096	0	512	GENERIC	8.29962
create-batch-K8-total[ms]	32	4096	0	512	GENERIC	17.40557
create-batch-K8[ns]	32	4096	0	512	CLMUL	3.80164
create-batch-K8-total[ms]	32	4096	0	512	CLMUL	7.97261
create-batch-K1[ns]	32	4096	0	1024	GENERIC	7.81502
create-batch-K1-total[ms]	32	4096	0	1024	GENERIC	32.77855
create-batch-K1[ns]	32	4096	0	1024	CLMUL	16.76941
create-batch-K1-total[ms]	32	4096	0	1024	CLMUL	70.33600
create-batch-K2[ns]	32	4096	0	1024	GENERIC	6.32197
create-batch-K2-total[ms]	32	4096	0	1024	GENERIC	26.51625
create-batch-K2[ns]	32	4096	0	1024	CLMUL	8.44197
create-batch-K2-total[ms]	32	4096	0	1024	CLMUL	35.40819
create-batch-K4[ns]	32	4096	0	1024	GENERIC	7.54111
create-batch-K4-total[ms]	32	4096	0	1024	GENERIC	31.62969
create-batch-K4[ns]	32	4096	0	1024	CLMUL	4.96111
create-batch-K4-total[ms]	32	4096	0	1024	CLMUL	20.80841
create-batch-K8[ns]	32	4096	0	1024	GENERIC	8.30345
create-batch-K8-total[ms]	32	4096	0	1024	GENERIC	34.82719
create-batch-K8[ns]	32	4096	0	1024	CLMUL	3.78662
create-batch-K8-total[ms]	32	4096	0	1024	CLMUL	15.88222
create-batch-K1[ns]	32	4096	0	2048	GENERIC	7.81449
create-batch-K1-total[ms]	32	4096	0	2048	GENERIC	65.55273
create-batch-K1[ns]	32	4096	0	2048	CLMUL	16.81287
create-batch-K1-total[ms]	32	4096	0	2048	CLMUL	141.03658
create-batch-K2[ns]	32	4096	0	2048	GENERIC	6.35865
create-batch-K2-total[ms]	32	4096	0	2048	GENERIC	53.34021
create-batch-K2[ns]	32	4096	0	2048	CLMUL	8.46412
create-batch-K2-total[ms]	32	4096	0	2048	CLMUL	71.00216
create-batch-K4[ns]	32	4096	0	2048	GENERIC	7.53499
create-batch-K4-total[ms]	32	4096	0	2048	GENERIC	63.20805
create-batch-K4[ns]	32	4096	0	2048	CLMUL	4.93215
create-batch-K4-total[ms]	32	4096	0	2048	CLMUL	41.37386
create-batch-K8[ns]	32	4096	0	2048	GENERIC	8.29907
create-batch-K8-total[ms]	32	4096	0	2048	GENERIC	69.61764
create-batch-K8[ns]	32	4096	0	2048	CLMUL	3.79319
create-batch-K8-total[ms]	32	4096	0	2048	CLMUL	31.81956
create-batch-K1[ns]	32	4096	0	4096	GENERIC	7.81449
create-batch-K1-total[ms]	32	4096	0	4096	GENERIC	131.10546
create-batch-K1[ns]	32	4096	0	4096	CLMUL	16.82315
create-batch-K1-total[ms]	32	4096	0	4096	CLMUL	282.24554
create-batch-K2[ns]	32	4096	0	4096	GENERIC	6.35107
create-batch-K2-total[ms]	32	4096	0	4096	GENERIC	106.55326
create-batch-K2[ns]	32	4096	0	4096	CLMUL	8.49096
create-batch-K2-total[ms]	32	4096	0	4096	CLMUL	142.45465
create-batch-K4[ns]	32	4096	0	4096	GENERIC	7.53492
create-batch-K4-total[ms]	32	4096	0	4096	GENERIC	126.41493
create-batch-K4[ns]	32	4096	0	4096	CLMUL	4.96036
create-batch-K4-total[ms]	32	4096	0	4096	CLMUL	83.22109
create-batch-K8[ns]	32	4096	0	4096	GENERIC	8.30105
create-batch-K8-total[ms]	32	4096	0	4096	GENERIC	139.26852
create-batch-K8[ns]	32	4096	0	4096	CLMUL	3.79833
create-batch-K8-total[ms]	32	4096	0	4096	CLMUL	63.72546
create-batch-K1[ns]	32	4096	0	8192	GENERIC	7.81473
create-batch-K1-total[ms]	32	4096	0	8192	GENERIC	262.21879
create-batch-K1[ns]	32	4096	0	8192	CLMUL	16.81617
create-batch-K1-total[ms]	32	4096	0	8192	CLMUL	564.25716
create-batch-K2[ns]	32	4096	0	8192	GENERIC	6.29456
create-batch-K2-total[ms]	32	4096	0	8192	GENERIC	211.21042
create-batch-K2[ns]	32	4096	0	8192	CLMUL	8.52390
create-batch-K2-total[ms]	32	4096	0	8192	CLMUL	286.01470
create-batch-K4[ns]	32	4096	0	8192	GENERIC	7.53576
create-batch-K4-total[ms]	32	4096	0	8192	GENERIC	252.85815
create-batch-K4[ns]	32	4096	0	8192	CLMUL	4.94808
create-batch-K4-total[ms]	32	4096	0	8192	CLMUL	166.03006
create-batch-K8[ns]	32	4096	0	8192	GENERIC	8.30114
create-batch-K8-total[ms]	32	4096	0	8192	GENERIC	278.53996
create-batch-K8[ns]	32	4096	0	8192	CLMUL	3.79797
create-batch-K8-total[ms]	32	4096	0	8192	CLMUL	127.43867
create-batch-K1[ns]	32	5120	0	16	GENERIC	7.80071
create-batch-K1-total[ms]	32	5120	0	16	GENERIC	0.63903
create-batch-K1[ns]	32	5120	0	16	CLMUL	16.69800
create-batch-K1-total[ms]	32	5120	0	16	CLMUL	1.36790
create-batch-K2[ns]	32	5120	0	16	GENERIC	6.26263
create-batch-K2-total[ms]	32	5120	0	16	GENERIC	0.51304
create-batch-K2[ns]	32	5120	0	16	CLMUL	8.40597
create-batch-K2-total[ms]	32	5120	0	16	CLMUL	0.68862
create-batch-K4[ns]	32	5120	0	16	GENERIC	7.53011
create-batch-K4-total[ms]	32	5120	0	16	GENERIC	0.61687
create-batch-K4[ns]	32	5120	0	16	CLMUL	4.93820
create-batch-K4-total[ms]	32	5120	0	16	CLMUL	0.40454
create-batch-K8[ns]	32	5120	0	16	GENERIC	8.29558
create-batch-K8-total[ms]	32	5120	0	16	GENERIC	0.67957
create-batch-K8[ns]	32	5120	0	16	CLMUL	3.78463
create-batch-K8-total[ms]	32	5120	0	16	CLMUL	0.31004
create-batch-K1[ns]	32	5120	0	64	GENERIC	7.79982
create-batch-K1-total[ms]	32	5120	0	64	GENERIC	2.55584
create-batch-K1[ns]	32	5120	0	64	CLMUL	16.68731
create-batch-K1-total[ms]	32	5120	0	64	CLMUL	5.46810
create-batch-K2[ns]	32	5120	0	64	GENERIC	6.32672
create-batch-K2-total[ms]	32	5120	0	64	GENERIC	2.07314
create-batch-K2[ns]	32	5120	0	64	CLMUL	8.63828
create-batch-K2-total[ms]	32	5120	0	64	CLMUL	2.83059
create-batch-K4[ns]	32	5120	0	64	GENERIC	7.52122
create-batch-K4-total[ms]	32	5120	0	64	GENERIC	2.46455
create-batch-K4[ns]	32	5120	0	64	CLMUL	4.96490
create-batch-K4-total[ms]	32	5120	0	64	CLMUL	1.62690
create-batch-K8[ns]	32	5120	0	64	GENERIC	8.29203
create-batch-K8-total[ms]	32	5120	0	64	GENERIC	2.71713
create-batch-K8[ns]	32	5120	0	64	CLMUL	3.79532
create-batch-K8-total[ms]	32	5120	0	64	CLMUL	1.24365
create-batch-K1[ns]	32	5120	0	128	GENERIC	7.80872
create-batch-K1-total[ms]	32	5120	0	128	GENERIC	5.11752
create-batch-K1[ns]	32	5120	0	128	CLMUL	16.77365
create-batch-K1-total[ms]	32	5120	0	128	CLMUL	10.99278
create-batch-K2[ns]	32	5120	0	128	GENERIC	6.26664
create-batch-K2-total[ms]	32	5120	0	128	GENERIC	4.10691
create-batch-K2[ns]	32	5120	0	128	CLMUL	8.57152
create-batch-K2-total[ms]	32	5120	0	128	CLMUL	5.61743
create-batch-K4[ns]	32	5120	0	128	GENERIC	7.53101
create-batch-K4-total[ms]	32	5120	0	128	GENERIC	4.93552
create-batch-K4[ns]	32	5120	0	128	CLMUL	4.95955
create-batch-K4-total[ms]	32	5120	0	128	CLMUL	3.25029
create-batch-K8[ns]	32	5120	0	128	GENERIC	8.29915
create-batch-K8-total[ms]	32	5120	0	128	GENERIC	5.43893
create-batch-K8[ns]	32	5120	0	128	CLMUL	3.79132
create-batch-K8-total[ms]	32	5120	0	128	CLMUL	2.48468
create-batch-K1[ns]	32	5120	0	512	GENERIC	7.80949
create-batch-K1-total[ms]	32	5120	0	512	GENERIC	20.47212
create-batch-K1[ns]	32	5120	0	512	CLMUL	16.71891
create-batch-K1-total[ms]	32	5120	0	512	CLMUL	43.82762
create-batch-K2[ns]	32	5120	0	512	GENERIC	6.30091
create-batch-K2-total[ms]	32	5120	0	512	GENERIC	16.51746
create-batch-K2[ns]	32	5120	0	512	CLMUL	8.63983
create-batch-K2-total[ms]	32	5120	0	512	CLMUL	22.64880
create-batch-K4[ns]	32	5120	0	512	GENERIC	7.53001
create-batch-K4-total[ms]	32	5120	0	512	GENERIC	19.73946
create-batch-K4[ns]	32	5120	0	512	CLMUL	4.96234
create-batch-K4-total[ms]	32	5120	0	512	CLMUL	13.00846
create-batch-K8[ns]	32	5120	0	512	GENERIC	8.30182
create-batch-K8-total[ms]	32	5120	0	512	GENERIC	21.76273
create-batch-K8[ns]	32	5120	0	512	CLMUL	3.79109
create-batch-K8-total[ms]	32	5120	0	512	CLMUL	9.93813
create-batch-K1[ns]	32	5120	0	1024	GENERIC	7.81411
create-batch-K1-total[ms]	32	5120	0	1024	GENERIC	40.96845
create-batch-K1[ns]	32	5120	0	1024	CLMUL	16.75635
create-batch-K1-total[ms]	32	5120	0	1024	CLMUL	87.85153
create-batch-K2[ns]	32	5120	0	1024	GENERIC	6.32016
create-batch-K2-total[ms]	32	5120	0	1024	GENERIC	33.13584
create-batch-K2[ns]	32	5120	0	1024	CLMUL	8.67171
create-batch-K2-total[ms]	32	5120	0	1024	CLMUL	45.46473
create-batch-K4[ns]	32	5120	0	1024	GENERIC	7.53501
create-batch-K4-total[ms]	32	5120	0	1024	GENERIC	39.50518
create-batch-K4[ns]	32	5120	0	1024	CLMUL	4.96161
create-batch-K4-total[ms]	32	5120	0	1024	CLMUL	26.01313
create-batch-K8[ns]	32	5120	0	1024	GENERIC	8.29798
create-batch-K8-total[ms]	32	5120	0	1024	GENERIC	43.50534
create-batch-K8[ns]	32	5120	0	1024	CLMUL	3.78670
create-batch-K8-total[ms]	32	5120	0	1024	CLMUL	19.85321
create-batch-K1[ns]	32	5120	0	2048	GENERIC	7.81008
create-batch-K1-total[ms]	32	5120	0	2048	GENERIC	81.89461
create-batch-K1[ns]	32	5120	0	2048	CLMUL	16.69254
create-batch-K1-total[ms]	32	5120	0	2048	CLMUL	175.03399
create-batch-K2[ns]	32	5120	0	2048	GENERIC	6.41139
create-batch-K2-total[ms]	32	5120	0	2048	GENERIC	67.22833
create-batch-K2[ns]	32	5120	0	2048	CLMUL	8.64576
create-batch-K2-total[ms]	32	5120	0	2048	CLMUL	90.65733
create-batch-K4[ns]	32	5120	0	2048	GENERIC	7.53604
create-batch-K4-total[ms]	32	5120	0	2048	GENERIC	79.02114
create-batch-K4[ns]	32	5120	0	2048	CLMUL	4.97112
create-batch-K4-total[ms]	32	5120	0	2048	CLMUL	52.12602
create-batch-K8[ns]	32	5120	0	2048	GENERIC	8.30032
create-batch-K8-total[ms]	32	5120	0	2048	GENERIC	87.03517
create-batch-K8[ns]	32	5120	0	2048	CLMUL	3.79418
create-batch-K8-total[ms]	32	5120	0	2048	CLMUL	39.78488
create-batch-K1[ns]	32	5120	0	4096	GENERIC	7.81535
create-batch-K1-total[ms]	32	5120	0	4096	GENERIC	163.89976
create-batch-K1[ns]	32	5120	0	4096	CLMUL	16.77789
create-batch-K1-total[ms]	32	5120	0	4096	CLMUL	351.85792
create-batch-K2[ns]	32	5120	0	4096	GENERIC	6.34594
create-batch-K2-total[ms]	32	5120	0	4096	GENERIC	133.08410
create-batch-K2[ns]	32	5120	0	4096	CLMUL	8.64833
create-batch-K2-total[ms]	32	5120	0	4096	CLMUL	181.36862
create-batch-K4[ns]	32	5120	0	4096	GENERIC	7.53560
create-batch-K4-total[ms]	32	5120	0	4096	GENERIC	158.03296
create-batch-K4[ns]	32	5120	0	4096	CLMUL	4.94456
create-batch-K4-total[ms]	32	5120	0	4096	CLMUL	103.69496
create-batch-K8[ns]	32	5120	0	4096	GENERIC	8.30038
create-batch-K8-total[ms]	32	5120	0	4096	GENERIC	174.07150
create-batch-K8[ns]	32	5120	0	4096	CLMUL	3.79712
create-batch-K8-total[ms]	32	5120	0	4096	CLMUL	79.63130
create-batch-K1[ns]	32	5120	0	8192	GENERIC	7.81029
create-batch-K1-total[ms]	32	5120	0	8192	GENERIC	327.58718
create-batch-K1[ns]	32	5120	0	8192	CLMUL	16.72442
create-batch-K1-total[ms]	32	5120	0	8192	CLMUL	701.47296
create-batch-K2[ns]	32	5120	0	8192	GENERIC	6.31951
create-batch-K2-total[ms]	32	5120	0	8192	GENERIC	265.05958
create-batch-K2[ns]	32	5120	0	8192	CLMUL	8.52590
create-batch-K2-total[ms]	32	5120	0	8192	CLMUL	357.60223
create-batch-K4[ns]	32	5120	0	8192	GENERIC	7.53084
create-batch-K4-total[ms]	32	5120	0	8192	GENERIC	315.86641
create-batch-K4[ns]	32	5120	0	8192	CLMUL	4.94817
create-batch-K4-total[ms]	32	5120	0	8192	CLMUL	207.54130
create-batch-K8[ns]	32	5120	0	8192	GENERIC	8.30026
create-batch-K8-total[ms]	32	5120	0	8192	GENERIC	348.13834
create-batch-K8[ns]	32	5120	0	8192	CLMUL	3.79539
create-batch-K8-total[ms]	32	5120	0	8192	CLMUL	159.19027
create-batch-K1[ns]	32	6144	0	16	GENERIC	7.80011
create-batch-K1-total[ms]	32	6144	0	16	GENERIC	0.76678
create-batch-K1[ns]	32	6144	0	16	CLMUL	16.63866
create-batch-K1-total[ms]	32	6144	0	16	CLMUL	1.63565
create-batch-K2[ns]	32	6144	0	16	GENERIC	6.39081
create-batch-K2-total[ms]	32	6144	0	16	GENERIC	0.62824
create-batch-K2[ns]	32	6144	0	16	CLMUL	8.59525
create-batch-K2-total[ms]	32	6144	0	16	CLMUL	0.84495
create-batch-K4[ns]	32	6144	0	16	GENERIC	7.52418
create-batch-K4-total[ms]	32	6144	0	16	GENERIC	0.73966
create-batch-K4[ns]	32	6144	0	16	CLMUL	4.97558
create-batch-K4-total[ms]	32	6144	0	16	CLMUL	0.48912
create-batch-K8[ns]	32	6144	0	16	GENERIC	8.28372
create-batch-K8-total[ms]	32	6144	0	16	GENERIC	0.81432
create-batch-K8[ns]	32	6144	0	16	CLMUL	3.78286
create-batch-K8-total[ms]	32	6144	0	16	CLMUL	0.37187
create-batch-K1[ns]	32	6144	0	64	GENERIC	7.80011
create-batch-K1-total[ms]	32	6144	0	64	GENERIC	3.06713
create-batch-K1[ns]	32	6144	0	64	CLMUL	16.76846
create-batch-K1-total[ms]	32	6144	0	64	CLMUL	6.59363
create-batch-K2[ns]	32	6144	0	64	GENERIC	6.37153
create-batch-K2-total[ms]	32	6144	0	64	GENERIC	2.50539
create-batch-K2[ns]	32	6144	0	64	CLMUL	8.63457
create-batch-K2-total[ms]	32	6144	0	64	CLMUL	3.39525
create-batch-K4[ns]	32	6144	0	64	GENERIC	7.52641
create-batch-K4-total[ms]	32	6144	0	64	GENERIC	2.95951
create-batch-K4[ns]	32	6144	0	64	CLMUL	4.95258
create-batch-K4-total[ms]	32	6144	0	64	CLMUL	1.94743
create-batch-K8[ns]	32	6144	0	64	GENERIC	8.28669
create-batch-K8-total[ms]	32	6144	0	64	GENERIC	3.25846
create-batch-K8[ns]	32	6144	0	64	CLMUL	3.78657
create-batch-K8-total[ms]	32	6144	0	64	CLMUL	1.48894
create-batch-K1[ns]	32	6144	0	128	GENERIC	7.80382
create-batch-K1-total[ms]	32	6144	0	128	GENERIC	6.13717
create-batch-K1[ns]	32	6144	0	128	CLMUL	16.74695
create-batch-K1-total[ms]	32	6144	0	128	CLMUL	13.17034
create-batch-K2[ns]	32	6144	0	128	GENERIC	6.35632
create-batch-K2-total[ms]	32	6144	0	128	GENERIC	4.99881
create-batch-K2[ns]	32	6144	0	128	CLMUL	8.64124
create-batch-K2-total[ms]	32	6144	0	128	CLMUL	6.79575
create-batch-K4[ns]	32	6144	0	128	GENERIC	7.52975
create-batch-K4-total[ms]	32	6144	0	128	GENERIC	5.92163
create-batch-K4[ns]	32	6144	0	128	CLMUL	4.93552
create-batch-K4-total[ms]	32	6144	0	128	CLMUL	3.88145
create-batch-K8[ns]	32	6144	0	128	GENERIC	8.29374
create-batch-K8-total[ms]	32	6144	0	128	GENERIC	6.52246
create-batch-K8[ns]	32	6144	0	128	CLMUL	3.78954
create-batch-K8-total[ms]	32	6144	0	128	CLMUL	2.98021
create-batch-K1[ns]	32	6144	0	512	GENERIC	7.80753
create-batch-K1-total[ms]	32	6144	0	512	GENERIC	24.56036
create-batch-K1[ns]	32	6144	0	512	CLMUL	16.63912
create-batch-K1-total[ms]	32	6144	0	512	CLMUL	52.34214
create-batch-K2[ns]	32	6144	0	512	GENERIC	6.35947
create-batch-K2-total[ms]	32	6144	0	512	GENERIC	20.00517
create-batch-K2[ns]	32	6144	0	512	CLMUL	8.67045
create-batch-K2-total[ms]	32	6144	0	512	CLMUL	27.27487
create-batch-K4[ns]	32	6144	0	512	GENERIC	7.53132
create-batch-K4-total[ms]	32	6144	0	512	GENERIC	23.69150
create-batch-K4[ns]	32	6144	0	512	CLMUL	4.96111
create-batch-K4-total[ms]	32	6144	0	512	CLMUL	15.60631
create-batch-K8[ns]	32	6144	0	512	GENERIC	8.29337
create-batch-K8-total[ms]	32	6144	0	512	GENERIC	26.08868
create-batch-K8[ns]	32	6144	0	512	CLMUL	3.78509
create-batch-K8-total[ms]	32	6144	0	512	CLMUL	11.90685
create-batch-K1[ns]	32	6144	0	1024	GENERIC	7.81216
create-batch-K1-total[ms]	32	6144	0	1024	GENERIC	49.14989
create-batch-K1[ns]	32	6144	0	1024	CLMUL	16.80819
create-batch-K1-total[ms]	32	6144	0	1024	CLMUL	105.74798
create-batch-K2[ns]	32	6144	0	1024	GENERIC	6.33713
create-batch-K2-total[ms]	32	6144	0	1024	GENERIC	39.86975
create-batch-K2[ns]	32	6144	0	1024	CLMUL	8.64796
create-batch-K2-total[ms]	32	6144	0	1024	CLMUL	54.40828
create-batch-K4[ns]	32	6144	0	1024	GENERIC	7.53105
create-batch-K4-total[ms]	32	6144	0	1024	GENERIC	47.38124
create-batch-K4[ns]	32	6144	0	1024	CLMUL	4.96774
create-batch-K4-total[ms]	32	6144	0	1024	CLMUL	31.25432
create-batch-K8[ns]	32	6144	0	1024	GENERIC	8.29652
create-batch-K8-total[ms]	32	6144	0	1024	GENERIC	52.19719
create-batch-K8[ns]	32	6144	0	1024	CLMUL	3.78819
create-batch-K8-total[ms]	32	6144	0	1024	CLMUL	23.83325
create-batch-K1[ns]	32	6144	0	2048	GENERIC	7.80992
create-batch-K1-total[ms]	32	6144	0	2048	GENERIC	98.27149
create-batch-K1[ns]	32	6144	0	2048	CLMUL	16.71301
create-batch-K1-total[ms]	32	6144	0	2048	CLMUL	210.29839
create-batch-K2[ns]	32	6144	0	2048	GENERIC	6.30806
create-batch-K2-total[ms]	32	6144	0	2048	GENERIC	79.37376
create-batch-K2[ns]	32	6144	0	2048	CLMUL	8.65394
create-batch-K2-total[ms]	32	6144	0	2048	CLMUL	108.89182
create-batch-K4[ns]	32	6144	0	2048	GENERIC	7.53079
create-batch-K4-total[ms]	32	6144	0	2048	GENERIC	94.75928
create-batch-K4[ns]	32	6144	0	2048	CLMUL	4.96146
create-batch-K4-total[ms]	32	6144	0	2048	CLMUL	62.42960
create-batch-K8[ns]	32	6144	0	2048	GENERIC	8.29712
create-batch-K8-total[ms]	32	6144	0	2048	GENERIC	104.40195
create-batch-K8[ns]	32	6144	0	2048	CLMUL	3.79380
create-batch-K8-total[ms]	32	6144	0	2048	CLMUL	47.73707
create-batch-K1[ns]	32	6144	0	4096	GENERIC	7.80883
create-batch-K1-total[ms]	32	6144	0	4096	GENERIC	196.51556
create-batch-K1[ns]	32	6144	0	4096	CLMUL	16.76702
create-batch-K1-total[ms]	32	6144	0	4096	CLMUL	421.95593
create-batch-K2[ns]	32	6144	0	4096	GENERIC	6.33350
create-batch-K2-total[ms]	32	6144	0	4096	GENERIC	159.38773
create-batch-K2[ns]	32	6144	0	4096	CLMUL	8.65522
create-batch-K2-total[ms]	32	6144	0	4096	CLMUL	217.81571
create-batch-K4[ns]	32	6144	0	4096	GENERIC	7.52902
create-batch-K4-total[ms]	32	6144	0	4096	GENERIC	189.47394
create-batch-K4[ns]	32	6144	0	4096	CLMUL	4.94571
create-batch-K4-total[ms]	32	6144	0	4096	CLMUL	124.46283
create-batch-K8[ns]	32	6144	0	4096	GENERIC	8.29622
create-batch-K8-total[ms]	32	6144	0	4096	GENERIC	208.78116
create-batch-K8[ns]	32	6144	0	4096	CLMUL	3.79738
create-batch-K8-total[ms]	32	6144	0	4096	CLMUL	95.56427
create-batch-K1[ns]	32	6144	0	8192	GENERIC	7.81263
create-batch-K1-total[ms]	32	6144	0	8192	GENERIC	393.22245
create-batch-K1[ns]	32	6144	0	8192	CLMUL	16.72954
create-batch-K1-total[ms]	32	6144	0	8192	CLMUL	842.02509
create-batch-K2[ns]	32	6144	0	8192	GENERIC	6.35320
create-batch-K2-total[ms]	32	6144	0	8192	GENERIC	319.76711
create-batch-K2[ns]	32	6144	0	8192	CLMUL	8.65266
create-batch-K2-total[ms]	32	6144	0	8192	CLMUL	435.50280
create-batch-K4[ns]	32	6144	0	8192	GENERIC	7.53408
create-batch-K4-total[ms]	32	6144	0	8192	GENERIC	379.20279
create-batch-K4[ns]	32	6144	0	8192	CLMUL	4.96170
create-batch-K4-total[ms]	32	6144	0	8192	CLMUL	249.73065
create-batch-K8[ns]	32	6144	0	8192	GENERIC	8.29705
create-batch-K8-total[ms]	32	6144	0	8192	GENERIC	417.60431
create-batch-K8[ns]	32	6144	0	8192	CLMUL	3.79553
create-batch-K8-total[ms]	32	6144	0	8192	CLMUL	191.03521
create-batch-K1[ns]	32	7168	0	16	GENERIC	7.80223
create-batch-K1-total[ms]	32	7168	0	16	GENERIC	0.89482
create-batch-K1[ns]	32	7168	0	16	CLMUL	16.58356
create-batch-K1-total[ms]	32	7168	0	16	CLMUL	1.90193
create-batch-K2[ns]	32	7168	0	16	GENERIC	6.32724
create-batch-K2-total[ms]	32	7168	0	16	GENERIC	0.72566
create-batch-K2[ns]	32	7168	0	16	CLMUL	8.58805
create-batch-K2-total[ms]	32	7168	0	16	CLMUL	0.98495
create-batch-K4[ns]	32	7168	0	16	GENERIC	7.52503
create-batch-K4-total[ms]	32	7168	0	16	GENERIC	0.86303
create-batch-K4[ns]	32	7168	0	16	CLMUL	4.98956
create-batch-K4-total[ms]	32	7168	0	16	CLMUL	0.57224
create-batch-K8[ns]	32	7168	0	16	GENERIC	8.28287
create-batch-K8-total[ms]	32	7168	0	16	GENERIC	0.94995
create-batch-K8[ns]	32	7168	0	16	CLMUL	3.77651
create-batch-K8-total[ms]	32	7168	0	16	CLMUL	0.43312
create-batch-K1[ns]	32	7168	0	64	GENERIC	7.80477
create-batch-K1-total[ms]	32	7168	0	64	GENERIC	3.58046
create-batch-K1[ns]	32	7168	0	64	CLMUL	16.70117
create-batch-K1-total[ms]	32	7168	0	64	CLMUL	7.66170
create-batch-K2[ns]	32	7168	0	64	GENERIC	6.36538
create-batch-K2-total[ms]	32	7168	0	64	GENERIC	2.92013
create-batch-K2[ns]	32	7168	0	64	CLMUL	8.60013
create-batch-K2-total[ms]	32	7168	0	64	CLMUL	3.94533
create-batch-K4[ns]	32	7168	0	64	GENERIC	7.52440
create-batch-K4-total[ms]	32	7168	0	64	GENERIC	3.45183
create-batch-K4[ns]	32	7168	0	64	CLMUL	4.98130
create-batch-K4-total[ms]	32	7168	0	64	CLMUL	2.28518
create-batch-K8[ns]	32	7168	0	64	GENERIC	8.29623
create-batch-K8-total[ms]	32	7168	0	64	GENERIC	3.80591
create-batch-K8[ns]	32	7168	0	64	CLMUL	3.78731
create-batch-K8-total[ms]	32	7168	0	64	CLMUL	1.73744
create-batch-K1[ns]	32	7168	0	128	GENERIC	7.80954
create-batch-K1-total[ms]	32	7168	0	128	GENERIC	7.16529
create-batch-K1[ns]	32	7168	0	128	CLMUL	16.76539
create-batch-K1-total[ms]	32	7168	0	128	CLMUL	15.38231
create-batch-K2[ns]	32	7168	0	128	GENERIC	6.35362
create-batch-K2-total[ms]	32	7168	0	128	GENERIC	5.82947
create-batch-K2[ns]	32	7168	0	128	CLMUL	8.62969
create-batch-K2-total[ms]	32	7168	0	128	CLMUL	7.91778
create-batch-K4[ns]	32	7168	0	128	GENERIC	7.53234
create-batch-K4-total[ms]	32	7168	0	128	GENERIC	6.91096
create-batch-K4[ns]	32	7168	0	128	CLMUL	4.97430
create-batch-K4-total[ms]	32	7168	0	128	CLMUL	4.56394
create-batch-K8[ns]	32	7168	0	128	GENERIC	8.29178
create-batch-K8-total[ms]	32	7168	0	128	GENERIC	7.60774
create-batch-K8[ns]	32	7168	0	128	CLMUL	3.78763
create-batch-K8-total[ms]	32	7168	0	128	CLMUL	3.47517
create-batch-K1[ns]	32	7168	0	512	GENERIC	7.81097
create-batch-K1-total[ms]	32	7168	0	512	GENERIC	28.66639
create-batch-K1[ns]	32	7168	0	512	CLMUL	16.73352
create-batch-K1-total[ms]	32	7168	0	512	CLMUL	61.41228
create-batch-K2[ns]	32	7168	0	512	GENERIC	6.35640
create-batch-K2-total[ms]	32	7168	0	512	GENERIC	23.32808
create-batch-K2[ns]	32	7168	0	512	CLMUL	8.65806
create-batch-K2-total[ms]	32	7168	0	512	CLMUL	31.77523
create-batch-K4[ns]	32	7168	0	512	GENERIC	7.53409
create-batch-K4-total[ms]	32	7168	0	512	GENERIC	27.65024
create-batch-K4[ns]	32	7168	0	512	CLMUL	4.96532
create-batch-K4-total[ms]	32	7168	0	512	CLMUL	18.22282
create-batch-K8[ns]	32	7168	0	512	GENERIC	8.29488
create-batch-K8-total[ms]	32	7168	0	512	GENERIC	30.44233
create-batch-K8[ns]	32	7168	0	512	CLMUL	3.78119
create-batch-K8-total[ms]	32	7168	0	512	CLMUL	13.87704
create-batch-K1[ns]	32	7168	0	1024	GENERIC	7.81014
create-batch-K1-total[ms]	32	7168	0	1024	GENERIC	57.32666
create-batch-K1[ns]	32	7168	0	1024	CLMUL	16.73038
create-batch-K1-total[ms]	32	7168	0	1024	CLMUL	122.80152
create-batch-K2[ns]	32	7168	0	1024	GENERIC	6.39188
create-batch-K2-total[ms]	32	7168	0	1024	GENERIC	46.91663
create-batch-K2[ns]	32	7168	0	1024	CLMUL	8.66144
create-batch-K2-total[ms]	32	7168	0	1024	CLMUL	63.57525
create-batch-K4[ns]	32	7168	0	1024	GENERIC	7.53958
create-batch-K4-total[ms]	32	7168	0	1024	GENERIC	55.34073
create-batch-K4[ns]	32	7168	0	1024	CLMUL	4.96413
create-batch-K4-total[ms]	32	7168	0	1024	CLMUL	36.43688
create-batch-K8[ns]	32	7168	0	1024	GENERIC	8.29651
create-batch-K8-total[ms]	32	7168	0	1024	GENERIC	60.89662
create-batch-K8[ns]	32	7168	0	1024	CLMUL	3.78147
create-batch-K8-total[ms]	32	7168	0	1024	CLMUL	27.75611
create-batch-K1[ns]	32	7168	0	2048	GENERIC	7.81046
create-batch-K1-total[ms]	32	7168	0	2048	GENERIC	114.65799
create-batch-K1[ns]	32	7168	0	2048	CLMUL	16.74653
create-batch-K1-total[ms]	32	7168	0	2048	CLMUL	245.84016
create-batch-K2[ns]	32	7168	0	2048	GENERIC	6.37565
create-batch-K2-total[ms]	32	7168	0	2048	GENERIC	93.59496
create-batch-K2[ns]	32	7168	0	2048	CLMUL	8.65928
create-batch-K2-total[ms]	32	7168	0	2048	CLMUL	127.11871
create-batch-K4[ns]	32	7168	0	2048	GENERIC	7.53443
create-batch-K4-total[ms]	32	7168	0	2048	GENERIC	110.60592
create-batch-K4[ns]	32	7168	0	2048	CLMUL	4.96840
create-batch-K4-total[ms]	32	7168	0	2048	CLMUL	72.93647
create-batch-K8[ns]	32	7168	0	2048	GENERIC	8.29553
create-batch-K8-total[ms]	32	7168	0	2048	GENERIC	121.77895
create-batch-K8[ns]	32	7168	0	2048	CLMUL	3.78151
create-batch-K8-total[ms]	32	7168	0	2048	CLMUL	55.51281
create-batch-K1[ns]	32	7168	0	4096	GENERIC	7.80970
create-batch-K1-total[ms]	32	7168	0	4096	GENERIC	229.29382
create-batch-K1[ns]	32	7168	0	4096	CLMUL	16.73784
create-batch-K1-total[ms]	32	7168	0	4096	CLMUL	491.42511
create-batch-K2[ns]	32	7168	0	4096	GENERIC	6.35998
create-batch-K2-total[ms]	32	7168	0	4096	GENERIC	186.72968
create-batch-K2[ns]	32	7168	0	4096	CLMUL	8.65728
create-batch-K2-total[ms]	32	7168	0	4096	CLMUL	254.17880
create-batch-K4[ns]	32	7168	0	4096	GENERIC	7.53275
create-batch-K4-total[ms]	32	7168	0	4096	GENERIC	221.16255
create-batch-K4[ns]	32	7168	0	4096	CLMUL	4.96285
create-batch-K4-total[ms]	32	7168	0	4096	CLMUL	145.70990
create-batch-K8[ns]	32	7168	0	4096	GENERIC	8.29390
create-batch-K8-total[ms]	32	7168	0	4096	GENERIC	243.51006
create-batch-K8[ns]	32	7168	0	4096	CLMUL	3.78767
create-batch-K8-total[ms]	32	7168	0	4096	CLMUL	111.20645
create-batch-K1[ns]	32	7168	0	8192	GENERIC	7.81100
create-batch-K1-total[ms]	32	7168	0	8192	GENERIC	458.66376
create-batch-K1[ns]	32	7168	0	8192	CLMUL	16.74324
create-batch-K1-total[ms]	32	7168	0	8192	CLMUL	983.16754
create-batch-K2[ns]	32	7168	0	8192	GENERIC	6.38951
create-batch-K2-total[ms]	32	7168	0	8192	GENERIC	375.19359
create-batch-K2[ns]	32	7168	0	8192	CLMUL	8.66745
create-batch-K2-total[ms]	32	7168	0	8192	CLMUL	508.95493
create-batch-K4[ns]	32	7168	0	8192	GENERIC	7.53675
create-batch-K4-total[ms]	32	7168	0	8192	GENERIC	442.55988
create-batch-K4[ns]	32	7168	0	8192	CLMUL	4.94784
create-batch-K4-total[ms]	32	7168	0	8192	CLMUL	290.53839
create-batch-K8[ns]	32	7168	0	8192	GENERIC	8.29598
create-batch-K8-total[ms]	32	7168	0	8192	GENERIC	487.14203
create-batch-K8[ns]	32	7168	0	8192	CLMUL	3.78332
create-batch-K8-total[ms]	32	7168	0	8192	CLMUL	222.15770
create-batch-K1[ns]	32	8192	0	16	GENERIC	7.80160
create-batch-K1-total[ms]	32	8192	0	16	GENERIC	1.02257
create-batch-K1[ns]	32	8192	0	16	CLMUL	16.61788
create-batch-K1-total[ms]	32	8192	0	16	CLMUL	2.17814
create-batch-K2[ns]	32	8192	0	16	GENERIC	6.35966
create-batch-K2-total[ms]	32	8192	0	16	GENERIC	0.83357
create-batch-K2[ns]	32	8192	0	16	CLMUL	8.45135
create-batch-K2-total[ms]	32	8192	0	16	CLMUL	1.10774
create-batch-K4[ns]	32	8192	0	16	GENERIC	7.52122
create-batch-K4-total[ms]	32	8192	0	16	GENERIC	0.98582
create-batch-K4[ns]	32	8192	0	16	CLMUL	4.95554
create-batch-K4-total[ms]	32	8192	0	16	CLMUL	0.64953
create-batch-K8[ns]	32	8192	0	16	GENERIC	8.28001
create-batch-K8-total[ms]	32	8192	0	16	GENERIC	1.08528
create-batch-K8[ns]	32	8192	0	16	CLMUL	3.78286
create-batch-K8-total[ms]	32	8192	0	16	CLMUL	0.49583
create-batch-K1[ns]	32	8192	0	64	GENERIC	7.81050
create-batch-K1-total[ms]	32	8192	0	64	GENERIC	4.09495
create-batch-K1[ns]	32	8192	0	64	CLMUL	16.76531
create-batch-K1-total[ms]	32	8192	0	64	CLMUL	8.78985
create-batch-K2[ns]	32	8192	0	64	GENERIC	6.37523
create-batch-K2-total[ms]	32	8192	0	64	GENERIC	3.34246
create-batch-K2[ns]	32	8192	0	64	CLMUL	8.65441
create-batch-K2-total[ms]	32	8192	0	64	CLMUL	4.53740
create-batch-K4[ns]	32	8192	0	64	GENERIC	7.53067
create-batch-K4-total[ms]	32	8192	0	64	GENERIC	3.94824
create-batch-K4[ns]	32	8192	0	64	CLMUL	4.97391
create-batch-K4-total[ms]	32	8192	0	64	CLMUL	2.60776
create-batch-K8[ns]	32	8192	0	64	GENERIC	8.28947
create-batch-K8-total[ms]	32	8192	0	64	GENERIC	4.34607
create-batch-K8[ns]	32	8192	0	64	CLMUL	3.78453
create-batch-K8-total[ms]	32	8192	0	64	CLMUL	1.98418
create-batch-K1[ns]	32	8192	0	128	GENERIC	7.80744
create-batch-K1-total[ms]	32	8192	0	128	GENERIC	8.18669
create-batch-K1[ns]	32	8192	0	128	CLMUL	16.76447
create-batch-K1-total[ms]	32	8192	0	128	CLMUL	17.57882
create-batch-K2[ns]	32	8192	0	128	GENERIC	6.37273
create-batch-K2-total[ms]	32	8192	0	128	GENERIC	6.68229
create-batch-K2[ns]	32	8192	0	128	CLMUL	8.64245
create-batch-K2-total[ms]	32	8192	0	128	CLMUL	9.06226
create-batch-K4[ns]	32	8192	0	128	GENERIC	7.53123
create-batch-K4-total[ms]	32	8192	0	128	GENERIC	7.89707
create-batch-K4[ns]	32	8192	0	128	CLMUL	4.97446
create-batch-K4-total[ms]	32	8192	0	128	CLMUL	5.21610
create-batch-K8[ns]	32	8192	0	128	GENERIC	8.29058
create-batch-K8-total[ms]	32	8192	0	128	GENERIC	8.69331
create-batch-K8[ns]	32	8192	0	128	CLMUL	3.78926
create-batch-K8-total[ms]	32	8192	0	128	CLMUL	3.97333
create-batch-K1[ns]	32	8192	0	512	GENERIC	7.81022
create-batch-K1-total[ms]	32	8192	0	512	GENERIC	32.75843
create-batch-K1[ns]	32	8192	0	512	CLMUL	16.70975
create-batch-K1-total[ms]	32	8192	0	512	CLMUL	70.08576
create-batch-K2[ns]	32	8192	0	512	GENERIC	6.39742
create-batch-K2-total[ms]	32	8192	0	512	GENERIC	26.83271
create-batch-K2[ns]	32	8192	0	512	CLMUL	8.66303
create-batch-K2-total[ms]	32	8192	0	512	CLMUL	36.33538
create-batch-K4[ns]	32	8192	0	512	GENERIC	7.53367
create-batch-K4-total[ms]	32	8192	0	512	GENERIC	31.59848
create-batch-K4[ns]	32	8192	0	512	CLMUL	4.98462
create-batch-K4-total[ms]	32	8192	0	512	CLMUL	20.90699
create-batch-K8[ns]	32	8192	0	512	GENERIC	8.29191
create-batch-K8-total[ms]	32	8192	0	512	GENERIC	34.77878
create-batch-K8[ns]	32	8192	0	512	CLMUL	3.79197
create-batch-K8-total[ms]	32	8192	0	512	CLMUL	15.90468
create-batch-K1[ns]	32	8192	0	1024	GENERIC	7.81154
create-batch-K1-total[ms]	32	8192	0	1024	GENERIC	65.52794
create-batch-K1[ns]	32	8192	0	1024	CLMUL	16.77017
create-batch-K1-total[ms]	32	8192	0	1024	CLMUL	140.67842
create-batch-K2[ns]	32	8192	0	1024	GENERIC	6.37283
create-batch-K2-total[ms]	32	8192	0	1024	GENERIC	53.45921
create-batch-K2[ns]	32	8192	0	1024	CLMUL	8.65907
create-batch-K2-total[ms]	32	8192	0	1024	CLMUL	72.63751
create-batch-K4[ns]	32	8192	0	1024	GENERIC	7.53269
create-batch-K4-total[ms]	32	8192	0	1024	GENERIC	63.18880
create-batch-K4[ns]	32	8192	0	1024	CLMUL	4.96859
create-batch-K4-total[ms]	32	8192	0	1024	CLMUL	41.67952
create-batch-K8[ns]	32	8192	0	1024	GENERIC	8.29201
create-batch-K8-total[ms]	32	8192	0	1024	GENERIC	69.55843
create-batch-K8[ns]	32	8192	0	1024	CLMUL	3.78839
create-batch-K8-total[ms]	32	8192	0	1024	CLMUL	31.77931
create-batch-K1[ns]	32	8192	0	2048	GENERIC	7.80811
create-batch-K1-total[ms]	32	8192	0	2048	GENERIC	130.99841
create-batch-K1[ns]	32	8192	0	2048	CLMUL	16.73880
create-batch-K1-total[ms]	32	8192	0	2048	CLMUL	280.83039
create-batch-K2[ns]	32	8192	0	2048	GENERIC	6.37400
create-batch-K2-total[ms]	32	8192	0	2048	GENERIC	106.93796
create-batch-K2[ns]	32	8192	0	2048	CLMUL	8.65258
create-batch-K2-total[ms]	32	8192	0	2048	CLMUL	145.16624
create-batch-K4[ns]	32	8192	0	2048	GENERIC	7.53379
create-batch-K4-total[ms]	32	8192	0	2048	GENERIC	126.39597
create-batch-K4[ns]	32	8192	0	2048	CLMUL	4.95044
create-batch-K4-total[ms]	32	8192	0	2048	CLMUL	83.05455
create-batch-K8[ns]	32	8192	0	2048	GENERIC	8.29425
create-batch-K8-total[ms]	32	8192	0	2048	GENERIC	139.15448
create-batch-K8[ns]	32	8192	0	2048	CLMUL	3.79079
create-batch-K8-total[ms]	32	8192	0	2048	CLMUL	63.59888
create-batch-K1[ns]	32	8192	0	4096	GENERIC	7.80838
create-batch-K1-total[ms]	32	8192	0	4096	GENERIC	262.00587
create-batch-K1[ns]	32	8192	0	4096	CLMUL	16.74485
create-batch-K1-total[ms]	32	8192	0	4096	CLMUL	561.86377
create-batch-K2[ns]	32	8192	0	4096	GENERIC	6.38736
create-batch-K2-total[ms]	32	8192	0	4096	GENERIC	214.32421
create-batch-K2[ns]	32	8192	0	4096	CLMUL	8.67132
create-batch-K2-total[ms]	32	8192	0	4096	CLMUL	290.96130
create-batch-K4[ns]	32	8192	0	4096	GENERIC	7.53258
create-batch-K4-total[ms]	32	8192	0	4096	GENERIC	252.75140
create-batch-K4[ns]	32	8192	0	4096	CLMUL	4.98849
create-batch-K4-total[ms]	32	8192	0	4096	CLMUL	167.38601
create-batch-K8[ns]	32	8192	0	4096	GENERIC	8.29325
create-batch-K8-total[ms]	32	8192	0	4096	GENERIC	278.27542
create-batch-K8[ns]	32	8192	0	4096	CLMUL	3.78848
create-batch-K8-total[ms]	32	8192	0	4096	CLMUL	127.12017
create-batch-K1[ns]	32	8192	0	8192	GENERIC	7.81179
create-batch-K1-total[ms]	32	8192	0	8192	GENERIC	524.24012
create-batch-K1[ns]	32	8192	0	8192	CLMUL	16.70033
create-batch-K1-total[ms]	32	8192	0	8192	CLMUL	1120.74004
create-batch-K2[ns]	32	8192	0	8192	GENERIC	6.38650
create-batch-K2-total[ms]	32	8192	0	8192	GENERIC	428.59068
create-batch-K2[ns]	32	8192	0	8192	CLMUL	8.66883
create-batch-K2-total[ms]	32	8192	0	8192	CLMUL	581.75548
create-batch-K4[ns]	32	8192	0	8192	GENERIC	7.53439
create-batch-K4-total[ms]	32	8192	0	8192	GENERIC	505.62414
create-batch-K4[ns]	32	8192	0	8192	CLMUL	4.98826
create-batch-K4-total[ms]	32	8192	0	8192	CLMUL	334.75655
create-batch-K8[ns]	32	8192	0	8192	GENERIC	8.29443
create-batch-K8-total[ms]	32	8192	0	8192	GENERIC	556.62959
create-batch-K8[ns]	32	8192	0	8192	CLMUL	3.78942
create-batch-K8-total[ms]	32	8192	0	8192	CLMUL	254.30334
create-batch-K1[ns]	48	128	0	16	GENERIC	12.10498
create-batch-K1-total[ms]	48	128	0	16	GENERIC	0.02479
create-batch-K1[ns]	48	128	0	16	CLMUL	16.94727
create-batch-K1-total[ms]	48	128	0	16	CLMUL	0.03471
create-batch-K2[ns]	48	128	0	16	GENERIC	10.53857
create-batch-K2-total[ms]	48	128	0	16	GENERIC	0.02158
create-batch-K2[ns]	48	128	0	16	CLMUL	6.26611
create-batch-K2-total[ms]	48	128	0	16	CLMUL	0.01283
create-batch-K4[ns]	48	128	0	16	GENERIC	12.53223
create-batch-K4-total[ms]	48	128	0	16	GENERIC	0.02567
create-batch-K4[ns]	48	128	0	16	CLMUL	3.84521
create-batch-K4-total[ms]	48	128	0	16	CLMUL	0.00788
create-batch-K8[ns]	48	128	0	16	GENERIC	13.95654
create-batch-K8-total[ms]	48	128	0	16	GENERIC	0.02858
create-batch-K8[ns]	48	128	0	16	CLMUL	3.56006
create-batch-K8-total[ms]	48	128	0	16	CLMUL	0.00729
create-batch-K1[ns]	48	128	0	64	GENERIC	11.99829
create-batch-K1-total[ms]	48	128	0	64	GENERIC	0.09829
create-batch-K1[ns]	48	128	0	64	CLMUL	16.94714
create-batch-K1-total[ms]	48	128	0	64	CLMUL	0.13883
create-batch-K2[ns]	48	128	0	64	GENERIC	10.43176
create-batch-K2-total[ms]	48	128	0	64	GENERIC	0.08546
create-batch-K2[ns]	48	128	0	64	CLMUL	6.26611
create-batch-K2-total[ms]	48	128	0	64	CLMUL	0.05133
create-batch-K4[ns]	48	128	0	64	GENERIC	12.49670
create-batch-K4-total[ms]	48	128	0	64	GENERIC	0.10237
create-batch-K4[ns]	48	128	0	64	CLMUL	3.88074
create-batch-K4-total[ms]	48	128	0	64	CLMUL	0.03179
create-batch-K8[ns]	48	128	0	64	GENERIC	13.81409
create-batch-K8-total[ms]	48	128	0	64	GENERIC	0.11317
create-batch-K8[ns]	48	128	0	64	CLMUL	3.59595
create-batch-K8-total[ms]	48	128	0	64	CLMUL	0.02946
create-batch-K1[ns]	48	128	0	128	GENERIC	11.96277
create-batch-K1-total[ms]	48	128	0	128	GENERIC	0.19600
create-batch-K1[ns]	48	128	0	128	CLMUL	16.96497
create-batch-K1-total[ms]	48	128	0	128	CLMUL	0.27795
create-batch-K2[ns]	48	128	0	128	GENERIC	10.41400
create-batch-K2-total[ms]	48	128	0	128	GENERIC	0.17062
create-batch-K2[ns]	48	128	0	128	CLMUL	6.26617
create-batch-K2-total[ms]	48	128	0	128	CLMUL	0.10266
create-batch-K4[ns]	48	128	0	128	GENERIC	12.47894
create-batch-K4-total[ms]	48	128	0	128	GENERIC	0.20445
create-batch-K4[ns]	48	128	0	128	CLMUL	3.88080
create-batch-K4-total[ms]	48	128	0	128	CLMUL	0.06358
create-batch-K8[ns]	48	128	0	128	GENERIC	13.79633
create-batch-K8-total[ms]	48	128	0	128	GENERIC	0.22604
create-batch-K8[ns]	48	128	0	128	CLMUL	3.57812
create-batch-K8-total[ms]	48	128	0	128	CLMUL	0.05862
create-batch-K1[ns]	48	128	0	512	GENERIC	11.97163
create-batch-K1-total[ms]	48	128	0	512	GENERIC	0.78457
create-batch-K1[ns]	48	128	0	512	CLMUL	16.94276
create-batch-K1-total[ms]	48	128	0	512	CLMUL	1.11036
create-batch-K2[ns]	48	128	0	512	GENERIC	10.41399
create-batch-K2-total[ms]	48	128	0	512	GENERIC	0.68249
create-batch-K2[ns]	48	128	0	512	CLMUL	6.25729
create-batch-K2-total[ms]	48	128	0	512	CLMUL	0.41008
create-batch-K4[ns]	48	128	0	512	GENERIC	12.48344
create-batch-K4-total[ms]	48	128	0	512	GENERIC	0.81812
create-batch-K4[ns]	48	128	0	512	CLMUL	3.90749
create-batch-K4-total[ms]	48	128	0	512	CLMUL	0.25608
create-batch-K8[ns]	48	128	0	512	GENERIC	13.79633
create-batch-K8-total[ms]	48	128	0	512	GENERIC	0.90416
create-batch-K8[ns]	48	128	0	512	CLMUL	3.58258
create-batch-K8-total[ms]	48	128	0	512	CLMUL	0.23479
create-batch-K1[ns]	48	128	0	1024	GENERIC	11.97609
create-batch-K1-total[ms]	48	128	0	1024	GENERIC	1.56973
create-batch-K1[ns]	48	128	0	1024	CLMUL	16.94944
create-batch-K1-total[ms]	48	128	0	1024	CLMUL	2.22160
create-batch-K2[ns]	48	128	0	1024	GENERIC	10.41177
create-batch-K2-total[ms]	48	128	0	1024	GENERIC	1.36469
create-batch-K2[ns]	48	128	0	1024	CLMUL	6.25729
create-batch-K2-total[ms]	48	128	0	1024	CLMUL	0.82016
create-batch-K4[ns]	48	128	0	1024	GENERIC	12.48344
create-batch-K4-total[ms]	48	128	0	1024	GENERIC	1.63623
create-batch-K4[ns]	48	128	0	1024	CLMUL	3.92527
create-batch-K4-total[ms]	48	128	0	1024	CLMUL	0.51449
create-batch-K8[ns]	48	128	0	1024	GENERIC	13.79409
create-batch-K8-total[ms]	48	128	0	1024	GENERIC	1.80802
create-batch-K8[ns]	48	128	0	1024	CLMUL	3.58260
create-batch-K8-total[ms]	48	128	0	1024	CLMUL	0.46958
create-batch-K1[ns]	48	128	0	2048	GENERIC	11.97943
create-batch-K1-total[ms]	48	128	0	2048	GENERIC	3.14034
create-batch-K1[ns]	48	128	0	2048	CLMUL	16.97726
create-batch-K1-total[ms]	48	128	0	2048	CLMUL	4.45049
create-batch-K2[ns]	48	128	0	2048	GENERIC	10.42067
create-batch-K2-total[ms]	48	128	0	2048	GENERIC	2.73172
create-batch-K2[ns]	48	128	0	2048	CLMUL	6.25730
create-batch-K2-total[ms]	48	128	0	2048	CLMUL	1.64031
create-batch-K4[ns]	48	128	0	2048	GENERIC	12.48567
create-batch-K4-total[ms]	48	128	0	2048	GENERIC	3.27304
create-batch-K4[ns]	48	128	0	2048	CLMUL	3.91860
create-batch-K4-total[ms]	48	128	0	2048	CLMUL	1.02724
create-batch-K8[ns]	48	128	0	2048	GENERIC	13.79632
create-batch-K8-total[ms]	48	128	0	2048	GENERIC	3.61662
create-batch-K8[ns]	48	128	0	2048	CLMUL	3.58482
create-batch-K8-total[ms]	48	128	0	2048	CLMUL	0.93974
create-batch-K1[ns]	48	128	0	4096	GENERIC	11.98833
create-batch-K1-total[ms]	48	128	0	4096	GENERIC	6.28534
create-batch-K1[ns]	48	128	0	4096	CLMUL	16.97893
create-batch-K1-total[ms]	48	128	0	4096	CLMUL	8.90185
create-batch-K2[ns]	48	128	0	4096	GENERIC	10.42790
create-batch-K2-total[ms]	48	128	0	4096	GENERIC	5.46722
create-batch-K2[ns]	48	128	0	4096	CLMUL	6.25897
create-batch-K2-total[ms]	48	128	0	4096	CLMUL	3.28150
create-batch-K4[ns]	48	128	0	4096	GENERIC	12.49457
create-batch-K4-total[ms]	48	128	0	4096	GENERIC	6.55075
create-batch-K4[ns]	48	128	0	4096	CLMUL	3.91749
create-batch-K4-total[ms]	48	128	0	4096	CLMUL	2.05389
create-batch-K8[ns]	48	128	0	4096	GENERIC	13.80967
create-batch-K8-total[ms]	48	128	0	4096	GENERIC	7.24024
create-batch-K8[ns]	48	128	0	4096	CLMUL	3.58426
create-batch-K8-total[ms]	48	128	0	4096	CLMUL	1.87919
create-batch-K1[ns]	48	128	0	8192	GENERIC	11.99612
create-batch-K1-total[ms]	48	128	0	8192	GENERIC	12.57884
create-batch-K1[ns]	48	128	0	8192	CLMUL	16.98143
create-batch-K1-total[ms]	48	128	0	8192	CLMUL	17.80632
create-batch-K2[ns]	48	128	0	8192	GENERIC	10.43013
create-batch-K2-total[ms]	48	128	0	8192	GENERIC	10.93678
create-batch-K2[ns]	48	128	0	8192	CLMUL	6.26230
create-batch-K2-total[ms]	48	128	0	8192	CLMUL	6.56650
create-batch-K4[ns]	48	128	0	8192	GENERIC	12.50597
create-batch-K4-total[ms]	48	128	0	8192	GENERIC	13.11346
create-batch-K4[ns]	48	128	0	8192	CLMUL	3.91916
create-batch-K4-total[ms]	48	128	0	8192	CLMUL	4.10953
create-batch-K8[ns]	48	128	0	8192	GENERIC	13.82079
create-batch-K8-total[ms]	48	128	0	8192	GENERIC	14.49215
create-batch-K8[ns]	48	128	0	8192	CLMUL	3.58899
create-batch-K8-total[ms]	48	128	0	8192	CLMUL	3.76333
create-batch-K1[ns]	48	256	0	16	GENERIC	11.25073
create-batch-K1-total[ms]	48	256	0	16	GENERIC	0.04608
create-batch-K1[ns]	48	256	0	16	CLMUL	17.01831
create-batch-K1-total[ms]	48	256	0	16	CLMUL	0.06971
create-batch-K2[ns]	48	256	0	16	GENERIC	9.75513
create-batch-K2-total[ms]	48	256	0	16	GENERIC	0.03996
create-batch-K2[ns]	48	256	0	16	CLMUL	6.26611
create-batch-K2-total[ms]	48	256	0	16	CLMUL	0.02567
create-batch-K4[ns]	48	256	0	16	GENERIC	11.82031
create-batch-K4-total[ms]	48	256	0	16	GENERIC	0.04842
create-batch-K4[ns]	48	256	0	16	CLMUL	3.84497
create-batch-K4-total[ms]	48	256	0	16	CLMUL	0.01575
create-batch-K8[ns]	48	256	0	16	GENERIC	13.10205
create-batch-K8-total[ms]	48	256	0	16	GENERIC	0.05367
create-batch-K8[ns]	48	256	0	16	CLMUL	3.56030
create-batch-K8-total[ms]	48	256	0	16	CLMUL	0.01458
create-batch-K1[ns]	48	256	0	64	GENERIC	11.26843
create-batch-K1-total[ms]	48	256	0	64	GENERIC	0.18462
create-batch-K1[ns]	48	256	0	64	CLMUL	17.01837
create-batch-K1-total[ms]	48	256	0	64	CLMUL	0.27883
create-batch-K2[ns]	48	256	0	64	GENERIC	9.71973
create-batch-K2-total[ms]	48	256	0	64	GENERIC	0.15925
create-batch-K2[ns]	48	256	0	64	CLMUL	6.26624
create-batch-K2-total[ms]	48	256	0	64	CLMUL	0.10267
create-batch-K4[ns]	48	256	0	64	GENERIC	11.80249
create-batch-K4-total[ms]	48	256	0	64	GENERIC	0.19337
create-batch-K4[ns]	48	256	0	64	CLMUL	3.82739
create-batch-K4-total[ms]	48	256	0	64	CLMUL	0.06271
create-batch-K8[ns]	48	256	0	64	GENERIC	13.11981
create-batch-K8-total[ms]	48	256	0	64	GENERIC	0.21495
create-batch-K8[ns]	48	256	0	64	CLMUL	3.54254
create-batch-K8-total[ms]	48	256	0	64	CLMUL	0.05804
create-batch-K1[ns]	48	256	0	128	GENERIC	11.26846
create-batch-K1-total[ms]	48	256	0	128	GENERIC	0.36924
create-batch-K1[ns]	48	256	0	128	CLMUL	17.00952
create-batch-K1-total[ms]	48	256	0	128	CLMUL	0.55737
create-batch-K2[ns]	48	256	0	128	GENERIC	9.71973
create-batch-K2-total[ms]	48	256	0	128	GENERIC	0.31850
create-batch-K2[ns]	48	256	0	128	CLMUL	6.27509
create-batch-K2-total[ms]	48	256	0	128	CLMUL	0.20562
create-batch-K4[ns]	48	256	0	128	GENERIC	11.79364
create-batch-K4-total[ms]	48	256	0	128	GENERIC	0.38645
create-batch-K4[ns]	48	256	0	128	CLMUL	3.83627
create-batch-K4-total[ms]	48	256	0	128	CLMUL	0.12571
create-batch-K8[ns]	48	256	0	128	GENERIC	13.11093
create-batch-K8-total[ms]	48	256	0	128	GENERIC	0.42962
create-batch-K8[ns]	48	256	0	128	CLMUL	3.55142
create-batch-K8-total[ms]	48	256	0	128	CLMUL	0.11637
create-batch-K1[ns]	48	256	0	512	GENERIC	11.26625
create-batch-K1-total[ms]	48	256	0	512	GENERIC	1.47669
create-batch-K1[ns]	48	256	0	512	CLMUL	17.05403
create-batch-K1-total[ms]	48	256	0	512	CLMUL	2.23531
create-batch-K2[ns]	48	256	0	512	GENERIC	9.71973
create-batch-K2-total[ms]	48	256	0	512	GENERIC	1.27398
create-batch-K2[ns]	48	256	0	512	CLMUL	6.27287
create-batch-K2-total[ms]	48	256	0	512	CLMUL	0.82220
create-batch-K4[ns]	48	256	0	512	GENERIC	11.79807
create-batch-K4-total[ms]	48	256	0	512	GENERIC	1.54640
create-batch-K4[ns]	48	256	0	512	CLMUL	3.83627
create-batch-K4-total[ms]	48	256	0	512	CLMUL	0.50283
create-batch-K8[ns]	48	256	0	512	GENERIC	13.11317
create-batch-K8-total[ms]	48	256	0	512	GENERIC	1.71877
create-batch-K8[ns]	48	256	0	512	CLMUL	3.55367
create-batch-K8-total[ms]	48	256	0	512	CLMUL	0.46579
create-batch-K1[ns]	48	256	0	1024	GENERIC	11.26625
create-batch-K1-total[ms]	48	256	0	1024	GENERIC	2.95338
create-batch-K1[ns]	48	256	0	1024	CLMUL	17.09965
create-batch-K1-total[ms]	48	256	0	1024	CLMUL	4.48257
create-batch-K2[ns]	48	256	0	1024	GENERIC	9.72084
create-batch-K2-total[ms]	48	256	0	1024	GENERIC	2.54826
create-batch-K2[ns]	48	256	0	1024	CLMUL	6.27287
create-batch-K2-total[ms]	48	256	0	1024	CLMUL	1.64440
create-batch-K4[ns]	48	256	0	1024	GENERIC	11.80141
create-batch-K4-total[ms]	48	256	0	1024	GENERIC	3.09367
create-batch-K4[ns]	48	256	0	1024	CLMUL	3.83738
create-batch-K4-total[ms]	48	256	0	1024	CLMUL	1.00595
create-batch-K8[ns]	48	256	0	1024	GENERIC	13.11540
create-batch-K8-total[ms]	48	256	0	1024	GENERIC	3.43812
create-batch-K8[ns]	48	256	0	1024	CLMUL	3.55255
create-batch-K8-total[ms]	48	256	0	1024	CLMUL	0.93128
create-batch-K1[ns]	48	256	0	2048	GENERIC	11.27849
create-batch-K1-total[ms]	48	256	0	2048	GENERIC	5.91318
create-batch-K1[ns]	48	256	0	2048	CLMUL	17.11467
create-batch-K1-total[ms]	48	256	0	2048	CLMUL	8.97301
create-batch-K2[ns]	48	256	0	2048	GENERIC	9.73308
create-batch-K2-total[ms]	48	256	0	2048	GENERIC	5.10294
create-batch-K2[ns]	48	256	0	2048	CLMUL	6.27454
create-batch-K2-total[ms]	48	256	0	2048	CLMUL	3.28967
create-batch-K4[ns]	48	256	0	2048	GENERIC	11.80753
create-batch-K4-total[ms]	48	256	0	2048	GENERIC	6.19055
create-batch-K4[ns]	48	256	0	2048	CLMUL	3.84072
create-batch-K4-total[ms]	48	256	0	2048	CLMUL	2.01364
create-batch-K8[ns]	48	256	0	2048	GENERIC	13.12542
create-batch-K8-total[ms]	48	256	0	2048	GENERIC	6.88150
create-batch-K8[ns]	48	256	0	2048	CLMUL	3.55366
create-batch-K8-total[ms]	48	256	0	2048	CLMUL	1.86314
create-batch-K1[ns]	48	256	0	4096	GENERIC	11.28071
create-batch-K1-total[ms]	48	256	0	4096	GENERIC	11.82869
create-batch-K1[ns]	48	256	0	4096	CLMUL	17.13581
create-batch-K1-total[ms]	48	256	0	4096	CLMUL	17.96819
create-batch-K2[ns]	48	256	0	4096	GENERIC	9.73002
create-batch-K2-total[ms]	48	256	0	4096	GENERIC	10.20266
create-batch-K2[ns]	48	256	0	4096	CLMUL	6.27816
create-batch-K2-total[ms]	48	256	0	4096	CLMUL	6.58313
create-batch-K4[ns]	48	256	0	4096	GENERIC	11.81198
create-batch-K4-total[ms]	48	256	0	4096	GENERIC	12.38576
create-batch-K4[ns]	48	256	0	4096	CLMUL	3.84767
create-batch-K4-total[ms]	48	256	0	4096	CLMUL	4.03458
create-batch-K8[ns]	48	256	0	4096	GENERIC	13.12959
create-batch-K8-total[ms]	48	256	0	4096	GENERIC	13.76737
create-batch-K8[ns]	48	256	0	4096	CLMUL	3.55839
create-batch-K8-total[ms]	48	256	0	4096	CLMUL	3.73124
create-batch-K1[ns]	48	256	0	8192	GENERIC	11.28350
create-batch-K1-total[ms]	48	256	0	8192	GENERIC	23.66321
create-batch-K1[ns]	48	256	0	8192	CLMUL	17.14637
create-batch-K1-total[ms]	48	256	0	8192	CLMUL	35.95855
create-batch-K2[ns]	48	256	0	8192	GENERIC	9.73628
create-batch-K2-total[ms]	48	256	0	8192	GENERIC	20.41845
create-batch-K2[ns]	48	256	0	8192	CLMUL	6.28066
create-batch-K2-total[ms]	48	256	0	8192	CLMUL	13.17150
create-batch-K4[ns]	48	256	0	8192	GENERIC	11.81379
create-batch-K4-total[ms]	48	256	0	8192	GENERIC	24.77532
create-batch-K4[ns]	48	256	0	8192	CLMUL	3.84823
create-batch-K4-total[ms]	48	256	0	8192	CLMUL	8.07032
create-batch-K8[ns]	48	256	0	8192	GENERIC	13.13334
create-batch-K8-total[ms]	48	256	0	8192	GENERIC	27.54262
create-batch-K8[ns]	48	256	0	8192	CLMUL	3.55812
create-batch-K8-total[ms]	48	256	0	8192	CLMUL	7.46191
create-batch-K1[ns]	48	512	0	16	GENERIC	10.93018
create-batch-K1-total[ms]	48	512	0	16	GENERIC	0.08954
create-batch-K1[ns]	48	512	0	16	CLMUL	17.01831
create-batch-K1-total[ms]	48	512	0	16	CLMUL	0.13941
create-batch-K2[ns]	48	512	0	16	GENERIC	9.39929
create-batch-K2-total[ms]	48	512	0	16	GENERIC	0.07700
create-batch-K2[ns]	48	512	0	16	CLMUL	6.23059
create-batch-K2-total[ms]	48	512	0	16	CLMUL	0.05104
create-batch-K4[ns]	48	512	0	16	GENERIC	11.49988
create-batch-K4-total[ms]	48	512	0	16	GENERIC	0.09421
create-batch-K4[ns]	48	512	0	16	CLMUL	3.80945
create-batch-K4-total[ms]	48	512	0	16	CLMUL	0.03121
create-batch-K8[ns]	48	512	0	16	GENERIC	12.78162
create-batch-K8-total[ms]	48	512	0	16	GENERIC	0.10471
create-batch-K8[ns]	48	512	0	16	CLMUL	3.52466
create-batch-K8-total[ms]	48	512	0	16	CLMUL	0.02887
create-batch-K1[ns]	48	512	0	64	GENERIC	10.91241
create-batch-K1-total[ms]	48	512	0	64	GENERIC	0.35758
create-batch-K1[ns]	48	512	0	64	CLMUL	17.01840
create-batch-K1-total[ms]	48	512	0	64	CLMUL	0.55766
create-batch-K2[ns]	48	512	0	64	GENERIC	9.38147
create-batch-K2-total[ms]	48	512	0	64	GENERIC	0.30741
create-batch-K2[ns]	48	512	0	64	CLMUL	6.23059
create-batch-K2-total[ms]	48	512	0	64	CLMUL	0.20416
create-batch-K4[ns]	48	512	0	64	GENERIC	11.46429
create-batch-K4-total[ms]	48	512	0	64	GENERIC	0.37566
create-batch-K4[ns]	48	512	0	64	CLMUL	3.81845
create-batch-K4-total[ms]	48	512	0	64	CLMUL	0.12512
create-batch-K8[ns]	48	512	0	64	GENERIC	12.77274
create-batch-K8-total[ms]	48	512	0	64	GENERIC	0.41854
create-batch-K8[ns]	48	512	0	64	CLMUL	3.54251
create-batch-K8-total[ms]	48	512	0	64	CLMUL	0.11608
create-batch-K1[ns]	48	512	0	128	GENERIC	10.91245
create-batch-K1-total[ms]	48	512	0	128	GENERIC	0.71516
create-batch-K1[ns]	48	512	0	128	CLMUL	17.02733
create-batch-K1-total[ms]	48	512	0	128	CLMUL	1.11590
create-batch-K2[ns]	48	512	0	128	GENERIC	9.37704
create-batch-K2-total[ms]	48	512	0	128	GENERIC	0.61453
create-batch-K2[ns]	48	512	0	128	CLMUL	6.23505
create-batch-K2-total[ms]	48	512	0	128	CLMUL	0.40862
create-batch-K4[ns]	48	512	0	128	GENERIC	11.45540
create-batch-K4-total[ms]	48	512	0	128	GENERIC	0.75074
create-batch-K4[ns]	48	512	0	128	CLMUL	3.82291
create-batch-K4-total[ms]	48	512	0	128	CLMUL	0.25054
create-batch-K8[ns]	48	512	0	128	GENERIC	12.77272
create-batch-K8-total[ms]	48	512	0	128	GENERIC	0.83707
create-batch-K8[ns]	48	512	0	128	CLMUL	3.53809
create-batch-K8-total[ms]	48	512	0	128	CLMUL	0.23187
create-batch-K1[ns]	48	512	0	512	GENERIC	10.91245
create-batch-K1-total[ms]	48	512	0	512	GENERIC	2.86063
create-batch-K1[ns]	48	512	0	512	CLMUL	17.10632
create-batch-K1-total[ms]	48	512	0	512	CLMUL	4.48432
create-batch-K2[ns]	48	512	0	512	GENERIC	9.37593
create-batch-K2-total[ms]	48	512	0	512	GENERIC	2.45784
create-batch-K2[ns]	48	512	0	512	CLMUL	6.24617
create-batch-K2-total[ms]	48	512	0	512	CLMUL	1.63740
create-batch-K4[ns]	48	512	0	512	GENERIC	11.45428
create-batch-K4-total[ms]	48	512	0	512	GENERIC	3.00267
create-batch-K4[ns]	48	512	0	512	CLMUL	3.82069
create-batch-K4-total[ms]	48	512	0	512	CLMUL	1.00157
create-batch-K8[ns]	48	512	0	512	GENERIC	12.79386
create-batch-K8-total[ms]	48	512	0	512	GENERIC	3.35383
create-batch-K8[ns]	48	512	0	512	CLMUL	3.53586
create-batch-K8-total[ms]	48	512	0	512	CLMUL	0.92690
create-batch-K1[ns]	48	512	0	1024	GENERIC	10.92190
create-batch-K1-total[ms]	48	512	0	1024	GENERIC	5.72622
create-batch-K1[ns]	48	512	0	1024	CLMUL	17.13692
create-batch-K1-total[ms]	48	512	0	1024	CLMUL	8.98468
create-batch-K2[ns]	48	512	0	1024	GENERIC	9.38428
create-batch-K2-total[ms]	48	512	0	1024	GENERIC	4.92006
create-batch-K2[ns]	48	512	0	1024	CLMUL	6.24172
create-batch-K2-total[ms]	48	512	0	1024	CLMUL	3.27246
create-batch-K4[ns]	48	512	0	1024	GENERIC	11.46596
create-batch-K4-total[ms]	48	512	0	1024	GENERIC	6.01147
create-batch-K4[ns]	48	512	0	1024	CLMUL	3.82125
create-batch-K4-total[ms]	48	512	0	1024	CLMUL	2.00343
create-batch-K8[ns]	48	512	0	1024	GENERIC	12.78385
create-batch-K8-total[ms]	48	512	0	1024	GENERIC	6.70242
create-batch-K8[ns]	48	512	0	1024	CLMUL	3.53531
create-batch-K8-total[ms]	48	512	0	1024	CLMUL	1.85352
create-batch-K1[ns]	48	512	0	2048	GENERIC	10.92913
create-batch-K1-total[ms]	48	512	0	2048	GENERIC	11.46002
create-batch-K1[ns]	48	512	0	2048	CLMUL	17.16557
create-batch-K1-total[ms]	48	512	0	2048	CLMUL	17.99940
create-batch-K2[ns]	48	512	0	2048	GENERIC	9.39234
create-batch-K2-total[ms]	48	512	0	2048	GENERIC	9.84859
create-batch-K2[ns]	48	512	0	2048	CLMUL	6.25006
create-batch-K2-total[ms]	48	512	0	2048	CLMUL	6.55367
create-batch-K4[ns]	48	512	0	2048	GENERIC	11.47041
create-batch-K4-total[ms]	48	512	0	2048	GENERIC	12.02760
create-batch-K4[ns]	48	512	0	2048	CLMUL	3.82597
create-batch-K4-total[ms]	48	512	0	2048	CLMUL	4.01182
create-batch-K8[ns]	48	512	0	2048	GENERIC	12.78857
create-batch-K8-total[ms]	48	512	0	2048	GENERIC	13.40979
create-batch-K8[ns]	48	512	0	2048	CLMUL	3.53976
create-batch-K8-total[ms]	48	512	0	2048	CLMUL	3.71170
create-batch-K1[ns]	48	512	0	4096	GENERIC	10.92774
create-batch-K1-total[ms]	48	512	0	4096	GENERIC	22.91713
create-batch-K1[ns]	48	512	0	4096	CLMUL	17.17363
create-batch-K1-total[ms]	48	512	0	4096	CLMUL	36.01572
create-batch-K2[ns]	48	512	0	4096	GENERIC	9.38887
create-batch-K2-total[ms]	48	512	0	4096	GENERIC	19.68988
create-batch-K2[ns]	48	512	0	4096	CLMUL	6.25215
create-batch-K2-total[ms]	48	512	0	4096	CLMUL	13.11171
create-batch-K4[ns]	48	512	0	4096	GENERIC	11.47180
create-batch-K4-total[ms]	48	512	0	4096	GENERIC	24.05812
create-batch-K4[ns]	48	512	0	4096	CLMUL	3.82528
create-batch-K4-total[ms]	48	512	0	4096	CLMUL	8.02219
create-batch-K8[ns]	48	512	0	4096	GENERIC	12.79136
create-batch-K8-total[ms]	48	512	0	4096	GENERIC	26.82542
create-batch-K8[ns]	48	512	0	4096	CLMUL	3.53864
create-batch-K8-total[ms]	48	512	0	4096	CLMUL	7.42107
create-batch-K1[ns]	48	512	0	8192	GENERIC	10.92704
create-batch-K1-total[ms]	48	512	0	8192	GENERIC	45.83135
create-batch-K1[ns]	48	512	0	8192	CLMUL	17.17801
create-batch-K1-total[ms]	48	512	0	8192	CLMUL	72.04981
create-batch-K2[ns]	48	512	0	8192	GENERIC	9.38998
create-batch-K2-total[ms]	48	512	0	8192	GENERIC	39.38443
create-batch-K2[ns]	48	512	0	8192	CLMUL	6.25160
create-batch-K2-total[ms]	48	512	0	8192	CLMUL	26.22109
create-batch-K4[ns]	48	512	0	8192	GENERIC	11.47674
create-batch-K4-total[ms]	48	512	0	8192	GENERIC	48.13694
create-batch-K4[ns]	48	512	0	8192	CLMUL	3.82577
create-batch-K4-total[ms]	48	512	0	8192	CLMUL	16.04643
create-batch-K8[ns]	48	512	0	8192	GENERIC	12.79045
create-batch-K8-total[ms]	48	512	0	8192	GENERIC	53.64704
create-batch-K8[ns]	48	512	0	8192	CLMUL	3.53969
create-batch-K8-total[ms]	48	512	0	8192	CLMUL	14.84652
create-batch-K1[ns]	48	1024	0	16	GENERIC	10.73444
create-batch-K1-total[ms]	48	1024	0	16	GENERIC	0.17587
create-batch-K1[ns]	48	1024	0	16	CLMUL	17.26764
create-batch-K1-total[ms]	48	1024	0	16	CLMUL	0.28291
create-batch-K2[ns]	48	1024	0	16	GENERIC	9.22125
create-batch-K2-total[ms]	48	1024	0	16	GENERIC	0.15108
create-batch-K2[ns]	48	1024	0	16	CLMUL	6.15936
create-batch-K2-total[ms]	48	1024	0	16	CLMUL	0.10092
create-batch-K4[ns]	48	1024	0	16	GENERIC	11.30408
create-batch-K4-total[ms]	48	1024	0	16	GENERIC	0.18521
create-batch-K4[ns]	48	1024	0	16	CLMUL	3.82733
create-batch-K4-total[ms]	48	1024	0	16	CLMUL	0.06271
create-batch-K8[ns]	48	1024	0	16	GENERIC	12.62146
create-batch-K8-total[ms]	48	1024	0	16	GENERIC	0.20679
create-batch-K8[ns]	48	1024	0	16	CLMUL	3.54254
create-batch-K8-total[ms]	48	1024	0	16	CLMUL	0.05804
create-batch-K1[ns]	48	1024	0	64	GENERIC	10.73888
create-batch-K1-total[ms]	48	1024	0	64	GENERIC	0.70378
create-batch-K1[ns]	48	1024	0	64	CLMUL	17.08963
create-batch-K1-total[ms]	48	1024	0	64	CLMUL	1.11999
create-batch-K2[ns]	48	1024	0	64	GENERIC	9.20792
create-batch-K2-total[ms]	48	1024	0	64	GENERIC	0.60345
create-batch-K2[ns]	48	1024	0	64	CLMUL	6.20834
create-batch-K2-total[ms]	48	1024	0	64	CLMUL	0.40687
create-batch-K4[ns]	48	1024	0	64	GENERIC	11.29073
create-batch-K4-total[ms]	48	1024	0	64	GENERIC	0.73995
create-batch-K4[ns]	48	1024	0	64	CLMUL	3.80956
create-batch-K4-total[ms]	48	1024	0	64	CLMUL	0.24966
create-batch-K8[ns]	48	1024	0	64	GENERIC	12.61250
create-batch-K8-total[ms]	48	1024	0	64	GENERIC	0.82657
create-batch-K8[ns]	48	1024	0	64	CLMUL	3.52917
create-batch-K8-total[ms]	48	1024	0	64	CLMUL	0.23129
create-batch-K1[ns]	48	1024	0	128	GENERIC	10.73666
create-batch-K1-total[ms]	48	1024	0	128	GENERIC	1.40727
create-batch-K1[ns]	48	1024	0	128	CLMUL	17.05625
create-batch-K1-total[ms]	48	1024	0	128	CLMUL	2.23560
create-batch-K2[ns]	48	1024	0	128	GENERIC	9.20570
create-batch-K2-total[ms]	48	1024	0	128	GENERIC	1.20661
create-batch-K2[ns]	48	1024	0	128	CLMUL	6.17941
create-batch-K2-total[ms]	48	1024	0	128	CLMUL	0.80995
create-batch-K4[ns]	48	1024	0	128	GENERIC	11.28628
create-batch-K4-total[ms]	48	1024	0	128	GENERIC	1.47931
create-batch-K4[ns]	48	1024	0	128	CLMUL	3.80956
create-batch-K4-total[ms]	48	1024	0	128	CLMUL	0.49933
create-batch-K8[ns]	48	1024	0	128	GENERIC	12.60583
create-batch-K8-total[ms]	48	1024	0	128	GENERIC	1.65227
create-batch-K8[ns]	48	1024	0	128	CLMUL	3.52918
create-batch-K8-total[ms]	48	1024	0	128	CLMUL	0.46258
create-batch-K1[ns]	48	1024	0	512	GENERIC	10.74499
create-batch-K1-total[ms]	48	1024	0	512	GENERIC	5.63347
create-batch-K1[ns]	48	1024	0	512	CLMUL	17.23761
create-batch-K1-total[ms]	48	1024	0	512	CLMUL	9.03747
create-batch-K2[ns]	48	1024	0	512	GENERIC	9.21349
create-batch-K2-total[ms]	48	1024	0	512	GENERIC	4.83052
create-batch-K2[ns]	48	1024	0	512	CLMUL	6.21613
create-batch-K2-total[ms]	48	1024	0	512	CLMUL	3.25904
create-batch-K4[ns]	48	1024	0	512	GENERIC	11.29295
create-batch-K4-total[ms]	48	1024	0	512	GENERIC	5.92076
create-batch-K4[ns]	48	1024	0	512	CLMUL	3.80845
create-batch-K4-total[ms]	48	1024	0	512	CLMUL	1.99673
create-batch-K8[ns]	48	1024	0	512	GENERIC	12.62363
create-batch-K8-total[ms]	48	1024	0	512	GENERIC	6.61842
create-batch-K8[ns]	48	1024	0	512	CLMUL	3.52863
create-batch-K8-total[ms]	48	1024	0	512	CLMUL	1.85002
create-batch-K1[ns]	48	1024	0	1024	GENERIC	10.74917
create-batch-K1-total[ms]	48	1024	0	1024	GENERIC	11.27132
create-batch-K1[ns]	48	1024	0	1024	CLMUL	17.29630
create-batch-K1-total[ms]	48	1024	0	1024	CLMUL	18.13648
create-batch-K2[ns]	48	1024	0	1024	GENERIC	9.21627
create-batch-K2-total[ms]	48	1024	0	1024	GENERIC	9.66396
create-batch-K2[ns]	48	1024	0	1024	CLMUL	6.20556
create-batch-K2-total[ms]	48	1024	0	1024	CLMUL	6.50700
create-batch-K4[ns]	48	1024	0	1024	GENERIC	11.30241
create-batch-K4-total[ms]	48	1024	0	1024	GENERIC	11.85144
create-batch-K4[ns]	48	1024	0	1024	CLMUL	3.81346
create-batch-K4-total[ms]	48	1024	0	1024	CLMUL	3.99870
create-batch-K8[ns]	48	1024	0	1024	GENERIC	12.62057
create-batch-K8-total[ms]	48	1024	0	1024	GENERIC	13.23363
create-batch-K8[ns]	48	1024	0	1024	CLMUL	3.52946
create-batch-K8-total[ms]	48	1024	0	1024	CLMUL	3.70091
create-batch-K1[ns]	48	1024	0	2048	GENERIC	10.74819
create-batch-K1-total[ms]	48	1024	0	2048	GENERIC	22.54059
create-batch-K1[ns]	48	1024	0	2048	CLMUL	17.29824
create-batch-K1-total[ms]	48	1024	0	2048	CLMUL	36.27705
create-batch-K2[ns]	48	1024	0	2048	GENERIC	9.21739
create-batch-K2-total[ms]	48	1024	0	2048	GENERIC	19.33026
create-batch-K2[ns]	48	1024	0	2048	CLMUL	6.19165
create-batch-K2-total[ms]	48	1024	0	2048	CLMUL	12.98484
create-batch-K4[ns]	48	1024	0	2048	GENERIC	11.30227
create-batch-K4-total[ms]	48	1024	0	2048	GENERIC	23.70258
create-batch-K4[ns]	48	1024	0	2048	CLMUL	3.81388
create-batch-K4-total[ms]	48	1024	0	2048	CLMUL	7.99828
create-batch-K8[ns]	48	1024	0	2048	GENERIC	12.62071
create-batch-K8-total[ms]	48	1024	0	2048	GENERIC	26.46755
create-batch-K8[ns]	48	1024	0	2048	CLMUL	3.53100
create-batch-K8-total[ms]	48	1024	0	2048	CLMUL	7.40503
create-batch-K1[ns]	48	1024	0	4096	GENERIC	10.74833
create-batch-K1-total[ms]	48	1024	0	4096	GENERIC	45.08177
create-batch-K1[ns]	48	1024	0	4096	CLMUL	17.26056
create-batch-K1-total[ms]	48	1024	0	4096	CLMUL	72.39602
create-batch-K2[ns]	48	1024	0	4096	GENERIC	9.21613
create-batch-K2-total[ms]	48	1024	0	4096	GENERIC	38.65527
create-batch-K2[ns]	48	1024	0	4096	CLMUL	6.18046
create-batch-K2-total[ms]	48	1024	0	4096	CLMUL	25.92272
create-batch-K4[ns]	48	1024	0	4096	GENERIC	11.29970
create-batch-K4-total[ms]	48	1024	0	4096	GENERIC	47.39437
create-batch-K4[ns]	48	1024	0	4096	CLMUL	3.81367
create-batch-K4-total[ms]	48	1024	0	4096	CLMUL	15.99568
create-batch-K8[ns]	48	1024	0	4096	GENERIC	12.62412
create-batch-K8-total[ms]	48	1024	0	4096	GENERIC	52.94938
create-batch-K8[ns]	48	1024	0	4096	CLMUL	3.53259
create-batch-K8-total[ms]	48	1024	0	4096	CLMUL	14.81677
create-batch-K1[ns]	48	1024	0	8192	GENERIC	10.75087
create-batch-K1-total[ms]	48	1024	0	8192	GENERIC	90.18484
create-batch-K1[ns]	48	1024	0	8192	CLMUL	17.26980
create-batch-K1-total[ms]	48	1024	0	8192	CLMUL	144.86962
create-batch-K2[ns]	48	1024	0	8192	GENERIC	9.21833
create-batch-K2-total[ms]	48	1024	0	8192	GENERIC	77.32891
create-batch-K2[ns]	48	1024	0	8192	CLMUL	6.21457
create-batch-K2-total[ms]	48	1024	0	8192	CLMUL	52.13156
create-batch-K4[ns]	48	1024	0	8192	GENERIC	11.30297
create-batch-K4-total[ms]	48	1024	0	8192	GENERIC	94.81616
create-batch-K4[ns]	48	1024	0	8192	CLMUL	3.81311
create-batch-K4-total[ms]	48	1024	0	8192	CLMUL	31.98669
create-batch-K8[ns]	48	1024	0	8192	GENERIC	12.62659
create-batch-K8-total[ms]	48	1024	0	8192	GENERIC	105.91948
create-batch-K8[ns]	48	1024	0	8192	CLMUL	3.53360
create-batch-K8-total[ms]	48	1024	0	8192	CLMUL	29.64201
create-batch-K1[ns]	48	2048	0	16	GENERIC	10.65433
create-batch-K1-total[ms]	48	2048	0	16	GENERIC	0.34912
create-batch-K1[ns]	48	2048	0	16	CLMUL	17.46347
create-batch-K1-total[ms]	48	2048	0	16	CLMUL	0.57224
create-batch-K2[ns]	48	2048	0	16	GENERIC	9.14117
create-batch-K2-total[ms]	48	2048	0	16	GENERIC	0.29954
create-batch-K2[ns]	48	2048	0	16	CLMUL	6.15048
create-batch-K2-total[ms]	48	2048	0	16	CLMUL	0.20154
create-batch-K4[ns]	48	2048	0	16	GENERIC	11.22397
create-batch-K4-total[ms]	48	2048	0	16	GENERIC	0.36779
create-batch-K4[ns]	48	2048	0	16	CLMUL	3.83627
create-batch-K4-total[ms]	48	2048	0	16	CLMUL	0.12571
create-batch-K8[ns]	48	2048	0	16	GENERIC	12.53241
create-batch-K8-total[ms]	48	2048	0	16	GENERIC	0.41066
create-batch-K8[ns]	48	2048	0	16	CLMUL	3.51584
create-batch-K8-total[ms]	48	2048	0	16	CLMUL	0.11521
create-batch-K1[ns]	48	2048	0	64	GENERIC	10.66100
create-batch-K1-total[ms]	48	2048	0	64	GENERIC	1.39736
create-batch-K1[ns]	48	2048	0	64	CLMUL	17.16306
create-batch-K1-total[ms]	48	2048	0	64	CLMUL	2.24960
create-batch-K2[ns]	48	2048	0	64	GENERIC	9.13227
create-batch-K2-total[ms]	48	2048	0	64	GENERIC	1.19698
create-batch-K2[ns]	48	2048	0	64	CLMUL	6.18387
create-batch-K2-total[ms]	48	2048	0	64	CLMUL	0.81053
create-batch-K4[ns]	48	2048	0	64	GENERIC	11.21729
create-batch-K4-total[ms]	48	2048	0	64	GENERIC	1.47027
create-batch-K4[ns]	48	2048	0	64	CLMUL	3.81847
create-batch-K4-total[ms]	48	2048	0	64	CLMUL	0.50049
create-batch-K8[ns]	48	2048	0	64	GENERIC	12.53017
create-batch-K8-total[ms]	48	2048	0	64	GENERIC	1.64235
create-batch-K8[ns]	48	2048	0	64	CLMUL	3.52029
create-batch-K8-total[ms]	48	2048	0	64	CLMUL	0.46141
create-batch-K1[ns]	48	2048	0	128	GENERIC	10.66433
create-batch-K1-total[ms]	48	2048	0	128	GENERIC	2.79559
create-batch-K1[ns]	48	2048	0	128	CLMUL	17.22426
create-batch-K1-total[ms]	48	2048	0	128	CLMUL	4.51524
create-batch-K2[ns]	48	2048	0	128	GENERIC	9.13895
create-batch-K2-total[ms]	48	2048	0	128	GENERIC	2.39572
create-batch-K2[ns]	48	2048	0	128	CLMUL	6.17607
create-batch-K2-total[ms]	48	2048	0	128	CLMUL	1.61902
create-batch-K4[ns]	48	2048	0	128	GENERIC	11.22063
create-batch-K4-total[ms]	48	2048	0	128	GENERIC	2.94142
create-batch-K4[ns]	48	2048	0	128	CLMUL	3.82625
create-batch-K4-total[ms]	48	2048	0	128	CLMUL	1.00303
create-batch-K8[ns]	48	2048	0	128	GENERIC	12.53017
create-batch-K8-total[ms]	48	2048	0	128	GENERIC	3.28471
create-batch-K8[ns]	48	2048	0	128	CLMUL	3.52474
create-batch-K8-total[ms]	48	2048	0	128	CLMUL	0.92399
create-batch-K1[ns]	48	2048	0	512	GENERIC	10.66795
create-batch-K1-total[ms]	48	2048	0	512	GENERIC	11.18615
create-batch-K1[ns]	48	2048	0	512	CLMUL	17.23232
create-batch-K1-total[ms]	48	2048	0	512	CLMUL	18.06940
create-batch-K2[ns]	48	2048	0	512	GENERIC	9.15091
create-batch-K2-total[ms]	48	2048	0	512	GENERIC	9.59542
create-batch-K2[ns]	48	2048	0	512	CLMUL	6.19972
create-batch-K2-total[ms]	48	2048	0	512	CLMUL	6.50088
create-batch-K4[ns]	48	2048	0	512	GENERIC	11.22898
create-batch-K4-total[ms]	48	2048	0	512	GENERIC	11.77444
create-batch-K4[ns]	48	2048	0	512	CLMUL	3.81429
create-batch-K4-total[ms]	48	2048	0	512	CLMUL	3.99958
create-batch-K8[ns]	48	2048	0	512	GENERIC	12.54770
create-batch-K8-total[ms]	48	2048	0	512	GENERIC	13.15721
create-batch-K8[ns]	48	2048	0	512	CLMUL	3.53336
create-batch-K8-total[ms]	48	2048	0	512	CLMUL	3.70500
create-batch-K1[ns]	48	2048	0	1024	GENERIC	10.67893
create-batch-K1-total[ms]	48	2048	0	1024	GENERIC	22.39535
create-batch-K1[ns]	48	2048	0	1024	CLMUL	17.29964
create-batch-K1-total[ms]	48	2048	0	1024	CLMUL	36.27997
create-batch-K2[ns]	48	2048	0	1024	GENERIC	9.14799
create-batch-K2-total[ms]	48	2048	0	1024	GENERIC	19.18472
create-batch-K2[ns]	48	2048	0	1024	CLMUL	6.20153
create-batch-K2-total[ms]	48	2048	0	1024	CLMUL	13.00555
create-batch-K4[ns]	48	2048	0	1024	GENERIC	11.24358
create-batch-K4-total[ms]	48	2048	0	1024	GENERIC	23.57950
create-batch-K4[ns]	48	2048	0	1024	CLMUL	3.81179
create-batch-K4-total[ms]	48	2048	0	1024	CLMUL	7.99390
create-batch-K8[ns]	48	2048	0	1024	GENERIC	12.54686
create-batch-K8-total[ms]	48	2048	0	1024	GENERIC	26.31267
create-batch-K8[ns]	48	2048	0	1024	CLMUL	3.52821
create-batch-K8-total[ms]	48	2048	0	1024	CLMUL	7.39920
create-batch-K1[ns]	48	2048	0	2048	GENERIC	10.67017
create-batch-K1-total[ms]	48	2048	0	2048	GENERIC	44.75394
create-batch-K1[ns]	48	2048	0	2048	CLMUL	17.25736
create-batch-K1-total[ms]	48	2048	0	2048	CLMUL	72.38260
create-batch-K2[ns]	48	2048	0	2048	GENERIC	9.13846
create-batch-K2-total[ms]	48	2048	0	2048	GENERIC	38.32948
create-batch-K2[ns]	48	2048	0	2048	CLMUL	6.19590
create-batch-K2-total[ms]	48	2048	0	2048	CLMUL	25.98747
create-batch-K4[ns]	48	2048	0	2048	GENERIC	11.23642
create-batch-K4-total[ms]	48	2048	0	2048	GENERIC	47.12896
create-batch-K4[ns]	48	2048	0	2048	CLMUL	3.81408
create-batch-K4-total[ms]	48	2048	0	2048	CLMUL	15.99743
create-batch-K8[ns]	48	2048	0	2048	GENERIC	12.54484
create-batch-K8-total[ms]	48	2048	0	2048	GENERIC	52.61689
create-batch-K8[ns]	48	2048	0	2048	CLMUL	3.52634
create-batch-K8-total[ms]	48	2048	0	2048	CLMUL	14.79053
create-batch-K1[ns]	48	2048	0	4096	GENERIC	10.67024
create-batch-K1-total[ms]	48	2048	0	4096	GENERIC	89.50847
create-batch-K1[ns]	48	2048	0	4096	CLMUL	17.31062
create-batch-K1-total[ms]	48	2048	0	4096	CLMUL	145.21203
create-batch-K2[ns]	48	2048	0	4096	GENERIC	9.13853
create-batch-K2-total[ms]	48	2048	0	4096	GENERIC	76.65955
create-batch-K2[ns]	48	2048	0	4096	CLMUL	6.20431
create-batch-K2-total[ms]	48	2048	0	4096	CLMUL	52.04552
create-batch-K4[ns]	48	2048	0	4096	GENERIC	11.23353
create-batch-K4-total[ms]	48	2048	0	4096	GENERIC	94.23371
create-batch-K4[ns]	48	2048	0	4096	CLMUL	3.81342
create-batch-K4-total[ms]	48	2048	0	4096	CLMUL	31.98931
create-batch-K8[ns]	48	2048	0	4096	GENERIC	12.54905
create-batch-K8-total[ms]	48	2048	0	4096	GENERIC	105.26907
create-batch-K8[ns]	48	2048	0	4096	CLMUL	3.52707
create-batch-K8-total[ms]	48	2048	0	4096	CLMUL	29.58717
create-batch-K1[ns]	48	2048	0	8192	GENERIC	10.67292
create-batch-K1-total[ms]	48	2048	0	8192	GENERIC	179.06186
create-batch-K1[ns]	48	2048	0	8192	CLMUL	17.31401
create-batch-K1-total[ms]	48	2048	0	8192	CLMUL	290.48093
create-batch-K2[ns]	48	2048	0	8192	GENERIC	9.14362
create-batch-K2-total[ms]	48	2048	0	8192	GENERIC	153.40455
create-batch-K2[ns]	48	2048	0	8192	CLMUL	6.20454
create-batch-K2-total[ms]	48	2048	0	8192	CLMUL	104.09483
create-batch-K4[ns]	48	2048	0	8192	GENERIC	11.23228
create-batch-K4-total[ms]	48	2048	0	8192	GENERIC	188.44641
create-batch-K4[ns]	48	2048	0	8192	CLMUL	3.81175
create-batch-K4-total[ms]	48	2048	0	8192	CLMUL	63.95062
create-batch-K8[ns]	48	2048	0	8192	GENERIC	12.54644
create-batch-K8-total[ms]	48	2048	0	8192	GENERIC	210.49439
create-batch-K8[ns]	48	2048	0	8192	CLMUL	3.52891
create-batch-K8-total[ms]	48	2048	0	8192	CLMUL	59.20526
create-batch-K1[ns]	48	3072	0	16	GENERIC	10.65135
create-batch-K1-total[ms]	48	3072	0	16	GENERIC	0.52353
create-batch-K1[ns]	48	3072	0	16	CLMUL	17.35665
create-batch-K1-total[ms]	48	3072	0	16	CLMUL	0.85311
create-batch-K2[ns]	48	3072	0	16	GENERIC	9.13820
create-batch-K2-total[ms]	48	3072	0	16	GENERIC	0.44916
create-batch-K2[ns]	48	3072	0	16	CLMUL	6.17126
create-batch-K2-total[ms]	48	3072	0	16	CLMUL	0.30333
create-batch-K4[ns]	48	3072	0	16	GENERIC	11.19132
create-batch-K4-total[ms]	48	3072	0	16	GENERIC	0.55008
create-batch-K4[ns]	48	3072	0	16	CLMUL	3.82737
create-batch-K4-total[ms]	48	3072	0	16	CLMUL	0.18812
create-batch-K8[ns]	48	3072	0	16	GENERIC	12.49679
create-batch-K8-total[ms]	48	3072	0	16	GENERIC	0.61424
create-batch-K8[ns]	48	3072	0	16	CLMUL	3.53066
create-batch-K8-total[ms]	48	3072	0	16	CLMUL	0.17354
create-batch-K1[ns]	48	3072	0	64	GENERIC	10.64393
create-batch-K1-total[ms]	48	3072	0	64	GENERIC	2.09268
create-batch-K1[ns]	48	3072	0	64	CLMUL	17.44121
create-batch-K1-total[ms]	48	3072	0	64	CLMUL	3.42908
create-batch-K2[ns]	48	3072	0	64	GENERIC	9.12931
create-batch-K2-total[ms]	48	3072	0	64	GENERIC	1.79489
create-batch-K2[ns]	48	3072	0	64	CLMUL	6.16829
create-batch-K2-total[ms]	48	3072	0	64	CLMUL	1.21273
create-batch-K4[ns]	48	3072	0	64	GENERIC	11.19282
create-batch-K4-total[ms]	48	3072	0	64	GENERIC	2.20060
create-batch-K4[ns]	48	3072	0	64	CLMUL	3.81402
create-batch-K4-total[ms]	48	3072	0	64	CLMUL	0.74987
create-batch-K8[ns]	48	3072	0	64	GENERIC	12.50125
create-batch-K8-total[ms]	48	3072	0	64	GENERIC	2.45785
create-batch-K8[ns]	48	3072	0	64	CLMUL	3.52770
create-batch-K8-total[ms]	48	3072	0	64	CLMUL	0.69357
create-batch-K1[ns]	48	3072	0	128	GENERIC	10.66693
create-batch-K1-total[ms]	48	3072	0	128	GENERIC	4.19441
create-batch-K1[ns]	48	3072	0	128	CLMUL	17.40487
create-batch-K1-total[ms]	48	3072	0	128	CLMUL	6.84387
create-batch-K2[ns]	48	3072	0	128	GENERIC	9.14933
create-batch-K2-total[ms]	48	3072	0	128	GENERIC	3.59766
create-batch-K2[ns]	48	3072	0	128	CLMUL	6.19944
create-batch-K2-total[ms]	48	3072	0	128	CLMUL	2.43772
create-batch-K4[ns]	48	3072	0	128	GENERIC	11.20543
create-batch-K4-total[ms]	48	3072	0	128	GENERIC	4.40615
create-batch-K4[ns]	48	3072	0	128	CLMUL	3.81105
create-batch-K4-total[ms]	48	3072	0	128	CLMUL	1.49857
create-batch-K8[ns]	48	3072	0	128	GENERIC	12.51089
create-batch-K8-total[ms]	48	3072	0	128	GENERIC	4.91948
create-batch-K8[ns]	48	3072	0	128	CLMUL	3.52548
create-batch-K8-total[ms]	48	3072	0	128	CLMUL	1.38627
create-batch-K1[ns]	48	3072	0	512	GENERIC	10.67045
create-batch-K1-total[ms]	48	3072	0	512	GENERIC	16.78317
create-batch-K1[ns]	48	3072	0	512	CLMUL	17.50185
create-batch-K1-total[ms]	48	3072	0	512	CLMUL	27.52803
create-batch-K2[ns]	48	3072	0	512	GENERIC	9.15007
create-batch-K2-total[ms]	48	3072	0	512	GENERIC	14.39182
create-batch-K2[ns]	48	3072	0	512	CLMUL	6.19851
create-batch-K2-total[ms]	48	3072	0	512	CLMUL	9.74942
create-batch-K4[ns]	48	3072	0	512	GENERIC	11.20265
create-batch-K4-total[ms]	48	3072	0	512	GENERIC	17.62024
create-batch-K4[ns]	48	3072	0	512	CLMUL	3.83089
create-batch-K4-total[ms]	48	3072	0	512	CLMUL	6.02547
create-batch-K8[ns]	48	3072	0	512	GENERIC	12.51979
create-batch-K8-total[ms]	48	3072	0	512	GENERIC	19.69192
create-batch-K8[ns]	48	3072	0	512	CLMUL	3.53586
create-batch-K8-total[ms]	48	3072	0	512	CLMUL	5.56143
create-batch-K1[ns]	48	3072	0	1024	GENERIC	10.65775
create-batch-K1-total[ms]	48	3072	0	1024	GENERIC	33.52637
create-batch-K1[ns]	48	3072	0	1024	CLMUL	17.41266
create-batch-K1-total[ms]	48	3072	0	1024	CLMUL	54.77549
create-batch-K2[ns]	48	3072	0	1024	GENERIC	9.14887
create-batch-K2-total[ms]	48	3072	0	1024	GENERIC	28.77985
create-batch-K2[ns]	48	3072	0	1024	CLMUL	6.19499
create-batch-K2-total[ms]	48	3072	0	1024	CLMUL	19.48776
create-batch-K4[ns]	48	3072	0	1024	GENERIC	11.21220
create-batch-K4-total[ms]	48	3072	0	1024	GENERIC	35.27052
create-batch-K4[ns]	48	3072	0	1024	CLMUL	3.85036
create-batch-K4-total[ms]	48	3072	0	1024	CLMUL	12.11218
create-batch-K8[ns]	48	3072	0	1024	GENERIC	12.51330
create-batch-K8-total[ms]	48	3072	0	1024	GENERIC	39.36343
create-batch-K8[ns]	48	3072	0	1024	CLMUL	3.53475
create-batch-K8-total[ms]	48	3072	0	1024	CLMUL	11.11936
create-batch-K1[ns]	48	3072	0	2048	GENERIC	10.64546
create-batch-K1-total[ms]	48	3072	0	2048	GENERIC	66.97546
create-batch-K1[ns]	48	3072	0	2048	CLMUL	17.39518
create-batch-K1-total[ms]	48	3072	0	2048	CLMUL	109.44102
create-batch-K2[ns]	48	3072	0	2048	GENERIC	9.14326
create-batch-K2-total[ms]	48	3072	0	2048	GENERIC	57.52441
create-batch-K2[ns]	48	3072	0	2048	CLMUL	6.20069
create-batch-K2-total[ms]	48	3072	0	2048	CLMUL	39.01139
create-batch-K4[ns]	48	3072	0	2048	GENERIC	11.21122
create-batch-K4-total[ms]	48	3072	0	2048	GENERIC	70.53491
create-batch-K4[ns]	48	3072	0	2048	CLMUL	3.85458
create-batch-K4-total[ms]	48	3072	0	2048	CLMUL	24.25091
create-batch-K8[ns]	48	3072	0	2048	GENERIC	12.51844
create-batch-K8-total[ms]	48	3072	0	2048	GENERIC	78.75923
create-batch-K8[ns]	48	3072	0	2048	CLMUL	3.53679
create-batch-K8-total[ms]	48	3072	0	2048	CLMUL	22.25156
create-batch-K1[ns]	48	3072	0	4096	GENERIC	10.66229
create-batch-K1-total[ms]	48	3072	0	4096	GENERIC	134.16267
create-batch-K1[ns]	48	3072	0	4096	CLMUL	17.42072
create-batch-K1-total[ms]	48	3072	0	4096	CLMUL	219.20344
create-batch-K2[ns]	48	3072	0	4096	GENERIC	9.14224
create-batch-K2-total[ms]	48	3072	0	4096	GENERIC	115.03599
create-batch-K2[ns]	48	3072	0	4096	CLMUL	6.18192
create-batch-K2-total[ms]	48	3072	0	4096	CLMUL	77.78653
create-batch-K4[ns]	48	3072	0	4096	GENERIC	11.21679
create-batch-K4-total[ms]	48	3072	0	4096	GENERIC	141.13983
create-batch-K4[ns]	48	3072	0	4096	CLMUL	3.84614
create-batch-K4-total[ms]	48	3072	0	4096	CLMUL	48.39565
create-batch-K8[ns]	48	3072	0	4096	GENERIC	12.52113
create-batch-K8-total[ms]	48	3072	0	4096	GENERIC	157.55229
create-batch-K8[ns]	48	3072	0	4096	CLMUL	3.53496
create-batch-K8-total[ms]	48	3072	0	4096	CLMUL	44.48007
create-batch-K1[ns]	48	3072	0	8192	GENERIC	10.66620
create-batch-K1-total[ms]	48	3072	0	8192	GENERIC	268.42363
create-batch-K1[ns]	48	3072	0	8192	CLMUL	17.43263
create-batch-K1-total[ms]	48	3072	0	8192	CLMUL	438.70643
create-batch-K2[ns]	48	3072	0	8192	GENERIC	9.14703
create-batch-K2-total[ms]	48	3072	0	8192	GENERIC	230.19243
create-batch-K2[ns]	48	3072	0	8192	CLMUL	6.19642
create-batch-K2-total[ms]	48	3072	0	8192	CLMUL	155.93794
create-batch-K4[ns]	48	3072	0	8192	GENERIC	11.20914
create-batch-K4-total[ms]	48	3072	0	8192	GENERIC	282.08716
create-batch-K4[ns]	48	3072	0	8192	CLMUL	3.83518
create-batch-K4-total[ms]	48	3072	0	8192	CLMUL	96.51538
create-batch-K8[ns]	48	3072	0	8192	GENERIC	12.52198
create-batch-K8-total[ms]	48	3072	0	8192	GENERIC	315.12588
create-batch-K8[ns]	48	3072	0	8192	CLMUL	3.53458
create-batch-K8-total[ms]	48	3072	0	8192	CLMUL	88.95052
create-batch-K1[ns]	48	4096	0	16	GENERIC	10.64096
create-batch-K1-total[ms]	48	4096	0	16	GENERIC	0.69737
create-batch-K1[ns]	48	4096	0	16	CLMUL	17.36110
create-batch-K1-total[ms]	48	4096	0	16	CLMUL	1.13778
create-batch-K2[ns]	48	4096	0	16	GENERIC	9.11891
create-batch-K2-total[ms]	48	4096	0	16	GENERIC	0.59762
create-batch-K2[ns]	48	4096	0	16	CLMUL	6.16383
create-batch-K2-total[ms]	48	4096	0	16	CLMUL	0.40395
create-batch-K4[ns]	48	4096	0	16	GENERIC	11.17946
create-batch-K4-total[ms]	48	4096	0	16	GENERIC	0.73266
create-batch-K4[ns]	48	4096	0	16	CLMUL	3.85406
create-batch-K4-total[ms]	48	4096	0	16	CLMUL	0.25258
create-batch-K8[ns]	48	4096	0	16	GENERIC	12.48344
create-batch-K8-total[ms]	48	4096	0	16	GENERIC	0.81812
create-batch-K8[ns]	48	4096	0	16	CLMUL	3.52919
create-batch-K8-total[ms]	48	4096	0	16	CLMUL	0.23129
create-batch-K1[ns]	48	4096	0	64	GENERIC	10.64096
create-batch-K1-total[ms]	48	4096	0	64	GENERIC	2.78947
create-batch-K1[ns]	48	4096	0	64	CLMUL	17.39671
create-batch-K1-total[ms]	48	4096	0	64	CLMUL	4.56044
create-batch-K2[ns]	48	4096	0	64	GENERIC	9.11447
create-batch-K2-total[ms]	48	4096	0	64	GENERIC	2.38930
create-batch-K2[ns]	48	4096	0	64	CLMUL	6.17830
create-batch-K2-total[ms]	48	4096	0	64	CLMUL	1.61961
create-batch-K4[ns]	48	4096	0	64	GENERIC	11.18058
create-batch-K4-total[ms]	48	4096	0	64	GENERIC	2.93092
create-batch-K4[ns]	48	4096	0	64	CLMUL	3.85073
create-batch-K4-total[ms]	48	4096	0	64	CLMUL	1.00945
create-batch-K8[ns]	48	4096	0	64	GENERIC	12.48678
create-batch-K8-total[ms]	48	4096	0	64	GENERIC	3.27333
create-batch-K8[ns]	48	4096	0	64	CLMUL	3.52919
create-batch-K8-total[ms]	48	4096	0	64	CLMUL	0.92515
create-batch-K1[ns]	48	4096	0	128	GENERIC	10.64542
create-batch-K1-total[ms]	48	4096	0	128	GENERIC	5.58126
create-batch-K1[ns]	48	4096	0	128	CLMUL	17.38837
create-batch-K1-total[ms]	48	4096	0	128	CLMUL	9.11651
create-batch-K2[ns]	48	4096	0	128	GENERIC	9.12726
create-batch-K2-total[ms]	48	4096	0	128	GENERIC	4.78531
create-batch-K2[ns]	48	4096	0	128	CLMUL	6.18331
create-batch-K2-total[ms]	48	4096	0	128	CLMUL	3.24184
create-batch-K4[ns]	48	4096	0	128	GENERIC	11.19337
create-batch-K4-total[ms]	48	4096	0	128	GENERIC	5.86855
create-batch-K4[ns]	48	4096	0	128	CLMUL	3.85685
create-batch-K4-total[ms]	48	4096	0	128	CLMUL	2.02210
create-batch-K8[ns]	48	4096	0	128	GENERIC	12.49624
create-batch-K8-total[ms]	48	4096	0	128	GENERIC	6.55163
create-batch-K8[ns]	48	4096	0	128	CLMUL	3.52752
create-batch-K8-total[ms]	48	4096	0	128	CLMUL	1.84943
create-batch-K1[ns]	48	4096	0	512	GENERIC	10.65515
create-batch-K1-total[ms]	48	4096	0	512	GENERIC	22.34547
create-batch-K1[ns]	48	4096	0	512	CLMUL	17.40311
create-batch-K1-total[ms]	48	4096	0	512	CLMUL	36.49696
create-batch-K2[ns]	48	4096	0	512	GENERIC	9.13700
create-batch-K2-total[ms]	48	4096	0	512	GENERIC	19.16168
create-batch-K2[ns]	48	4096	0	512	CLMUL	6.17622
create-batch-K2-total[ms]	48	4096	0	512	CLMUL	12.95246
create-batch-K4[ns]	48	4096	0	512	GENERIC	11.19741
create-batch-K4-total[ms]	48	4096	0	512	GENERIC	23.48267
create-batch-K4[ns]	48	4096	0	512	CLMUL	3.86033
create-batch-K4-total[ms]	48	4096	0	512	CLMUL	8.09569
create-batch-K8[ns]	48	4096	0	512	GENERIC	12.50277
create-batch-K8-total[ms]	48	4096	0	512	GENERIC	26.22022
create-batch-K8[ns]	48	4096	0	512	CLMUL	3.53308
create-batch-K8-total[ms]	48	4096	0	512	CLMUL	7.40941
create-batch-K1[ns]	48	4096	0	1024	GENERIC	10.64715
create-batch-K1-total[ms]	48	4096	0	1024	GENERIC	44.65740
create-batch-K1[ns]	48	4096	0	1024	CLMUL	17.46667
create-batch-K1-total[ms]	48	4096	0	1024	CLMUL	73.26051
create-batch-K2[ns]	48	4096	0	1024	GENERIC	9.13978
create-batch-K2-total[ms]	48	4096	0	1024	GENERIC	38.33502
create-batch-K2[ns]	48	4096	0	1024	CLMUL	6.19534
create-batch-K2-total[ms]	48	4096	0	1024	CLMUL	25.98514
create-batch-K4[ns]	48	4096	0	1024	GENERIC	11.19616
create-batch-K4-total[ms]	48	4096	0	1024	GENERIC	46.96008
create-batch-K4[ns]	48	4096	0	1024	CLMUL	3.87110
create-batch-K4-total[ms]	48	4096	0	1024	CLMUL	16.23659
create-batch-K8[ns]	48	4096	0	1024	GENERIC	12.50451
create-batch-K8-total[ms]	48	4096	0	1024	GENERIC	52.44772
create-batch-K8[ns]	48	4096	0	1024	CLMUL	3.53475
create-batch-K8-total[ms]	48	4096	0	1024	CLMUL	14.82582
create-batch-K1[ns]	48	4096	0	2048	GENERIC	10.64517
create-batch-K1-total[ms]	48	4096	0	2048	GENERIC	89.29818
create-batch-K1[ns]	48	4096	0	2048	CLMUL	17.46371
create-batch-K1-total[ms]	48	4096	0	2048	CLMUL	146.49622
create-batch-K2[ns]	48	4096	0	2048	GENERIC	9.12188
create-batch-K2-total[ms]	48	4096	0	2048	GENERIC	76.51984
create-batch-K2[ns]	48	4096	0	2048	CLMUL	6.18978
create-batch-K2-total[ms]	48	4096	0	2048	CLMUL	51.92360
create-batch-K4[ns]	48	4096	0	2048	GENERIC	11.19473
create-batch-K4-total[ms]	48	4096	0	2048	GENERIC	93.90821
create-batch-K4[ns]	48	4096	0	2048	CLMUL	3.87034
create-batch-K4-total[ms]	48	4096	0	2048	CLMUL	32.46676
create-batch-K8[ns]	48	4096	0	2048	GENERIC	12.50535
create-batch-K8-total[ms]	48	4096	0	2048	GENERIC	104.90245
create-batch-K8[ns]	48	4096	0	2048	CLMUL	3.53419
create-batch-K8-total[ms]	48	4096	0	2048	CLMUL	29.64697
create-batch-K1[ns]	48	4096	0	4096	GENERIC	10.64782
create-batch-K1-total[ms]	48	4096	0	4096	GENERIC	178.64070
create-batch-K1[ns]	48	4096	0	4096	CLMUL	17.43183
create-batch-K1-total[ms]	48	4096	0	4096	CLMUL	292.45754
create-batch-K2[ns]	48	4096	0	4096	GENERIC	9.12904
create-batch-K2-total[ms]	48	4096	0	4096	GENERIC	153.15985
create-batch-K2[ns]	48	4096	0	4096	CLMUL	6.18004
create-batch-K2-total[ms]	48	4096	0	4096	CLMUL	103.68388
create-batch-K4[ns]	48	4096	0	4096	GENERIC	11.19856
create-batch-K4-total[ms]	48	4096	0	4096	GENERIC	187.88058
create-batch-K4[ns]	48	4096	0	4096	CLMUL	3.86778
create-batch-K4-total[ms]	48	4096	0	4096	CLMUL	64.89065
create-batch-K8[ns]	48	4096	0	4096	GENERIC	12.50538
create-batch-K8-total[ms]	48	4096	0	4096	GENERIC	209.80548
create-batch-K8[ns]	48	4096	0	4096	CLMUL	3.53312
create-batch-K8-total[ms]	48	4096	0	4096	CLMUL	59.27585
create-batch-K1[ns]	48	4096	0	8192	GENERIC	10.65011
create-batch-K1-total[ms]	48	4096	0	8192	GENERIC	357.35840
create-batch-K1[ns]	48	4096	0	8192	CLMUL	17.46921
create-batch-K1-total[ms]	48	4096	0	8192	CLMUL	586.16951
create-batch-K2[ns]	48	4096	0	8192	GENERIC	9.13263
create-batch-K2-total[ms]	48	4096	0	8192	GENERIC	306.44015
create-batch-K2[ns]	48	4096	0	8192	CLMUL	6.18270
create-batch-K2-total[ms]	48	4096	0	8192	CLMUL	207.45701
create-batch-K4[ns]	48	4096	0	8192	GENERIC	11.19779
create-batch-K4-total[ms]	48	4096	0	8192	GENERIC	375.73550
create-batch-K4[ns]	48	4096	0	8192	CLMUL	3.86635
create-batch-K4-total[ms]	48	4096	0	8192	CLMUL	129.73318
create-batch-K8[ns]	48	4096	0	8192	GENERIC	12.50541
create-batch-K8-total[ms]	48	4096	0	8192	GENERIC	419.61183
create-batch-K8[ns]	48	4096	0	8192	CLMUL	3.53336
create-batch-K8-total[ms]	48	4096	0	8192	CLMUL	118.55986
create-batch-K1[ns]	48	5120	0	16	GENERIC	10.62762
create-batch-K1-total[ms]	48	5120	0	16	GENERIC	0.87062
create-batch-K1[ns]	48	5120	0	16	CLMUL	17.36733
create-batch-K1-total[ms]	48	5120	0	16	CLMUL	1.42273
create-batch-K2[ns]	48	5120	0	16	GENERIC	9.11091
create-batch-K2-total[ms]	48	5120	0	16	GENERIC	0.74637
create-batch-K2[ns]	48	5120	0	16	CLMUL	6.14871
create-batch-K2-total[ms]	48	5120	0	16	CLMUL	0.50370
create-batch-K4[ns]	48	5120	0	16	GENERIC	11.17234
create-batch-K4-total[ms]	48	5120	0	16	GENERIC	0.91524
create-batch-K4[ns]	48	5120	0	16	CLMUL	3.87721
create-batch-K4-total[ms]	48	5120	0	16	CLMUL	0.31762
create-batch-K8[ns]	48	5120	0	16	GENERIC	12.47899
create-batch-K8-total[ms]	48	5120	0	16	GENERIC	1.02228
create-batch-K8[ns]	48	5120	0	16	CLMUL	3.52830
create-batch-K8-total[ms]	48	5120	0	16	CLMUL	0.28904
create-batch-K1[ns]	48	5120	0	64	GENERIC	10.63474
create-batch-K1-total[ms]	48	5120	0	64	GENERIC	3.48479
create-batch-K1[ns]	48	5120	0	64	CLMUL	17.41095
create-batch-K1-total[ms]	48	5120	0	64	CLMUL	5.70522
create-batch-K2[ns]	48	5120	0	64	GENERIC	9.11803
create-batch-K2-total[ms]	48	5120	0	64	GENERIC	2.98780
create-batch-K2[ns]	48	5120	0	64	CLMUL	6.18876
create-batch-K2-total[ms]	48	5120	0	64	CLMUL	2.02793
create-batch-K4[ns]	48	5120	0	64	GENERIC	11.17858
create-batch-K4-total[ms]	48	5120	0	64	GENERIC	3.66300
create-batch-K4[ns]	48	5120	0	64	CLMUL	3.86475
create-batch-K4-total[ms]	48	5120	0	64	CLMUL	1.26640
create-batch-K8[ns]	48	5120	0	64	GENERIC	12.49234
create-batch-K8-total[ms]	48	5120	0	64	GENERIC	4.09349
create-batch-K8[ns]	48	5120	0	64	CLMUL	3.52919
create-batch-K8-total[ms]	48	5120	0	64	CLMUL	1.15644
create-batch-K1[ns]	48	5120	0	128	GENERIC	10.63829
create-batch-K1-total[ms]	48	5120	0	128	GENERIC	6.97191
create-batch-K1[ns]	48	5120	0	128	CLMUL	17.40873
create-batch-K1-total[ms]	48	5120	0	128	CLMUL	11.40898
create-batch-K2[ns]	48	5120	0	128	GENERIC	9.10868
create-batch-K2-total[ms]	48	5120	0	128	GENERIC	5.96947
create-batch-K2[ns]	48	5120	0	128	CLMUL	6.19544
create-batch-K2-total[ms]	48	5120	0	128	CLMUL	4.06024
create-batch-K4[ns]	48	5120	0	128	GENERIC	11.18303
create-batch-K4-total[ms]	48	5120	0	128	GENERIC	7.32891
create-batch-K4[ns]	48	5120	0	128	CLMUL	3.86475
create-batch-K4-total[ms]	48	5120	0	128	CLMUL	2.53280
create-batch-K8[ns]	48	5120	0	128	GENERIC	12.49234
create-batch-K8-total[ms]	48	5120	0	128	GENERIC	8.18698
create-batch-K8[ns]	48	5120	0	128	CLMUL	3.52741
create-batch-K8-total[ms]	48	5120	0	128	CLMUL	2.31172
create-batch-K1[ns]	48	5120	0	512	GENERIC	10.63741
create-batch-K1-total[ms]	48	5120	0	512	GENERIC	27.88532
create-batch-K1[ns]	48	5120	0	512	CLMUL	17.46458
create-batch-K1-total[ms]	48	5120	0	512	CLMUL	45.78235
create-batch-K2[ns]	48	5120	0	512	GENERIC	9.12816
create-batch-K2-total[ms]	48	5120	0	512	GENERIC	23.92891
create-batch-K2[ns]	48	5120	0	512	CLMUL	6.19477
create-batch-K2-total[ms]	48	5120	0	512	CLMUL	16.23922
create-batch-K4[ns]	48	5120	0	512	GENERIC	11.19037
create-batch-K4-total[ms]	48	5120	0	512	GENERIC	29.33489
create-batch-K4[ns]	48	5120	0	512	CLMUL	3.88478
create-batch-K4-total[ms]	48	5120	0	512	CLMUL	10.18371
create-batch-K8[ns]	48	5120	0	512	GENERIC	12.49301
create-batch-K8-total[ms]	48	5120	0	512	GENERIC	32.74968
create-batch-K8[ns]	48	5120	0	512	CLMUL	3.53497
create-batch-K8-total[ms]	48	5120	0	512	CLMUL	9.26672
create-batch-K1[ns]	48	5120	0	1024	GENERIC	10.64047
create-batch-K1-total[ms]	48	5120	0	1024	GENERIC	55.78668
create-batch-K1[ns]	48	5120	0	1024	CLMUL	17.48132
create-batch-K1-total[ms]	48	5120	0	1024	CLMUL	91.65249
create-batch-K2[ns]	48	5120	0	1024	GENERIC	9.12699
create-batch-K2-total[ms]	48	5120	0	1024	GENERIC	47.85170
create-batch-K2[ns]	48	5120	0	1024	CLMUL	6.19883
create-batch-K2-total[ms]	48	5120	0	1024	CLMUL	32.49972
create-batch-K4[ns]	48	5120	0	1024	GENERIC	11.18943
create-batch-K4-total[ms]	48	5120	0	1024	GENERIC	58.66481
create-batch-K4[ns]	48	5120	0	1024	CLMUL	3.87715
create-batch-K4-total[ms]	48	5120	0	1024	CLMUL	20.32746
create-batch-K8[ns]	48	5120	0	1024	GENERIC	12.49635
create-batch-K8-total[ms]	48	5120	0	1024	GENERIC	65.51685
create-batch-K8[ns]	48	5120	0	1024	CLMUL	3.53503
create-batch-K8-total[ms]	48	5120	0	1024	CLMUL	18.53373
create-batch-K1[ns]	48	5120	0	2048	GENERIC	10.63888
create-batch-K1-total[ms]	48	5120	0	2048	GENERIC	111.55674
create-batch-K1[ns]	48	5120	0	2048	CLMUL	17.48461
create-batch-K1-total[ms]	48	5120	0	2048	CLMUL	183.33939
create-batch-K2[ns]	48	5120	0	2048	GENERIC	9.12234
create-batch-K2-total[ms]	48	5120	0	2048	GENERIC	95.65469
create-batch-K2[ns]	48	5120	0	2048	CLMUL	6.19221
create-batch-K2-total[ms]	48	5120	0	2048	CLMUL	64.93003
create-batch-K4[ns]	48	5120	0	2048	GENERIC	11.18703
create-batch-K4-total[ms]	48	5120	0	2048	GENERIC	117.30454
create-batch-K4[ns]	48	5120	0	2048	CLMUL	3.87026
create-batch-K4-total[ms]	48	5120	0	2048	CLMUL	40.58258
create-batch-K8[ns]	48	5120	0	2048	GENERIC	12.49688
create-batch-K8-total[ms]	48	5120	0	2048	GENERIC	131.03925
create-batch-K8[ns]	48	5120	0	2048	CLMUL	3.52877
create-batch-K8-total[ms]	48	5120	0	2048	CLMUL	37.00183
create-batch-K1[ns]	48	5120	0	4096	GENERIC	10.64206
create-batch-K1-total[ms]	48	5120	0	4096	GENERIC	223.18027
create-batch-K1[ns]	48	5120	0	4096	CLMUL	17.47123
create-batch-K1-total[ms]	48	5120	0	4096	CLMUL	366.39820
create-batch-K2[ns]	48	5120	0	4096	GENERIC	9.12337
create-batch-K2-total[ms]	48	5120	0	4096	GENERIC	191.33096
create-batch-K2[ns]	48	5120	0	4096	CLMUL	6.19197
create-batch-K2-total[ms]	48	5120	0	4096	CLMUL	129.85510
create-batch-K4[ns]	48	5120	0	4096	GENERIC	11.18554
create-batch-K4-total[ms]	48	5120	0	4096	GENERIC	234.57788
create-batch-K4[ns]	48	5120	0	4096	CLMUL	3.87035
create-batch-K4-total[ms]	48	5120	0	4096	CLMUL	81.16720
create-batch-K8[ns]	48	5120	0	4096	GENERIC	12.49387
create-batch-K8-total[ms]	48	5120	0	4096	GENERIC	262.01550
create-batch-K8[ns]	48	5120	0	4096	CLMUL	3.53176
create-batch-K8-total[ms]	48	5120	0	4096	CLMUL	74.06637
create-batch-K1[ns]	48	5120	0	8192	GENERIC	10.64429
create-batch-K1-total[ms]	48	5120	0	8192	GENERIC	446.45387
create-batch-K1[ns]	48	5120	0	8192	CLMUL	17.45815
create-batch-K1-total[ms]	48	5120	0	8192	CLMUL	732.24778
create-batch-K2[ns]	48	5120	0	8192	GENERIC	9.12272
create-batch-K2-total[ms]	48	5120	0	8192	GENERIC	382.63450
create-batch-K2[ns]	48	5120	0	8192	CLMUL	6.19546
create-batch-K2-total[ms]	48	5120	0	8192	CLMUL	259.85631
create-batch-K4[ns]	48	5120	0	8192	GENERIC	11.19029
create-batch-K4-total[ms]	48	5120	0	8192	GENERIC	469.35496
create-batch-K4[ns]	48	5120	0	8192	CLMUL	3.87165
create-batch-K4-total[ms]	48	5120	0	8192	CLMUL	162.38865
create-batch-K8[ns]	48	5120	0	8192	GENERIC	12.49682
create-batch-K8-total[ms]	48	5120	0	8192	GENERIC	524.15478
create-batch-K8[ns]	48	5120	0	8192	CLMUL	3.53054
create-batch-K8-total[ms]	48	5120	0	8192	CLMUL	148.08145
create-batch-K1[ns]	48	6144	0	16	GENERIC	10.62464
create-batch-K1-total[ms]	48	6144	0	16	GENERIC	1.04445
create-batch-K1[ns]	48	6144	0	16	CLMUL	17.36556
create-batch-K1-total[ms]	48	6144	0	16	CLMUL	1.70710
create-batch-K2[ns]	48	6144	0	16	GENERIC	9.10260
create-batch-K2-total[ms]	48	6144	0	16	GENERIC	0.89482
create-batch-K2[ns]	48	6144	0	16	CLMUL	6.15938
create-batch-K2-total[ms]	48	6144	0	16	CLMUL	0.60549
create-batch-K4[ns]	48	6144	0	16	GENERIC	11.16463
create-batch-K4-total[ms]	48	6144	0	16	GENERIC	1.09753
create-batch-K4[ns]	48	6144	0	16	CLMUL	3.86891
create-batch-K4-total[ms]	48	6144	0	16	CLMUL	0.38033
create-batch-K8[ns]	48	6144	0	16	GENERIC	12.47009
create-batch-K8-total[ms]	48	6144	0	16	GENERIC	1.22586
create-batch-K8[ns]	48	6144	0	16	CLMUL	3.52770
create-batch-K8-total[ms]	48	6144	0	16	CLMUL	0.34679
create-batch-K1[ns]	48	6144	0	64	GENERIC	10.63207
create-batch-K1-total[ms]	48	6144	0	64	GENERIC	4.18070
create-batch-K1[ns]	48	6144	0	64	CLMUL	17.49240
create-batch-K1-total[ms]	48	6144	0	64	CLMUL	6.87829
create-batch-K2[ns]	48	6144	0	64	GENERIC	9.11299
create-batch-K2-total[ms]	48	6144	0	64	GENERIC	3.58337
create-batch-K2[ns]	48	6144	0	64	CLMUL	6.17571
create-batch-K2-total[ms]	48	6144	0	64	CLMUL	2.42839
create-batch-K4[ns]	48	6144	0	64	GENERIC	11.17650
create-batch-K4-total[ms]	48	6144	0	64	GENERIC	4.39478
create-batch-K4[ns]	48	6144	0	64	CLMUL	3.89115
create-batch-K4-total[ms]	48	6144	0	64	CLMUL	1.53006
create-batch-K8[ns]	48	6144	0	64	GENERIC	12.48270
create-batch-K8-total[ms]	48	6144	0	64	GENERIC	4.90840
create-batch-K8[ns]	48	6144	0	64	CLMUL	3.52770
create-batch-K8-total[ms]	48	6144	0	64	CLMUL	1.38715
create-batch-K1[ns]	48	6144	0	128	GENERIC	10.63615
create-batch-K1-total[ms]	48	6144	0	128	GENERIC	8.36461
create-batch-K1[ns]	48	6144	0	128	CLMUL	17.39968
create-batch-K1-total[ms]	48	6144	0	128	CLMUL	13.68367
create-batch-K2[ns]	48	6144	0	128	GENERIC	9.11484
create-batch-K2-total[ms]	48	6144	0	128	GENERIC	7.16821
create-batch-K2[ns]	48	6144	0	128	CLMUL	6.19091
create-batch-K2-total[ms]	48	6144	0	128	CLMUL	4.86873
create-batch-K4[ns]	48	6144	0	128	GENERIC	11.17762
create-batch-K4-total[ms]	48	6144	0	128	GENERIC	8.79043
create-batch-K4[ns]	48	6144	0	128	CLMUL	3.88708
create-batch-K4-total[ms]	48	6144	0	128	CLMUL	3.05692
create-batch-K8[ns]	48	6144	0	128	GENERIC	12.48530
create-batch-K8-total[ms]	48	6144	0	128	GENERIC	9.81884
create-batch-K8[ns]	48	6144	0	128	CLMUL	3.52845
create-batch-K8-total[ms]	48	6144	0	128	CLMUL	2.77488
create-batch-K1[ns]	48	6144	0	512	GENERIC	10.63299
create-batch-K1-total[ms]	48	6144	0	512	GENERIC	33.44851
create-batch-K1[ns]	48	6144	0	512	CLMUL	17.48164
create-batch-K1-total[ms]	48	6144	0	512	CLMUL	54.99250
create-batch-K2[ns]	48	6144	0	512	GENERIC	9.11058
create-batch-K2-total[ms]	48	6144	0	512	GENERIC	28.65940
create-batch-K2[ns]	48	6144	0	512	CLMUL	6.19082
create-batch-K2-total[ms]	48	6144	0	512	CLMUL	19.47464
create-batch-K4[ns]	48	6144	0	512	GENERIC	11.17845
create-batch-K4-total[ms]	48	6144	0	512	GENERIC	35.16436
create-batch-K4[ns]	48	6144	0	512	CLMUL	3.87938
create-batch-K4-total[ms]	48	6144	0	512	CLMUL	12.20348
create-batch-K8[ns]	48	6144	0	512	GENERIC	12.48780
create-batch-K8-total[ms]	48	6144	0	512	GENERIC	39.28323
create-batch-K8[ns]	48	6144	0	512	CLMUL	3.53086
create-batch-K8-total[ms]	48	6144	0	512	CLMUL	11.10711
create-batch-K1[ns]	48	6144	0	1024	GENERIC	10.63323
create-batch-K1-total[ms]	48	6144	0	1024	GENERIC	66.89848
create-batch-K1[ns]	48	6144	0	1024	CLMUL	17.47297
create-batch-K1-total[ms]	48	6144	0	1024	CLMUL	109.93045
create-batch-K2[ns]	48	6144	0	1024	GENERIC	9.11494
create-batch-K2-total[ms]	48	6144	0	1024	GENERIC	57.34622
create-batch-K2[ns]	48	6144	0	1024	CLMUL	6.19082
create-batch-K2-total[ms]	48	6144	0	1024	CLMUL	38.94928
create-batch-K4[ns]	48	6144	0	1024	GENERIC	11.17748
create-batch-K4-total[ms]	48	6144	0	1024	GENERIC	70.32260
create-batch-K4[ns]	48	6144	0	1024	CLMUL	3.88110
create-batch-K4-total[ms]	48	6144	0	1024	CLMUL	24.41775
create-batch-K8[ns]	48	6144	0	1024	GENERIC	12.48794
create-batch-K8-total[ms]	48	6144	0	1024	GENERIC	78.56733
create-batch-K8[ns]	48	6144	0	1024	CLMUL	3.53081
create-batch-K8-total[ms]	48	6144	0	1024	CLMUL	22.21394
create-batch-K1[ns]	48	6144	0	2048	GENERIC	10.63640
create-batch-K1-total[ms]	48	6144	0	2048	GENERIC	133.83691
create-batch-K1[ns]	48	6144	0	2048	CLMUL	17.47337
create-batch-K1-total[ms]	48	6144	0	2048	CLMUL	219.86586
create-batch-K2[ns]	48	6144	0	2048	GENERIC	9.10845
create-batch-K2-total[ms]	48	6144	0	2048	GENERIC	114.61077
create-batch-K2[ns]	48	6144	0	2048	CLMUL	6.18811
create-batch-K2-total[ms]	48	6144	0	2048	CLMUL	77.86443
create-batch-K4[ns]	48	6144	0	2048	GENERIC	11.18051
create-batch-K4-total[ms]	48	6144	0	2048	GENERIC	140.68341
create-batch-K4[ns]	48	6144	0	2048	CLMUL	3.88172
create-batch-K4-total[ms]	48	6144	0	2048	CLMUL	48.84336
create-batch-K8[ns]	48	6144	0	2048	GENERIC	12.48836
create-batch-K8-total[ms]	48	6144	0	2048	GENERIC	157.13992
create-batch-K8[ns]	48	6144	0	2048	CLMUL	3.53125
create-batch-K8-total[ms]	48	6144	0	2048	CLMUL	44.43342
create-batch-K1[ns]	48	6144	0	4096	GENERIC	10.63305
create-batch-K1-total[ms]	48	6144	0	4096	GENERIC	267.58953
create-batch-K1[ns]	48	6144	0	4096	CLMUL	17.51321
create-batch-K1-total[ms]	48	6144	0	4096	CLMUL	440.73447
create-batch-K2[ns]	48	6144	0	4096	GENERIC	9.11761
create-batch-K2-total[ms]	48	6144	0	4096	GENERIC	229.45225
create-batch-K2[ns]	48	6144	0	4096	CLMUL	6.19320
create-batch-K2-total[ms]	48	6144	0	4096	CLMUL	155.85689
create-batch-K4[ns]	48	6144	0	4096	GENERIC	11.18018
create-batch-K4-total[ms]	48	6144	0	4096	GENERIC	281.35836
create-batch-K4[ns]	48	6144	0	4096	CLMUL	3.87582
create-batch-K4-total[ms]	48	6144	0	4096	CLMUL	97.53827
create-batch-K8[ns]	48	6144	0	4096	GENERIC	12.48866
create-batch-K8-total[ms]	48	6144	0	4096	GENERIC	314.28742
create-batch-K8[ns]	48	6144	0	4096	CLMUL	3.53079
create-batch-K8-total[ms]	48	6144	0	4096	CLMUL	88.85517
create-batch-K1[ns]	48	6144	0	8192	GENERIC	10.62751
create-batch-K1-total[ms]	48	6144	0	8192	GENERIC	534.90023
create-batch-K1[ns]	48	6144	0	8192	CLMUL	17.50405
create-batch-K1-total[ms]	48	6144	0	8192	CLMUL	881.00752
create-batch-K2[ns]	48	6144	0	8192	GENERIC	9.11052
create-batch-K2-total[ms]	48	6144	0	8192	GENERIC	458.54750
create-batch-K2[ns]	48	6144	0	8192	CLMUL	6.19105
create-batch-K2-total[ms]	48	6144	0	8192	CLMUL	311.60558
create-batch-K4[ns]	48	6144	0	8192	GENERIC	11.18066
create-batch-K4-total[ms]	48	6144	0	8192	GENERIC	562.74123
create-batch-K4[ns]	48	6144	0	8192	CLMUL	3.88136
create-batch-K4-total[ms]	48	6144	0	8192	CLMUL	195.35508
create-batch-K8[ns]	48	6144	0	8192	GENERIC	12.48867
create-batch-K8-total[ms]	48	6144	0	8192	GENERIC	628.57513
create-batch-K8[ns]	48	6144	0	8192	CLMUL	3.53156
create-batch-K8-total[ms]	48	6144	0	8192	CLMUL	177.74913
create-batch-K1[ns]	48	7168	0	16	GENERIC	10.62253
create-batch-K1-total[ms]	48	7168	0	16	GENERIC	1.21828
create-batch-K1[ns]	48	7168	0	16	CLMUL	17.44822
create-batch-K1-total[ms]	48	7168	0	16	CLMUL	2.00110
create-batch-K2[ns]	48	7168	0	16	GENERIC	9.09413
create-batch-K2-total[ms]	48	7168	0	16	GENERIC	1.04299
create-batch-K2[ns]	48	7168	0	16	CLMUL	6.17974
create-batch-K2-total[ms]	48	7168	0	16	CLMUL	0.70874
create-batch-K4[ns]	48	7168	0	16	GENERIC	11.15913
create-batch-K4-total[ms]	48	7168	0	16	GENERIC	1.27982
create-batch-K4[ns]	48	7168	0	16	CLMUL	3.86551
create-batch-K4-total[ms]	48	7168	0	16	CLMUL	0.44333
create-batch-K8[ns]	48	7168	0	16	GENERIC	12.46627
create-batch-K8-total[ms]	48	7168	0	16	GENERIC	1.42973
create-batch-K8[ns]	48	7168	0	16	CLMUL	3.52728
create-batch-K8-total[ms]	48	7168	0	16	CLMUL	0.40454
create-batch-K1[ns]	48	7168	0	64	GENERIC	10.63079
create-batch-K1-total[ms]	48	7168	0	64	GENERIC	4.87690
create-batch-K1[ns]	48	7168	0	64	CLMUL	17.46093
create-batch-K1-total[ms]	48	7168	0	64	CLMUL	8.01023
create-batch-K2[ns]	48	7168	0	64	GENERIC	9.10430
create-batch-K2-total[ms]	48	7168	0	64	GENERIC	4.17662
create-batch-K2[ns]	48	7168	0	64	CLMUL	6.17147
create-batch-K2-total[ms]	48	7168	0	64	CLMUL	2.83117
create-batch-K4[ns]	48	7168	0	64	GENERIC	11.16866
create-batch-K4-total[ms]	48	7168	0	64	GENERIC	5.12365
create-batch-K4[ns]	48	7168	0	64	CLMUL	3.87696
create-batch-K4-total[ms]	48	7168	0	64	CLMUL	1.77856
create-batch-K8[ns]	48	7168	0	64	GENERIC	12.47836
create-batch-K8-total[ms]	48	7168	0	64	GENERIC	5.72447
create-batch-K8[ns]	48	7168	0	64	CLMUL	3.52792
create-batch-K8-total[ms]	48	7168	0	64	CLMUL	1.61844
create-batch-K1[ns]	48	7168	0	128	GENERIC	10.62889
create-batch-K1-total[ms]	48	7168	0	128	GENERIC	9.75205
create-batch-K1[ns]	48	7168	0	128	CLMUL	17.40212
create-batch-K1-total[ms]	48	7168	0	128	CLMUL	15.96651
create-batch-K2[ns]	48	7168	0	128	GENERIC	9.10462
create-batch-K2-total[ms]	48	7168	0	128	GENERIC	8.35352
create-batch-K2[ns]	48	7168	0	128	CLMUL	6.18832
create-batch-K2-total[ms]	48	7168	0	128	CLMUL	5.67781
create-batch-K4[ns]	48	7168	0	128	GENERIC	11.16993
create-batch-K4-total[ms]	48	7168	0	128	GENERIC	10.24846
create-batch-K4[ns]	48	7168	0	128	CLMUL	3.88109
create-batch-K4-total[ms]	48	7168	0	128	CLMUL	3.56092
create-batch-K8[ns]	48	7168	0	128	GENERIC	12.47613
create-batch-K8-total[ms]	48	7168	0	128	GENERIC	11.44690
create-batch-K8[ns]	48	7168	0	128	CLMUL	3.52823
create-batch-K8-total[ms]	48	7168	0	128	CLMUL	3.23717
create-batch-K1[ns]	48	7168	0	512	GENERIC	10.63048
create-batch-K1-total[ms]	48	7168	0	512	GENERIC	39.01402
create-batch-K1[ns]	48	7168	0	512	CLMUL	17.43256
create-batch-K1-total[ms]	48	7168	0	512	CLMUL	63.97776
create-batch-K2[ns]	48	7168	0	512	GENERIC	9.10502
create-batch-K2-total[ms]	48	7168	0	512	GENERIC	33.41555
create-batch-K2[ns]	48	7168	0	512	CLMUL	6.19396
create-batch-K2-total[ms]	48	7168	0	512	CLMUL	22.73193
create-batch-K4[ns]	48	7168	0	512	GENERIC	11.17454
create-batch-K4-total[ms]	48	7168	0	512	GENERIC	41.01075
create-batch-K4[ns]	48	7168	0	512	CLMUL	3.88252
create-batch-K4-total[ms]	48	7168	0	512	CLMUL	14.24891
create-batch-K8[ns]	48	7168	0	512	GENERIC	12.48448
create-batch-K8-total[ms]	48	7168	0	512	GENERIC	45.81823
create-batch-K8[ns]	48	7168	0	512	CLMUL	3.53133
create-batch-K8-total[ms]	48	7168	0	512	CLMUL	12.96005
create-batch-K1[ns]	48	7168	0	1024	GENERIC	10.63310
create-batch-K1-total[ms]	48	7168	0	1024	GENERIC	78.04730
create-batch-K1[ns]	48	7168	0	1024	CLMUL	17.48898
create-batch-K1-total[ms]	48	7168	0	1024	CLMUL	128.36969
create-batch-K2[ns]	48	7168	0	1024	GENERIC	9.10394
create-batch-K2-total[ms]	48	7168	0	1024	GENERIC	66.82323
create-batch-K2[ns]	48	7168	0	1024	CLMUL	6.19166
create-batch-K2-total[ms]	48	7168	0	1024	CLMUL	45.44695
create-batch-K4[ns]	48	7168	0	1024	GENERIC	11.17724
create-batch-K4-total[ms]	48	7168	0	1024	GENERIC	82.04133
create-batch-K4[ns]	48	7168	0	1024	CLMUL	3.88327
create-batch-K4-total[ms]	48	7168	0	1024	CLMUL	28.50336
create-batch-K8[ns]	48	7168	0	1024	GENERIC	12.48166
create-batch-K8-total[ms]	48	7168	0	1024	GENERIC	91.61576
create-batch-K8[ns]	48	7168	0	1024	CLMUL	3.53169
create-batch-K8-total[ms]	48	7168	0	1024	CLMUL	25.92273
create-batch-K1[ns]	48	7168	0	2048	GENERIC	10.62823
create-batch-K1-total[ms]	48	7168	0	2048	GENERIC	156.02314
create-batch-K1[ns]	48	7168	0	2048	CLMUL	17.49242
create-batch-K1-total[ms]	48	7168	0	2048	CLMUL	256.78983
create-batch-K2[ns]	48	7168	0	2048	GENERIC	9.10396
create-batch-K2-total[ms]	48	7168	0	2048	GENERIC	133.64675
create-batch-K2[ns]	48	7168	0	2048	CLMUL	6.18903
create-batch-K2-total[ms]	48	7168	0	2048	CLMUL	90.85539
create-batch-K4[ns]	48	7168	0	2048	GENERIC	11.17496
create-batch-K4-total[ms]	48	7168	0	2048	GENERIC	164.04913
create-batch-K4[ns]	48	7168	0	2048	CLMUL	3.88308
create-batch-K4-total[ms]	48	7168	0	2048	CLMUL	57.00381
create-batch-K8[ns]	48	7168	0	2048	GENERIC	12.48160
create-batch-K8-total[ms]	48	7168	0	2048	GENERIC	183.23064
create-batch-K8[ns]	48	7168	0	2048	CLMUL	3.53127
create-batch-K8-total[ms]	48	7168	0	2048	CLMUL	51.83933
create-batch-K1[ns]	48	7168	0	4096	GENERIC	10.63202
create-batch-K1-total[ms]	48	7168	0	4096	GENERIC	312.15741
create-batch-K1[ns]	48	7168	0	4096	CLMUL	17.46761
create-batch-K1-total[ms]	48	7168	0	4096	CLMUL	512.85138
create-batch-K2[ns]	48	7168	0	4096	GENERIC	9.10339
create-batch-K2-total[ms]	48	7168	0	4096	GENERIC	267.27658
create-batch-K2[ns]	48	7168	0	4096	CLMUL	6.18950
create-batch-K2-total[ms]	48	7168	0	4096	CLMUL	181.72449
create-batch-K4[ns]	48	7168	0	4096	GENERIC	11.17583
create-batch-K4-total[ms]	48	7168	0	4096	GENERIC	328.12392
create-batch-K4[ns]	48	7168	0	4096	CLMUL	3.88800
create-batch-K4-total[ms]	48	7168	0	4096	CLMUL	114.15228
create-batch-K8[ns]	48	7168	0	4096	GENERIC	12.48362
create-batch-K8-total[ms]	48	7168	0	4096	GENERIC	366.52079
create-batch-K8[ns]	48	7168	0	4096	CLMUL	3.53040
create-batch-K8-total[ms]	48	7168	0	4096	CLMUL	103.65299
create-batch-K1[ns]	48	7168	0	8192	GENERIC	10.63185
create-batch-K1-total[ms]	48	7168	0	8192	GENERIC	624.30489
create-batch-K1[ns]	48	7168	0	8192	CLMUL	17.46466
create-batch-K1-total[ms]	48	7168	0	8192	CLMUL	1025.52951
create-batch-K2[ns]	48	7168	0	8192	GENERIC	9.10217
create-batch-K2-total[ms]	48	7168	0	8192	GENERIC	534.48199
create-batch-K2[ns]	48	7168	0	8192	CLMUL	6.18965
create-batch-K2-total[ms]	48	7168	0	8192	CLMUL	363.45774
create-batch-K4[ns]	48	7168	0	8192	GENERIC	11.17422
create-batch-K4-total[ms]	48	7168	0	8192	GENERIC	656.15334
create-batch-K4[ns]	48	7168	0	8192	CLMUL	3.88301
create-batch-K4-total[ms]	48	7168	0	8192	CLMUL	228.01114
create-batch-K8[ns]	48	7168	0	8192	GENERIC	12.48452
create-batch-K8-total[ms]	48	7168	0	8192	GENERIC	733.09436
create-batch-K8[ns]	48	7168	0	8192	CLMUL	3.53045
create-batch-K8-total[ms]	48	7168	0	8192	CLMUL	207.30889
create-batch-K1[ns]	48	8192	0	16	GENERIC	10.62094
create-batch-K1-total[ms]	48	8192	0	16	GENERIC	1.39211
create-batch-K1[ns]	48	8192	0	16	CLMUL	17.18532
create-batch-K1-total[ms]	48	8192	0	16	CLMUL	2.25251
create-batch-K2[ns]	48	8192	0	16	GENERIC	9.09222
create-batch-K2-total[ms]	48	8192	0	16	GENERIC	1.19174
create-batch-K2[ns]	48	8192	0	16	CLMUL	6.15716
create-batch-K2-total[ms]	48	8192	0	16	CLMUL	0.80703
create-batch-K4[ns]	48	8192	0	16	GENERIC	11.15276
create-batch-K4-total[ms]	48	8192	0	16	GENERIC	1.46182
create-batch-K4[ns]	48	8192	0	16	CLMUL	3.86297
create-batch-K4-total[ms]	48	8192	0	16	CLMUL	0.50633
create-batch-K8[ns]	48	8192	0	16	GENERIC	12.46342
create-batch-K8-total[ms]	48	8192	0	16	GENERIC	1.63360
create-batch-K8[ns]	48	8192	0	16	CLMUL	3.52918
create-batch-K8-total[ms]	48	8192	0	16	CLMUL	0.46258
create-batch-K1[ns]	48	8192	0	64	GENERIC	10.62372
create-batch-K1-total[ms]	48	8192	0	64	GENERIC	5.56989
create-batch-K1[ns]	48	8192	0	64	CLMUL	17.46347
create-batch-K1-total[ms]	48	8192	0	64	CLMUL	9.15589
create-batch-K2[ns]	48	8192	0	64	GENERIC	9.10557
create-batch-K2-total[ms]	48	8192	0	64	GENERIC	4.77394
create-batch-K2[ns]	48	8192	0	64	CLMUL	6.17441
create-batch-K2-total[ms]	48	8192	0	64	CLMUL	3.23717
create-batch-K4[ns]	48	8192	0	64	GENERIC	11.16278
create-batch-K4-total[ms]	48	8192	0	64	GENERIC	5.85251
create-batch-K4[ns]	48	8192	0	64	CLMUL	3.85129
create-batch-K4-total[ms]	48	8192	0	64	CLMUL	2.01918
create-batch-K8[ns]	48	8192	0	64	GENERIC	12.47176
create-batch-K8-total[ms]	48	8192	0	64	GENERIC	6.53880
create-batch-K8[ns]	48	8192	0	64	CLMUL	3.52863
create-batch-K8-total[ms]	48	8192	0	64	CLMUL	1.85002
create-batch-K1[ns]	48	8192	0	128	GENERIC	10.62595
create-batch-K1-total[ms]	48	8192	0	128	GENERIC	11.14211
create-batch-K1[ns]	48	8192	0	128	CLMUL	17.50519
create-batch-K1-total[ms]	48	8192	0	128	CLMUL	18.35553
create-batch-K2[ns]	48	8192	0	128	GENERIC	9.10029
create-batch-K2-total[ms]	48	8192	0	128	GENERIC	9.54234
create-batch-K2[ns]	48	8192	0	128	CLMUL	6.18442
create-batch-K2-total[ms]	48	8192	0	128	CLMUL	6.48484
create-batch-K4[ns]	48	8192	0	128	GENERIC	11.16946
create-batch-K4-total[ms]	48	8192	0	128	GENERIC	11.71202
create-batch-K4[ns]	48	8192	0	128	CLMUL	3.88689
create-batch-K4-total[ms]	48	8192	0	128	CLMUL	4.07570
create-batch-K8[ns]	48	8192	0	128	GENERIC	12.47621
create-batch-K8-total[ms]	48	8192	0	128	GENERIC	13.08226
create-batch-K8[ns]	48	8192	0	128	CLMUL	3.52947
create-batch-K8-total[ms]	48	8192	0	128	CLMUL	3.70091
create-batch-K1[ns]	48	8192	0	512	GENERIC	10.62379
create-batch-K1-total[ms]	48	8192	0	512	GENERIC	44.55942
create-batch-K1[ns]	48	8192	0	512	CLMUL	17.48621
create-batch-K1-total[ms]	48	8192	0	512	CLMUL	73.34248
create-batch-K2[ns]	48	8192	0	512	GENERIC	9.09820
create-batch-K2-total[ms]	48	8192	0	512	GENERIC	38.16062
create-batch-K2[ns]	48	8192	0	512	CLMUL	6.19534
create-batch-K2-total[ms]	48	8192	0	512	CLMUL	25.98514
create-batch-K4[ns]	48	8192	0	512	GENERIC	11.16737
create-batch-K4-total[ms]	48	8192	0	512	GENERIC	46.83935
create-batch-K4[ns]	48	8192	0	512	CLMUL	3.88835
create-batch-K4-total[ms]	48	8192	0	512	CLMUL	16.30893
create-batch-K8[ns]	48	8192	0	512	GENERIC	12.47899
create-batch-K8-total[ms]	48	8192	0	512	GENERIC	52.34070
create-batch-K8[ns]	48	8192	0	512	CLMUL	3.53037
create-batch-K8-total[ms]	48	8192	0	512	CLMUL	14.80745
create-batch-K1[ns]	48	8192	0	1024	GENERIC	10.62091
create-batch-K1-total[ms]	48	8192	0	1024	GENERIC	89.09462
create-batch-K1[ns]	48	8192	0	1024	CLMUL	17.50512
create-batch-K1-total[ms]	48	8192	0	1024	CLMUL	146.84363
create-batch-K2[ns]	48	8192	0	1024	GENERIC	9.10505
create-batch-K2-total[ms]	48	8192	0	1024	GENERIC	76.37869
create-batch-K2[ns]	48	8192	0	1024	CLMUL	6.19155
create-batch-K2-total[ms]	48	8192	0	1024	CLMUL	51.93849
create-batch-K4[ns]	48	8192	0	1024	GENERIC	11.16866
create-batch-K4-total[ms]	48	8192	0	1024	GENERIC	93.68948
create-batch-K4[ns]	48	8192	0	1024	CLMUL	3.88536
create-batch-K4-total[ms]	48	8192	0	1024	CLMUL	32.59277
create-batch-K8[ns]	48	8192	0	1024	GENERIC	12.47858
create-batch-K8-total[ms]	48	8192	0	1024	GENERIC	104.67789
create-batch-K8[ns]	48	8192	0	1024	CLMUL	3.53047
create-batch-K8-total[ms]	48	8192	0	1024	CLMUL	29.61576
create-batch-K1[ns]	48	8192	0	2048	GENERIC	10.62970
create-batch-K1-total[ms]	48	8192	0	2048	GENERIC	178.33683
create-batch-K1[ns]	48	8192	0	2048	CLMUL	17.49932
create-batch-K1-total[ms]	48	8192	0	2048	CLMUL	293.58984
create-batch-K2[ns]	48	8192	0	2048	GENERIC	9.10083
create-batch-K2-total[ms]	48	8192	0	2048	GENERIC	152.68652
create-batch-K2[ns]	48	8192	0	2048	CLMUL	6.19454
create-batch-K2-total[ms]	48	8192	0	2048	CLMUL	103.92715
create-batch-K4[ns]	48	8192	0	2048	GENERIC	11.16986
create-batch-K4-total[ms]	48	8192	0	2048	GENERIC	187.39909
create-batch-K4[ns]	48	8192	0	2048	CLMUL	3.88400
create-batch-K4-total[ms]	48	8192	0	2048	CLMUL	65.16279
create-batch-K8[ns]	48	8192	0	2048	GENERIC	12.47952
create-batch-K8-total[ms]	48	8192	0	2048	GENERIC	209.37153
create-batch-K8[ns]	48	8192	0	2048	CLMUL	3.53105
create-batch-K8-total[ms]	48	8192	0	2048	CLMUL	59.24115
create-batch-K1[ns]	48	8192	0	4096	GENERIC	10.62841
create-batch-K1-total[ms]	48	8192	0	4096	GENERIC	356.63020
create-batch-K1[ns]	48	8192	0	4096	CLMUL	17.49242
create-batch-K1-total[ms]	48	8192	0	4096	CLMUL	586.94810
create-batch-K2[ns]	48	8192	0	4096	GENERIC	9.10107
create-batch-K2-total[ms]	48	8192	0	4096	GENERIC	305.38120
create-batch-K2[ns]	48	8192	0	4096	CLMUL	6.18556
create-batch-K2-total[ms]	48	8192	0	4096	CLMUL	207.55301
create-batch-K4[ns]	48	8192	0	4096	GENERIC	11.17011
create-batch-K4-total[ms]	48	8192	0	4096	GENERIC	374.80664
create-batch-K4[ns]	48	8192	0	4096	CLMUL	3.88407
create-batch-K4-total[ms]	48	8192	0	4096	CLMUL	130.32791
create-batch-K8[ns]	48	8192	0	4096	GENERIC	12.47952
create-batch-K8-total[ms]	48	8192	0	4096	GENERIC	418.74336
create-batch-K8[ns]	48	8192	0	4096	CLMUL	3.53053
create-batch-K8-total[ms]	48	8192	0	4096	CLMUL	118.46481
create-batch-K1[ns]	48	8192	0	8192	GENERIC	10.62967
create-batch-K1-total[ms]	48	8192	0	8192	GENERIC	713.34527
create-batch-K1[ns]	48	8192	0	8192	CLMUL	17.49847
create-batch-K1-total[ms]	48	8192	0	8192	CLMUL	1174.30249
create-batch-K2[ns]	48	8192	0	8192	GENERIC	9.10097
create-batch-K2-total[ms]	48	8192	0	8192	GENERIC	610.75569
create-batch-K2[ns]	48	8192	0	8192	CLMUL	6.19046
create-batch-K2-total[ms]	48	8192	0	8192	CLMUL	415.43502
create-batch-K4[ns]	48	8192	0	8192	GENERIC	11.16964
create-batch-K4-total[ms]	48	8192	0	8192	GENERIC	749.58208
create-batch-K4[ns]	48	8192	0	8192	CLMUL	3.88498
create-batch-K4-total[ms]	48	8192	0	8192	CLMUL	260.71649
create-batch-K8[ns]	48	8192	0	8192	GENERIC	12.48005
create-batch-K8-total[ms]	48	8192	0	8192	GENERIC	837.52201
create-batch-K8[ns]	48	8192	0	8192	CLMUL	3.53085
create-batch-K8-total[ms]	48	8192	0	8192	CLMUL	236.95149
create-batch-K1[ns]	58	128	0	16	GENERIC	13.95654
create-batch-K1-total[ms]	58	128	0	16	GENERIC	0.02858
create-batch-K1[ns]	58	128	0	16	CLMUL	15.09570
create-batch-K1-total[ms]	58	128	0	16	CLMUL	0.03092
create-batch-K1[ns]	58	128	0	16	CLMUL_TRI	20.50732
create-batch-K1-total[ms]	58	128	0	16	CLMUL_TRI	0.04200
create-batch-K2[ns]	58	128	0	16	GENERIC	14.38379
create-batch-K2-total[ms]	58	128	0	16	GENERIC	0.02946
create-batch-K2[ns]	58	128	0	16	CLMUL	8.11768
create-batch-K2-total[ms]	58	128	0	16	CLMUL	0.01663
create-batch-K2[ns]	58	128	0	16	CLMUL_TRI	13.95654
create-batch-K2-total[ms]	58	128	0	16	CLMUL_TRI	0.02858
create-batch-K4[ns]	58	128	0	16	GENERIC	16.23486
create-batch-K4-total[ms]	58	128	0	16	GENERIC	0.03325
create-batch-K4[ns]	58	128	0	16	CLMUL	5.26953
create-batch-K4-total[ms]	58	128	0	16	CLMUL	0.01079
create-batch-K4[ns]	58	128	0	16	CLMUL_TRI	13.24414
create-batch-K4-total[ms]	58	128	0	16	CLMUL_TRI	0.02712
create-batch-K8[ns]	58	128	0	16	GENERIC	17.37451
create-batch-K8-total[ms]	58	128	0	16	GENERIC	0.03558
create-batch-K8[ns]	58	128	0	16	CLMUL	4.84180
create-batch-K8-total[ms]	58	128	0	16	CLMUL	0.00992
create-batch-K8[ns]	58	128	0	16	CLMUL_TRI	6.12354
create-batch-K8-total[ms]	58	128	0	16	CLMUL_TRI	0.01254
create-batch-K1[ns]	58	128	0	64	GENERIC	13.88525
create-batch-K1-total[ms]	58	128	0	64	GENERIC	0.11375
create-batch-K1[ns]	58	128	0	64	CLMUL	15.13135
create-batch-K1-total[ms]	58	128	0	64	CLMUL	0.12396
create-batch-K1[ns]	58	128	0	64	CLMUL_TRI	20.47192
create-batch-K1-total[ms]	58	128	0	64	CLMUL_TRI	0.16771
create-batch-K2[ns]	58	128	0	64	GENERIC	14.45496
create-batch-K2-total[ms]	58	128	0	64	GENERIC	0.11841
create-batch-K2[ns]	58	128	0	64	CLMUL	8.18872
create-batch-K2-total[ms]	58	128	0	64	CLMUL	0.06708
create-batch-K2[ns]	58	128	0	64	CLMUL_TRI	14.02771
create-batch-K2-total[ms]	58	128	0	64	CLMUL_TRI	0.11491
create-batch-K4[ns]	58	128	0	64	GENERIC	16.27075
create-batch-K4-total[ms]	58	128	0	64	GENERIC	0.13329
create-batch-K4[ns]	58	128	0	64	CLMUL	5.30493
create-batch-K4-total[ms]	58	128	0	64	CLMUL	0.04346
create-batch-K4[ns]	58	128	0	64	CLMUL_TRI	13.28003
create-batch-K4-total[ms]	58	128	0	64	CLMUL_TRI	0.10879
create-batch-K8[ns]	58	128	0	64	GENERIC	17.37439
create-batch-K8-total[ms]	58	128	0	64	GENERIC	0.14233
create-batch-K8[ns]	58	128	0	64	CLMUL	4.84204
create-batch-K8-total[ms]	58	128	0	64	CLMUL	0.03967
create-batch-K8[ns]	58	128	0	64	CLMUL_TRI	6.05249
create-batch-K8-total[ms]	58	128	0	64	CLMUL_TRI	0.04958
create-batch-K1[ns]	58	128	0	128	GENERIC	13.90308
create-batch-K1-total[ms]	58	128	0	128	GENERIC	0.22779
create-batch-K1[ns]	58	128	0	128	CLMUL	15.14923
create-batch-K1-total[ms]	58	128	0	128	CLMUL	0.24820
create-batch-K1[ns]	58	128	0	128	CLMUL_TRI	20.47192
create-batch-K1-total[ms]	58	128	0	128	CLMUL_TRI	0.33541
create-batch-K2[ns]	58	128	0	128	GENERIC	14.43719
create-batch-K2-total[ms]	58	128	0	128	GENERIC	0.23654
create-batch-K2[ns]	58	128	0	128	CLMUL	8.20654
create-batch-K2-total[ms]	58	128	0	128	CLMUL	0.13446
create-batch-K2[ns]	58	128	0	128	CLMUL_TRI	14.00995
create-batch-K2-total[ms]	58	128	0	128	CLMUL_TRI	0.22954
create-batch-K4[ns]	58	128	0	128	GENERIC	16.28851
create-batch-K4-total[ms]	58	128	0	128	GENERIC	0.26687
create-batch-K4[ns]	58	128	0	128	CLMUL	5.30493
create-batch-K4-total[ms]	58	128	0	128	CLMUL	0.08692
create-batch-K4[ns]	58	128	0	128	CLMUL_TRI	13.26227
create-batch-K4-total[ms]	58	128	0	128	CLMUL_TRI	0.21729
create-batch-K8[ns]	58	128	0	128	GENERIC	17.32104
create-batch-K8-total[ms]	58	128	0	128	GENERIC	0.28379
create-batch-K8[ns]	58	128	0	128	CLMUL	4.84204
create-batch-K8-total[ms]	58	128	0	128	CLMUL	0.07933
create-batch-K8[ns]	58	128	0	128	CLMUL_TRI	6.05255
create-batch-K8-total[ms]	58	128	0	128	CLMUL_TRI	0.09917
create-batch-K1[ns]	58	128	0	512	GENERIC	13.90758
create-batch-K1-total[ms]	58	128	0	512	GENERIC	0.91145
create-batch-K1[ns]	58	128	0	512	CLMUL	15.14479
create-batch-K1-total[ms]	58	128	0	512	CLMUL	0.99253
create-batch-K1[ns]	58	128	0	512	CLMUL_TRI	20.45860
create-batch-K1-total[ms]	58	128	0	512	CLMUL_TRI	1.34078
create-batch-K2[ns]	58	128	0	512	GENERIC	14.43718
create-batch-K2-total[ms]	58	128	0	512	GENERIC	0.94615
create-batch-K2[ns]	58	128	0	512	CLMUL	8.20213
create-batch-K2-total[ms]	58	128	0	512	CLMUL	0.53753
create-batch-K2[ns]	58	128	0	512	CLMUL_TRI	14.01439
create-batch-K2-total[ms]	58	128	0	512	CLMUL_TRI	0.91845
create-batch-K4[ns]	58	128	0	512	GENERIC	16.25296
create-batch-K4-total[ms]	58	128	0	512	GENERIC	1.06515
create-batch-K4[ns]	58	128	0	512	CLMUL	5.31380
create-batch-K4-total[ms]	58	128	0	512	CLMUL	0.34825
create-batch-K4[ns]	58	128	0	512	CLMUL_TRI	13.27562
create-batch-K4-total[ms]	58	128	0	512	CLMUL_TRI	0.87003
create-batch-K8[ns]	58	128	0	512	GENERIC	17.32552
create-batch-K8-total[ms]	58	128	0	512	GENERIC	1.13544
create-batch-K8[ns]	58	128	0	512	CLMUL	4.84206
create-batch-K8-total[ms]	58	128	0	512	CLMUL	0.31733
create-batch-K8[ns]	58	128	0	512	CLMUL_TRI	6.04367
create-batch-K8-total[ms]	58	128	0	512	CLMUL_TRI	0.39608
create-batch-K1[ns]	58	128	0	1024	GENERIC	13.90758
create-batch-K1-total[ms]	58	128	0	1024	GENERIC	1.82289
create-batch-K1[ns]	58	128	0	1024	CLMUL	15.14258
create-batch-K1-total[ms]	58	128	0	1024	CLMUL	1.98477
create-batch-K1[ns]	58	128	0	1024	CLMUL_TRI	20.46306
create-batch-K1-total[ms]	58	128	0	1024	CLMUL_TRI	2.68213
create-batch-K2[ns]	58	128	0	1024	GENERIC	14.43718
create-batch-K2-total[ms]	58	128	0	1024	GENERIC	1.89231
create-batch-K2[ns]	58	128	0	1024	CLMUL	8.20436
create-batch-K2-total[ms]	58	128	0	1024	CLMUL	1.07536
create-batch-K2[ns]	58	128	0	1024	CLMUL_TRI	14.01662
create-batch-K2-total[ms]	58	128	0	1024	CLMUL_TRI	1.83719
create-batch-K4[ns]	58	128	0	1024	GENERIC	16.26408
create-batch-K4-total[ms]	58	128	0	1024	GENERIC	2.13177
create-batch-K4[ns]	58	128	0	1024	CLMUL	5.31380
create-batch-K4-total[ms]	58	128	0	1024	CLMUL	0.69649
create-batch-K4[ns]	58	128	0	1024	CLMUL_TRI	13.27340
create-batch-K4-total[ms]	58	128	0	1024	CLMUL_TRI	1.73977
create-batch-K8[ns]	58	128	0	1024	GENERIC	17.33663
create-batch-K8-total[ms]	58	128	0	1024	GENERIC	2.27235
create-batch-K8[ns]	58	128	0	1024	CLMUL	4.84206
create-batch-K8-total[ms]	58	128	0	1024	CLMUL	0.63466
create-batch-K8[ns]	58	128	0	1024	CLMUL_TRI	6.04590
create-batch-K8-total[ms]	58	128	0	1024	CLMUL_TRI	0.79245
create-batch-K1[ns]	58	128	0	2048	GENERIC	13.90981
create-batch-K1-total[ms]	58	128	0	2048	GENERIC	3.64637
create-batch-K1[ns]	58	128	0	2048	CLMUL	15.16372
create-batch-K1-total[ms]	58	128	0	2048	CLMUL	3.97508
create-batch-K1[ns]	58	128	0	2048	CLMUL_TRI	20.48197
create-batch-K1-total[ms]	58	128	0	2048	CLMUL_TRI	5.36923
create-batch-K2[ns]	58	128	0	2048	GENERIC	14.44497
create-batch-K2-total[ms]	58	128	0	2048	GENERIC	3.78666
create-batch-K2[ns]	58	128	0	2048	CLMUL	8.20325
create-batch-K2-total[ms]	58	128	0	2048	CLMUL	2.15043
create-batch-K2[ns]	58	128	0	2048	CLMUL_TRI	14.02440
create-batch-K2-total[ms]	58	128	0	2048	CLMUL_TRI	3.67641
create-batch-K4[ns]	58	128	0	2048	GENERIC	16.27966
create-batch-K4-total[ms]	58	128	0	2048	GENERIC	4.26761
create-batch-K4[ns]	58	128	0	2048	CLMUL	5.31603
create-batch-K4-total[ms]	58	128	0	2048	CLMUL	1.39357
create-batch-K4[ns]	58	128	0	2048	CLMUL_TRI	13.27784
create-batch-K4-total[ms]	58	128	0	2048	CLMUL_TRI	3.48071
create-batch-K8[ns]	58	128	0	2048	GENERIC	17.35889
create-batch-K8-total[ms]	58	128	0	2048	GENERIC	4.55053
create-batch-K8[ns]	58	128	0	2048	CLMUL	4.84317
create-batch-K8-total[ms]	58	128	0	2048	CLMUL	1.26961
create-batch-K8[ns]	58	128	0	2048	CLMUL_TRI	6.04591
create-batch-K8-total[ms]	58	128	0	2048	CLMUL_TRI	1.58490
create-batch-K1[ns]	58	128	0	4096	GENERIC	13.91982
create-batch-K1-total[ms]	58	128	0	4096	GENERIC	7.29800
create-batch-K1[ns]	58	128	0	4096	CLMUL	15.16483
create-batch-K1-total[ms]	58	128	0	4096	CLMUL	7.95074
create-batch-K1[ns]	58	128	0	4096	CLMUL_TRI	20.49477
create-batch-K1-total[ms]	58	128	0	4096	CLMUL_TRI	10.74516
create-batch-K2[ns]	58	128	0	4096	GENERIC	14.45109
create-batch-K2-total[ms]	58	128	0	4096	GENERIC	7.57653
create-batch-K2[ns]	58	128	0	4096	CLMUL	8.21493
create-batch-K2-total[ms]	58	128	0	4096	CLMUL	4.30699
create-batch-K2[ns]	58	128	0	4096	CLMUL_TRI	14.05500
create-batch-K2-total[ms]	58	128	0	4096	CLMUL_TRI	7.36887
create-batch-K4[ns]	58	128	0	4096	GENERIC	16.28188
create-batch-K4-total[ms]	58	128	0	4096	GENERIC	8.53640
create-batch-K4[ns]	58	128	0	4096	CLMUL	5.31603
create-batch-K4-total[ms]	58	128	0	4096	CLMUL	2.78713
create-batch-K4[ns]	58	128	0	4096	CLMUL_TRI	13.28285
create-batch-K4-total[ms]	58	128	0	4096	CLMUL_TRI	6.96404
create-batch-K8[ns]	58	128	0	4096	GENERIC	17.35555
create-batch-K8-total[ms]	58	128	0	4096	GENERIC	9.09931
create-batch-K8[ns]	58	128	0	4096	CLMUL	4.84651
create-batch-K8-total[ms]	58	128	0	4096	CLMUL	2.54097
create-batch-K8[ns]	58	128	0	4096	CLMUL_TRI	6.04646
create-batch-K8-total[ms]	58	128	0	4096	CLMUL_TRI	3.17009
create-batch-K1[ns]	58	128	0	8192	GENERIC	13.92789
create-batch-K1-total[ms]	58	128	0	8192	GENERIC	14.60445
create-batch-K1[ns]	58	128	0	8192	CLMUL	15.16427
create-batch-K1-total[ms]	58	128	0	8192	CLMUL	15.90089
create-batch-K1[ns]	58	128	0	8192	CLMUL_TRI	20.49421
create-batch-K1-total[ms]	58	128	0	8192	CLMUL_TRI	21.48974
create-batch-K2[ns]	58	128	0	8192	GENERIC	14.45804
create-batch-K2-total[ms]	58	128	0	8192	GENERIC	15.16036
create-batch-K2[ns]	58	128	0	8192	CLMUL	8.21382
create-batch-K2-total[ms]	58	128	0	8192	CLMUL	8.61281
create-batch-K2[ns]	58	128	0	8192	CLMUL_TRI	14.04638
create-batch-K2-total[ms]	58	128	0	8192	CLMUL_TRI	14.72870
create-batch-K4[ns]	58	128	0	8192	GENERIC	16.27938
create-batch-K4-total[ms]	58	128	0	8192	GENERIC	17.07017
create-batch-K4[ns]	58	128	0	8192	CLMUL	5.32048
create-batch-K4-total[ms]	58	128	0	8192	CLMUL	5.57893
create-batch-K4[ns]	58	128	0	8192	CLMUL_TRI	13.28619
create-batch-K4-total[ms]	58	128	0	8192	CLMUL_TRI	13.93158
create-batch-K8[ns]	58	128	0	8192	GENERIC	17.35471
create-batch-K8-total[ms]	58	128	0	8192	GENERIC	18.19774
create-batch-K8[ns]	58	128	0	8192	CLMUL	4.85291
create-batch-K8-total[ms]	58	128	0	8192	CLMUL	5.08865
create-batch-K8[ns]	58	128	0	8192	CLMUL_TRI	6.05063
create-batch-K8-total[ms]	58	128	0	8192	CLMUL_TRI	6.34455
create-batch-K1[ns]	58	256	0	16	GENERIC	13.10205
create-batch-K1-total[ms]	58	256	0	16	GENERIC	0.05367
create-batch-K1[ns]	58	256	0	16	CLMUL	15.09570
create-batch-K1-total[ms]	58	256	0	16	CLMUL	0.06183
create-batch-K1[ns]	58	256	0	16	CLMUL_TRI	20.43628
create-batch-K1-total[ms]	58	256	0	16	CLMUL_TRI	0.08371
create-batch-K2[ns]	58	256	0	16	GENERIC	13.60034
create-batch-K2-total[ms]	58	256	0	16	GENERIC	0.05571
create-batch-K2[ns]	58	256	0	16	CLMUL	8.11743
create-batch-K2-total[ms]	58	256	0	16	CLMUL	0.03325
create-batch-K2[ns]	58	256	0	16	CLMUL_TRI	13.95654
create-batch-K2-total[ms]	58	256	0	16	CLMUL_TRI	0.05717
create-batch-K4[ns]	58	256	0	16	GENERIC	15.45166
create-batch-K4-total[ms]	58	256	0	16	GENERIC	0.06329
create-batch-K4[ns]	58	256	0	16	CLMUL	5.26929
create-batch-K4-total[ms]	58	256	0	16	CLMUL	0.02158
create-batch-K4[ns]	58	256	0	16	CLMUL_TRI	13.24438
create-batch-K4-total[ms]	58	256	0	16	CLMUL_TRI	0.05425
create-batch-K8[ns]	58	256	0	16	GENERIC	16.52002
create-batch-K8-total[ms]	58	256	0	16	GENERIC	0.06767
create-batch-K8[ns]	58	256	0	16	CLMUL	4.77075
create-batch-K8-total[ms]	58	256	0	16	CLMUL	0.01954
create-batch-K8[ns]	58	256	0	16	CLMUL_TRI	5.98120
create-batch-K8-total[ms]	58	256	0	16	CLMUL_TRI	0.02450
create-batch-K1[ns]	58	256	0	64	GENERIC	13.06641
create-batch-K1-total[ms]	58	256	0	64	GENERIC	0.21408
create-batch-K1[ns]	58	256	0	64	CLMUL	15.07800
create-batch-K1-total[ms]	58	256	0	64	CLMUL	0.24704
create-batch-K1[ns]	58	256	0	64	CLMUL_TRI	20.47192
create-batch-K1-total[ms]	58	256	0	64	CLMUL_TRI	0.33541
create-batch-K2[ns]	58	256	0	64	GENERIC	13.60052
create-batch-K2-total[ms]	58	256	0	64	GENERIC	0.22283
create-batch-K2[ns]	58	256	0	64	CLMUL	8.11755
create-batch-K2-total[ms]	58	256	0	64	CLMUL	0.13300
create-batch-K2[ns]	58	256	0	64	CLMUL_TRI	13.95654
create-batch-K2-total[ms]	58	256	0	64	CLMUL_TRI	0.22866
create-batch-K4[ns]	58	256	0	64	GENERIC	15.43408
create-batch-K4-total[ms]	58	256	0	64	GENERIC	0.25287
create-batch-K4[ns]	58	256	0	64	CLMUL	5.23370
create-batch-K4-total[ms]	58	256	0	64	CLMUL	0.08575
create-batch-K4[ns]	58	256	0	64	CLMUL_TRI	13.20886
create-batch-K4-total[ms]	58	256	0	64	CLMUL_TRI	0.21641
create-batch-K8[ns]	58	256	0	64	GENERIC	16.53778
create-batch-K8-total[ms]	58	256	0	64	GENERIC	0.27096
create-batch-K8[ns]	58	256	0	64	CLMUL	4.75305
create-batch-K8-total[ms]	58	256	0	64	CLMUL	0.07787
create-batch-K8[ns]	58	256	0	64	CLMUL_TRI	5.99915
create-batch-K8-total[ms]	58	256	0	64	CLMUL_TRI	0.09829
create-batch-K1[ns]	58	256	0	128	GENERIC	13.06644
create-batch-K1-total[ms]	58	256	0	128	GENERIC	0.42816
create-batch-K1[ns]	58	256	0	128	CLMUL	15.06912
create-batch-K1-total[ms]	58	256	0	128	CLMUL	0.49378
create-batch-K1[ns]	58	256	0	128	CLMUL_TRI	20.39185
create-batch-K1-total[ms]	58	256	0	128	CLMUL_TRI	0.66820
create-batch-K2[ns]	58	256	0	128	GENERIC	13.60941
create-batch-K2-total[ms]	58	256	0	128	GENERIC	0.44595
create-batch-K2[ns]	58	256	0	128	CLMUL	8.11755
create-batch-K2-total[ms]	58	256	0	128	CLMUL	0.26600
create-batch-K2[ns]	58	256	0	128	CLMUL_TRI	13.94763
create-batch-K2-total[ms]	58	256	0	128	CLMUL_TRI	0.45704
create-batch-K4[ns]	58	256	0	128	GENERIC	15.43408
create-batch-K4-total[ms]	58	256	0	128	GENERIC	0.50574
create-batch-K4[ns]	58	256	0	128	CLMUL	5.22479
create-batch-K4-total[ms]	58	256	0	128	CLMUL	0.17121
create-batch-K4[ns]	58	256	0	128	CLMUL_TRI	13.21777
create-batch-K4-total[ms]	58	256	0	128	CLMUL_TRI	0.43312
create-batch-K8[ns]	58	256	0	128	GENERIC	16.52890
create-batch-K8-total[ms]	58	256	0	128	GENERIC	0.54162
create-batch-K8[ns]	58	256	0	128	CLMUL	4.75305
create-batch-K8-total[ms]	58	256	0	128	CLMUL	0.15575
create-batch-K8[ns]	58	256	0	128	CLMUL_TRI	5.99026
create-batch-K8-total[ms]	58	256	0	128	CLMUL_TRI	0.19629
create-batch-K1[ns]	58	256	0	512	GENERIC	13.06422
create-batch-K1-total[ms]	58	256	0	512	GENERIC	1.71235
create-batch-K1[ns]	58	256	0	512	CLMUL	15.07137
create-batch-K1-total[ms]	58	256	0	512	CLMUL	1.97544
create-batch-K1[ns]	58	256	0	512	CLMUL_TRI	20.42523
create-batch-K1-total[ms]	58	256	0	512	CLMUL_TRI	2.67718
create-batch-K2[ns]	58	256	0	512	GENERIC	13.60718
create-batch-K2-total[ms]	58	256	0	512	GENERIC	1.78352
create-batch-K2[ns]	58	256	0	512	CLMUL	8.11536
create-batch-K2-total[ms]	58	256	0	512	CLMUL	1.06370
create-batch-K2[ns]	58	256	0	512	CLMUL_TRI	13.96321
create-batch-K2-total[ms]	58	256	0	512	CLMUL_TRI	1.83019
create-batch-K4[ns]	58	256	0	512	GENERIC	15.42073
create-batch-K4-total[ms]	58	256	0	512	GENERIC	2.02123
create-batch-K4[ns]	58	256	0	512	CLMUL	5.22925
create-batch-K4-total[ms]	58	256	0	512	CLMUL	0.68541
create-batch-K4[ns]	58	256	0	512	CLMUL_TRI	13.21331
create-batch-K4-total[ms]	58	256	0	512	CLMUL_TRI	1.73189
create-batch-K8[ns]	58	256	0	512	GENERIC	16.51108
create-batch-K8-total[ms]	58	256	0	512	GENERIC	2.16414
create-batch-K8[ns]	58	256	0	512	CLMUL	4.74860
create-batch-K8-total[ms]	58	256	0	512	CLMUL	0.62241
create-batch-K8[ns]	58	256	0	512	CLMUL_TRI	5.99249
create-batch-K8-total[ms]	58	256	0	512	CLMUL_TRI	0.78545
create-batch-K1[ns]	58	256	0	1024	GENERIC	13.06645
create-batch-K1-total[ms]	58	256	0	1024	GENERIC	3.42529
create-batch-K1[ns]	58	256	0	1024	CLMUL	15.09140
create-batch-K1-total[ms]	58	256	0	1024	CLMUL	3.95612
create-batch-K1[ns]	58	256	0	1024	CLMUL_TRI	20.44080
create-batch-K1-total[ms]	58	256	0	1024	CLMUL_TRI	5.35843
create-batch-K2[ns]	58	256	0	1024	GENERIC	13.61274
create-batch-K2-total[ms]	58	256	0	1024	GENERIC	3.56850
create-batch-K2[ns]	58	256	0	1024	CLMUL	8.11646
create-batch-K2-total[ms]	58	256	0	1024	CLMUL	2.12768
create-batch-K2[ns]	58	256	0	1024	CLMUL_TRI	14.00660
create-batch-K2-total[ms]	58	256	0	1024	CLMUL_TRI	3.67175
create-batch-K4[ns]	58	256	0	1024	GENERIC	15.44075
create-batch-K4-total[ms]	58	256	0	1024	GENERIC	4.04770
create-batch-K4[ns]	58	256	0	1024	CLMUL	5.22814
create-batch-K4-total[ms]	58	256	0	1024	CLMUL	1.37052
create-batch-K4[ns]	58	256	0	1024	CLMUL_TRI	13.21777
create-batch-K4-total[ms]	58	256	0	1024	CLMUL_TRI	3.46496
create-batch-K8[ns]	58	256	0	1024	GENERIC	16.53667
create-batch-K8-total[ms]	58	256	0	1024	GENERIC	4.33499
create-batch-K8[ns]	58	256	0	1024	CLMUL	4.74860
create-batch-K8-total[ms]	58	256	0	1024	CLMUL	1.24482
create-batch-K8[ns]	58	256	0	1024	CLMUL_TRI	5.99250
create-batch-K8-total[ms]	58	256	0	1024	CLMUL_TRI	1.57090
create-batch-K1[ns]	58	256	0	2048	GENERIC	13.07646
create-batch-K1-total[ms]	58	256	0	2048	GENERIC	6.85583
create-batch-K1[ns]	58	256	0	2048	CLMUL	15.09362
create-batch-K1-total[ms]	58	256	0	2048	CLMUL	7.91340
create-batch-K1[ns]	58	256	0	2048	CLMUL_TRI	20.44915
create-batch-K1-total[ms]	58	256	0	2048	CLMUL_TRI	10.72124
create-batch-K2[ns]	58	256	0	2048	GENERIC	13.62776
create-batch-K2-total[ms]	58	256	0	2048	GENERIC	7.14487
create-batch-K2[ns]	58	256	0	2048	CLMUL	8.12648
create-batch-K2-total[ms]	58	256	0	2048	CLMUL	4.26061
create-batch-K2[ns]	58	256	0	2048	CLMUL_TRI	13.99047
create-batch-K2-total[ms]	58	256	0	2048	CLMUL_TRI	7.33504
create-batch-K4[ns]	58	256	0	2048	GENERIC	15.44020
create-batch-K4-total[ms]	58	256	0	2048	GENERIC	8.09511
create-batch-K4[ns]	58	256	0	2048	CLMUL	5.22981
create-batch-K4-total[ms]	58	256	0	2048	CLMUL	2.74193
create-batch-K4[ns]	58	256	0	2048	CLMUL_TRI	13.22500
create-batch-K4-total[ms]	58	256	0	2048	CLMUL_TRI	6.93371
create-batch-K8[ns]	58	256	0	2048	GENERIC	16.53222
create-batch-K8-total[ms]	58	256	0	2048	GENERIC	8.66765
create-batch-K8[ns]	58	256	0	2048	CLMUL	4.75083
create-batch-K8-total[ms]	58	256	0	2048	CLMUL	2.49080
create-batch-K8[ns]	58	256	0	2048	CLMUL_TRI	5.99194
create-batch-K8-total[ms]	58	256	0	2048	CLMUL_TRI	3.14150
create-batch-K1[ns]	58	256	0	4096	GENERIC	13.08147
create-batch-K1-total[ms]	58	256	0	4096	GENERIC	13.71692
create-batch-K1[ns]	58	256	0	4096	CLMUL	15.09362
create-batch-K1-total[ms]	58	256	0	4096	CLMUL	15.82681
create-batch-K1[ns]	58	256	0	4096	CLMUL_TRI	20.46278
create-batch-K1-total[ms]	58	256	0	4096	CLMUL_TRI	21.45678
create-batch-K2[ns]	58	256	0	4096	GENERIC	13.62387
create-batch-K2-total[ms]	58	256	0	4096	GENERIC	14.28566
create-batch-K2[ns]	58	256	0	4096	CLMUL	8.12592
create-batch-K2-total[ms]	58	256	0	4096	CLMUL	8.52065
create-batch-K2[ns]	58	256	0	4096	CLMUL_TRI	13.99603
create-batch-K2-total[ms]	58	256	0	4096	CLMUL_TRI	14.67591
create-batch-K4[ns]	58	256	0	4096	GENERIC	15.44242
create-batch-K4-total[ms]	58	256	0	4096	GENERIC	16.19255
create-batch-K4[ns]	58	256	0	4096	CLMUL	5.23342
create-batch-K4-total[ms]	58	256	0	4096	CLMUL	5.48764
create-batch-K4[ns]	58	256	0	4096	CLMUL_TRI	13.23112
create-batch-K4-total[ms]	58	256	0	4096	CLMUL_TRI	13.87383
create-batch-K8[ns]	58	256	0	4096	GENERIC	16.53667
create-batch-K8-total[ms]	58	256	0	4096	GENERIC	17.33995
create-batch-K8[ns]	58	256	0	4096	CLMUL	4.75417
create-batch-K8-total[ms]	58	256	0	4096	CLMUL	4.98511
create-batch-K8[ns]	58	256	0	4096	CLMUL_TRI	5.99667
create-batch-K8-total[ms]	58	256	0	4096	CLMUL_TRI	6.28797
create-batch-K1[ns]	58	256	0	8192	GENERIC	13.08300
create-batch-K1-total[ms]	58	256	0	8192	GENERIC	27.43704
create-batch-K1[ns]	58	256	0	8192	CLMUL	15.09251
create-batch-K1-total[ms]	58	256	0	8192	CLMUL	31.65128
create-batch-K1[ns]	58	256	0	8192	CLMUL_TRI	20.44456
create-batch-K1-total[ms]	58	256	0	8192	CLMUL_TRI	42.87535
create-batch-K2[ns]	58	256	0	8192	GENERIC	13.62512
create-batch-K2-total[ms]	58	256	0	8192	GENERIC	28.57394
create-batch-K2[ns]	58	256	0	8192	CLMUL	8.12648
create-batch-K2-total[ms]	58	256	0	8192	CLMUL	17.04246
create-batch-K2[ns]	58	256	0	8192	CLMUL_TRI	13.99715
create-batch-K2-total[ms]	58	256	0	8192	CLMUL_TRI	29.35414
create-batch-K4[ns]	58	256	0	8192	GENERIC	15.44061
create-batch-K4-total[ms]	58	256	0	8192	GENERIC	32.38131
create-batch-K4[ns]	58	256	0	8192	CLMUL	5.23467
create-batch-K4-total[ms]	58	256	0	8192	CLMUL	10.97791
create-batch-K4[ns]	58	256	0	8192	CLMUL_TRI	13.23139
create-batch-K4-total[ms]	58	256	0	8192	CLMUL_TRI	27.74825
create-batch-K8[ns]	58	256	0	8192	GENERIC	16.53764
create-batch-K8-total[ms]	58	256	0	8192	GENERIC	34.68195
create-batch-K8[ns]	58	256	0	8192	CLMUL	4.75751
create-batch-K8-total[ms]	58	256	0	8192	CLMUL	9.97721
create-batch-K8[ns]	58	256	0	8192	CLMUL_TRI	5.99834
create-batch-K8-total[ms]	58	256	0	8192	CLMUL_TRI	12.57943
create-batch-K1[ns]	58	512	0	16	GENERIC	12.63916
create-batch-K1-total[ms]	58	512	0	16	GENERIC	0.10354
create-batch-K1[ns]	58	512	0	16	CLMUL	15.02466
create-batch-K1-total[ms]	58	512	0	16	CLMUL	0.12308
create-batch-K1[ns]	58	512	0	16	CLMUL_TRI	20.43628
create-batch-K1-total[ms]	58	512	0	16	CLMUL_TRI	0.16741
create-batch-K2[ns]	58	512	0	16	GENERIC	13.20886
create-batch-K2-total[ms]	58	512	0	16	GENERIC	0.10821
create-batch-K2[ns]	58	512	0	16	CLMUL	8.08191
create-batch-K2-total[ms]	58	512	0	16	CLMUL	0.06621
create-batch-K2[ns]	58	512	0	16	CLMUL_TRI	13.95654
create-batch-K2-total[ms]	58	512	0	16	CLMUL_TRI	0.11433
create-batch-K4[ns]	58	512	0	16	GENERIC	15.02454
create-batch-K4-total[ms]	58	512	0	16	GENERIC	0.12308
create-batch-K4[ns]	58	512	0	16	CLMUL	5.19800
create-batch-K4-total[ms]	58	512	0	16	CLMUL	0.04258
create-batch-K4[ns]	58	512	0	16	CLMUL_TRI	13.17322
create-batch-K4-total[ms]	58	512	0	16	CLMUL_TRI	0.10791
create-batch-K8[ns]	58	512	0	16	GENERIC	16.12830
create-batch-K8-total[ms]	58	512	0	16	GENERIC	0.13212
create-batch-K8[ns]	58	512	0	16	CLMUL	4.69971
create-batch-K8-total[ms]	58	512	0	16	CLMUL	0.03850
create-batch-K8[ns]	58	512	0	16	CLMUL_TRI	5.94580
create-batch-K8-total[ms]	58	512	0	16	CLMUL_TRI	0.04871
create-batch-K1[ns]	58	512	0	64	GENERIC	12.63919
create-batch-K1-total[ms]	58	512	0	64	GENERIC	0.41416
create-batch-K1[ns]	58	512	0	64	CLMUL	15.04242
create-batch-K1-total[ms]	58	512	0	64	CLMUL	0.49291
create-batch-K1[ns]	58	512	0	64	CLMUL_TRI	20.44525
create-batch-K1-total[ms]	58	512	0	64	CLMUL_TRI	0.66995
create-batch-K2[ns]	58	512	0	64	GENERIC	13.19995
create-batch-K2-total[ms]	58	512	0	64	GENERIC	0.43254
create-batch-K2[ns]	58	512	0	64	CLMUL	8.08197
create-batch-K2-total[ms]	58	512	0	64	CLMUL	0.26483
create-batch-K2[ns]	58	512	0	64	CLMUL_TRI	13.92093
create-batch-K2-total[ms]	58	512	0	64	CLMUL_TRI	0.45616
create-batch-K4[ns]	58	512	0	64	GENERIC	15.00684
create-batch-K4-total[ms]	58	512	0	64	GENERIC	0.49174
create-batch-K4[ns]	58	512	0	64	CLMUL	5.18918
create-batch-K4-total[ms]	58	512	0	64	CLMUL	0.17004
create-batch-K4[ns]	58	512	0	64	CLMUL_TRI	13.15549
create-batch-K4-total[ms]	58	512	0	64	CLMUL_TRI	0.43108
create-batch-K8[ns]	58	512	0	64	GENERIC	16.11945
create-batch-K8-total[ms]	58	512	0	64	GENERIC	0.52820
create-batch-K8[ns]	58	512	0	64	CLMUL	4.69965
create-batch-K8-total[ms]	58	512	0	64	CLMUL	0.15400
create-batch-K8[ns]	58	512	0	64	CLMUL_TRI	5.96356
create-batch-K8-total[ms]	58	512	0	64	CLMUL_TRI	0.19541
create-batch-K1[ns]	58	512	0	128	GENERIC	12.64366
create-batch-K1-total[ms]	58	512	0	128	GENERIC	0.82861
create-batch-K1[ns]	58	512	0	128	CLMUL	15.03798
create-batch-K1-total[ms]	58	512	0	128	CLMUL	0.98553
create-batch-K1[ns]	58	512	0	128	CLMUL_TRI	20.44081
create-batch-K1-total[ms]	58	512	0	128	CLMUL_TRI	1.33961
create-batch-K2[ns]	58	512	0	128	GENERIC	13.19106
create-batch-K2-total[ms]	58	512	0	128	GENERIC	0.86449
create-batch-K2[ns]	58	512	0	128	CLMUL	8.07751
create-batch-K2-total[ms]	58	512	0	128	CLMUL	0.52937
create-batch-K2[ns]	58	512	0	128	CLMUL_TRI	13.92093
create-batch-K2-total[ms]	58	512	0	128	CLMUL_TRI	0.91232
create-batch-K4[ns]	58	512	0	128	GENERIC	15.01128
create-batch-K4-total[ms]	58	512	0	128	GENERIC	0.98378
create-batch-K4[ns]	58	512	0	128	CLMUL	5.18474
create-batch-K4-total[ms]	58	512	0	128	CLMUL	0.33979
create-batch-K4[ns]	58	512	0	128	CLMUL_TRI	13.19106
create-batch-K4-total[ms]	58	512	0	128	CLMUL_TRI	0.86449
create-batch-K8[ns]	58	512	0	128	GENERIC	16.11055
create-batch-K8-total[ms]	58	512	0	128	GENERIC	1.05582
create-batch-K8[ns]	58	512	0	128	CLMUL	4.70410
create-batch-K8-total[ms]	58	512	0	128	CLMUL	0.30829
create-batch-K8[ns]	58	512	0	128	CLMUL_TRI	5.96802
create-batch-K8-total[ms]	58	512	0	128	CLMUL_TRI	0.39112
create-batch-K1[ns]	58	512	0	512	GENERIC	12.64589
create-batch-K1-total[ms]	58	512	0	512	GENERIC	3.31504
create-batch-K1[ns]	58	512	0	512	CLMUL	15.05690
create-batch-K1-total[ms]	58	512	0	512	CLMUL	3.94708
create-batch-K1[ns]	58	512	0	512	CLMUL_TRI	20.45304
create-batch-K1-total[ms]	58	512	0	512	CLMUL_TRI	5.36164
create-batch-K2[ns]	58	512	0	512	GENERIC	13.19440
create-batch-K2-total[ms]	58	512	0	512	GENERIC	3.45883
create-batch-K2[ns]	58	512	0	512	CLMUL	8.07641
create-batch-K2-total[ms]	58	512	0	512	CLMUL	2.11718
create-batch-K2[ns]	58	512	0	512	CLMUL_TRI	13.94541
create-batch-K2-total[ms]	58	512	0	512	CLMUL_TRI	3.65570
create-batch-K4[ns]	58	512	0	512	GENERIC	15.02130
create-batch-K4-total[ms]	58	512	0	512	GENERIC	3.93774
create-batch-K4[ns]	58	512	0	512	CLMUL	5.18475
create-batch-K4-total[ms]	58	512	0	512	CLMUL	1.35915
create-batch-K4[ns]	58	512	0	512	CLMUL_TRI	13.18995
create-batch-K4-total[ms]	58	512	0	512	CLMUL_TRI	3.45767
create-batch-K8[ns]	58	512	0	512	GENERIC	16.12612
create-batch-K8-total[ms]	58	512	0	512	GENERIC	4.22737
create-batch-K8[ns]	58	512	0	512	CLMUL	4.70187
create-batch-K8-total[ms]	58	512	0	512	CLMUL	1.23257
create-batch-K8[ns]	58	512	0	512	CLMUL_TRI	5.96468
create-batch-K8-total[ms]	58	512	0	512	CLMUL_TRI	1.56361
create-batch-K1[ns]	58	512	0	1024	GENERIC	12.65423
create-batch-K1-total[ms]	58	512	0	1024	GENERIC	6.63446
create-batch-K1[ns]	58	512	0	1024	CLMUL	15.05579
create-batch-K1-total[ms]	58	512	0	1024	CLMUL	7.89357
create-batch-K1[ns]	58	512	0	1024	CLMUL_TRI	20.45471
create-batch-K1-total[ms]	58	512	0	1024	CLMUL_TRI	10.72416
create-batch-K2[ns]	58	512	0	1024	GENERIC	13.20275
create-batch-K2-total[ms]	58	512	0	1024	GENERIC	6.92204
create-batch-K2[ns]	58	512	0	1024	CLMUL	8.08587
create-batch-K2-total[ms]	58	512	0	1024	CLMUL	4.23932
create-batch-K2[ns]	58	512	0	1024	CLMUL_TRI	13.97934
create-batch-K2-total[ms]	58	512	0	1024	CLMUL_TRI	7.32920
create-batch-K4[ns]	58	512	0	1024	GENERIC	15.02241
create-batch-K4-total[ms]	58	512	0	1024	GENERIC	7.87607
create-batch-K4[ns]	58	512	0	1024	CLMUL	5.18363
create-batch-K4-total[ms]	58	512	0	1024	CLMUL	2.71772
create-batch-K4[ns]	58	512	0	1024	CLMUL_TRI	13.20107
create-batch-K4-total[ms]	58	512	0	1024	CLMUL_TRI	6.92117
create-batch-K8[ns]	58	512	0	1024	GENERIC	16.12667
create-batch-K8-total[ms]	58	512	0	1024	GENERIC	8.45502
create-batch-K8[ns]	58	512	0	1024	CLMUL	4.70076
create-batch-K8-total[ms]	58	512	0	1024	CLMUL	2.46455
create-batch-K8[ns]	58	512	0	1024	CLMUL_TRI	5.96190
create-batch-K8-total[ms]	58	512	0	1024	CLMUL_TRI	3.12575
create-batch-K1[ns]	58	512	0	2048	GENERIC	12.65812
create-batch-K1-total[ms]	58	512	0	2048	GENERIC	13.27300
create-batch-K1[ns]	58	512	0	2048	CLMUL	15.05579
create-batch-K1-total[ms]	58	512	0	2048	CLMUL	15.78714
create-batch-K1[ns]	58	512	0	2048	CLMUL_TRI	20.45889
create-batch-K1-total[ms]	58	512	0	2048	CLMUL_TRI	21.45270
create-batch-K2[ns]	58	512	0	2048	GENERIC	13.21137
create-batch-K2-total[ms]	58	512	0	2048	GENERIC	13.85312
create-batch-K2[ns]	58	512	0	2048	CLMUL	8.08420
create-batch-K2-total[ms]	58	512	0	2048	CLMUL	8.47690
create-batch-K2[ns]	58	512	0	2048	CLMUL_TRI	13.97239
create-batch-K2-total[ms]	58	512	0	2048	CLMUL_TRI	14.65111
create-batch-K4[ns]	58	512	0	2048	GENERIC	15.02519
create-batch-K4-total[ms]	58	512	0	2048	GENERIC	15.75506
create-batch-K4[ns]	58	512	0	2048	CLMUL	5.18836
create-batch-K4-total[ms]	58	512	0	2048	CLMUL	5.44039
create-batch-K4[ns]	58	512	0	2048	CLMUL_TRI	13.20441
create-batch-K4-total[ms]	58	512	0	2048	CLMUL_TRI	13.84583
create-batch-K8[ns]	58	512	0	2048	GENERIC	16.12667
create-batch-K8-total[ms]	58	512	0	2048	GENERIC	16.91004
create-batch-K8[ns]	58	512	0	2048	CLMUL	4.70577
create-batch-K8-total[ms]	58	512	0	2048	CLMUL	4.93436
create-batch-K8[ns]	58	512	0	2048	CLMUL_TRI	5.96969
create-batch-K8-total[ms]	58	512	0	2048	CLMUL_TRI	6.25967
create-batch-K1[ns]	58	512	0	4096	GENERIC	12.66174
create-batch-K1-total[ms]	58	512	0	4096	GENERIC	26.55359
create-batch-K1[ns]	58	512	0	4096	CLMUL	15.05287
create-batch-K1-total[ms]	58	512	0	4096	CLMUL	31.56816
create-batch-K1[ns]	58	512	0	4096	CLMUL_TRI	20.46918
create-batch-K1-total[ms]	58	512	0	4096	CLMUL_TRI	42.92698
create-batch-K2[ns]	58	512	0	4096	GENERIC	13.21109
create-batch-K2-total[ms]	58	512	0	4096	GENERIC	27.70566
create-batch-K2[ns]	58	512	0	4096	CLMUL	8.08489
create-batch-K2-total[ms]	58	512	0	4096	CLMUL	16.95525
create-batch-K2[ns]	58	512	0	4096	CLMUL_TRI	13.99450
create-batch-K2-total[ms]	58	512	0	4096	CLMUL_TRI	29.34860
create-batch-K4[ns]	58	512	0	4096	GENERIC	15.02394
create-batch-K4-total[ms]	58	512	0	4096	GENERIC	31.50749
create-batch-K4[ns]	58	512	0	4096	CLMUL	5.19003
create-batch-K4-total[ms]	58	512	0	4096	CLMUL	10.88428
create-batch-K4[ns]	58	512	0	4096	CLMUL_TRI	13.20580
create-batch-K4-total[ms]	58	512	0	4096	CLMUL_TRI	27.69458
create-batch-K8[ns]	58	512	0	4096	GENERIC	16.13099
create-batch-K8-total[ms]	58	512	0	4096	GENERIC	33.82913
create-batch-K8[ns]	58	512	0	4096	CLMUL	4.70563
create-batch-K8-total[ms]	58	512	0	4096	CLMUL	9.86842
create-batch-K8[ns]	58	512	0	4096	CLMUL_TRI	5.96997
create-batch-K8-total[ms]	58	512	0	4096	CLMUL_TRI	12.51993
create-batch-K1[ns]	58	512	0	8192	GENERIC	12.66091
create-batch-K1-total[ms]	58	512	0	8192	GENERIC	53.10369
create-batch-K1[ns]	58	512	0	8192	CLMUL	15.05913
create-batch-K1-total[ms]	58	512	0	8192	CLMUL	63.16256
create-batch-K1[ns]	58	512	0	8192	CLMUL_TRI	20.46716
create-batch-K1-total[ms]	58	512	0	8192	CLMUL_TRI	85.84550
create-batch-K2[ns]	58	512	0	8192	GENERIC	13.21234
create-batch-K2-total[ms]	58	512	0	8192	GENERIC	55.41658
create-batch-K2[ns]	58	512	0	8192	CLMUL	8.08642
create-batch-K2-total[ms]	58	512	0	8192	CLMUL	33.91692
create-batch-K2[ns]	58	512	0	8192	CLMUL_TRI	13.99179
create-batch-K2-total[ms]	58	512	0	8192	CLMUL_TRI	58.68583
create-batch-K4[ns]	58	512	0	8192	GENERIC	15.02422
create-batch-K4-total[ms]	58	512	0	8192	GENERIC	63.01615
create-batch-K4[ns]	58	512	0	8192	CLMUL	5.18934
create-batch-K4-total[ms]	58	512	0	8192	CLMUL	21.76565
create-batch-K4[ns]	58	512	0	8192	CLMUL_TRI	13.20560
create-batch-K4-total[ms]	58	512	0	8192	CLMUL_TRI	55.38828
create-batch-K8[ns]	58	512	0	8192	GENERIC	16.12918
create-batch-K8-total[ms]	58	512	0	8192	GENERIC	67.65068
create-batch-K8[ns]	58	512	0	8192	CLMUL	4.70862
create-batch-K8-total[ms]	58	512	0	8192	CLMUL	19.74938
create-batch-K8[ns]	58	512	0	8192	CLMUL_TRI	5.95940
create-batch-K8-total[ms]	58	512	0	8192	CLMUL_TRI	24.99553
create-batch-K1[ns]	58	1024	0	16	GENERIC	12.44336
create-batch-K1-total[ms]	58	1024	0	16	GENERIC	0.20387
create-batch-K1[ns]	58	1024	0	16	CLMUL	15.02466
create-batch-K1-total[ms]	58	1024	0	16	CLMUL	0.24616
create-batch-K1[ns]	58	1024	0	16	CLMUL_TRI	20.40076
create-batch-K1-total[ms]	58	1024	0	16	CLMUL_TRI	0.33425
create-batch-K2[ns]	58	1024	0	16	GENERIC	13.01300
create-batch-K2-total[ms]	58	1024	0	16	GENERIC	0.21321
create-batch-K2[ns]	58	1024	0	16	CLMUL	8.06415
create-batch-K2-total[ms]	58	1024	0	16	CLMUL	0.13212
create-batch-K2[ns]	58	1024	0	16	CLMUL_TRI	13.93878
create-batch-K2-total[ms]	58	1024	0	16	CLMUL_TRI	0.22837
create-batch-K4[ns]	58	1024	0	16	GENERIC	14.81097
create-batch-K4-total[ms]	58	1024	0	16	GENERIC	0.24266
create-batch-K4[ns]	58	1024	0	16	CLMUL	5.16248
create-batch-K4-total[ms]	58	1024	0	16	CLMUL	0.08458
create-batch-K4[ns]	58	1024	0	16	CLMUL_TRI	13.17328
create-batch-K4-total[ms]	58	1024	0	16	CLMUL_TRI	0.21583
create-batch-K8[ns]	58	1024	0	16	GENERIC	15.91473
create-batch-K8-total[ms]	58	1024	0	16	GENERIC	0.26075
create-batch-K8[ns]	58	1024	0	16	CLMUL	4.68182
create-batch-K8-total[ms]	58	1024	0	16	CLMUL	0.07671
create-batch-K8[ns]	58	1024	0	16	CLMUL_TRI	5.92792
create-batch-K8-total[ms]	58	1024	0	16	CLMUL_TRI	0.09712
create-batch-K1[ns]	58	1024	0	64	GENERIC	12.43893
create-batch-K1-total[ms]	58	1024	0	64	GENERIC	0.81520
create-batch-K1[ns]	58	1024	0	64	CLMUL	15.02019
create-batch-K1-total[ms]	58	1024	0	64	CLMUL	0.98436
create-batch-K1[ns]	58	1024	0	64	CLMUL_TRI	20.41411
create-batch-K1-total[ms]	58	1024	0	64	CLMUL_TRI	1.33786
create-batch-K2[ns]	58	1024	0	64	GENERIC	12.99524
create-batch-K2-total[ms]	58	1024	0	64	GENERIC	0.85166
create-batch-K2[ns]	58	1024	0	64	CLMUL	8.05527
create-batch-K2-total[ms]	58	1024	0	64	CLMUL	0.52791
create-batch-K2[ns]	58	1024	0	64	CLMUL_TRI	13.96544
create-batch-K2-total[ms]	58	1024	0	64	CLMUL_TRI	0.91524
create-batch-K4[ns]	58	1024	0	64	GENERIC	14.79767
create-batch-K4-total[ms]	58	1024	0	64	GENERIC	0.96978
create-batch-K4[ns]	58	1024	0	64	CLMUL	5.16249
create-batch-K4-total[ms]	58	1024	0	64	CLMUL	0.33833
create-batch-K4[ns]	58	1024	0	64	CLMUL_TRI	13.15546
create-batch-K4-total[ms]	58	1024	0	64	CLMUL_TRI	0.86216
create-batch-K8[ns]	58	1024	0	64	GENERIC	15.91028
create-batch-K8-total[ms]	58	1024	0	64	GENERIC	1.04270
create-batch-K8[ns]	58	1024	0	64	CLMUL	4.68184
create-batch-K8-total[ms]	58	1024	0	64	CLMUL	0.30683
create-batch-K8[ns]	58	1024	0	64	CLMUL_TRI	5.92796
create-batch-K8-total[ms]	58	1024	0	64	CLMUL_TRI	0.38849
create-batch-K1[ns]	58	1024	0	128	GENERIC	12.43449
create-batch-K1-total[ms]	58	1024	0	128	GENERIC	1.62981
create-batch-K1[ns]	58	1024	0	128	CLMUL	15.02464
create-batch-K1-total[ms]	58	1024	0	128	CLMUL	1.96931
create-batch-K1[ns]	58	1024	0	128	CLMUL_TRI	20.43191
create-batch-K1-total[ms]	58	1024	0	128	CLMUL_TRI	2.67805
create-batch-K2[ns]	58	1024	0	128	GENERIC	12.99747
create-batch-K2-total[ms]	58	1024	0	128	GENERIC	1.70360
create-batch-K2[ns]	58	1024	0	128	CLMUL	8.05527
create-batch-K2-total[ms]	58	1024	0	128	CLMUL	1.05582
create-batch-K2[ns]	58	1024	0	128	CLMUL_TRI	13.92761
create-batch-K2-total[ms]	58	1024	0	128	CLMUL_TRI	1.82552
create-batch-K4[ns]	58	1024	0	128	GENERIC	14.79766
create-batch-K4-total[ms]	58	1024	0	128	GENERIC	1.93956
create-batch-K4[ns]	58	1024	0	128	CLMUL	5.16249
create-batch-K4-total[ms]	58	1024	0	128	CLMUL	0.67666
create-batch-K4[ns]	58	1024	0	128	CLMUL_TRI	13.17993
create-batch-K4-total[ms]	58	1024	0	128	CLMUL_TRI	1.72752
create-batch-K8[ns]	58	1024	0	128	GENERIC	15.90805
create-batch-K8-total[ms]	58	1024	0	128	GENERIC	2.08510
create-batch-K8[ns]	58	1024	0	128	CLMUL	4.67740
create-batch-K8-total[ms]	58	1024	0	128	CLMUL	0.61308
create-batch-K8[ns]	58	1024	0	128	CLMUL_TRI	5.91907
create-batch-K8-total[ms]	58	1024	0	128	CLMUL_TRI	0.77582
create-batch-K1[ns]	58	1024	0	512	GENERIC	12.44784
create-batch-K1-total[ms]	58	1024	0	512	GENERIC	6.52625
create-batch-K1[ns]	58	1024	0	512	CLMUL	15.03743
create-batch-K1-total[ms]	58	1024	0	512	CLMUL	7.88394
create-batch-K1[ns]	58	1024	0	512	CLMUL_TRI	20.42968
create-batch-K1-total[ms]	58	1024	0	512	CLMUL_TRI	10.71104
create-batch-K2[ns]	58	1024	0	512	GENERIC	12.99803
create-batch-K2-total[ms]	58	1024	0	512	GENERIC	6.81471
create-batch-K2[ns]	58	1024	0	512	CLMUL	8.06250
create-batch-K2-total[ms]	58	1024	0	512	CLMUL	4.22707
create-batch-K2[ns]	58	1024	0	512	CLMUL_TRI	13.95264
create-batch-K2-total[ms]	58	1024	0	512	CLMUL_TRI	7.31520
create-batch-K4[ns]	58	1024	0	512	GENERIC	14.81324
create-batch-K4-total[ms]	58	1024	0	512	GENERIC	7.76641
create-batch-K4[ns]	58	1024	0	512	CLMUL	5.16194
create-batch-K4-total[ms]	58	1024	0	512	CLMUL	2.70634
create-batch-K4[ns]	58	1024	0	512	CLMUL_TRI	13.18828
create-batch-K4-total[ms]	58	1024	0	512	CLMUL_TRI	6.91446
create-batch-K8[ns]	58	1024	0	512	GENERIC	15.92307
create-batch-K8-total[ms]	58	1024	0	512	GENERIC	8.34827
create-batch-K8[ns]	58	1024	0	512	CLMUL	4.67962
create-batch-K8-total[ms]	58	1024	0	512	CLMUL	2.45347
create-batch-K8[ns]	58	1024	0	512	CLMUL_TRI	5.94243
create-batch-K8-total[ms]	58	1024	0	512	CLMUL_TRI	3.11555
create-batch-K1[ns]	58	1024	0	1024	GENERIC	12.44812
create-batch-K1-total[ms]	58	1024	0	1024	GENERIC	13.05280
create-batch-K1[ns]	58	1024	0	1024	CLMUL	15.04021
create-batch-K1-total[ms]	58	1024	0	1024	CLMUL	15.77081
create-batch-K1[ns]	58	1024	0	1024	CLMUL_TRI	20.44887
create-batch-K1-total[ms]	58	1024	0	1024	CLMUL_TRI	21.44220
create-batch-K2[ns]	58	1024	0	1024	GENERIC	13.00693
create-batch-K2-total[ms]	58	1024	0	1024	GENERIC	13.63875
create-batch-K2[ns]	58	1024	0	1024	CLMUL	8.06445
create-batch-K2-total[ms]	58	1024	0	1024	CLMUL	8.45619
create-batch-K2[ns]	58	1024	0	1024	CLMUL_TRI	14.00521
create-batch-K2-total[ms]	58	1024	0	1024	CLMUL_TRI	14.68553
create-batch-K4[ns]	58	1024	0	1024	GENERIC	14.81714
create-batch-K4-total[ms]	58	1024	0	1024	GENERIC	15.53689
create-batch-K4[ns]	58	1024	0	1024	CLMUL	5.16722
create-batch-K4-total[ms]	58	1024	0	1024	CLMUL	5.41822
create-batch-K4[ns]	58	1024	0	1024	CLMUL_TRI	13.18995
create-batch-K4-total[ms]	58	1024	0	1024	CLMUL_TRI	13.83067
create-batch-K8[ns]	58	1024	0	1024	GENERIC	15.92585
create-batch-K8-total[ms]	58	1024	0	1024	GENERIC	16.69946
create-batch-K8[ns]	58	1024	0	1024	CLMUL	4.68407
create-batch-K8-total[ms]	58	1024	0	1024	CLMUL	4.91161
create-batch-K8[ns]	58	1024	0	1024	CLMUL_TRI	5.93019
create-batch-K8-total[ms]	58	1024	0	1024	CLMUL_TRI	6.21826
create-batch-K1[ns]	58	1024	0	2048	GENERIC	12.45118
create-batch-K1-total[ms]	58	1024	0	2048	GENERIC	26.11201
create-batch-K1[ns]	58	1024	0	2048	CLMUL	15.03827
create-batch-K1-total[ms]	58	1024	0	2048	CLMUL	31.53753
create-batch-K1[ns]	58	1024	0	2048	CLMUL_TRI	20.43997
create-batch-K1-total[ms]	58	1024	0	2048	CLMUL_TRI	42.86573
create-batch-K2[ns]	58	1024	0	2048	GENERIC	13.00804
create-batch-K2-total[ms]	58	1024	0	2048	GENERIC	27.27983
create-batch-K2[ns]	58	1024	0	2048	CLMUL	8.06348
create-batch-K2-total[ms]	58	1024	0	2048	CLMUL	16.91034
create-batch-K2[ns]	58	1024	0	2048	CLMUL_TRI	13.98352
create-batch-K2-total[ms]	58	1024	0	2048	CLMUL_TRI	29.32556
create-batch-K4[ns]	58	1024	0	2048	GENERIC	14.81436
create-batch-K4-total[ms]	58	1024	0	2048	GENERIC	31.06796
create-batch-K4[ns]	58	1024	0	2048	CLMUL	5.16722
create-batch-K4-total[ms]	58	1024	0	2048	CLMUL	10.83645
create-batch-K4[ns]	58	1024	0	2048	CLMUL_TRI	13.19092
create-batch-K4-total[ms]	58	1024	0	2048	CLMUL_TRI	27.66337
create-batch-K8[ns]	58	1024	0	2048	GENERIC	15.93294
create-batch-K8-total[ms]	58	1024	0	2048	GENERIC	33.41380
create-batch-K8[ns]	58	1024	0	2048	CLMUL	4.68296
create-batch-K8-total[ms]	58	1024	0	2048	CLMUL	9.82088
create-batch-K8[ns]	58	1024	0	2048	CLMUL_TRI	5.93854
create-batch-K8-total[ms]	58	1024	0	2048	CLMUL_TRI	12.45402
create-batch-K1[ns]	58	1024	0	4096	GENERIC	12.45473
create-batch-K1-total[ms]	58	1024	0	4096	GENERIC	52.23891
create-batch-K1[ns]	58	1024	0	4096	CLMUL	15.03973
create-batch-K1-total[ms]	58	1024	0	4096	CLMUL	63.08119
create-batch-K1[ns]	58	1024	0	4096	CLMUL_TRI	20.44734
create-batch-K1-total[ms]	58	1024	0	4096	CLMUL_TRI	85.76237
create-batch-K2[ns]	58	1024	0	4096	GENERIC	13.00345
create-batch-K2-total[ms]	58	1024	0	4096	GENERIC	54.54042
create-batch-K2[ns]	58	1024	0	4096	CLMUL	8.06570
create-batch-K2-total[ms]	58	1024	0	4096	CLMUL	33.83000
create-batch-K2[ns]	58	1024	0	4096	CLMUL_TRI	14.02121
create-batch-K2-total[ms]	58	1024	0	4096	CLMUL_TRI	58.80920
create-batch-K4[ns]	58	1024	0	4096	GENERIC	14.82096
create-batch-K4-total[ms]	58	1024	0	4096	GENERIC	62.16362
create-batch-K4[ns]	58	1024	0	4096	CLMUL	5.16847
create-batch-K4-total[ms]	58	1024	0	4096	CLMUL	21.67815
create-batch-K4[ns]	58	1024	0	4096	CLMUL_TRI	13.19252
create-batch-K4-total[ms]	58	1024	0	4096	CLMUL_TRI	55.33345
create-batch-K8[ns]	58	1024	0	4096	GENERIC	15.92606
create-batch-K8-total[ms]	58	1024	0	4096	GENERIC	66.79873
create-batch-K8[ns]	58	1024	0	4096	CLMUL	4.68366
create-batch-K8-total[ms]	58	1024	0	4096	CLMUL	19.64468
create-batch-K8[ns]	58	1024	0	4096	CLMUL_TRI	5.92991
create-batch-K8-total[ms]	58	1024	0	4096	CLMUL_TRI	24.87186
create-batch-K1[ns]	58	1024	0	8192	GENERIC	12.45389
create-batch-K1-total[ms]	58	1024	0	8192	GENERIC	104.47081
create-batch-K1[ns]	58	1024	0	8192	CLMUL	15.04240
create-batch-K1-total[ms]	58	1024	0	8192	CLMUL	126.18484
create-batch-K1[ns]	58	1024	0	8192	CLMUL_TRI	20.45075
create-batch-K1-total[ms]	58	1024	0	8192	CLMUL_TRI	171.55333
create-batch-K2[ns]	58	1024	0	8192	GENERIC	13.01513
create-batch-K2-total[ms]	58	1024	0	8192	GENERIC	109.17884
create-batch-K2[ns]	58	1024	0	8192	CLMUL	8.06567
create-batch-K2-total[ms]	58	1024	0	8192	CLMUL	67.65972
create-batch-K2[ns]	58	1024	0	8192	CLMUL_TRI	14.02653
create-batch-K2-total[ms]	58	1024	0	8192	CLMUL_TRI	117.66303
create-batch-K4[ns]	58	1024	0	8192	GENERIC	14.81776
create-batch-K4-total[ms]	58	1024	0	8192	GENERIC	124.30040
create-batch-K4[ns]	58	1024	0	8192	CLMUL	5.16816
create-batch-K4-total[ms]	58	1024	0	8192	CLMUL	43.35368
create-batch-K4[ns]	58	1024	0	8192	CLMUL_TRI	13.19364
create-batch-K4-total[ms]	58	1024	0	8192	CLMUL_TRI	110.67623
create-batch-K8[ns]	58	1024	0	8192	GENERIC	15.94497
create-batch-K8-total[ms]	58	1024	0	8192	GENERIC	133.75612
create-batch-K8[ns]	58	1024	0	8192	CLMUL	4.68571
create-batch-K8-total[ms]	58	1024	0	8192	CLMUL	39.30656
create-batch-K8[ns]	58	1024	0	8192	CLMUL_TRI	5.95015
create-batch-K8-total[ms]	58	1024	0	8192	CLMUL_TRI	49.91347
create-batch-K1[ns]	58	2048	0	16	GENERIC	12.37216
create-batch-K1-total[ms]	58	2048	0	16	GENERIC	0.40541
create-batch-K1[ns]	58	2048	0	16	CLMUL	15.02463
create-batch-K1-total[ms]	58	2048	0	16	CLMUL	0.49233
create-batch-K1[ns]	58	2048	0	16	CLMUL_TRI	20.40964
create-batch-K1-total[ms]	58	2048	0	16	CLMUL_TRI	0.66878
create-batch-K2[ns]	58	2048	0	16	GENERIC	12.93295
create-batch-K2-total[ms]	58	2048	0	16	GENERIC	0.42379
create-batch-K2[ns]	58	2048	0	16	CLMUL	8.04636
create-batch-K2-total[ms]	58	2048	0	16	CLMUL	0.26366
create-batch-K2[ns]	58	2048	0	16	CLMUL_TRI	14.00992
create-batch-K2-total[ms]	58	2048	0	16	CLMUL_TRI	0.45908
create-batch-K4[ns]	58	2048	0	16	GENERIC	14.72202
create-batch-K4-total[ms]	58	2048	0	16	GENERIC	0.48241
create-batch-K4[ns]	58	2048	0	16	CLMUL	5.17139
create-batch-K4-total[ms]	58	2048	0	16	CLMUL	0.16946
create-batch-K4[ns]	58	2048	0	16	CLMUL_TRI	13.08426
create-batch-K4-total[ms]	58	2048	0	16	CLMUL_TRI	0.42875
create-batch-K8[ns]	58	2048	0	16	GENERIC	15.81680
create-batch-K8-total[ms]	58	2048	0	16	GENERIC	0.51828
create-batch-K8[ns]	58	2048	0	16	CLMUL	4.68182
create-batch-K8-total[ms]	58	2048	0	16	CLMUL	0.15341
create-batch-K8[ns]	58	2048	0	16	CLMUL_TRI	5.91907
create-batch-K8-total[ms]	58	2048	0	16	CLMUL_TRI	0.19396
create-batch-K1[ns]	58	2048	0	64	GENERIC	12.34103
create-batch-K1-total[ms]	58	2048	0	64	GENERIC	1.61756
create-batch-K1[ns]	58	2048	0	64	CLMUL	15.01128
create-batch-K1-total[ms]	58	2048	0	64	CLMUL	1.96756
create-batch-K1[ns]	58	2048	0	64	CLMUL_TRI	20.41187
create-batch-K1-total[ms]	58	2048	0	64	CLMUL_TRI	2.67542
create-batch-K2[ns]	58	2048	0	64	GENERIC	12.91069
create-batch-K2-total[ms]	58	2048	0	64	GENERIC	1.69223
create-batch-K2[ns]	58	2048	0	64	CLMUL	8.04414
create-batch-K2-total[ms]	58	2048	0	64	CLMUL	1.05436
create-batch-K2[ns]	58	2048	0	64	CLMUL_TRI	13.96099
create-batch-K2-total[ms]	58	2048	0	64	CLMUL_TRI	1.82990
create-batch-K4[ns]	58	2048	0	64	GENERIC	14.72201
create-batch-K4-total[ms]	58	2048	0	64	GENERIC	1.92964
create-batch-K4[ns]	58	2048	0	64	CLMUL	5.16694
create-batch-K4-total[ms]	58	2048	0	64	CLMUL	0.67724
create-batch-K4[ns]	58	2048	0	64	CLMUL_TRI	13.17326
create-batch-K4-total[ms]	58	2048	0	64	CLMUL_TRI	1.72665
create-batch-K8[ns]	58	2048	0	64	GENERIC	15.82794
create-batch-K8-total[ms]	58	2048	0	64	GENERIC	2.07460
create-batch-K8[ns]	58	2048	0	64	CLMUL	4.68185
create-batch-K8-total[ms]	58	2048	0	64	CLMUL	0.61366
create-batch-K8[ns]	58	2048	0	64	CLMUL_TRI	5.91462
create-batch-K8-total[ms]	58	2048	0	64	CLMUL_TRI	0.77524
create-batch-K1[ns]	58	2048	0	128	GENERIC	12.37329
create-batch-K1-total[ms]	58	2048	0	128	GENERIC	3.24358
create-batch-K1[ns]	58	2048	0	128	CLMUL	15.02909
create-batch-K1-total[ms]	58	2048	0	128	CLMUL	3.93979
create-batch-K1[ns]	58	2048	0	128	CLMUL_TRI	20.42412
create-batch-K1-total[ms]	58	2048	0	128	CLMUL_TRI	5.35406
create-batch-K2[ns]	58	2048	0	128	GENERIC	12.93071
create-batch-K2-total[ms]	58	2048	0	128	GENERIC	3.38971
create-batch-K2[ns]	58	2048	0	128	CLMUL	8.05304
create-batch-K2-total[ms]	58	2048	0	128	CLMUL	2.11106
create-batch-K2[ns]	58	2048	0	128	CLMUL_TRI	13.96099
create-batch-K2-total[ms]	58	2048	0	128	CLMUL_TRI	3.65979
create-batch-K4[ns]	58	2048	0	128	GENERIC	14.73981
create-batch-K4-total[ms]	58	2048	0	128	GENERIC	3.86395
create-batch-K4[ns]	58	2048	0	128	CLMUL	5.16472
create-batch-K4-total[ms]	58	2048	0	128	CLMUL	1.35390
create-batch-K4[ns]	58	2048	0	128	CLMUL_TRI	13.17215
create-batch-K4-total[ms]	58	2048	0	128	CLMUL_TRI	3.45300
create-batch-K8[ns]	58	2048	0	128	GENERIC	15.83684
create-batch-K8-total[ms]	58	2048	0	128	GENERIC	4.15153
create-batch-K8[ns]	58	2048	0	128	CLMUL	4.68296
create-batch-K8-total[ms]	58	2048	0	128	CLMUL	1.22761
create-batch-K8[ns]	58	2048	0	128	CLMUL_TRI	5.91907
create-batch-K8-total[ms]	58	2048	0	128	CLMUL_TRI	1.55165
create-batch-K1[ns]	58	2048	0	512	GENERIC	12.34465
create-batch-K1-total[ms]	58	2048	0	512	GENERIC	12.94430
create-batch-K1[ns]	58	2048	0	512	CLMUL	15.02992
create-batch-K1-total[ms]	58	2048	0	512	CLMUL	15.76002
create-batch-K1[ns]	58	2048	0	512	CLMUL_TRI	20.42829
create-batch-K1-total[ms]	58	2048	0	512	CLMUL_TRI	21.42061
create-batch-K2[ns]	58	2048	0	512	GENERIC	12.92515
create-batch-K2-total[ms]	58	2048	0	512	GENERIC	13.55300
create-batch-K2[ns]	58	2048	0	512	CLMUL	8.05249
create-batch-K2-total[ms]	58	2048	0	512	CLMUL	8.44365
create-batch-K2[ns]	58	2048	0	512	CLMUL_TRI	14.03219
create-batch-K2-total[ms]	58	2048	0	512	CLMUL_TRI	14.71382
create-batch-K4[ns]	58	2048	0	512	GENERIC	14.73564
create-batch-K4-total[ms]	58	2048	0	512	GENERIC	15.45144
create-batch-K4[ns]	58	2048	0	512	CLMUL	5.16166
create-batch-K4-total[ms]	58	2048	0	512	CLMUL	5.41239
create-batch-K4[ns]	58	2048	0	512	CLMUL_TRI	13.18161
create-batch-K4-total[ms]	58	2048	0	512	CLMUL_TRI	13.82192
create-batch-K8[ns]	58	2048	0	512	GENERIC	15.84352
create-batch-K8-total[ms]	58	2048	0	512	GENERIC	16.61313
create-batch-K8[ns]	58	2048	0	512	CLMUL	4.68046
create-batch-K8-total[ms]	58	2048	0	512	CLMUL	4.90782
create-batch-K8[ns]	58	2048	0	512	CLMUL_TRI	5.93464
create-batch-K8-total[ms]	58	2048	0	512	CLMUL_TRI	6.22292
create-batch-K1[ns]	58	2048	0	1024	GENERIC	12.36759
create-batch-K1-total[ms]	58	2048	0	1024	GENERIC	25.93673
create-batch-K1[ns]	58	2048	0	1024	CLMUL	15.03799
create-batch-K1-total[ms]	58	2048	0	1024	CLMUL	31.53695
create-batch-K1[ns]	58	2048	0	1024	CLMUL_TRI	20.43121
create-batch-K1-total[ms]	58	2048	0	1024	CLMUL_TRI	42.84735
create-batch-K2[ns]	58	2048	0	1024	GENERIC	12.92404
create-batch-K2-total[ms]	58	2048	0	1024	GENERIC	27.10367
create-batch-K2[ns]	58	2048	0	1024	CLMUL	8.05458
create-batch-K2-total[ms]	58	2048	0	1024	CLMUL	16.89167
create-batch-K2[ns]	58	2048	0	1024	CLMUL_TRI	13.99423
create-batch-K2-total[ms]	58	2048	0	1024	CLMUL_TRI	29.34802
create-batch-K4[ns]	58	2048	0	1024	GENERIC	14.73675
create-batch-K4-total[ms]	58	2048	0	1024	GENERIC	30.90521
create-batch-K4[ns]	58	2048	0	1024	CLMUL	5.16375
create-batch-K4-total[ms]	58	2048	0	1024	CLMUL	10.82916
create-batch-K4[ns]	58	2048	0	1024	CLMUL_TRI	13.18633
create-batch-K4-total[ms]	58	2048	0	1024	CLMUL_TRI	27.65375
create-batch-K8[ns]	58	2048	0	1024	GENERIC	15.84352
create-batch-K8-total[ms]	58	2048	0	1024	GENERIC	33.22626
create-batch-K8[ns]	58	2048	0	1024	CLMUL	4.68157
create-batch-K8-total[ms]	58	2048	0	1024	CLMUL	9.81796
create-batch-K8[ns]	58	2048	0	1024	CLMUL_TRI	5.92811
create-batch-K8-total[ms]	58	2048	0	1024	CLMUL_TRI	12.43214
create-batch-K1[ns]	58	2048	0	2048	GENERIC	12.37364
create-batch-K1-total[ms]	58	2048	0	2048	GENERIC	51.89883
create-batch-K1[ns]	58	2048	0	2048	CLMUL	15.03319
create-batch-K1-total[ms]	58	2048	0	2048	CLMUL	63.05377
create-batch-K1[ns]	58	2048	0	2048	CLMUL_TRI	20.43413
create-batch-K1-total[ms]	58	2048	0	2048	CLMUL_TRI	85.70696
create-batch-K2[ns]	58	2048	0	2048	GENERIC	12.94928
create-batch-K2-total[ms]	58	2048	0	2048	GENERIC	54.31321
create-batch-K2[ns]	58	2048	0	2048	CLMUL	8.05478
create-batch-K2-total[ms]	58	2048	0	2048	CLMUL	33.78421
create-batch-K2[ns]	58	2048	0	2048	CLMUL_TRI	13.98345
create-batch-K2-total[ms]	58	2048	0	2048	CLMUL_TRI	58.65083
create-batch-K4[ns]	58	2048	0	2048	GENERIC	14.74551
create-batch-K4-total[ms]	58	2048	0	2048	GENERIC	61.84716
create-batch-K4[ns]	58	2048	0	2048	CLMUL	5.17160
create-batch-K4-total[ms]	58	2048	0	2048	CLMUL	21.69128
create-batch-K4[ns]	58	2048	0	2048	CLMUL_TRI	13.18759
create-batch-K4-total[ms]	58	2048	0	2048	CLMUL_TRI	55.31274
create-batch-K8[ns]	58	2048	0	2048	GENERIC	15.84080
create-batch-K8-total[ms]	58	2048	0	2048	GENERIC	66.44115
create-batch-K8[ns]	58	2048	0	2048	CLMUL	4.68713
create-batch-K8-total[ms]	58	2048	0	2048	CLMUL	19.65926
create-batch-K8[ns]	58	2048	0	2048	CLMUL_TRI	5.91990
create-batch-K8-total[ms]	58	2048	0	2048	CLMUL_TRI	24.82986
create-batch-K1[ns]	58	2048	0	4096	GENERIC	12.37910
create-batch-K1-total[ms]	58	2048	0	4096	GENERIC	103.84344
create-batch-K1[ns]	58	2048	0	4096	CLMUL	15.02978
create-batch-K1-total[ms]	58	2048	0	4096	CLMUL	126.07896
create-batch-K1[ns]	58	2048	0	4096	CLMUL_TRI	20.43434
create-batch-K1-total[ms]	58	2048	0	4096	CLMUL_TRI	171.41566
create-batch-K2[ns]	58	2048	0	4096	GENERIC	12.96204
create-batch-K2-total[ms]	58	2048	0	4096	GENERIC	108.73347
create-batch-K2[ns]	58	2048	0	4096	CLMUL	8.05555
create-batch-K2-total[ms]	58	2048	0	4096	CLMUL	67.57484
create-batch-K2[ns]	58	2048	0	4096	CLMUL_TRI	13.96836
create-batch-K2-total[ms]	58	2048	0	4096	CLMUL_TRI	117.17507
create-batch-K4[ns]	58	2048	0	4096	GENERIC	14.74440
create-batch-K4-total[ms]	58	2048	0	4096	GENERIC	123.68499
create-batch-K4[ns]	58	2048	0	4096	CLMUL	5.16333
create-batch-K4-total[ms]	58	2048	0	4096	CLMUL	43.31314
create-batch-K4[ns]	58	2048	0	4096	CLMUL_TRI	13.18988
create-batch-K4-total[ms]	58	2048	0	4096	CLMUL_TRI	110.64474
create-batch-K8[ns]	58	2048	0	4096	GENERIC	15.84665
create-batch-K8-total[ms]	58	2048	0	4096	GENERIC	132.93130
create-batch-K8[ns]	58	2048	0	4096	CLMUL	4.69016
create-batch-K8-total[ms]	58	2048	0	4096	CLMUL	39.34390
create-batch-K8[ns]	58	2048	0	4096	CLMUL_TRI	5.92202
create-batch-K8-total[ms]	58	2048	0	4096	CLMUL_TRI	49.67752
create-batch-K1[ns]	58	2048	0	8192	GENERIC	12.37888
create-batch-K1-total[ms]	58	2048	0	8192	GENERIC	207.68310
create-batch-K1[ns]	58	2048	0	8192	CLMUL	15.04046
create-batch-K1-total[ms]	58	2048	0	8192	CLMUL	252.33701
create-batch-K1[ns]	58	2048	0	8192	CLMUL_TRI	20.43373
create-batch-K1-total[ms]	58	2048	0	8192	CLMUL_TRI	342.82112
create-batch-K2[ns]	58	2048	0	8192	GENERIC	12.93972
create-batch-K2-total[ms]	58	2048	0	8192	GENERIC	217.09244
create-batch-K2[ns]	58	2048	0	8192	CLMUL	8.05798
create-batch-K2-total[ms]	58	2048	0	8192	CLMUL	135.19052
create-batch-K2[ns]	58	2048	0	8192	CLMUL_TRI	13.97740
create-batch-K2-total[ms]	58	2048	0	8192	CLMUL_TRI	234.50181
create-batch-K4[ns]	58	2048	0	8192	GENERIC	14.73527
create-batch-K4-total[ms]	58	2048	0	8192	GENERIC	247.21686
create-batch-K4[ns]	58	2048	0	8192	CLMUL	5.16404
create-batch-K4-total[ms]	58	2048	0	8192	CLMUL	86.63824
create-batch-K4[ns]	58	2048	0	8192	CLMUL_TRI	13.18927
create-batch-K4-total[ms]	58	2048	0	8192	CLMUL_TRI	221.27926
create-batch-K8[ns]	58	2048	0	8192	GENERIC	15.84466
create-batch-K8-total[ms]	58	2048	0	8192	GENERIC	265.82934
create-batch-K8[ns]	58	2048	0	8192	CLMUL	4.67945
create-batch-K8-total[ms]	58	2048	0	8192	CLMUL	78.50813
create-batch-K8[ns]	58	2048	0	8192	CLMUL_TRI	5.92115
create-batch-K8-total[ms]	58	2048	0	8192	CLMUL_TRI	99.34046
create-batch-K1[ns]	58	3072	0	16	GENERIC	12.34251
create-batch-K1-total[ms]	58	3072	0	16	GENERIC	0.60666
create-batch-K1[ns]	58	3072	0	16	CLMUL	15.01870
create-batch-K1-total[ms]	58	3072	0	16	CLMUL	0.73820
create-batch-K1[ns]	58	3072	0	16	CLMUL_TRI	20.37107
create-batch-K1-total[ms]	58	3072	0	16	CLMUL_TRI	1.00128
create-batch-K2[ns]	58	3072	0	16	GENERIC	12.86469
create-batch-K2-total[ms]	58	3072	0	16	GENERIC	0.63233
create-batch-K2[ns]	58	3072	0	16	CLMUL	8.05229
create-batch-K2-total[ms]	58	3072	0	16	CLMUL	0.39579
create-batch-K2[ns]	58	3072	0	16	CLMUL_TRI	14.05741
create-batch-K2-total[ms]	58	3072	0	16	CLMUL_TRI	0.69095
create-batch-K4[ns]	58	3072	0	16	GENERIC	14.67454
create-batch-K4-total[ms]	58	3072	0	16	GENERIC	0.72128
create-batch-K4[ns]	58	3072	0	16	CLMUL	5.16248
create-batch-K4-total[ms]	58	3072	0	16	CLMUL	0.25375
create-batch-K4[ns]	58	3072	0	16	CLMUL_TRI	13.15546
create-batch-K4-total[ms]	58	3072	0	16	CLMUL_TRI	0.64662
create-batch-K8[ns]	58	3072	0	16	GENERIC	15.79010
create-batch-K8-total[ms]	58	3072	0	16	GENERIC	0.77611
create-batch-K8[ns]	58	3072	0	16	CLMUL	4.68184
create-batch-K8-total[ms]	58	3072	0	16	CLMUL	0.23012
create-batch-K8[ns]	58	3072	0	16	CLMUL_TRI	5.92204
create-batch-K8-total[ms]	58	3072	0	16	CLMUL_TRI	0.29108
create-batch-K1[ns]	58	3072	0	64	GENERIC	12.34252
create-batch-K1-total[ms]	58	3072	0	64	GENERIC	2.42664
create-batch-K1[ns]	58	3072	0	64	CLMUL	15.02612
create-batch-K1-total[ms]	58	3072	0	64	CLMUL	2.95426
create-batch-K1[ns]	58	3072	0	64	CLMUL_TRI	20.38889
create-batch-K1-total[ms]	58	3072	0	64	CLMUL_TRI	4.00862
create-batch-K2[ns]	58	3072	0	64	GENERIC	12.87508
create-batch-K2-total[ms]	58	3072	0	64	GENERIC	2.53134
create-batch-K2[ns]	58	3072	0	64	CLMUL	8.04637
create-batch-K2-total[ms]	58	3072	0	64	CLMUL	1.58198
create-batch-K2[ns]	58	3072	0	64	CLMUL_TRI	14.06038
create-batch-K2-total[ms]	58	3072	0	64	CLMUL_TRI	2.76438
create-batch-K4[ns]	58	3072	0	64	GENERIC	14.67306
create-batch-K4-total[ms]	58	3072	0	64	GENERIC	2.88484
create-batch-K4[ns]	58	3072	0	64	CLMUL	5.16249
create-batch-K4-total[ms]	58	3072	0	64	CLMUL	1.01499
create-batch-K4[ns]	58	3072	0	64	CLMUL_TRI	13.16584
create-batch-K4-total[ms]	58	3072	0	64	CLMUL_TRI	2.58851
create-batch-K8[ns]	58	3072	0	64	GENERIC	15.81088
create-batch-K8-total[ms]	58	3072	0	64	GENERIC	3.10854
create-batch-K8[ns]	58	3072	0	64	CLMUL	4.67739
create-batch-K8-total[ms]	58	3072	0	64	CLMUL	0.91961
create-batch-K8[ns]	58	3072	0	64	CLMUL_TRI	5.91758
create-batch-K8-total[ms]	58	3072	0	64	CLMUL_TRI	1.16344
create-batch-K1[ns]	58	3072	0	128	GENERIC	12.35883
create-batch-K1-total[ms]	58	3072	0	128	GENERIC	4.85969
create-batch-K1[ns]	58	3072	0	128	CLMUL	15.02835
create-batch-K1-total[ms]	58	3072	0	128	CLMUL	5.90939
create-batch-K1[ns]	58	3072	0	128	CLMUL_TRI	20.38518
create-batch-K1-total[ms]	58	3072	0	128	CLMUL_TRI	8.01578
create-batch-K2[ns]	58	3072	0	128	GENERIC	12.89585
create-batch-K2-total[ms]	58	3072	0	128	GENERIC	5.07085
create-batch-K2[ns]	58	3072	0	128	CLMUL	8.04637
create-batch-K2-total[ms]	58	3072	0	128	CLMUL	3.16396
create-batch-K2[ns]	58	3072	0	128	CLMUL_TRI	14.11453
create-batch-K2-total[ms]	58	3072	0	128	CLMUL_TRI	5.55006
create-batch-K4[ns]	58	3072	0	128	GENERIC	14.68937
create-batch-K4-total[ms]	58	3072	0	128	GENERIC	5.77610
create-batch-K4[ns]	58	3072	0	128	CLMUL	5.16101
create-batch-K4-total[ms]	58	3072	0	128	CLMUL	2.02939
create-batch-K4[ns]	58	3072	0	128	CLMUL_TRI	13.18439
create-batch-K4-total[ms]	58	3072	0	128	CLMUL_TRI	5.18431
create-batch-K8[ns]	58	3072	0	128	GENERIC	15.80272
create-batch-K8-total[ms]	58	3072	0	128	GENERIC	6.21388
create-batch-K8[ns]	58	3072	0	128	CLMUL	4.67888
create-batch-K8-total[ms]	58	3072	0	128	CLMUL	1.83981
create-batch-K8[ns]	58	3072	0	128	CLMUL_TRI	5.92129
create-batch-K8-total[ms]	58	3072	0	128	CLMUL_TRI	2.32835
create-batch-K1[ns]	58	3072	0	512	GENERIC	12.35030
create-batch-K1-total[ms]	58	3072	0	512	GENERIC	19.42535
create-batch-K1[ns]	58	3072	0	512	CLMUL	15.03410
create-batch-K1-total[ms]	58	3072	0	512	CLMUL	23.64659
create-batch-K1[ns]	58	3072	0	512	CLMUL_TRI	20.39519
create-batch-K1-total[ms]	58	3072	0	512	CLMUL_TRI	32.07886
create-batch-K2[ns]	58	3072	0	512	GENERIC	12.90475
create-batch-K2-total[ms]	58	3072	0	512	GENERIC	20.29742
create-batch-K2[ns]	58	3072	0	512	CLMUL	8.05546
create-batch-K2-total[ms]	58	3072	0	512	CLMUL	12.67014
create-batch-K2[ns]	58	3072	0	512	CLMUL_TRI	14.11341
create-batch-K2-total[ms]	58	3072	0	512	CLMUL_TRI	22.19848
create-batch-K4[ns]	58	3072	0	512	GENERIC	14.69753
create-batch-K4-total[ms]	58	3072	0	512	GENERIC	23.11722
create-batch-K4[ns]	58	3072	0	512	CLMUL	5.16954
create-batch-K4-total[ms]	58	3072	0	512	CLMUL	8.13098
create-batch-K4[ns]	58	3072	0	512	CLMUL_TRI	13.17938
create-batch-K4-total[ms]	58	3072	0	512	CLMUL_TRI	20.72937
create-batch-K8[ns]	58	3072	0	512	GENERIC	15.80365
create-batch-K8-total[ms]	58	3072	0	512	GENERIC	24.85699
create-batch-K8[ns]	58	3072	0	512	CLMUL	4.68092
create-batch-K8-total[ms]	58	3072	0	512	CLMUL	7.36245
create-batch-K8[ns]	58	3072	0	512	CLMUL_TRI	5.92648
create-batch-K8-total[ms]	58	3072	0	512	CLMUL_TRI	9.32155
create-batch-K1[ns]	58	3072	0	1024	GENERIC	12.35689
create-batch-K1-total[ms]	58	3072	0	1024	GENERIC	38.87140
create-batch-K1[ns]	58	3072	0	1024	CLMUL	15.03493
create-batch-K1-total[ms]	58	3072	0	1024	CLMUL	47.29580
create-batch-K1[ns]	58	3072	0	1024	CLMUL_TRI	20.39371
create-batch-K1-total[ms]	58	3072	0	1024	CLMUL_TRI	64.15305
create-batch-K2[ns]	58	3072	0	1024	GENERIC	12.90225
create-batch-K2-total[ms]	58	3072	0	1024	GENERIC	40.58696
create-batch-K2[ns]	58	3072	0	1024	CLMUL	8.05638
create-batch-K2-total[ms]	58	3072	0	1024	CLMUL	25.34319
create-batch-K2[ns]	58	3072	0	1024	CLMUL_TRI	14.12083
create-batch-K2-total[ms]	58	3072	0	1024	CLMUL_TRI	44.42029
create-batch-K4[ns]	58	3072	0	1024	GENERIC	14.69614
create-batch-K4-total[ms]	58	3072	0	1024	GENERIC	46.23006
create-batch-K4[ns]	58	3072	0	1024	CLMUL	5.16639
create-batch-K4-total[ms]	58	3072	0	1024	CLMUL	16.25205
create-batch-K4[ns]	58	3072	0	1024	CLMUL_TRI	13.18179
create-batch-K4-total[ms]	58	3072	0	1024	CLMUL_TRI	41.46633
create-batch-K8[ns]	58	3072	0	1024	GENERIC	15.80439
create-batch-K8-total[ms]	58	3072	0	1024	GENERIC	49.71631
create-batch-K8[ns]	58	3072	0	1024	CLMUL	4.67999
create-batch-K8-total[ms]	58	3072	0	1024	CLMUL	14.72199
create-batch-K8[ns]	58	3072	0	1024	CLMUL_TRI	5.92509
create-batch-K8-total[ms]	58	3072	0	1024	CLMUL_TRI	18.63873
create-batch-K1[ns]	58	3072	0	2048	GENERIC	12.34423
create-batch-K1-total[ms]	58	3072	0	2048	GENERIC	77.66318
create-batch-K1[ns]	58	3072	0	2048	CLMUL	15.03117
create-batch-K1-total[ms]	58	3072	0	2048	CLMUL	94.56797
create-batch-K1[ns]	58	3072	0	2048	CLMUL_TRI	20.39185
create-batch-K1-total[ms]	58	3072	0	2048	CLMUL_TRI	128.29444
create-batch-K2[ns]	58	3072	0	2048	GENERIC	12.89460
create-batch-K2-total[ms]	58	3072	0	2048	GENERIC	81.12580
create-batch-K2[ns]	58	3072	0	2048	CLMUL	8.05787
create-batch-K2-total[ms]	58	3072	0	2048	CLMUL	50.69572
create-batch-K2[ns]	58	3072	0	2048	CLMUL_TRI	14.00243
create-batch-K2-total[ms]	58	3072	0	2048	CLMUL_TRI	88.09568
create-batch-K4[ns]	58	3072	0	2048	GENERIC	14.70254
create-batch-K4-total[ms]	58	3072	0	2048	GENERIC	92.50037
create-batch-K4[ns]	58	3072	0	2048	CLMUL	5.16555
create-batch-K4-total[ms]	58	3072	0	2048	CLMUL	32.49885
create-batch-K4[ns]	58	3072	0	2048	CLMUL_TRI	13.18578
create-batch-K4-total[ms]	58	3072	0	2048	CLMUL_TRI	82.95774
create-batch-K8[ns]	58	3072	0	2048	GENERIC	15.80527
create-batch-K8-total[ms]	58	3072	0	2048	GENERIC	99.43816
create-batch-K8[ns]	58	3072	0	2048	CLMUL	4.68180
create-batch-K8-total[ms]	58	3072	0	2048	CLMUL	29.45535
create-batch-K8[ns]	58	3072	0	2048	CLMUL_TRI	5.92570
create-batch-K8-total[ms]	58	3072	0	2048	CLMUL_TRI	37.28125
create-batch-K1[ns]	58	3072	0	4096	GENERIC	12.33551
create-batch-K1-total[ms]	58	3072	0	4096	GENERIC	155.21669
create-batch-K1[ns]	58	3072	0	4096	CLMUL	15.03581
create-batch-K1-total[ms]	58	3072	0	4096	CLMUL	189.19428
create-batch-K1[ns]	58	3072	0	4096	CLMUL_TRI	20.39558
create-batch-K1-total[ms]	58	3072	0	4096	CLMUL_TRI	256.63583
create-batch-K2[ns]	58	3072	0	4096	GENERIC	12.90510
create-batch-K2-total[ms]	58	3072	0	4096	GENERIC	162.38373
create-batch-K2[ns]	58	3072	0	4096	CLMUL	8.05481
create-batch-K2-total[ms]	58	3072	0	4096	CLMUL	101.35293
create-batch-K2[ns]	58	3072	0	4096	CLMUL_TRI	13.98113
create-batch-K2-total[ms]	58	3072	0	4096	CLMUL_TRI	175.92332
create-batch-K4[ns]	58	3072	0	4096	GENERIC	14.69939
create-batch-K4-total[ms]	58	3072	0	4096	GENERIC	184.96108
create-batch-K4[ns]	58	3072	0	4096	CLMUL	5.16681
create-batch-K4-total[ms]	58	3072	0	4096	CLMUL	65.01346
create-batch-K4[ns]	58	3072	0	4096	CLMUL_TRI	13.18891
create-batch-K4-total[ms]	58	3072	0	4096	CLMUL_TRI	165.95485
create-batch-K8[ns]	58	3072	0	4096	GENERIC	15.80819
create-batch-K8-total[ms]	58	3072	0	4096	GENERIC	198.91308
create-batch-K8[ns]	58	3072	0	4096	CLMUL	4.68199
create-batch-K8-total[ms]	58	3072	0	4096	CLMUL	58.91303
create-batch-K8[ns]	58	3072	0	4096	CLMUL_TRI	5.92885
create-batch-K8-total[ms]	58	3072	0	4096	CLMUL_TRI	74.60218
create-batch-K1[ns]	58	3072	0	8192	GENERIC	12.36281
create-batch-K1-total[ms]	58	3072	0	8192	GENERIC	311.12025
create-batch-K1[ns]	58	3072	0	8192	CLMUL	15.03505
create-batch-K1-total[ms]	58	3072	0	8192	CLMUL	378.36931
create-batch-K1[ns]	58	3072	0	8192	CLMUL_TRI	20.39638
create-batch-K1-total[ms]	58	3072	0	8192	CLMUL_TRI	513.29179
create-batch-K2[ns]	58	3072	0	8192	GENERIC	12.90526
create-batch-K2-total[ms]	58	3072	0	8192	GENERIC	324.77154
create-batch-K2[ns]	58	3072	0	8192	CLMUL	8.05660
create-batch-K2-total[ms]	58	3072	0	8192	CLMUL	202.75107
create-batch-K2[ns]	58	3072	0	8192	CLMUL_TRI	14.07673
create-batch-K2-total[ms]	58	3072	0	8192	CLMUL_TRI	354.25256
create-batch-K4[ns]	58	3072	0	8192	GENERIC	14.69627
create-batch-K4-total[ms]	58	3072	0	8192	GENERIC	369.84370
create-batch-K4[ns]	58	3072	0	8192	CLMUL	5.16337
create-batch-K4-total[ms]	58	3072	0	8192	CLMUL	129.94058
create-batch-K4[ns]	58	3072	0	8192	CLMUL_TRI	13.18653
create-batch-K4-total[ms]	58	3072	0	8192	CLMUL_TRI	331.84992
create-batch-K8[ns]	58	3072	0	8192	GENERIC	15.80820
create-batch-K8-total[ms]	58	3072	0	8192	GENERIC	397.82644
create-batch-K8[ns]	58	3072	0	8192	CLMUL	4.68194
create-batch-K8-total[ms]	58	3072	0	8192	CLMUL	117.82490
create-batch-K8[ns]	58	3072	0	8192	CLMUL_TRI	5.92512
create-batch-K8-total[ms]	58	3072	0	8192	CLMUL_TRI	149.11043
create-batch-K1[ns]	58	4096	0	16	GENERIC	12.31879
create-batch-K1-total[ms]	58	4096	0	16	GENERIC	0.80732
create-batch-K1[ns]	58	4096	0	16	CLMUL	15.02019
create-batch-K1-total[ms]	58	4096	0	16	CLMUL	0.98436
create-batch-K1[ns]	58	4096	0	16	CLMUL_TRI	20.39630
create-batch-K1-total[ms]	58	4096	0	16	CLMUL_TRI	1.33669
create-batch-K2[ns]	58	4096	0	16	GENERIC	12.87064
create-batch-K2-total[ms]	58	4096	0	16	GENERIC	0.84349
create-batch-K2[ns]	58	4096	0	16	CLMUL	8.05081
create-batch-K2-total[ms]	58	4096	0	16	CLMUL	0.52762
create-batch-K2[ns]	58	4096	0	16	CLMUL_TRI	14.07225
create-batch-K2-total[ms]	58	4096	0	16	CLMUL_TRI	0.92224
create-batch-K4[ns]	58	4096	0	16	GENERIC	14.65970
create-batch-K4-total[ms]	58	4096	0	16	GENERIC	0.96074
create-batch-K4[ns]	58	4096	0	16	CLMUL	5.15804
create-batch-K4-total[ms]	58	4096	0	16	CLMUL	0.33804
create-batch-K4[ns]	58	4096	0	16	CLMUL_TRI	13.17325
create-batch-K4-total[ms]	58	4096	0	16	CLMUL_TRI	0.86332
create-batch-K8[ns]	58	4096	0	16	GENERIC	15.76341
create-batch-K8-total[ms]	58	4096	0	16	GENERIC	1.03307
create-batch-K8[ns]	58	4096	0	16	CLMUL	4.67294
create-batch-K8-total[ms]	58	4096	0	16	CLMUL	0.30625
create-batch-K8[ns]	58	4096	0	16	CLMUL_TRI	5.91461
create-batch-K8-total[ms]	58	4096	0	16	CLMUL_TRI	0.38762
create-batch-K1[ns]	58	4096	0	64	GENERIC	12.31210
create-batch-K1-total[ms]	58	4096	0	64	GENERIC	3.22754
create-batch-K1[ns]	58	4096	0	64	CLMUL	15.02909
create-batch-K1-total[ms]	58	4096	0	64	CLMUL	3.93979
create-batch-K1[ns]	58	4096	0	64	CLMUL_TRI	20.41633
create-batch-K1-total[ms]	58	4096	0	64	CLMUL_TRI	5.35202
create-batch-K2[ns]	58	4096	0	64	GENERIC	12.88843
create-batch-K2-total[ms]	58	4096	0	64	GENERIC	3.37862
create-batch-K2[ns]	58	4096	0	64	CLMUL	8.04637
create-batch-K2-total[ms]	58	4096	0	64	CLMUL	2.10931
create-batch-K2[ns]	58	4096	0	64	CLMUL_TRI	14.13678
create-batch-K2-total[ms]	58	4096	0	64	CLMUL_TRI	3.70587
create-batch-K4[ns]	58	4096	0	64	GENERIC	14.67751
create-batch-K4-total[ms]	58	4096	0	64	GENERIC	3.84762
create-batch-K4[ns]	58	4096	0	64	CLMUL	5.15582
create-batch-K4-total[ms]	58	4096	0	64	CLMUL	1.35157
create-batch-K4[ns]	58	4096	0	64	CLMUL_TRI	13.17215
create-batch-K4-total[ms]	58	4096	0	64	CLMUL_TRI	3.45300
create-batch-K8[ns]	58	4096	0	64	GENERIC	15.78344
create-batch-K8-total[ms]	58	4096	0	64	GENERIC	4.13753
create-batch-K8[ns]	58	4096	0	64	CLMUL	4.67183
create-batch-K8-total[ms]	58	4096	0	64	CLMUL	1.22469
create-batch-K8[ns]	58	4096	0	64	CLMUL_TRI	5.91573
create-batch-K8-total[ms]	58	4096	0	64	CLMUL_TRI	1.55077
create-batch-K1[ns]	58	4096	0	128	GENERIC	12.33491
create-batch-K1-total[ms]	58	4096	0	128	GENERIC	6.46705
create-batch-K1[ns]	58	4096	0	128	CLMUL	15.03076
create-batch-K1-total[ms]	58	4096	0	128	CLMUL	7.88045
create-batch-K1[ns]	58	4096	0	128	CLMUL_TRI	20.42022
create-batch-K1-total[ms]	58	4096	0	128	CLMUL_TRI	10.70608
create-batch-K2[ns]	58	4096	0	128	GENERIC	12.87898
create-batch-K2-total[ms]	58	4096	0	128	GENERIC	6.75229
create-batch-K2[ns]	58	4096	0	128	CLMUL	8.05305
create-batch-K2-total[ms]	58	4096	0	128	CLMUL	4.22212
create-batch-K2[ns]	58	4096	0	128	CLMUL_TRI	14.12899
create-batch-K2-total[ms]	58	4096	0	128	CLMUL_TRI	7.40766
create-batch-K4[ns]	58	4096	0	128	GENERIC	14.67528
create-batch-K4-total[ms]	58	4096	0	128	GENERIC	7.69407
create-batch-K4[ns]	58	4096	0	128	CLMUL	5.15749
create-batch-K4-total[ms]	58	4096	0	128	CLMUL	2.70401
create-batch-K4[ns]	58	4096	0	128	CLMUL_TRI	13.17604
create-batch-K4-total[ms]	58	4096	0	128	CLMUL_TRI	6.90804
create-batch-K8[ns]	58	4096	0	128	GENERIC	15.78121
create-batch-K8-total[ms]	58	4096	0	128	GENERIC	8.27390
create-batch-K8[ns]	58	4096	0	128	CLMUL	4.67295
create-batch-K8-total[ms]	58	4096	0	128	CLMUL	2.44997
create-batch-K8[ns]	58	4096	0	128	CLMUL_TRI	5.91573
create-batch-K8-total[ms]	58	4096	0	128	CLMUL_TRI	3.10155
create-batch-K1[ns]	58	4096	0	512	GENERIC	12.33602
create-batch-K1-total[ms]	58	4096	0	512	GENERIC	25.87052
create-batch-K1[ns]	58	4096	0	512	CLMUL	15.03048
create-batch-K1-total[ms]	58	4096	0	512	CLMUL	31.52120
create-batch-K1[ns]	58	4096	0	512	CLMUL_TRI	20.41967
create-batch-K1-total[ms]	58	4096	0	512	CLMUL_TRI	42.82314
create-batch-K2[ns]	58	4096	0	512	GENERIC	12.90053
create-batch-K2-total[ms]	58	4096	0	512	GENERIC	27.05438
create-batch-K2[ns]	58	4096	0	512	CLMUL	8.05291
create-batch-K2-total[ms]	58	4096	0	512	CLMUL	16.88817
create-batch-K2[ns]	58	4096	0	512	CLMUL_TRI	14.06766
create-batch-K2-total[ms]	58	4096	0	512	CLMUL_TRI	29.50202
create-batch-K4[ns]	58	4096	0	512	GENERIC	14.68209
create-batch-K4-total[ms]	58	4096	0	512	GENERIC	30.79058
create-batch-K4[ns]	58	4096	0	512	CLMUL	5.16388
create-batch-K4-total[ms]	58	4096	0	512	CLMUL	10.82945
create-batch-K4[ns]	58	4096	0	512	CLMUL_TRI	13.18703
create-batch-K4-total[ms]	58	4096	0	512	CLMUL_TRI	27.65520
create-batch-K8[ns]	58	4096	0	512	GENERIC	15.78691
create-batch-K8-total[ms]	58	4096	0	512	GENERIC	33.10755
create-batch-K8[ns]	58	4096	0	512	CLMUL	4.67976
create-batch-K8-total[ms]	58	4096	0	512	CLMUL	9.81417
create-batch-K8[ns]	58	4096	0	512	CLMUL_TRI	5.92435
create-batch-K8-total[ms]	58	4096	0	512	CLMUL_TRI	12.42427
create-batch-K1[ns]	58	4096	0	1024	GENERIC	12.33595
create-batch-K1-total[ms]	58	4096	0	1024	GENERIC	51.74074
create-batch-K1[ns]	58	4096	0	1024	CLMUL	15.03027
create-batch-K1-total[ms]	58	4096	0	1024	CLMUL	63.04152
create-batch-K1[ns]	58	4096	0	1024	CLMUL_TRI	20.42551
create-batch-K1-total[ms]	58	4096	0	1024	CLMUL_TRI	85.67079
create-batch-K2[ns]	58	4096	0	1024	GENERIC	12.88078
create-batch-K2-total[ms]	58	4096	0	1024	GENERIC	54.02593
create-batch-K2[ns]	58	4096	0	1024	CLMUL	8.05179
create-batch-K2-total[ms]	58	4096	0	1024	CLMUL	33.77167
create-batch-K2[ns]	58	4096	0	1024	CLMUL_TRI	14.08817
create-batch-K2-total[ms]	58	4096	0	1024	CLMUL_TRI	59.09007
create-batch-K4[ns]	58	4096	0	1024	GENERIC	14.67938
create-batch-K4-total[ms]	58	4096	0	1024	GENERIC	61.56979
create-batch-K4[ns]	58	4096	0	1024	CLMUL	5.16430
create-batch-K4-total[ms]	58	4096	0	1024	CLMUL	21.66065
create-batch-K4[ns]	58	4096	0	1024	CLMUL_TRI	13.18174
create-batch-K4-total[ms]	58	4096	0	1024	CLMUL_TRI	55.28824
create-batch-K8[ns]	58	4096	0	1024	GENERIC	15.79255
create-batch-K8-total[ms]	58	4096	0	1024	GENERIC	66.23874
create-batch-K8[ns]	58	4096	0	1024	CLMUL	4.67642
create-batch-K8-total[ms]	58	4096	0	1024	CLMUL	19.61434
create-batch-K8[ns]	58	4096	0	1024	CLMUL_TRI	5.92456
create-batch-K8-total[ms]	58	4096	0	1024	CLMUL_TRI	24.84941
create-batch-K1[ns]	58	4096	0	2048	GENERIC	12.33888
create-batch-K1-total[ms]	58	4096	0	2048	GENERIC	103.50599
create-batch-K1[ns]	58	4096	0	2048	CLMUL	15.03705
create-batch-K1-total[ms]	58	4096	0	2048	CLMUL	126.13992
create-batch-K1[ns]	58	4096	0	2048	CLMUL_TRI	20.42593
create-batch-K1-total[ms]	58	4096	0	2048	CLMUL_TRI	171.34508
create-batch-K2[ns]	58	4096	0	2048	GENERIC	12.90133
create-batch-K2-total[ms]	58	4096	0	2048	GENERIC	108.22422
create-batch-K2[ns]	58	4096	0	2048	CLMUL	8.05468
create-batch-K2-total[ms]	58	4096	0	2048	CLMUL	67.56755
create-batch-K2[ns]	58	4096	0	2048	CLMUL_TRI	14.09429
create-batch-K2-total[ms]	58	4096	0	2048	CLMUL_TRI	118.23148
create-batch-K4[ns]	58	4096	0	2048	GENERIC	14.68348
create-batch-K4-total[ms]	58	4096	0	2048	GENERIC	123.17400
create-batch-K4[ns]	58	4096	0	2048	CLMUL	5.16642
create-batch-K4-total[ms]	58	4096	0	2048	CLMUL	43.33910
create-batch-K4[ns]	58	4096	0	2048	CLMUL_TRI	13.18251
create-batch-K4-total[ms]	58	4096	0	2048	CLMUL_TRI	110.58290
create-batch-K8[ns]	58	4096	0	2048	GENERIC	15.78962
create-batch-K8-total[ms]	58	4096	0	2048	GENERIC	132.45297
create-batch-K8[ns]	58	4096	0	2048	CLMUL	4.67962
create-batch-K8-total[ms]	58	4096	0	2048	CLMUL	39.25552
create-batch-K8[ns]	58	4096	0	2048	CLMUL_TRI	5.92459
create-batch-K8-total[ms]	58	4096	0	2048	CLMUL_TRI	49.69910
create-batch-K1[ns]	58	4096	0	4096	GENERIC	12.33387
create-batch-K1-total[ms]	58	4096	0	4096	GENERIC	206.92798
create-batch-K1[ns]	58	4096	0	4096	CLMUL	15.03724
create-batch-K1-total[ms]	58	4096	0	4096	CLMUL	252.28305
create-batch-K1[ns]	58	4096	0	4096	CLMUL_TRI	20.43065
create-batch-K1-total[ms]	58	4096	0	4096	CLMUL_TRI	342.76949
create-batch-K2[ns]	58	4096	0	4096	GENERIC	12.88562
create-batch-K2-total[ms]	58	4096	0	4096	GENERIC	216.18478
create-batch-K2[ns]	58	4096	0	4096	CLMUL	8.05541
create-batch-K2-total[ms]	58	4096	0	4096	CLMUL	135.14735
create-batch-K2[ns]	58	4096	0	4096	CLMUL_TRI	14.10444
create-batch-K2-total[ms]	58	4096	0	4096	CLMUL_TRI	236.63329
create-batch-K4[ns]	58	4096	0	4096	GENERIC	14.67989
create-batch-K4-total[ms]	58	4096	0	4096	GENERIC	246.28763
create-batch-K4[ns]	58	4096	0	4096	CLMUL	5.16314
create-batch-K4-total[ms]	58	4096	0	4096	CLMUL	86.62307
create-batch-K4[ns]	58	4096	0	4096	CLMUL_TRI	13.18453
create-batch-K4-total[ms]	58	4096	0	4096	CLMUL_TRI	221.19964
create-batch-K8[ns]	58	4096	0	4096	GENERIC	15.78742
create-batch-K8-total[ms]	58	4096	0	4096	GENERIC	264.86890
create-batch-K8[ns]	58	4096	0	4096	CLMUL	4.67861
create-batch-K8-total[ms]	58	4096	0	4096	CLMUL	78.49413
create-batch-K8[ns]	58	4096	0	4096	CLMUL_TRI	5.92538
create-batch-K8-total[ms]	58	4096	0	4096	CLMUL_TRI	99.41133
create-batch-K1[ns]	58	4096	0	8192	GENERIC	12.33148
create-batch-K1-total[ms]	58	4096	0	8192	GENERIC	413.77575
create-batch-K1[ns]	58	4096	0	8192	CLMUL	15.03698
create-batch-K1-total[ms]	58	4096	0	8192	CLMUL	504.55735
create-batch-K1[ns]	58	4096	0	8192	CLMUL_TRI	20.43118
create-batch-K1-total[ms]	58	4096	0	8192	CLMUL_TRI	685.55648
create-batch-K2[ns]	58	4096	0	8192	GENERIC	12.88985
create-batch-K2-total[ms]	58	4096	0	8192	GENERIC	432.51161
create-batch-K2[ns]	58	4096	0	8192	CLMUL	8.05679
create-batch-K2-total[ms]	58	4096	0	8192	CLMUL	270.34108
create-batch-K2[ns]	58	4096	0	8192	CLMUL_TRI	14.10888
create-batch-K2-total[ms]	58	4096	0	8192	CLMUL_TRI	473.41532
create-batch-K4[ns]	58	4096	0	8192	GENERIC	14.68163
create-batch-K4-total[ms]	58	4096	0	8192	GENERIC	492.63387
create-batch-K4[ns]	58	4096	0	8192	CLMUL	5.16678
create-batch-K4-total[ms]	58	4096	0	8192	CLMUL	173.36835
create-batch-K4[ns]	58	4096	0	8192	CLMUL_TRI	13.18842
create-batch-K4-total[ms]	58	4096	0	8192	CLMUL_TRI	442.52994
create-batch-K8[ns]	58	4096	0	8192	GENERIC	15.78736
create-batch-K8-total[ms]	58	4096	0	8192	GENERIC	529.73605
create-batch-K8[ns]	58	4096	0	8192	CLMUL	4.68107
create-batch-K8-total[ms]	58	4096	0	8192	CLMUL	157.07080
create-batch-K8[ns]	58	4096	0	8192	CLMUL_TRI	5.92425
create-batch-K8-total[ms]	58	4096	0	8192	CLMUL_TRI	198.78475
create-batch-K1[ns]	58	5120	0	16	GENERIC	12.31522
create-batch-K1-total[ms]	58	5120	0	16	GENERIC	1.00886
create-batch-K1[ns]	58	5120	0	16	CLMUL	15.02108
create-batch-K1-total[ms]	58	5120	0	16	CLMUL	1.23053
create-batch-K1[ns]	58	5120	0	16	CLMUL_TRI	20.43280
create-batch-K1-total[ms]	58	5120	0	16	CLMUL_TRI	1.67385
create-batch-K2[ns]	58	5120	0	16	GENERIC	12.85640
create-batch-K2-total[ms]	58	5120	0	16	GENERIC	1.05320
create-batch-K2[ns]	58	5120	0	16	CLMUL	8.04993
create-batch-K2-total[ms]	58	5120	0	16	CLMUL	0.65945
create-batch-K2[ns]	58	5120	0	16	CLMUL_TRI	14.10963
create-batch-K2-total[ms]	58	5120	0	16	CLMUL_TRI	1.15586
create-batch-K4[ns]	58	5120	0	16	GENERIC	14.65081
create-batch-K4-total[ms]	58	5120	0	16	GENERIC	1.20019
create-batch-K4[ns]	58	5120	0	16	CLMUL	5.15894
create-batch-K4-total[ms]	58	5120	0	16	CLMUL	0.42262
create-batch-K4[ns]	58	5120	0	16	CLMUL_TRI	13.17327
create-batch-K4-total[ms]	58	5120	0	16	CLMUL_TRI	1.07915
create-batch-K8[ns]	58	5120	0	16	GENERIC	15.75452
create-batch-K8-total[ms]	58	5120	0	16	GENERIC	1.29061
create-batch-K8[ns]	58	5120	0	16	CLMUL	4.67117
create-batch-K8-total[ms]	58	5120	0	16	CLMUL	0.38266
create-batch-K8[ns]	58	5120	0	16	CLMUL_TRI	5.91729
create-batch-K8-total[ms]	58	5120	0	16	CLMUL_TRI	0.48474
create-batch-K1[ns]	58	5120	0	64	GENERIC	12.32056
create-batch-K1-total[ms]	58	5120	0	64	GENERIC	4.03720
create-batch-K1[ns]	58	5120	0	64	CLMUL	15.02999
create-batch-K1-total[ms]	58	5120	0	64	CLMUL	4.92503
create-batch-K1[ns]	58	5120	0	64	CLMUL_TRI	20.41411
create-batch-K1-total[ms]	58	5120	0	64	CLMUL_TRI	6.68930
create-batch-K2[ns]	58	5120	0	64	GENERIC	12.87687
create-batch-K2-total[ms]	58	5120	0	64	GENERIC	4.21949
create-batch-K2[ns]	58	5120	0	64	CLMUL	8.04548
create-batch-K2-total[ms]	58	5120	0	64	CLMUL	2.63634
create-batch-K2[ns]	58	5120	0	64	CLMUL_TRI	14.05979
create-batch-K2-total[ms]	58	5120	0	64	CLMUL_TRI	4.60711
create-batch-K4[ns]	58	5120	0	64	GENERIC	14.67039
create-batch-K4-total[ms]	58	5120	0	64	GENERIC	4.80719
create-batch-K4[ns]	58	5120	0	64	CLMUL	5.15716
create-batch-K4-total[ms]	58	5120	0	64	CLMUL	1.68990
create-batch-K4[ns]	58	5120	0	64	CLMUL_TRI	13.17060
create-batch-K4-total[ms]	58	5120	0	64	CLMUL_TRI	4.31574
create-batch-K8[ns]	58	5120	0	64	GENERIC	15.76876
create-batch-K8-total[ms]	58	5120	0	64	GENERIC	5.16711
create-batch-K8[ns]	58	5120	0	64	CLMUL	4.67117
create-batch-K8-total[ms]	58	5120	0	64	CLMUL	1.53065
create-batch-K8[ns]	58	5120	0	64	CLMUL_TRI	5.91551
create-batch-K8-total[ms]	58	5120	0	64	CLMUL_TRI	1.93839
create-batch-K1[ns]	58	5120	0	128	GENERIC	12.31923
create-batch-K1-total[ms]	58	5120	0	128	GENERIC	8.07353
create-batch-K1[ns]	58	5120	0	128	CLMUL	15.03043
create-batch-K1-total[ms]	58	5120	0	128	CLMUL	9.85034
create-batch-K1[ns]	58	5120	0	128	CLMUL_TRI	20.38874
create-batch-K1-total[ms]	58	5120	0	128	CLMUL_TRI	13.36197
create-batch-K2[ns]	58	5120	0	128	GENERIC	12.87019
create-batch-K2-total[ms]	58	5120	0	128	GENERIC	8.43461
create-batch-K2[ns]	58	5120	0	128	CLMUL	8.05260
create-batch-K2-total[ms]	58	5120	0	128	CLMUL	5.27735
create-batch-K2[ns]	58	5120	0	128	CLMUL_TRI	14.09584
create-batch-K2-total[ms]	58	5120	0	128	CLMUL_TRI	9.23785
create-batch-K4[ns]	58	5120	0	128	GENERIC	14.66727
create-batch-K4-total[ms]	58	5120	0	128	GENERIC	9.61234
create-batch-K4[ns]	58	5120	0	128	CLMUL	5.15805
create-batch-K4-total[ms]	58	5120	0	128	CLMUL	3.38038
create-batch-K4[ns]	58	5120	0	128	CLMUL_TRI	13.17861
create-batch-K4-total[ms]	58	5120	0	128	CLMUL_TRI	8.63673
create-batch-K8[ns]	58	5120	0	128	GENERIC	15.78166
create-batch-K8-total[ms]	58	5120	0	128	GENERIC	10.34267
create-batch-K8[ns]	58	5120	0	128	CLMUL	4.67873
create-batch-K8-total[ms]	58	5120	0	128	CLMUL	3.06625
create-batch-K8[ns]	58	5120	0	128	CLMUL_TRI	5.92441
create-batch-K8-total[ms]	58	5120	0	128	CLMUL_TRI	3.88262
create-batch-K1[ns]	58	5120	0	512	GENERIC	12.32535
create-batch-K1-total[ms]	58	5120	0	512	GENERIC	32.31016
create-batch-K1[ns]	58	5120	0	512	CLMUL	15.03755
create-batch-K1-total[ms]	58	5120	0	512	CLMUL	39.42003
create-batch-K1[ns]	58	5120	0	512	CLMUL_TRI	20.44037
create-batch-K1-total[ms]	58	5120	0	512	CLMUL_TRI	53.58320
create-batch-K2[ns]	58	5120	0	512	GENERIC	12.87798
create-batch-K2-total[ms]	58	5120	0	512	GENERIC	33.75885
create-batch-K2[ns]	58	5120	0	512	CLMUL	8.05550
create-batch-K2-total[ms]	58	5120	0	512	CLMUL	21.11700
create-batch-K2[ns]	58	5120	0	512	CLMUL_TRI	14.09951
create-batch-K2-total[ms]	58	5120	0	512	CLMUL_TRI	36.96102
create-batch-K4[ns]	58	5120	0	512	GENERIC	14.67484
create-batch-K4-total[ms]	58	5120	0	512	GENERIC	38.46921
create-batch-K4[ns]	58	5120	0	512	CLMUL	5.16127
create-batch-K4-total[ms]	58	5120	0	512	CLMUL	13.52996
create-batch-K4[ns]	58	5120	0	512	CLMUL_TRI	13.18595
create-batch-K4-total[ms]	58	5120	0	512	CLMUL_TRI	34.56617
create-batch-K8[ns]	58	5120	0	512	GENERIC	15.77465
create-batch-K8-total[ms]	58	5120	0	512	GENERIC	41.35230
create-batch-K8[ns]	58	5120	0	512	CLMUL	4.67718
create-batch-K8-total[ms]	58	5120	0	512	CLMUL	12.26094
create-batch-K8[ns]	58	5120	0	512	CLMUL_TRI	5.92107
create-batch-K8-total[ms]	58	5120	0	512	CLMUL_TRI	15.52173
create-batch-K1[ns]	58	5120	0	1024	GENERIC	12.32813
create-batch-K1-total[ms]	58	5120	0	1024	GENERIC	64.63490
create-batch-K1[ns]	58	5120	0	1024	CLMUL	15.03316
create-batch-K1-total[ms]	58	5120	0	1024	CLMUL	78.81703
create-batch-K1[ns]	58	5120	0	1024	CLMUL_TRI	20.43419
create-batch-K1-total[ms]	58	5120	0	1024	CLMUL_TRI	107.13403
create-batch-K2[ns]	58	5120	0	1024	GENERIC	12.87420
create-batch-K2-total[ms]	58	5120	0	1024	GENERIC	67.49787
create-batch-K2[ns]	58	5120	0	1024	CLMUL	8.05555
create-batch-K2-total[ms]	58	5120	0	1024	CLMUL	42.23429
create-batch-K2[ns]	58	5120	0	1024	CLMUL_TRI	14.09907
create-batch-K2-total[ms]	58	5120	0	1024	CLMUL_TRI	73.91971
create-batch-K4[ns]	58	5120	0	1024	GENERIC	14.66816
create-batch-K4-total[ms]	58	5120	0	1024	GENERIC	76.90342
create-batch-K4[ns]	58	5120	0	1024	CLMUL	5.16400
create-batch-K4-total[ms]	58	5120	0	1024	CLMUL	27.07422
create-batch-K4[ns]	58	5120	0	1024	CLMUL_TRI	13.18061
create-batch-K4-total[ms]	58	5120	0	1024	CLMUL_TRI	69.10435
create-batch-K8[ns]	58	5120	0	1024	GENERIC	15.77665
create-batch-K8-total[ms]	58	5120	0	1024	GENERIC	82.71511
create-batch-K8[ns]	58	5120	0	1024	CLMUL	4.67612
create-batch-K8-total[ms]	58	5120	0	1024	CLMUL	24.51634
create-batch-K8[ns]	58	5120	0	1024	CLMUL_TRI	5.92263
create-batch-K8-total[ms]	58	5120	0	1024	CLMUL_TRI	31.05163
create-batch-K1[ns]	58	5120	0	2048	GENERIC	12.32315
create-batch-K1-total[ms]	58	5120	0	2048	GENERIC	129.21760
create-batch-K1[ns]	58	5120	0	2048	CLMUL	15.03210
create-batch-K1-total[ms]	58	5120	0	2048	CLMUL	157.62297
create-batch-K1[ns]	58	5120	0	2048	CLMUL_TRI	20.43948
create-batch-K1-total[ms]	58	5120	0	2048	CLMUL_TRI	214.32347
create-batch-K2[ns]	58	5120	0	2048	GENERIC	12.87790
create-batch-K2-total[ms]	58	5120	0	2048	GENERIC	135.03453
create-batch-K2[ns]	58	5120	0	2048	CLMUL	8.05497
create-batch-K2-total[ms]	58	5120	0	2048	CLMUL	84.46246
create-batch-K2[ns]	58	5120	0	2048	CLMUL_TRI	14.04953
create-batch-K2-total[ms]	58	5120	0	2048	CLMUL_TRI	147.31997
create-batch-K4[ns]	58	5120	0	2048	GENERIC	14.67172
create-batch-K4-total[ms]	58	5120	0	2048	GENERIC	153.84418
create-batch-K4[ns]	58	5120	0	2048	CLMUL	5.16542
create-batch-K4-total[ms]	58	5120	0	2048	CLMUL	54.16332
create-batch-K4[ns]	58	5120	0	2048	CLMUL_TRI	13.18428
create-batch-K4-total[ms]	58	5120	0	2048	CLMUL_TRI	138.24720
create-batch-K8[ns]	58	5120	0	2048	GENERIC	15.77766
create-batch-K8-total[ms]	58	5120	0	2048	GENERIC	165.44071
create-batch-K8[ns]	58	5120	0	2048	CLMUL	4.67762
create-batch-K8-total[ms]	58	5120	0	2048	CLMUL	49.04842
create-batch-K8[ns]	58	5120	0	2048	CLMUL_TRI	5.92263
create-batch-K8-total[ms]	58	5120	0	2048	CLMUL_TRI	62.10327
create-batch-K1[ns]	58	5120	0	4096	GENERIC	12.31887
create-batch-K1-total[ms]	58	5120	0	4096	GENERIC	258.34537
create-batch-K1[ns]	58	5120	0	4096	CLMUL	15.03560
create-batch-K1-total[ms]	58	5120	0	4096	CLMUL	315.31944
create-batch-K1[ns]	58	5120	0	4096	CLMUL_TRI	20.43408
create-batch-K1-total[ms]	58	5120	0	4096	CLMUL_TRI	428.53377
create-batch-K2[ns]	58	5120	0	4096	GENERIC	12.87562
create-batch-K2-total[ms]	58	5120	0	4096	GENERIC	270.02123
create-batch-K2[ns]	58	5120	0	4096	CLMUL	8.05614
create-batch-K2-total[ms]	58	5120	0	4096	CLMUL	168.94942
create-batch-K2[ns]	58	5120	0	4096	CLMUL_TRI	14.10815
create-batch-K2-total[ms]	58	5120	0	4096	CLMUL_TRI	295.86930
create-batch-K4[ns]	58	5120	0	4096	GENERIC	14.67465
create-batch-K4-total[ms]	58	5120	0	4096	GENERIC	307.74962
create-batch-K4[ns]	58	5120	0	4096	CLMUL	5.16494
create-batch-K4-total[ms]	58	5120	0	4096	CLMUL	108.31672
create-batch-K4[ns]	58	5120	0	4096	CLMUL_TRI	13.18993
create-batch-K4-total[ms]	58	5120	0	4096	CLMUL_TRI	276.61282
create-batch-K8[ns]	58	5120	0	4096	GENERIC	15.78444
create-batch-K8-total[ms]	58	5120	0	4096	GENERIC	331.02376
create-batch-K8[ns]	58	5120	0	4096	CLMUL	4.67787
create-batch-K8-total[ms]	58	5120	0	4096	CLMUL	98.10209
create-batch-K8[ns]	58	5120	0	4096	CLMUL_TRI	5.92213
create-batch-K8-total[ms]	58	5120	0	4096	CLMUL_TRI	124.19603
create-batch-K1[ns]	58	5120	0	8192	GENERIC	12.31841
create-batch-K1-total[ms]	58	5120	0	8192	GENERIC	516.67177
create-batch-K1[ns]	58	5120	0	8192	CLMUL	15.03663
create-batch-K1-total[ms]	58	5120	0	8192	CLMUL	630.68205
create-batch-K1[ns]	58	5120	0	8192	CLMUL_TRI	20.43759
create-batch-K1-total[ms]	58	5120	0	8192	CLMUL_TRI	857.21454
create-batch-K2[ns]	58	5120	0	8192	GENERIC	12.87383
create-batch-K2-total[ms]	58	5120	0	8192	GENERIC	539.96750
create-batch-K2[ns]	58	5120	0	8192	CLMUL	8.05561
create-batch-K2-total[ms]	58	5120	0	8192	CLMUL	337.87668
create-batch-K2[ns]	58	5120	0	8192	CLMUL_TRI	14.12562
create-batch-K2-total[ms]	58	5120	0	8192	CLMUL_TRI	592.47125
create-batch-K4[ns]	58	5120	0	8192	GENERIC	14.66946
create-batch-K4-total[ms]	58	5120	0	8192	GENERIC	615.28165
create-batch-K4[ns]	58	5120	0	8192	CLMUL	5.16445
create-batch-K4-total[ms]	58	5120	0	8192	CLMUL	216.61273
create-batch-K4[ns]	58	5120	0	8192	CLMUL_TRI	13.18647
create-batch-K4-total[ms]	58	5120	0	8192	CLMUL_TRI	553.08068
create-batch-K8[ns]	58	5120	0	8192	GENERIC	15.79906
create-batch-K8-total[ms]	58	5120	0	8192	GENERIC	662.66059
create-batch-K8[ns]	58	5120	0	8192	CLMUL	4.67828
create-batch-K8-total[ms]	58	5120	0	8192	CLMUL	196.22139
create-batch-K8[ns]	58	5120	0	8192	CLMUL_TRI	5.92482
create-batch-K8-total[ms]	58	5120	0	8192	CLMUL_TRI	248.50494
create-batch-K1[ns]	58	6144	0	16	GENERIC	12.30692
create-batch-K1-total[ms]	58	6144	0	16	GENERIC	1.20982
create-batch-K1[ns]	58	6144	0	16	CLMUL	15.01871
create-batch-K1-total[ms]	58	6144	0	16	CLMUL	1.47640
create-batch-K1[ns]	58	6144	0	16	CLMUL_TRI	20.35922
create-batch-K1-total[ms]	58	6144	0	16	CLMUL_TRI	2.00139
create-batch-K2[ns]	58	6144	0	16	GENERIC	12.85283
create-batch-K2-total[ms]	58	6144	0	16	GENERIC	1.26348
create-batch-K2[ns]	58	6144	0	16	CLMUL	8.04637
create-batch-K2-total[ms]	58	6144	0	16	CLMUL	0.79099
create-batch-K2[ns]	58	6144	0	16	CLMUL_TRI	14.03368
create-batch-K2-total[ms]	58	6144	0	16	CLMUL_TRI	1.37957
create-batch-K4[ns]	58	6144	0	16	GENERIC	14.64488
create-batch-K4-total[ms]	58	6144	0	16	GENERIC	1.43965
create-batch-K4[ns]	58	6144	0	16	CLMUL	5.15657
create-batch-K4-total[ms]	58	6144	0	16	CLMUL	0.50691
create-batch-K4[ns]	58	6144	0	16	CLMUL_TRI	13.14360
create-batch-K4-total[ms]	58	6144	0	16	CLMUL_TRI	1.29207
create-batch-K8[ns]	58	6144	0	16	GENERIC	15.74858
create-batch-K8-total[ms]	58	6144	0	16	GENERIC	1.54815
create-batch-K8[ns]	58	6144	0	16	CLMUL	4.66998
create-batch-K8-total[ms]	58	6144	0	16	CLMUL	0.45908
create-batch-K8[ns]	58	6144	0	16	CLMUL_TRI	5.91314
create-batch-K8-total[ms]	58	6144	0	16	CLMUL_TRI	0.58128
create-batch-K1[ns]	58	6144	0	64	GENERIC	12.31211
create-batch-K1-total[ms]	58	6144	0	64	GENERIC	4.84132
create-batch-K1[ns]	58	6144	0	64	CLMUL	15.02909
create-batch-K1-total[ms]	58	6144	0	64	CLMUL	5.90968
create-batch-K1[ns]	58	6144	0	64	CLMUL_TRI	20.38222
create-batch-K1-total[ms]	58	6144	0	64	CLMUL_TRI	8.01461
create-batch-K2[ns]	58	6144	0	64	GENERIC	12.86544
create-batch-K2-total[ms]	58	6144	0	64	GENERIC	5.05890
create-batch-K2[ns]	58	6144	0	64	CLMUL	8.05008
create-batch-K2-total[ms]	58	6144	0	64	CLMUL	3.16542
create-batch-K2[ns]	58	6144	0	64	CLMUL_TRI	14.01736
create-batch-K2-total[ms]	58	6144	0	64	CLMUL_TRI	5.51185
create-batch-K4[ns]	58	6144	0	64	GENERIC	14.65526
create-batch-K4-total[ms]	58	6144	0	64	GENERIC	5.76268
create-batch-K4[ns]	58	6144	0	64	CLMUL	5.15731
create-batch-K4-total[ms]	58	6144	0	64	CLMUL	2.02793
create-batch-K4[ns]	58	6144	0	64	CLMUL_TRI	13.17401
create-batch-K4-total[ms]	58	6144	0	64	CLMUL_TRI	5.18023
create-batch-K8[ns]	58	6144	0	64	GENERIC	15.76416
create-batch-K8-total[ms]	58	6144	0	64	GENERIC	6.19872
create-batch-K8[ns]	58	6144	0	64	CLMUL	4.66850
create-batch-K8-total[ms]	58	6144	0	64	CLMUL	1.83573
create-batch-K8[ns]	58	6144	0	64	CLMUL_TRI	5.91610
create-batch-K8-total[ms]	58	6144	0	64	CLMUL_TRI	2.32631
create-batch-K1[ns]	58	6144	0	128	GENERIC	12.31582
create-batch-K1-total[ms]	58	6144	0	128	GENERIC	9.68555
create-batch-K1[ns]	58	6144	0	128	CLMUL	15.02946
create-batch-K1-total[ms]	58	6144	0	128	CLMUL	11.81965
create-batch-K1[ns]	58	6144	0	128	CLMUL_TRI	20.38147
create-batch-K1-total[ms]	58	6144	0	128	CLMUL_TRI	16.02864
create-batch-K2[ns]	58	6144	0	128	GENERIC	12.86952
create-batch-K2-total[ms]	58	6144	0	128	GENERIC	10.12101
create-batch-K2[ns]	58	6144	0	128	CLMUL	8.04823
create-batch-K2-total[ms]	58	6144	0	128	CLMUL	6.32938
create-batch-K2[ns]	58	6144	0	128	CLMUL_TRI	14.11453
create-batch-K2-total[ms]	58	6144	0	128	CLMUL_TRI	11.10012
create-batch-K4[ns]	58	6144	0	128	GENERIC	14.65489
create-batch-K4-total[ms]	58	6144	0	128	GENERIC	11.52507
create-batch-K4[ns]	58	6144	0	128	CLMUL	5.16027
create-batch-K4-total[ms]	58	6144	0	128	CLMUL	4.05820
create-batch-K4[ns]	58	6144	0	128	CLMUL_TRI	13.16548
create-batch-K4-total[ms]	58	6144	0	128	CLMUL_TRI	10.35375
create-batch-K8[ns]	58	6144	0	128	GENERIC	15.77194
create-batch-K8-total[ms]	58	6144	0	128	GENERIC	12.40356
create-batch-K8[ns]	58	6144	0	128	CLMUL	4.67554
create-batch-K8-total[ms]	58	6144	0	128	CLMUL	3.67700
create-batch-K8[ns]	58	6144	0	128	CLMUL_TRI	5.91870
create-batch-K8-total[ms]	58	6144	0	128	CLMUL_TRI	4.65465
create-batch-K1[ns]	58	6144	0	512	GENERIC	12.30812
create-batch-K1-total[ms]	58	6144	0	512	GENERIC	38.71800
create-batch-K1[ns]	58	6144	0	512	CLMUL	15.03280
create-batch-K1-total[ms]	58	6144	0	512	CLMUL	47.28911
create-batch-K1[ns]	58	6144	0	512	CLMUL_TRI	20.38277
create-batch-K1-total[ms]	58	6144	0	512	CLMUL_TRI	64.11866
create-batch-K2[ns]	58	6144	0	512	GENERIC	12.87407
create-batch-K2-total[ms]	58	6144	0	512	GENERIC	40.49831
create-batch-K2[ns]	58	6144	0	512	CLMUL	8.05407
create-batch-K2-total[ms]	58	6144	0	512	CLMUL	25.33591
create-batch-K2[ns]	58	6144	0	512	CLMUL_TRI	14.09756
create-batch-K2-total[ms]	58	6144	0	512	CLMUL_TRI	44.34710
create-batch-K4[ns]	58	6144	0	512	GENERIC	14.65897
create-batch-K4-total[ms]	58	6144	0	512	GENERIC	46.11312
create-batch-K4[ns]	58	6144	0	512	CLMUL	5.16407
create-batch-K4-total[ms]	58	6144	0	512	CLMUL	16.24477
create-batch-K4[ns]	58	6144	0	512	CLMUL_TRI	13.18365
create-batch-K4-total[ms]	58	6144	0	512	CLMUL_TRI	41.47218
create-batch-K8[ns]	58	6144	0	512	GENERIC	15.76620
create-batch-K8-total[ms]	58	6144	0	512	GENERIC	49.59616
create-batch-K8[ns]	58	6144	0	512	CLMUL	4.67527
create-batch-K8-total[ms]	58	6144	0	512	CLMUL	14.70712
create-batch-K8[ns]	58	6144	0	512	CLMUL_TRI	5.92157
create-batch-K8-total[ms]	58	6144	0	512	CLMUL_TRI	18.62766
create-batch-K1[ns]	58	6144	0	1024	GENERIC	12.31498
create-batch-K1-total[ms]	58	6144	0	1024	GENERIC	77.47917
create-batch-K1[ns]	58	6144	0	1024	CLMUL	15.03178
create-batch-K1-total[ms]	58	6144	0	1024	CLMUL	94.57180
create-batch-K1[ns]	58	6144	0	1024	CLMUL_TRI	20.38732
create-batch-K1-total[ms]	58	6144	0	1024	CLMUL_TRI	128.26590
create-batch-K2[ns]	58	6144	0	1024	GENERIC	12.87240
create-batch-K2-total[ms]	58	6144	0	1024	GENERIC	80.98613
create-batch-K2[ns]	58	6144	0	1024	CLMUL	8.04994
create-batch-K2-total[ms]	58	6144	0	1024	CLMUL	50.64586
create-batch-K2[ns]	58	6144	0	1024	CLMUL_TRI	14.08648
create-batch-K2-total[ms]	58	6144	0	1024	CLMUL_TRI	88.62449
create-batch-K4[ns]	58	6144	0	1024	GENERIC	14.65948
create-batch-K4-total[ms]	58	6144	0	1024	GENERIC	92.22945
create-batch-K4[ns]	58	6144	0	1024	CLMUL	5.16064
create-batch-K4-total[ms]	58	6144	0	1024	CLMUL	32.46795
create-batch-K4[ns]	58	6144	0	1024	CLMUL_TRI	13.18764
create-batch-K4-total[ms]	58	6144	0	1024	CLMUL_TRI	82.96944
create-batch-K8[ns]	58	6144	0	1024	GENERIC	15.77037
create-batch-K8-total[ms]	58	6144	0	1024	GENERIC	99.21858
create-batch-K8[ns]	58	6144	0	1024	CLMUL	4.67670
create-batch-K8-total[ms]	58	6144	0	1024	CLMUL	29.42328
create-batch-K8[ns]	58	6144	0	1024	CLMUL_TRI	5.92148
create-batch-K8-total[ms]	58	6144	0	1024	CLMUL_TRI	37.25473
create-batch-K1[ns]	58	6144	0	2048	GENERIC	12.31825
create-batch-K1-total[ms]	58	6144	0	2048	GENERIC	154.99946
create-batch-K1[ns]	58	6144	0	2048	CLMUL	15.03403
create-batch-K1-total[ms]	58	6144	0	2048	CLMUL	189.17189
create-batch-K1[ns]	58	6144	0	2048	CLMUL_TRI	20.38497
create-batch-K1-total[ms]	58	6144	0	2048	CLMUL_TRI	256.50235
create-batch-K2[ns]	58	6144	0	2048	GENERIC	12.86232
create-batch-K2-total[ms]	58	6144	0	2048	GENERIC	161.84538
create-batch-K2[ns]	58	6144	0	2048	CLMUL	8.05416
create-batch-K2-total[ms]	58	6144	0	2048	CLMUL	101.34480
create-batch-K2[ns]	58	6144	0	2048	CLMUL_TRI	14.09260
create-batch-K2-total[ms]	58	6144	0	2048	CLMUL_TRI	177.32599
create-batch-K4[ns]	58	6144	0	2048	GENERIC	14.66203
create-batch-K4-total[ms]	58	6144	0	2048	GENERIC	184.49099
create-batch-K4[ns]	58	6144	0	2048	CLMUL	5.16127
create-batch-K4-total[ms]	58	6144	0	2048	CLMUL	64.94378
create-batch-K4[ns]	58	6144	0	2048	CLMUL_TRI	13.18671
create-batch-K4-total[ms]	58	6144	0	2048	CLMUL_TRI	165.92721
create-batch-K8[ns]	58	6144	0	2048	GENERIC	15.77570
create-batch-K8-total[ms]	58	6144	0	2048	GENERIC	198.50424
create-batch-K8[ns]	58	6144	0	2048	CLMUL	4.67782
create-batch-K8-total[ms]	58	6144	0	2048	CLMUL	58.86056
create-batch-K8[ns]	58	6144	0	2048	CLMUL_TRI	5.92273
create-batch-K8-total[ms]	58	6144	0	2048	CLMUL_TRI	74.52520
create-batch-K1[ns]	58	6144	0	4096	GENERIC	12.31020
create-batch-K1-total[ms]	58	6144	0	4096	GENERIC	309.79622
create-batch-K1[ns]	58	6144	0	4096	CLMUL	15.03543
create-batch-K1-total[ms]	58	6144	0	4096	CLMUL	378.37907
create-batch-K1[ns]	58	6144	0	4096	CLMUL_TRI	20.39379
create-batch-K1-total[ms]	58	6144	0	4096	CLMUL_TRI	513.22665
create-batch-K2[ns]	58	6144	0	4096	GENERIC	12.86156
create-batch-K2-total[ms]	58	6144	0	4096	GENERIC	323.67180
create-batch-K2[ns]	58	6144	0	4096	CLMUL	8.05672
create-batch-K2-total[ms]	58	6144	0	4096	CLMUL	202.75406
create-batch-K2[ns]	58	6144	0	4096	CLMUL_TRI	14.12233
create-batch-K2-total[ms]	58	6144	0	4096	CLMUL_TRI	355.40010
create-batch-K4[ns]	58	6144	0	4096	GENERIC	14.65795
create-batch-K4-total[ms]	58	6144	0	4096	GENERIC	368.87931
create-batch-K4[ns]	58	6144	0	4096	CLMUL	5.16180
create-batch-K4-total[ms]	58	6144	0	4096	CLMUL	129.90097
create-batch-K4[ns]	58	6144	0	4096	CLMUL_TRI	13.18619
create-batch-K4-total[ms]	58	6144	0	4096	CLMUL_TRI	331.84129
create-batch-K8[ns]	58	6144	0	4096	GENERIC	15.77372
create-batch-K8-total[ms]	58	6144	0	4096	GENERIC	396.95860
create-batch-K8[ns]	58	6144	0	4096	CLMUL	4.67463
create-batch-K8-total[ms]	58	6144	0	4096	CLMUL	117.64090
create-batch-K8[ns]	58	6144	0	4096	CLMUL_TRI	5.92281
create-batch-K8-total[ms]	58	6144	0	4096	CLMUL_TRI	149.05245
create-batch-K1[ns]	58	6144	0	8192	GENERIC	12.31158
create-batch-K1-total[ms]	58	6144	0	8192	GENERIC	619.66214
create-batch-K1[ns]	58	6144	0	8192	CLMUL	15.03622
create-batch-K1-total[ms]	58	6144	0	8192	CLMUL	756.79752
create-batch-K1[ns]	58	6144	0	8192	CLMUL_TRI	20.39088
create-batch-K1-total[ms]	58	6144	0	8192	CLMUL_TRI	1026.30659
create-batch-K2[ns]	58	6144	0	8192	GENERIC	12.86541
create-batch-K2-total[ms]	58	6144	0	8192	GENERIC	647.53727
create-batch-K2[ns]	58	6144	0	8192	CLMUL	8.05481
create-batch-K2-total[ms]	58	6144	0	8192	CLMUL	405.41188
create-batch-K2[ns]	58	6144	0	8192	CLMUL_TRI	14.08584
create-batch-K2-total[ms]	58	6144	0	8192	CLMUL_TRI	708.96329
create-batch-K4[ns]	58	6144	0	8192	GENERIC	14.66088
create-batch-K4-total[ms]	58	6144	0	8192	GENERIC	737.90649
create-batch-K4[ns]	58	6144	0	8192	CLMUL	5.16182
create-batch-K4-total[ms]	58	6144	0	8192	CLMUL	259.80310
create-batch-K4[ns]	58	6144	0	8192	CLMUL_TRI	13.18771
create-batch-K4-total[ms]	58	6144	0	8192	CLMUL_TRI	663.75900
create-batch-K8[ns]	58	6144	0	8192	GENERIC	15.76997
create-batch-K8-total[ms]	58	6144	0	8192	GENERIC	793.72850
create-batch-K8[ns]	58	6144	0	8192	CLMUL	4.67803
create-batch-K8-total[ms]	58	6144	0	8192	CLMUL	235.45272
create-batch-K8[ns]	58	6144	0	8192	CLMUL_TRI	5.92363
create-batch-K8-total[ms]	58	6144	0	8192	CLMUL_TRI	298.14602
create-batch-K1[ns]	58	7168	0	16	GENERIC	12.29844
create-batch-K1-total[ms]	58	7168	0	16	GENERIC	1.41048
create-batch-K1[ns]	58	7168	0	16	CLMUL	15.01701
create-batch-K1-total[ms]	58	7168	0	16	CLMUL	1.72227
create-batch-K1[ns]	58	7168	0	16	CLMUL_TRI	20.42365
create-batch-K1-total[ms]	58	7168	0	16	CLMUL_TRI	2.34235
create-batch-K2[ns]	58	7168	0	16	GENERIC	12.84521
create-batch-K2-total[ms]	58	7168	0	16	GENERIC	1.47319
create-batch-K2[ns]	58	7168	0	16	CLMUL	8.04637
create-batch-K2-total[ms]	58	7168	0	16	CLMUL	0.92282
create-batch-K2[ns]	58	7168	0	16	CLMUL_TRI	14.09896
create-batch-K2-total[ms]	58	7168	0	16	CLMUL_TRI	1.61698
create-batch-K4[ns]	58	7168	0	16	GENERIC	14.63810
create-batch-K4-total[ms]	58	7168	0	16	GENERIC	1.67881
create-batch-K4[ns]	58	7168	0	16	CLMUL	5.15741
create-batch-K4-total[ms]	58	7168	0	16	CLMUL	0.59149
create-batch-K4[ns]	58	7168	0	16	CLMUL_TRI	13.16309
create-batch-K4-total[ms]	58	7168	0	16	CLMUL_TRI	1.50965
create-batch-K8[ns]	58	7168	0	16	GENERIC	15.75451
create-batch-K8-total[ms]	58	7168	0	16	GENERIC	1.80685
create-batch-K8[ns]	58	7168	0	16	CLMUL	4.66913
create-batch-K8-total[ms]	58	7168	0	16	CLMUL	0.53549
create-batch-K8[ns]	58	7168	0	16	CLMUL_TRI	5.91525
create-batch-K8-total[ms]	58	7168	0	16	CLMUL_TRI	0.67841
create-batch-K1[ns]	58	7168	0	64	GENERIC	12.30861
create-batch-K1-total[ms]	58	7168	0	64	GENERIC	5.64660
create-batch-K1[ns]	58	7168	0	64	CLMUL	15.03291
create-batch-K1-total[ms]	58	7168	0	64	CLMUL	6.89638
create-batch-K1[ns]	58	7168	0	64	CLMUL_TRI	20.45035
create-batch-K1-total[ms]	58	7168	0	64	CLMUL_TRI	9.38164
create-batch-K2[ns]	58	7168	0	64	GENERIC	12.86110
create-batch-K2-total[ms]	58	7168	0	64	GENERIC	5.90006
create-batch-K2[ns]	58	7168	0	64	CLMUL	8.04574
create-batch-K2-total[ms]	58	7168	0	64	CLMUL	3.69100
create-batch-K2[ns]	58	7168	0	64	CLMUL_TRI	14.05572
create-batch-K2-total[ms]	58	7168	0	64	CLMUL_TRI	6.44809
create-batch-K4[ns]	58	7168	0	64	GENERIC	14.65399
create-batch-K4-total[ms]	58	7168	0	64	GENERIC	6.72255
create-batch-K4[ns]	58	7168	0	64	CLMUL	5.15550
create-batch-K4-total[ms]	58	7168	0	64	CLMUL	2.36510
create-batch-K4[ns]	58	7168	0	64	CLMUL_TRI	13.17962
create-batch-K4-total[ms]	58	7168	0	64	CLMUL_TRI	6.04618
create-batch-K8[ns]	58	7168	0	64	GENERIC	15.77359
create-batch-K8-total[ms]	58	7168	0	64	GENERIC	7.23616
create-batch-K8[ns]	58	7168	0	64	CLMUL	4.67041
create-batch-K8-total[ms]	58	7168	0	64	CLMUL	2.14256
create-batch-K8[ns]	58	7168	0	64	CLMUL_TRI	5.91398
create-batch-K8-total[ms]	58	7168	0	64	CLMUL_TRI	2.71305
create-batch-K1[ns]	58	7168	0	128	GENERIC	12.31338
create-batch-K1-total[ms]	58	7168	0	128	GENERIC	11.29758
create-batch-K1[ns]	58	7168	0	128	CLMUL	15.03291
create-batch-K1-total[ms]	58	7168	0	128	CLMUL	13.79275
create-batch-K1[ns]	58	7168	0	128	CLMUL_TRI	20.45544
create-batch-K1-total[ms]	58	7168	0	128	CLMUL_TRI	18.76795
create-batch-K2[ns]	58	7168	0	128	GENERIC	12.86428
create-batch-K2-total[ms]	58	7168	0	128	GENERIC	11.80303
create-batch-K2[ns]	58	7168	0	128	CLMUL	8.05051
create-batch-K2-total[ms]	58	7168	0	128	CLMUL	7.38637
create-batch-K2[ns]	58	7168	0	128	CLMUL_TRI	14.08624
create-batch-K2-total[ms]	58	7168	0	128	CLMUL_TRI	12.92418
create-batch-K4[ns]	58	7168	0	128	GENERIC	14.65494
create-batch-K4-total[ms]	58	7168	0	128	GENERIC	13.44597
create-batch-K4[ns]	58	7168	0	128	CLMUL	5.16091
create-batch-K4-total[ms]	58	7168	0	128	CLMUL	4.73515
create-batch-K4[ns]	58	7168	0	128	CLMUL_TRI	13.18344
create-batch-K4-total[ms]	58	7168	0	128	CLMUL_TRI	12.09586
create-batch-K8[ns]	58	7168	0	128	GENERIC	15.77454
create-batch-K8-total[ms]	58	7168	0	128	GENERIC	14.47320
create-batch-K8[ns]	58	7168	0	128	CLMUL	4.67517
create-batch-K8-total[ms]	58	7168	0	128	CLMUL	4.28949
create-batch-K8[ns]	58	7168	0	128	CLMUL_TRI	5.92161
create-batch-K8-total[ms]	58	7168	0	128	CLMUL_TRI	5.43310
create-batch-K1[ns]	58	7168	0	512	GENERIC	12.31640
create-batch-K1-total[ms]	58	7168	0	512	GENERIC	45.20138
create-batch-K1[ns]	58	7168	0	512	CLMUL	15.03490
create-batch-K1-total[ms]	58	7168	0	512	CLMUL	55.17831
create-batch-K1[ns]	58	7168	0	512	CLMUL_TRI	20.45726
create-batch-K1-total[ms]	58	7168	0	512	CLMUL_TRI	75.07849
create-batch-K2[ns]	58	7168	0	512	GENERIC	12.84902
create-batch-K2-total[ms]	58	7168	0	512	GENERIC	47.15611
create-batch-K2[ns]	58	7168	0	512	CLMUL	8.05249
create-batch-K2-total[ms]	58	7168	0	512	CLMUL	29.55278
create-batch-K2[ns]	58	7168	0	512	CLMUL_TRI	14.09617
create-batch-K2-total[ms]	58	7168	0	512	CLMUL_TRI	51.73318
create-batch-K4[ns]	58	7168	0	512	GENERIC	14.65661
create-batch-K4-total[ms]	58	7168	0	512	GENERIC	53.78999
create-batch-K4[ns]	58	7168	0	512	CLMUL	5.16242
create-batch-K4-total[ms]	58	7168	0	512	CLMUL	18.94615
create-batch-K4[ns]	58	7168	0	512	CLMUL_TRI	13.18161
create-batch-K4-total[ms]	58	7168	0	512	CLMUL_TRI	48.37672
create-batch-K8[ns]	58	7168	0	512	GENERIC	15.77692
create-batch-K8-total[ms]	58	7168	0	512	GENERIC	57.90157
create-batch-K8[ns]	58	7168	0	512	CLMUL	4.67557
create-batch-K8-total[ms]	58	7168	0	512	CLMUL	17.15942
create-batch-K8[ns]	58	7168	0	512	CLMUL_TRI	5.92145
create-batch-K8-total[ms]	58	7168	0	512	CLMUL_TRI	21.73183
create-batch-K1[ns]	58	7168	0	1024	GENERIC	12.31668
create-batch-K1-total[ms]	58	7168	0	1024	GENERIC	90.40481
create-batch-K1[ns]	58	7168	0	1024	CLMUL	15.03601
create-batch-K1-total[ms]	58	7168	0	1024	CLMUL	110.36478
create-batch-K1[ns]	58	7168	0	1024	CLMUL_TRI	20.45862
create-batch-K1-total[ms]	58	7168	0	1024	CLMUL_TRI	150.16689
create-batch-K2[ns]	58	7168	0	1024	GENERIC	12.86635
create-batch-K2-total[ms]	58	7168	0	1024	GENERIC	94.43939
create-batch-K2[ns]	58	7168	0	1024	CLMUL	8.05730
create-batch-K2-total[ms]	58	7168	0	1024	CLMUL	59.14084
create-batch-K2[ns]	58	7168	0	1024	CLMUL_TRI	14.11779
create-batch-K2-total[ms]	58	7168	0	1024	CLMUL_TRI	103.62503
create-batch-K4[ns]	58	7168	0	1024	GENERIC	14.65999
create-batch-K4-total[ms]	58	7168	0	1024	GENERIC	107.60477
create-batch-K4[ns]	58	7168	0	1024	CLMUL	5.16111
create-batch-K4-total[ms]	58	7168	0	1024	CLMUL	37.88268
create-batch-K4[ns]	58	7168	0	1024	CLMUL_TRI	13.18153
create-batch-K4-total[ms]	58	7168	0	1024	CLMUL_TRI	96.75286
create-batch-K8[ns]	58	7168	0	1024	GENERIC	15.77530
create-batch-K8-total[ms]	58	7168	0	1024	GENERIC	115.79117
create-batch-K8[ns]	58	7168	0	1024	CLMUL	4.67621
create-batch-K8-total[ms]	58	7168	0	1024	CLMUL	34.32351
create-batch-K8[ns]	58	7168	0	1024	CLMUL_TRI	5.92066
create-batch-K8-total[ms]	58	7168	0	1024	CLMUL_TRI	43.45782
create-batch-K1[ns]	58	7168	0	2048	GENERIC	12.30859
create-batch-K1-total[ms]	58	7168	0	2048	GENERIC	180.69091
create-batch-K1[ns]	58	7168	0	2048	CLMUL	15.03239
create-batch-K1-total[ms]	58	7168	0	2048	CLMUL	220.67648
create-batch-K1[ns]	58	7168	0	2048	CLMUL_TRI	20.45899
create-batch-K1-total[ms]	58	7168	0	2048	CLMUL_TRI	300.33933
create-batch-K2[ns]	58	7168	0	2048	GENERIC	12.86591
create-batch-K2-total[ms]	58	7168	0	2048	GENERIC	188.87235
create-batch-K2[ns]	58	7168	0	2048	CLMUL	8.05454
create-batch-K2-total[ms]	58	7168	0	2048	CLMUL	118.24115
create-batch-K2[ns]	58	7168	0	2048	CLMUL_TRI	14.08622
create-batch-K2-total[ms]	58	7168	0	2048	CLMUL_TRI	206.78660
create-batch-K4[ns]	58	7168	0	2048	GENERIC	14.65659
create-batch-K4-total[ms]	58	7168	0	2048	GENERIC	215.15967
create-batch-K4[ns]	58	7168	0	2048	CLMUL	5.16188
create-batch-K4-total[ms]	58	7168	0	2048	CLMUL	75.77673
create-batch-K4[ns]	58	7168	0	2048	CLMUL_TRI	13.18362
create-batch-K4-total[ms]	58	7168	0	2048	CLMUL_TRI	193.53634
create-batch-K8[ns]	58	7168	0	2048	GENERIC	15.77436
create-batch-K8-total[ms]	58	7168	0	2048	GENERIC	231.56864
create-batch-K8[ns]	58	7168	0	2048	CLMUL	4.67482
create-batch-K8-total[ms]	58	7168	0	2048	CLMUL	68.62661
create-batch-K8[ns]	58	7168	0	2048	CLMUL_TRI	5.92115
create-batch-K8-total[ms]	58	7168	0	2048	CLMUL_TRI	86.92293
create-batch-K1[ns]	58	7168	0	4096	GENERIC	12.31439
create-batch-K1-total[ms]	58	7168	0	4096	GENERIC	361.55215
create-batch-K1[ns]	58	7168	0	4096	CLMUL	15.03347
create-batch-K1-total[ms]	58	7168	0	4096	CLMUL	441.38475
create-batch-K1[ns]	58	7168	0	4096	CLMUL_TRI	20.45974
create-batch-K1-total[ms]	58	7168	0	4096	CLMUL_TRI	600.70053
create-batch-K2[ns]	58	7168	0	4096	GENERIC	12.86625
create-batch-K2-total[ms]	58	7168	0	4096	GENERIC	377.75462
create-batch-K2[ns]	58	7168	0	4096	CLMUL	8.05443
create-batch-K2-total[ms]	58	7168	0	4096	CLMUL	236.47908
create-batch-K2[ns]	58	7168	0	4096	CLMUL_TRI	14.05364
create-batch-K2-total[ms]	58	7168	0	4096	CLMUL_TRI	412.61654
create-batch-K4[ns]	58	7168	0	4096	GENERIC	14.65760
create-batch-K4-total[ms]	58	7168	0	4096	GENERIC	430.34909
create-batch-K4[ns]	58	7168	0	4096	CLMUL	5.16065
create-batch-K4-total[ms]	58	7168	0	4096	CLMUL	151.51729
create-batch-K4[ns]	58	7168	0	4096	CLMUL_TRI	13.18569
create-batch-K4-total[ms]	58	7168	0	4096	CLMUL_TRI	387.13364
create-batch-K8[ns]	58	7168	0	4096	GENERIC	15.76729
create-batch-K8-total[ms]	58	7168	0	4096	GENERIC	462.92962
create-batch-K8[ns]	58	7168	0	4096	CLMUL	4.67497
create-batch-K8-total[ms]	58	7168	0	4096	CLMUL	137.25759
create-batch-K8[ns]	58	7168	0	4096	CLMUL_TRI	5.92151
create-batch-K8-total[ms]	58	7168	0	4096	CLMUL_TRI	173.85636
create-batch-K1[ns]	58	7168	0	8192	GENERIC	12.31408
create-batch-K1-total[ms]	58	7168	0	8192	GENERIC	723.08592
create-batch-K1[ns]	58	7168	0	8192	CLMUL	15.03642
create-batch-K1-total[ms]	58	7168	0	8192	CLMUL	882.94216
create-batch-K1[ns]	58	7168	0	8192	CLMUL_TRI	20.45793
create-batch-K1-total[ms]	58	7168	0	8192	CLMUL_TRI	1201.29461
create-batch-K2[ns]	58	7168	0	8192	GENERIC	12.86145
create-batch-K2-total[ms]	58	7168	0	8192	GENERIC	755.22750
create-batch-K2[ns]	58	7168	0	8192	CLMUL	8.05892
create-batch-K2-total[ms]	58	7168	0	8192	CLMUL	473.22212
create-batch-K2[ns]	58	7168	0	8192	CLMUL_TRI	14.15309
create-batch-K2-total[ms]	58	7168	0	8192	CLMUL_TRI	831.07306
create-batch-K4[ns]	58	7168	0	8192	GENERIC	14.65902
create-batch-K4-total[ms]	58	7168	0	8192	GENERIC	860.78159
create-batch-K4[ns]	58	7168	0	8192	CLMUL	5.16230
create-batch-K4-total[ms]	58	7168	0	8192	CLMUL	303.13142
create-batch-K4[ns]	58	7168	0	8192	CLMUL_TRI	13.18719
create-batch-K4-total[ms]	58	7168	0	8192	CLMUL_TRI	774.35506
create-batch-K8[ns]	58	7168	0	8192	GENERIC	15.77683
create-batch-K8-total[ms]	58	7168	0	8192	GENERIC	926.41923
create-batch-K8[ns]	58	7168	0	8192	CLMUL	4.67465
create-batch-K8-total[ms]	58	7168	0	8192	CLMUL	274.49651
create-batch-K8[ns]	58	7168	0	8192	CLMUL_TRI	5.92182
create-batch-K8-total[ms]	58	7168	0	8192	CLMUL_TRI	347.73052
create-batch-K1[ns]	58	8192	0	16	GENERIC	12.29653
create-batch-K1-total[ms]	58	8192	0	16	GENERIC	1.61173
create-batch-K1[ns]	58	8192	0	16	CLMUL	15.01797
create-batch-K1-total[ms]	58	8192	0	16	CLMUL	1.96844
create-batch-K1[ns]	58	8192	0	16	CLMUL_TRI	20.43858
create-batch-K1-total[ms]	58	8192	0	16	CLMUL_TRI	2.67893
create-batch-K2[ns]	58	8192	0	16	GENERIC	12.84393
create-batch-K2-total[ms]	58	8192	0	16	GENERIC	1.68348
create-batch-K2[ns]	58	8192	0	16	CLMUL	8.05082
create-batch-K2-total[ms]	58	8192	0	16	CLMUL	1.05524
create-batch-K2[ns]	58	8192	0	16	CLMUL_TRI	14.14123
create-batch-K2-total[ms]	58	8192	0	16	CLMUL_TRI	1.85352
create-batch-K4[ns]	58	8192	0	16	GENERIC	14.62856
create-batch-K4-total[ms]	58	8192	0	16	GENERIC	1.91739
create-batch-K4[ns]	58	8192	0	16	CLMUL	5.16027
create-batch-K4-total[ms]	58	8192	0	16	CLMUL	0.67637
create-batch-K4[ns]	58	8192	0	16	CLMUL_TRI	13.17772
create-batch-K4-total[ms]	58	8192	0	16	CLMUL_TRI	1.72723
create-batch-K8[ns]	58	8192	0	16	GENERIC	15.76119
create-batch-K8-total[ms]	58	8192	0	16	GENERIC	2.06585
create-batch-K8[ns]	58	8192	0	16	CLMUL	4.67072
create-batch-K8-total[ms]	58	8192	0	16	CLMUL	0.61220
create-batch-K8[ns]	58	8192	0	16	CLMUL_TRI	5.91685
create-batch-K8-total[ms]	58	8192	0	16	CLMUL_TRI	0.77553
create-batch-K1[ns]	58	8192	0	64	GENERIC	12.30043
create-batch-K1-total[ms]	58	8192	0	64	GENERIC	6.44897
create-batch-K1[ns]	58	8192	0	64	CLMUL	15.02909
create-batch-K1-total[ms]	58	8192	0	64	CLMUL	7.87957
create-batch-K1[ns]	58	8192	0	64	CLMUL_TRI	20.44971
create-batch-K1-total[ms]	58	8192	0	64	CLMUL_TRI	10.72154
create-batch-K2[ns]	58	8192	0	64	GENERIC	12.85283
create-batch-K2-total[ms]	58	8192	0	64	GENERIC	6.73859
create-batch-K2[ns]	58	8192	0	64	CLMUL	8.05527
create-batch-K2-total[ms]	58	8192	0	64	CLMUL	4.22328
create-batch-K2[ns]	58	8192	0	64	CLMUL_TRI	14.14457
create-batch-K2-total[ms]	58	8192	0	64	CLMUL_TRI	7.41583
create-batch-K4[ns]	58	8192	0	64	GENERIC	14.64970
create-batch-K4-total[ms]	58	8192	0	64	GENERIC	7.68066
create-batch-K4[ns]	58	8192	0	64	CLMUL	5.15916
create-batch-K4-total[ms]	58	8192	0	64	CLMUL	2.70488
create-batch-K4[ns]	58	8192	0	64	CLMUL_TRI	13.18272
create-batch-K4-total[ms]	58	8192	0	64	CLMUL_TRI	6.91154
create-batch-K8[ns]	58	8192	0	64	GENERIC	15.77621
create-batch-K8-total[ms]	58	8192	0	64	GENERIC	8.27128
create-batch-K8[ns]	58	8192	0	64	CLMUL	4.66961
create-batch-K8-total[ms]	58	8192	0	64	CLMUL	2.44822
create-batch-K8[ns]	58	8192	0	64	CLMUL_TRI	5.91517
create-batch-K8-total[ms]	58	8192	0	64	CLMUL_TRI	3.10125
create-batch-K1[ns]	58	8192	0	128	GENERIC	12.30321
create-batch-K1-total[ms]	58	8192	0	128	GENERIC	12.90085
create-batch-K1[ns]	58	8192	0	128	CLMUL	15.03160
create-batch-K1-total[ms]	58	8192	0	128	CLMUL	15.76177
create-batch-K1[ns]	58	8192	0	128	CLMUL_TRI	20.45667
create-batch-K1-total[ms]	58	8192	0	128	CLMUL_TRI	21.45037
create-batch-K2[ns]	58	8192	0	128	GENERIC	12.85228
create-batch-K2-total[ms]	58	8192	0	128	GENERIC	13.47659
create-batch-K2[ns]	58	8192	0	128	CLMUL	8.05500
create-batch-K2-total[ms]	58	8192	0	128	CLMUL	8.44628
create-batch-K2[ns]	58	8192	0	128	CLMUL_TRI	14.13984
create-batch-K2-total[ms]	58	8192	0	128	CLMUL_TRI	14.82670
create-batch-K4[ns]	58	8192	0	128	GENERIC	14.65025
create-batch-K4-total[ms]	58	8192	0	128	GENERIC	15.36190
create-batch-K4[ns]	58	8192	0	128	CLMUL	5.16111
create-batch-K4-total[ms]	58	8192	0	128	CLMUL	5.41181
create-batch-K4[ns]	58	8192	0	128	CLMUL_TRI	13.17104
create-batch-K4-total[ms]	58	8192	0	128	CLMUL_TRI	13.81084
create-batch-K8[ns]	58	8192	0	128	GENERIC	15.77454
create-batch-K8-total[ms]	58	8192	0	128	GENERIC	16.54080
create-batch-K8[ns]	58	8192	0	128	CLMUL	4.67434
create-batch-K8-total[ms]	58	8192	0	128	CLMUL	4.90140
create-batch-K8[ns]	58	8192	0	128	CLMUL_TRI	5.91796
create-batch-K8-total[ms]	58	8192	0	128	CLMUL_TRI	6.20543
create-batch-K1[ns]	58	8192	0	512	GENERIC	12.30912
create-batch-K1-total[ms]	58	8192	0	512	GENERIC	51.62818
create-batch-K1[ns]	58	8192	0	512	CLMUL	15.03494
create-batch-K1-total[ms]	58	8192	0	512	CLMUL	63.06109
create-batch-K1[ns]	58	8192	0	512	CLMUL_TRI	20.45952
create-batch-K1-total[ms]	58	8192	0	512	CLMUL_TRI	85.81345
create-batch-K2[ns]	58	8192	0	512	GENERIC	12.85749
create-batch-K2-total[ms]	58	8192	0	512	GENERIC	53.92824
create-batch-K2[ns]	58	8192	0	512	CLMUL	8.05312
create-batch-K2-total[ms]	58	8192	0	512	CLMUL	33.77723
create-batch-K2[ns]	58	8192	0	512	CLMUL_TRI	14.02601
create-batch-K2-total[ms]	58	8192	0	512	CLMUL_TRI	58.82935
create-batch-K4[ns]	58	8192	0	512	GENERIC	14.65164
create-batch-K4-total[ms]	58	8192	0	512	GENERIC	61.45344
create-batch-K4[ns]	58	8192	0	512	CLMUL	5.15930
create-batch-K4-total[ms]	58	8192	0	512	CLMUL	21.63966
create-batch-K4[ns]	58	8192	0	512	CLMUL_TRI	13.18349
create-batch-K4-total[ms]	58	8192	0	512	CLMUL_TRI	55.29556
create-batch-K8[ns]	58	8192	0	512	GENERIC	15.77065
create-batch-K8-total[ms]	58	8192	0	512	GENERIC	66.14688
create-batch-K8[ns]	58	8192	0	512	CLMUL	4.67330
create-batch-K8-total[ms]	58	8192	0	512	CLMUL	19.60123
create-batch-K8[ns]	58	8192	0	512	CLMUL_TRI	5.91949
create-batch-K8-total[ms]	58	8192	0	512	CLMUL_TRI	24.82812
create-batch-K1[ns]	58	8192	0	1024	GENERIC	12.30794
create-batch-K1-total[ms]	58	8192	0	1024	GENERIC	103.24645
create-batch-K1[ns]	58	8192	0	1024	CLMUL	15.03407
create-batch-K1-total[ms]	58	8192	0	1024	CLMUL	126.11489
create-batch-K1[ns]	58	8192	0	1024	CLMUL_TRI	20.45879
create-batch-K1-total[ms]	58	8192	0	1024	CLMUL_TRI	171.62077
create-batch-K2[ns]	58	8192	0	1024	GENERIC	12.85656
create-batch-K2-total[ms]	58	8192	0	1024	GENERIC	107.84860
create-batch-K2[ns]	58	8192	0	1024	CLMUL	8.05465
create-batch-K2-total[ms]	58	8192	0	1024	CLMUL	67.56728
create-batch-K2[ns]	58	8192	0	1024	CLMUL_TRI	14.12350
create-batch-K2-total[ms]	58	8192	0	1024	CLMUL_TRI	118.47652
create-batch-K4[ns]	58	8192	0	1024	GENERIC	14.65105
create-batch-K4-total[ms]	58	8192	0	1024	GENERIC	122.90192
create-batch-K4[ns]	58	8192	0	1024	CLMUL	5.16048
create-batch-K4-total[ms]	58	8192	0	1024	CLMUL	43.28924
create-batch-K4[ns]	58	8192	0	1024	CLMUL_TRI	13.18644
create-batch-K4-total[ms]	58	8192	0	1024	CLMUL_TRI	110.61590
create-batch-K8[ns]	58	8192	0	1024	GENERIC	15.77517
create-batch-K8-total[ms]	58	8192	0	1024	GENERIC	132.33169
create-batch-K8[ns]	58	8192	0	1024	CLMUL	4.67364
create-batch-K8-total[ms]	58	8192	0	1024	CLMUL	39.20537
create-batch-K8[ns]	58	8192	0	1024	CLMUL_TRI	5.92029
create-batch-K8-total[ms]	58	8192	0	1024	CLMUL_TRI	49.66296
create-batch-K1[ns]	58	8192	0	2048	GENERIC	12.30861
create-batch-K1-total[ms]	58	8192	0	2048	GENERIC	206.50427
create-batch-K1[ns]	58	8192	0	2048	CLMUL	15.03328
create-batch-K1-total[ms]	58	8192	0	2048	CLMUL	252.21665
create-batch-K1[ns]	58	8192	0	2048	CLMUL_TRI	20.45780
create-batch-K1-total[ms]	58	8192	0	2048	CLMUL_TRI	343.22491
create-batch-K2[ns]	58	8192	0	2048	GENERIC	12.85925
create-batch-K2-total[ms]	58	8192	0	2048	GENERIC	215.74241
create-batch-K2[ns]	58	8192	0	2048	CLMUL	8.05484
create-batch-K2-total[ms]	58	8192	0	2048	CLMUL	135.13778
create-batch-K2[ns]	58	8192	0	2048	CLMUL_TRI	14.08094
create-batch-K2-total[ms]	58	8192	0	2048	CLMUL_TRI	236.23904
create-batch-K4[ns]	58	8192	0	2048	GENERIC	14.65248
create-batch-K4-total[ms]	58	8192	0	2048	GENERIC	245.82776
create-batch-K4[ns]	58	8192	0	2048	CLMUL	5.15878
create-batch-K4-total[ms]	58	8192	0	2048	CLMUL	86.54989
create-batch-K4[ns]	58	8192	0	2048	CLMUL_TRI	13.18248
create-batch-K4-total[ms]	58	8192	0	2048	CLMUL_TRI	221.16531
create-batch-K8[ns]	58	8192	0	2048	GENERIC	15.75556
create-batch-K8-total[ms]	58	8192	0	2048	GENERIC	264.33438
create-batch-K8[ns]	58	8192	0	2048	CLMUL	4.67453
create-batch-K8-total[ms]	58	8192	0	2048	CLMUL	78.42562
create-batch-K8[ns]	58	8192	0	2048	CLMUL_TRI	5.91886
create-batch-K8-total[ms]	58	8192	0	2048	CLMUL_TRI	99.30199
create-batch-K1[ns]	58	8192	0	4096	GENERIC	12.30874
create-batch-K1-total[ms]	58	8192	0	4096	GENERIC	413.01291
create-batch-K1[ns]	58	8192	0	4096	CLMUL	15.03503
create-batch-K1-total[ms]	58	8192	0	4096	CLMUL	504.49192
create-batch-K1[ns]	58	8192	0	4096	CLMUL_TRI	20.46036
create-batch-K1-total[ms]	58	8192	0	4096	CLMUL_TRI	686.53585
create-batch-K2[ns]	58	8192	0	4096	GENERIC	12.85945
create-batch-K2-total[ms]	58	8192	0	4096	GENERIC	431.49153
create-batch-K2[ns]	58	8192	0	4096	CLMUL	8.05261
create-batch-K2-total[ms]	58	8192	0	4096	CLMUL	270.20089
create-batch-K2[ns]	58	8192	0	4096	CLMUL_TRI	14.05466
create-batch-K2-total[ms]	58	8192	0	4096	CLMUL_TRI	471.59610
create-batch-K4[ns]	58	8192	0	4096	GENERIC	14.65255
create-batch-K4-total[ms]	58	8192	0	4096	GENERIC	491.65815
create-batch-K4[ns]	58	8192	0	4096	CLMUL	5.16101
create-batch-K4-total[ms]	58	8192	0	4096	CLMUL	173.17475
create-batch-K4[ns]	58	8192	0	4096	CLMUL_TRI	13.18676
create-batch-K4-total[ms]	58	8192	0	4096	CLMUL_TRI	442.47440
create-batch-K8[ns]	58	8192	0	4096	GENERIC	15.76465
create-batch-K8-total[ms]	58	8192	0	4096	GENERIC	528.97384
create-batch-K8[ns]	58	8192	0	4096	CLMUL	4.67375
create-batch-K8-total[ms]	58	8192	0	4096	CLMUL	156.82498
create-batch-K8[ns]	58	8192	0	4096	CLMUL_TRI	5.92180
create-batch-K8-total[ms]	58	8192	0	4096	CLMUL_TRI	198.70257
create-batch-K1[ns]	58	8192	0	8192	GENERIC	12.31199
create-batch-K1-total[ms]	58	8192	0	8192	GENERIC	826.24336
create-batch-K1[ns]	58	8192	0	8192	CLMUL	15.03418
create-batch-K1-total[ms]	58	8192	0	8192	CLMUL	1008.92654
create-batch-K1[ns]	58	8192	0	8192	CLMUL_TRI	20.46043
create-batch-K1-total[ms]	58	8192	0	8192	CLMUL_TRI	1373.07636
create-batch-K2[ns]	58	8192	0	8192	GENERIC	12.86066
create-batch-K2-total[ms]	58	8192	0	8192	GENERIC	863.06419
create-batch-K2[ns]	58	8192	0	8192	CLMUL	8.05170
create-batch-K2-total[ms]	58	8192	0	8192	CLMUL	540.34028
create-batch-K2[ns]	58	8192	0	8192	CLMUL_TRI	14.09167
create-batch-K2-total[ms]	58	8192	0	8192	CLMUL_TRI	945.67627
create-batch-K4[ns]	58	8192	0	8192	GENERIC	14.65188
create-batch-K4-total[ms]	58	8192	0	8192	GENERIC	983.27089
create-batch-K4[ns]	58	8192	0	8192	CLMUL	5.16028
create-batch-K4-total[ms]	58	8192	0	8192	CLMUL	346.30028
create-batch-K4[ns]	58	8192	0	8192	CLMUL_TRI	13.18328
create-batch-K4-total[ms]	58	8192	0	8192	CLMUL_TRI	884.71470
create-batch-K8[ns]	58	8192	0	8192	GENERIC	15.76211
create-batch-K8-total[ms]	58	8192	0	8192	GENERIC	1057.77705
create-batch-K8[ns]	58	8192	0	8192	CLMUL	4.67518
create-batch-K8-total[ms]	58	8192	0	8192	CLMUL	313.74591
create-batch-K8[ns]	58	8192	0	8192	CLMUL_TRI	5.92242
create-batch-K8-total[ms]	58	8192	0	8192	CLMUL_TRI	397.44678
create-batch-K1[ns]	64	128	0	16	GENERIC	15.09570
create-batch-K1-total[ms]	64	128	0	16	GENERIC	0.03092
create-batch-K1[ns]	64	128	0	16	CLMUL	21.64648
create-batch-K1-total[ms]	64	128	0	16	CLMUL	0.04433
create-batch-K2[ns]	64	128	0	16	GENERIC	15.66553
create-batch-K2-total[ms]	64	128	0	16	GENERIC	0.03208
create-batch-K2[ns]	64	128	0	16	CLMUL	8.11719
create-batch-K2-total[ms]	64	128	0	16	CLMUL	0.01662
create-batch-K4[ns]	64	128	0	16	GENERIC	18.37109
create-batch-K4-total[ms]	64	128	0	16	GENERIC	0.03762
create-batch-K4[ns]	64	128	0	16	CLMUL	5.98096
create-batch-K4-total[ms]	64	128	0	16	CLMUL	0.01225
create-batch-K8[ns]	64	128	0	16	GENERIC	19.08350
create-batch-K8-total[ms]	64	128	0	16	GENERIC	0.03908
create-batch-K8[ns]	64	128	0	16	CLMUL	5.41162
create-batch-K8-total[ms]	64	128	0	16	CLMUL	0.01108
create-batch-K1[ns]	64	128	0	64	GENERIC	15.09583
create-batch-K1-total[ms]	64	128	0	64	GENERIC	0.12366
create-batch-K1[ns]	64	128	0	64	CLMUL	21.64685
create-batch-K1-total[ms]	64	128	0	64	CLMUL	0.17733
create-batch-K2[ns]	64	128	0	64	GENERIC	15.62988
create-batch-K2-total[ms]	64	128	0	64	GENERIC	0.12804
create-batch-K2[ns]	64	128	0	64	CLMUL	8.15320
create-batch-K2-total[ms]	64	128	0	64	CLMUL	0.06679
create-batch-K4[ns]	64	128	0	64	GENERIC	18.40698
create-batch-K4-total[ms]	64	128	0	64	GENERIC	0.15079
create-batch-K4[ns]	64	128	0	64	CLMUL	5.98132
create-batch-K4-total[ms]	64	128	0	64	CLMUL	0.04900
create-batch-K8[ns]	64	128	0	64	GENERIC	19.11902
create-batch-K8-total[ms]	64	128	0	64	GENERIC	0.15662
create-batch-K8[ns]	64	128	0	64	CLMUL	5.30493
create-batch-K8-total[ms]	64	128	0	64	CLMUL	0.04346
create-batch-K1[ns]	64	128	0	128	GENERIC	15.09589
create-batch-K1-total[ms]	64	128	0	128	GENERIC	0.24733
create-batch-K1[ns]	64	128	0	128	CLMUL	21.66473
create-batch-K1-total[ms]	64	128	0	128	CLMUL	0.35496
create-batch-K2[ns]	64	128	0	128	GENERIC	15.62994
create-batch-K2-total[ms]	64	128	0	128	GENERIC	0.25608
create-batch-K2[ns]	64	128	0	128	CLMUL	8.15320
create-batch-K2-total[ms]	64	128	0	128	CLMUL	0.13358
create-batch-K4[ns]	64	128	0	128	GENERIC	18.40698
create-batch-K4-total[ms]	64	128	0	128	GENERIC	0.30158
create-batch-K4[ns]	64	128	0	128	CLMUL	5.98138
create-batch-K4-total[ms]	64	128	0	128	CLMUL	0.09800
create-batch-K8[ns]	64	128	0	128	GENERIC	19.11908
create-batch-K8-total[ms]	64	128	0	128	GENERIC	0.31325
create-batch-K8[ns]	64	128	0	128	CLMUL	5.32269
create-batch-K8-total[ms]	64	128	0	128	CLMUL	0.08721
create-batch-K1[ns]	64	128	0	512	GENERIC	15.10478
create-batch-K1-total[ms]	64	128	0	512	GENERIC	0.98991
create-batch-K1[ns]	64	128	0	512	CLMUL	21.66475
create-batch-K1-total[ms]	64	128	0	512	CLMUL	1.41982
create-batch-K2[ns]	64	128	0	512	GENERIC	15.62103
create-batch-K2-total[ms]	64	128	0	512	GENERIC	1.02374
create-batch-K2[ns]	64	128	0	512	CLMUL	8.15765
create-batch-K2-total[ms]	64	128	0	512	CLMUL	0.53462
create-batch-K4[ns]	64	128	0	512	GENERIC	18.36696
create-batch-K4-total[ms]	64	128	0	512	GENERIC	1.20370
create-batch-K4[ns]	64	128	0	512	CLMUL	5.97249
create-batch-K4-total[ms]	64	128	0	512	CLMUL	0.39141
create-batch-K8[ns]	64	128	0	512	GENERIC	19.09685
create-batch-K8-total[ms]	64	128	0	512	GENERIC	1.25153
create-batch-K8[ns]	64	128	0	512	CLMUL	5.32272
create-batch-K8-total[ms]	64	128	0	512	CLMUL	0.34883
create-batch-K1[ns]	64	128	0	1024	GENERIC	15.10479
create-batch-K1-total[ms]	64	128	0	1024	GENERIC	1.97981
create-batch-K1[ns]	64	128	0	1024	CLMUL	21.66696
create-batch-K1-total[ms]	64	128	0	1024	CLMUL	2.83993
create-batch-K2[ns]	64	128	0	1024	GENERIC	15.62772
create-batch-K2-total[ms]	64	128	0	1024	GENERIC	2.04836
create-batch-K2[ns]	64	128	0	1024	CLMUL	8.15988
create-batch-K2-total[ms]	64	128	0	1024	CLMUL	1.06953
create-batch-K4[ns]	64	128	0	1024	GENERIC	18.38032
create-batch-K4-total[ms]	64	128	0	1024	GENERIC	2.40915
create-batch-K4[ns]	64	128	0	1024	CLMUL	5.97472
create-batch-K4-total[ms]	64	128	0	1024	CLMUL	0.78312
create-batch-K8[ns]	64	128	0	1024	GENERIC	19.10796
create-batch-K8-total[ms]	64	128	0	1024	GENERIC	2.50452
create-batch-K8[ns]	64	128	0	1024	CLMUL	5.32050
create-batch-K8-total[ms]	64	128	0	1024	CLMUL	0.69737
create-batch-K1[ns]	64	128	0	2048	GENERIC	15.12482
create-batch-K1-total[ms]	64	128	0	2048	GENERIC	3.96488
create-batch-K1[ns]	64	128	0	2048	CLMUL	21.68477
create-batch-K1-total[ms]	64	128	0	2048	CLMUL	5.68453
create-batch-K2[ns]	64	128	0	2048	GENERIC	15.64886
create-batch-K2-total[ms]	64	128	0	2048	GENERIC	4.10225
create-batch-K2[ns]	64	128	0	2048	CLMUL	8.15877
create-batch-K2-total[ms]	64	128	0	2048	CLMUL	2.13877
create-batch-K4[ns]	64	128	0	2048	GENERIC	18.39812
create-batch-K4-total[ms]	64	128	0	2048	GENERIC	4.82296
create-batch-K4[ns]	64	128	0	2048	CLMUL	5.97694
create-batch-K4-total[ms]	64	128	0	2048	CLMUL	1.56682
create-batch-K8[ns]	64	128	0	2048	GENERIC	19.12799
create-batch-K8-total[ms]	64	128	0	2048	GENERIC	5.01429
create-batch-K8[ns]	64	128	0	2048	CLMUL	5.32161
create-batch-K8-total[ms]	64	128	0	2048	CLMUL	1.39503
create-batch-K1[ns]	64	128	0	4096	GENERIC	15.12538
create-batch-K1-total[ms]	64	128	0	4096	GENERIC	7.93005
create-batch-K1[ns]	64	128	0	4096	CLMUL	21.69089
create-batch-K1-total[ms]	64	128	0	4096	CLMUL	11.37227
create-batch-K2[ns]	64	128	0	4096	GENERIC	15.64830
create-batch-K2-total[ms]	64	128	0	4096	GENERIC	8.20422
create-batch-K2[ns]	64	128	0	4096	CLMUL	8.16823
create-batch-K2-total[ms]	64	128	0	4096	CLMUL	4.28250
create-batch-K4[ns]	64	128	0	4096	GENERIC	18.40034
create-batch-K4-total[ms]	64	128	0	4096	GENERIC	9.64708
create-batch-K4[ns]	64	128	0	4096	CLMUL	5.97583
create-batch-K4-total[ms]	64	128	0	4096	CLMUL	3.13306
create-batch-K8[ns]	64	128	0	4096	GENERIC	19.13189
create-batch-K8-total[ms]	64	128	0	4096	GENERIC	10.03062
create-batch-K8[ns]	64	128	0	4096	CLMUL	5.32161
create-batch-K8-total[ms]	64	128	0	4096	CLMUL	2.79006
create-batch-K1[ns]	64	128	0	8192	GENERIC	15.12621
create-batch-K1-total[ms]	64	128	0	8192	GENERIC	15.86098
create-batch-K1[ns]	64	128	0	8192	CLMUL	21.69339
create-batch-K1-total[ms]	64	128	0	8192	CLMUL	22.74717
create-batch-K2[ns]	64	128	0	8192	GENERIC	15.64719
create-batch-K2-total[ms]	64	128	0	8192	GENERIC	16.40727
create-batch-K2[ns]	64	128	0	8192	CLMUL	8.16767
create-batch-K2-total[ms]	64	128	0	8192	CLMUL	8.56442
create-batch-K4[ns]	64	128	0	8192	GENERIC	18.39840
create-batch-K4-total[ms]	64	128	0	8192	GENERIC	19.29212
create-batch-K4[ns]	64	128	0	8192	CLMUL	5.98111
create-batch-K4-total[ms]	64	128	0	8192	CLMUL	6.27165
create-batch-K8[ns]	64	128	0	8192	GENERIC	19.13578
create-batch-K8-total[ms]	64	128	0	8192	GENERIC	20.06532
create-batch-K8[ns]	64	128	0	8192	CLMUL	5.32745
create-batch-K8-total[ms]	64	128	0	8192	CLMUL	5.58624
create-batch-K1[ns]	64	256	0	16	GENERIC	13.95654
create-batch-K1-total[ms]	64	256	0	16	GENERIC	0.05717
create-batch-K1[ns]	64	256	0	16	CLMUL	21.64673
create-batch-K1-total[ms]	64	256	0	16	CLMUL	0.08867
create-batch-K2[ns]	64	256	0	16	GENERIC	14.45483
create-batch-K2-total[ms]	64	256	0	16	GENERIC	0.05921
create-batch-K2[ns]	64	256	0	16	CLMUL	8.11743
create-batch-K2-total[ms]	64	256	0	16	CLMUL	0.03325
create-batch-K4[ns]	64	256	0	16	GENERIC	17.23218
create-batch-K4-total[ms]	64	256	0	16	GENERIC	0.07058
create-batch-K4[ns]	64	256	0	16	CLMUL	5.98120
create-batch-K4-total[ms]	64	256	0	16	CLMUL	0.02450
create-batch-K8[ns]	64	256	0	16	GENERIC	18.01538
create-batch-K8-total[ms]	64	256	0	16	GENERIC	0.07379
create-batch-K8[ns]	64	256	0	16	CLMUL	5.26929
create-batch-K8-total[ms]	64	256	0	16	CLMUL	0.02158
create-batch-K1[ns]	64	256	0	64	GENERIC	13.93878
create-batch-K1-total[ms]	64	256	0	64	GENERIC	0.22837
create-batch-K1[ns]	64	256	0	64	CLMUL	21.66473
create-batch-K1-total[ms]	64	256	0	64	CLMUL	0.35496
create-batch-K2[ns]	64	256	0	64	GENERIC	14.47284
create-batch-K2-total[ms]	64	256	0	64	GENERIC	0.23712
create-batch-K2[ns]	64	256	0	64	CLMUL	8.09979
create-batch-K2-total[ms]	64	256	0	64	CLMUL	0.13271
create-batch-K4[ns]	64	256	0	64	GENERIC	17.24994
create-batch-K4-total[ms]	64	256	0	64	GENERIC	0.28262
create-batch-K4[ns]	64	256	0	64	CLMUL	5.92798
create-batch-K4-total[ms]	64	256	0	64	CLMUL	0.09712
create-batch-K8[ns]	64	256	0	64	GENERIC	18.01538
create-batch-K8-total[ms]	64	256	0	64	GENERIC	0.29516
create-batch-K8[ns]	64	256	0	64	CLMUL	5.26929
create-batch-K8-total[ms]	64	256	0	64	CLMUL	0.08633
create-batch-K1[ns]	64	256	0	128	GENERIC	13.93878
create-batch-K1-total[ms]	64	256	0	128	GENERIC	0.45675
create-batch-K1[ns]	64	256	0	128	CLMUL	21.66473
create-batch-K1-total[ms]	64	256	0	128	CLMUL	0.70991
create-batch-K2[ns]	64	256	0	128	GENERIC	14.48172
create-batch-K2-total[ms]	64	256	0	128	GENERIC	0.47454
create-batch-K2[ns]	64	256	0	128	CLMUL	8.10870
create-batch-K2-total[ms]	64	256	0	128	CLMUL	0.26571
create-batch-K4[ns]	64	256	0	128	GENERIC	17.24991
create-batch-K4-total[ms]	64	256	0	128	GENERIC	0.56524
create-batch-K4[ns]	64	256	0	128	CLMUL	5.93689
create-batch-K4-total[ms]	64	256	0	128	CLMUL	0.19454
create-batch-K8[ns]	64	256	0	128	GENERIC	18.00647
create-batch-K8-total[ms]	64	256	0	128	GENERIC	0.59004
create-batch-K8[ns]	64	256	0	128	CLMUL	5.26932
create-batch-K8-total[ms]	64	256	0	128	CLMUL	0.17266
create-batch-K1[ns]	64	256	0	512	GENERIC	13.94323
create-batch-K1-total[ms]	64	256	0	512	GENERIC	1.82757
create-batch-K1[ns]	64	256	0	512	CLMUL	21.66919
create-batch-K1-total[ms]	64	256	0	512	CLMUL	2.84022
create-batch-K2[ns]	64	256	0	512	GENERIC	14.48173
create-batch-K2-total[ms]	64	256	0	512	GENERIC	1.89815
create-batch-K2[ns]	64	256	0	512	CLMUL	8.10648
create-batch-K2-total[ms]	64	256	0	512	CLMUL	1.06253
create-batch-K4[ns]	64	256	0	512	GENERIC	17.24323
create-batch-K4-total[ms]	64	256	0	512	GENERIC	2.26010
create-batch-K4[ns]	64	256	0	512	CLMUL	5.93243
create-batch-K4-total[ms]	64	256	0	512	CLMUL	0.77758
create-batch-K8[ns]	64	256	0	512	GENERIC	17.98868
create-batch-K8-total[ms]	64	256	0	512	GENERIC	2.35781
create-batch-K8[ns]	64	256	0	512	CLMUL	5.26932
create-batch-K8-total[ms]	64	256	0	512	CLMUL	0.69066
create-batch-K1[ns]	64	256	0	1024	GENERIC	13.96103
create-batch-K1-total[ms]	64	256	0	1024	GENERIC	3.65980
create-batch-K1[ns]	64	256	0	1024	CLMUL	21.68477
create-batch-K1-total[ms]	64	256	0	1024	CLMUL	5.68453
create-batch-K2[ns]	64	256	0	1024	GENERIC	14.49842
create-batch-K2-total[ms]	64	256	0	1024	GENERIC	3.80067
create-batch-K2[ns]	64	256	0	1024	CLMUL	8.10759
create-batch-K2-total[ms]	64	256	0	1024	CLMUL	2.12536
create-batch-K4[ns]	64	256	0	1024	GENERIC	17.26437
create-batch-K4-total[ms]	64	256	0	1024	GENERIC	4.52575
create-batch-K4[ns]	64	256	0	1024	CLMUL	5.93244
create-batch-K4-total[ms]	64	256	0	1024	CLMUL	1.55515
create-batch-K8[ns]	64	256	0	1024	GENERIC	18.01315
create-batch-K8-total[ms]	64	256	0	1024	GENERIC	4.72204
create-batch-K8[ns]	64	256	0	1024	CLMUL	5.27044
create-batch-K8-total[ms]	64	256	0	1024	CLMUL	1.38161
create-batch-K1[ns]	64	256	0	2048	GENERIC	13.95157
create-batch-K1-total[ms]	64	256	0	2048	GENERIC	7.31464
create-batch-K1[ns]	64	256	0	2048	CLMUL	21.68421
create-batch-K1-total[ms]	64	256	0	2048	CLMUL	11.36877
create-batch-K2[ns]	64	256	0	2048	GENERIC	14.49953
create-batch-K2-total[ms]	64	256	0	2048	GENERIC	7.60193
create-batch-K2[ns]	64	256	0	2048	CLMUL	8.11593
create-batch-K2-total[ms]	64	256	0	2048	CLMUL	4.25509
create-batch-K4[ns]	64	256	0	2048	GENERIC	17.26326
create-batch-K4-total[ms]	64	256	0	2048	GENERIC	9.05092
create-batch-K4[ns]	64	256	0	2048	CLMUL	5.93410
create-batch-K4-total[ms]	64	256	0	2048	CLMUL	3.11118
create-batch-K8[ns]	64	256	0	2048	GENERIC	18.02539
create-batch-K8-total[ms]	64	256	0	2048	GENERIC	9.45050
create-batch-K8[ns]	64	256	0	2048	CLMUL	5.27099
create-batch-K8-total[ms]	64	256	0	2048	CLMUL	2.76352
create-batch-K1[ns]	64	256	0	4096	GENERIC	13.95630
create-batch-K1-total[ms]	64	256	0	4096	GENERIC	14.63424
create-batch-K1[ns]	64	256	0	4096	CLMUL	21.69089
create-batch-K1-total[ms]	64	256	0	4096	CLMUL	22.74454
create-batch-K2[ns]	64	256	0	4096	GENERIC	14.50037
create-batch-K2-total[ms]	64	256	0	4096	GENERIC	15.20474
create-batch-K2[ns]	64	256	0	4096	CLMUL	8.11677
create-batch-K2-total[ms]	64	256	0	4096	CLMUL	8.51105
create-batch-K4[ns]	64	256	0	4096	GENERIC	17.26493
create-batch-K4-total[ms]	64	256	0	4096	GENERIC	18.10359
create-batch-K4[ns]	64	256	0	4096	CLMUL	5.93772
create-batch-K4-total[ms]	64	256	0	4096	CLMUL	6.22615
create-batch-K8[ns]	64	256	0	4096	GENERIC	18.01538
create-batch-K8-total[ms]	64	256	0	4096	GENERIC	18.89050
create-batch-K8[ns]	64	256	0	4096	CLMUL	5.27488
create-batch-K8-total[ms]	64	256	0	4096	CLMUL	5.53112
create-batch-K1[ns]	64	256	0	8192	GENERIC	13.96089
create-batch-K1-total[ms]	64	256	0	8192	GENERIC	29.27811
create-batch-K1[ns]	64	256	0	8192	CLMUL	21.69283
create-batch-K1-total[ms]	64	256	0	8192	CLMUL	45.49317
create-batch-K2[ns]	64	256	0	8192	GENERIC	14.50092
create-batch-K2-total[ms]	64	256	0	8192	GENERIC	30.41064
create-batch-K2[ns]	64	256	0	8192	CLMUL	8.11691
create-batch-K2-total[ms]	64	256	0	8192	CLMUL	17.02239
create-batch-K4[ns]	64	256	0	8192	GENERIC	17.26659
create-batch-K4-total[ms]	64	256	0	8192	GENERIC	36.21067
create-batch-K4[ns]	64	256	0	8192	CLMUL	5.94009
create-batch-K4-total[ms]	64	256	0	8192	CLMUL	12.45726
create-batch-K8[ns]	64	256	0	8192	GENERIC	18.01538
create-batch-K8-total[ms]	64	256	0	8192	GENERIC	37.78099
create-batch-K8[ns]	64	256	0	8192	CLMUL	5.27488
create-batch-K8-total[ms]	64	256	0	8192	CLMUL	11.06223
create-batch-K1[ns]	64	512	0	16	GENERIC	13.35132
create-batch-K1-total[ms]	64	512	0	16	GENERIC	0.10937
create-batch-K1[ns]	64	512	0	16	CLMUL	21.68250
create-batch-K1-total[ms]	64	512	0	16	CLMUL	0.17762
create-batch-K2[ns]	64	512	0	16	GENERIC	13.92090
create-batch-K2-total[ms]	64	512	0	16	GENERIC	0.11404
create-batch-K2[ns]	64	512	0	16	CLMUL	8.08203
create-batch-K2-total[ms]	64	512	0	16	CLMUL	0.06621
create-batch-K4[ns]	64	512	0	16	GENERIC	16.69800
create-batch-K4-total[ms]	64	512	0	16	GENERIC	0.13679
create-batch-K4[ns]	64	512	0	16	CLMUL	5.94580
create-batch-K4-total[ms]	64	512	0	16	CLMUL	0.04871
create-batch-K8[ns]	64	512	0	16	GENERIC	17.48132
create-batch-K8-total[ms]	64	512	0	16	GENERIC	0.14321
create-batch-K8[ns]	64	512	0	16	CLMUL	5.26929
create-batch-K8-total[ms]	64	512	0	16	CLMUL	0.04317
create-batch-K1[ns]	64	512	0	64	GENERIC	13.36020
create-batch-K1-total[ms]	64	512	0	64	GENERIC	0.43779
create-batch-K1[ns]	64	512	0	64	CLMUL	21.66473
create-batch-K1-total[ms]	64	512	0	64	CLMUL	0.70991
create-batch-K2[ns]	64	512	0	64	GENERIC	13.91205
create-batch-K2-total[ms]	64	512	0	64	GENERIC	0.45587
create-batch-K2[ns]	64	512	0	64	CLMUL	8.08200
create-batch-K2-total[ms]	64	512	0	64	CLMUL	0.26483
create-batch-K4[ns]	64	512	0	64	GENERIC	16.68915
create-batch-K4-total[ms]	64	512	0	64	GENERIC	0.54687
create-batch-K4[ns]	64	512	0	64	CLMUL	5.91907
create-batch-K4-total[ms]	64	512	0	64	CLMUL	0.19396
create-batch-K8[ns]	64	512	0	64	GENERIC	17.44571
create-batch-K8-total[ms]	64	512	0	64	GENERIC	0.57166
create-batch-K8[ns]	64	512	0	64	CLMUL	5.25150
create-batch-K8-total[ms]	64	512	0	64	CLMUL	0.17208
create-batch-K1[ns]	64	512	0	128	GENERIC	13.36023
create-batch-K1-total[ms]	64	512	0	128	GENERIC	0.87558
create-batch-K1[ns]	64	512	0	128	CLMUL	21.66473
create-batch-K1-total[ms]	64	512	0	128	CLMUL	1.41982
create-batch-K2[ns]	64	512	0	128	GENERIC	13.91206
create-batch-K2-total[ms]	64	512	0	128	GENERIC	0.91174
create-batch-K2[ns]	64	512	0	128	CLMUL	8.08199
create-batch-K2-total[ms]	64	512	0	128	CLMUL	0.52966
create-batch-K4[ns]	64	512	0	128	GENERIC	16.68469
create-batch-K4-total[ms]	64	512	0	128	GENERIC	1.09345
create-batch-K4[ns]	64	512	0	128	CLMUL	5.91463
create-batch-K4-total[ms]	64	512	0	128	CLMUL	0.38762
create-batch-K8[ns]	64	512	0	128	GENERIC	17.44572
create-batch-K8-total[ms]	64	512	0	128	GENERIC	1.14332
create-batch-K8[ns]	64	512	0	128	CLMUL	5.24707
create-batch-K8-total[ms]	64	512	0	128	CLMUL	0.34387
create-batch-K1[ns]	64	512	0	512	GENERIC	13.36133
create-batch-K1-total[ms]	64	512	0	512	GENERIC	3.50259
create-batch-K1[ns]	64	512	0	512	CLMUL	21.68477
create-batch-K1-total[ms]	64	512	0	512	CLMUL	5.68453
create-batch-K2[ns]	64	512	0	512	GENERIC	13.92543
create-batch-K2-total[ms]	64	512	0	512	GENERIC	3.65047
create-batch-K2[ns]	64	512	0	512	CLMUL	8.08200
create-batch-K2-total[ms]	64	512	0	512	CLMUL	2.11865
create-batch-K4[ns]	64	512	0	512	GENERIC	16.69805
create-batch-K4-total[ms]	64	512	0	512	GENERIC	4.37729
create-batch-K4[ns]	64	512	0	512	CLMUL	5.91241
create-batch-K4-total[ms]	64	512	0	512	CLMUL	1.54990
create-batch-K8[ns]	64	512	0	512	GENERIC	17.46130
create-batch-K8-total[ms]	64	512	0	512	GENERIC	4.57737
create-batch-K8[ns]	64	512	0	512	CLMUL	5.24707
create-batch-K8-total[ms]	64	512	0	512	CLMUL	1.37549
create-batch-K1[ns]	64	512	0	1024	GENERIC	13.37023
create-batch-K1-total[ms]	64	512	0	1024	GENERIC	7.00985
create-batch-K1[ns]	64	512	0	1024	CLMUL	21.68588
create-batch-K1-total[ms]	64	512	0	1024	CLMUL	11.36965
create-batch-K2[ns]	64	512	0	1024	GENERIC	13.92543
create-batch-K2-total[ms]	64	512	0	1024	GENERIC	7.30093
create-batch-K2[ns]	64	512	0	1024	CLMUL	8.08979
create-batch-K2-total[ms]	64	512	0	1024	CLMUL	4.24138
create-batch-K4[ns]	64	512	0	1024	GENERIC	16.69749
create-batch-K4-total[ms]	64	512	0	1024	GENERIC	8.75430
create-batch-K4[ns]	64	512	0	1024	CLMUL	5.91853
create-batch-K4-total[ms]	64	512	0	1024	CLMUL	3.10301
create-batch-K8[ns]	64	512	0	1024	GENERIC	17.45630
create-batch-K8-total[ms]	64	512	0	1024	GENERIC	9.15213
create-batch-K8[ns]	64	512	0	1024	CLMUL	5.24651
create-batch-K8-total[ms]	64	512	0	1024	CLMUL	2.75068
create-batch-K1[ns]	64	512	0	2048	GENERIC	13.37580
create-batch-K1-total[ms]	64	512	0	2048	GENERIC	14.02554
create-batch-K1[ns]	64	512	0	2048	CLMUL	21.68866
create-batch-K1-total[ms]	64	512	0	2048	CLMUL	22.74221
create-batch-K2[ns]	64	512	0	2048	GENERIC	13.92543
create-batch-K2-total[ms]	64	512	0	2048	GENERIC	14.60187
create-batch-K2[ns]	64	512	0	2048	CLMUL	8.09090
create-batch-K2-total[ms]	64	512	0	2048	CLMUL	8.48392
create-batch-K4[ns]	64	512	0	2048	GENERIC	16.70361
create-batch-K4-total[ms]	64	512	0	2048	GENERIC	17.51501
create-batch-K4[ns]	64	512	0	2048	CLMUL	5.92548
create-batch-K4-total[ms]	64	512	0	2048	CLMUL	6.21332
create-batch-K8[ns]	64	512	0	2048	GENERIC	17.46214
create-batch-K8-total[ms]	64	512	0	2048	GENERIC	18.31038
create-batch-K8[ns]	64	512	0	2048	CLMUL	5.25208
create-batch-K8-total[ms]	64	512	0	2048	CLMUL	5.50720
create-batch-K1[ns]	64	512	0	4096	GENERIC	13.37677
create-batch-K1-total[ms]	64	512	0	4096	GENERIC	28.05312
create-batch-K1[ns]	64	512	0	4096	CLMUL	21.69436
create-batch-K1-total[ms]	64	512	0	4096	CLMUL	45.49638
create-batch-K2[ns]	64	512	0	4096	GENERIC	13.92723
create-batch-K2-total[ms]	64	512	0	4096	GENERIC	29.20753
create-batch-K2[ns]	64	512	0	4096	CLMUL	8.09062
create-batch-K2-total[ms]	64	512	0	4096	CLMUL	16.96726
create-batch-K4[ns]	64	512	0	4096	GENERIC	16.70153
create-batch-K4-total[ms]	64	512	0	4096	GENERIC	35.02564
create-batch-K4[ns]	64	512	0	4096	CLMUL	5.92673
create-batch-K4-total[ms]	64	512	0	4096	CLMUL	12.42926
create-batch-K8[ns]	64	512	0	4096	GENERIC	17.45574
create-batch-K8-total[ms]	64	512	0	4096	GENERIC	36.60733
create-batch-K8[ns]	64	512	0	4096	CLMUL	5.25166
create-batch-K8-total[ms]	64	512	0	4096	CLMUL	11.01352
create-batch-K1[ns]	64	512	0	8192	GENERIC	13.37809
create-batch-K1-total[ms]	64	512	0	8192	GENERIC	56.11178
create-batch-K1[ns]	64	512	0	8192	CLMUL	21.69443
create-batch-K1-total[ms]	64	512	0	8192	CLMUL	90.99305
create-batch-K2[ns]	64	512	0	8192	GENERIC	13.92494
create-batch-K2-total[ms]	64	512	0	8192	GENERIC	58.40543
create-batch-K2[ns]	64	512	0	8192	CLMUL	8.09118
create-batch-K2-total[ms]	64	512	0	8192	CLMUL	33.93686
create-batch-K4[ns]	64	512	0	8192	GENERIC	16.70452
create-batch-K4-total[ms]	64	512	0	8192	GENERIC	70.06382
create-batch-K4[ns]	64	512	0	8192	CLMUL	5.92875
create-batch-K4-total[ms]	64	512	0	8192	CLMUL	24.86698
create-batch-K8[ns]	64	512	0	8192	GENERIC	17.46777
create-batch-K8-total[ms]	64	512	0	8192	GENERIC	73.26513
create-batch-K8[ns]	64	512	0	8192	CLMUL	5.25173
create-batch-K8-total[ms]	64	512	0	8192	CLMUL	22.02734
create-batch-K1[ns]	64	1024	0	16	GENERIC	13.08429
create-batch-K1-total[ms]	64	1024	0	16	GENERIC	0.21437
create-batch-K1[ns]	64	1024	0	16	CLMUL	21.66473
create-batch-K1-total[ms]	64	1024	0	16	CLMUL	0.35496
create-batch-K2[ns]	64	1024	0	16	GENERIC	13.65393
create-batch-K2-total[ms]	64	1024	0	16	GENERIC	0.22371
create-batch-K2[ns]	64	1024	0	16	CLMUL	8.06415
create-batch-K2-total[ms]	64	1024	0	16	CLMUL	0.13212
create-batch-K4[ns]	64	1024	0	16	GENERIC	16.41321
create-batch-K4-total[ms]	64	1024	0	16	GENERIC	0.26891
create-batch-K4[ns]	64	1024	0	16	CLMUL	5.92798
create-batch-K4-total[ms]	64	1024	0	16	CLMUL	0.09712
create-batch-K8[ns]	64	1024	0	16	GENERIC	17.17871
create-batch-K8-total[ms]	64	1024	0	16	GENERIC	0.28146
create-batch-K8[ns]	64	1024	0	16	CLMUL	5.25153
create-batch-K8-total[ms]	64	1024	0	16	CLMUL	0.08604
create-batch-K1[ns]	64	1024	0	64	GENERIC	13.07094
create-batch-K1-total[ms]	64	1024	0	64	GENERIC	0.85662
create-batch-K1[ns]	64	1024	0	64	CLMUL	21.66919
create-batch-K1-total[ms]	64	1024	0	64	CLMUL	1.42011
create-batch-K2[ns]	64	1024	0	64	GENERIC	13.62724
create-batch-K2-total[ms]	64	1024	0	64	GENERIC	0.89308
create-batch-K2[ns]	64	1024	0	64	CLMUL	8.06863
create-batch-K2-total[ms]	64	1024	0	64	CLMUL	0.52879
create-batch-K4[ns]	64	1024	0	64	GENERIC	16.40433
create-batch-K4-total[ms]	64	1024	0	64	GENERIC	1.07507
create-batch-K4[ns]	64	1024	0	64	CLMUL	5.91019
create-batch-K4-total[ms]	64	1024	0	64	CLMUL	0.38733
create-batch-K8[ns]	64	1024	0	64	GENERIC	17.16090
create-batch-K8-total[ms]	64	1024	0	64	GENERIC	1.12466
create-batch-K8[ns]	64	1024	0	64	CLMUL	5.23372
create-batch-K8-total[ms]	64	1024	0	64	CLMUL	0.34300
create-batch-K1[ns]	64	1024	0	128	GENERIC	13.07317
create-batch-K1-total[ms]	64	1024	0	128	GENERIC	1.71353
create-batch-K1[ns]	64	1024	0	128	CLMUL	21.66920
create-batch-K1-total[ms]	64	1024	0	128	CLMUL	2.84023
create-batch-K2[ns]	64	1024	0	128	GENERIC	13.62280
create-batch-K2-total[ms]	64	1024	0	128	GENERIC	1.78557
create-batch-K2[ns]	64	1024	0	128	CLMUL	8.06864
create-batch-K2-total[ms]	64	1024	0	128	CLMUL	1.05757
create-batch-K4[ns]	64	1024	0	128	GENERIC	16.40210
create-batch-K4-total[ms]	64	1024	0	128	GENERIC	2.14986
create-batch-K4[ns]	64	1024	0	128	CLMUL	5.90573
create-batch-K4-total[ms]	64	1024	0	128	CLMUL	0.77408
create-batch-K8[ns]	64	1024	0	128	GENERIC	17.16090
create-batch-K8-total[ms]	64	1024	0	128	GENERIC	2.24931
create-batch-K8[ns]	64	1024	0	128	CLMUL	5.23372
create-batch-K8-total[ms]	64	1024	0	128	CLMUL	0.68599
create-batch-K1[ns]	64	1024	0	512	GENERIC	13.08151
create-batch-K1-total[ms]	64	1024	0	512	GENERIC	6.85848
create-batch-K1[ns]	64	1024	0	512	CLMUL	21.68588
create-batch-K1-total[ms]	64	1024	0	512	CLMUL	11.36965
create-batch-K2[ns]	64	1024	0	512	GENERIC	13.63448
create-batch-K2-total[ms]	64	1024	0	512	GENERIC	7.14839
create-batch-K2[ns]	64	1024	0	512	CLMUL	8.07755
create-batch-K2-total[ms]	64	1024	0	512	CLMUL	4.23496
create-batch-K4[ns]	64	1024	0	512	GENERIC	16.42157
create-batch-K4-total[ms]	64	1024	0	512	GENERIC	8.60963
create-batch-K4[ns]	64	1024	0	512	CLMUL	5.90184
create-batch-K4-total[ms]	64	1024	0	512	CLMUL	3.09426
create-batch-K8[ns]	64	1024	0	512	GENERIC	17.17870
create-batch-K8-total[ms]	64	1024	0	512	GENERIC	9.00658
create-batch-K8[ns]	64	1024	0	512	CLMUL	5.23427
create-batch-K8-total[ms]	64	1024	0	512	CLMUL	2.74427
create-batch-K1[ns]	64	1024	0	1024	GENERIC	13.08429
create-batch-K1-total[ms]	64	1024	0	1024	GENERIC	13.71988
create-batch-K1[ns]	64	1024	0	1024	CLMUL	21.69339
create-batch-K1-total[ms]	64	1024	0	1024	CLMUL	22.74717
create-batch-K2[ns]	64	1024	0	1024	GENERIC	13.63670
create-batch-K2-total[ms]	64	1024	0	1024	GENERIC	14.29912
create-batch-K2[ns]	64	1024	0	1024	CLMUL	8.07755
create-batch-K2-total[ms]	64	1024	0	1024	CLMUL	8.46992
create-batch-K4[ns]	64	1024	0	1024	GENERIC	16.41573
create-batch-K4-total[ms]	64	1024	0	1024	GENERIC	17.21314
create-batch-K4[ns]	64	1024	0	1024	CLMUL	5.91630
create-batch-K4-total[ms]	64	1024	0	1024	CLMUL	6.20369
create-batch-K8[ns]	64	1024	0	1024	GENERIC	17.17870
create-batch-K8-total[ms]	64	1024	0	1024	GENERIC	18.01317
create-batch-K8[ns]	64	1024	0	1024	CLMUL	5.23789
create-batch-K8-total[ms]	64	1024	0	1024	CLMUL	5.49233
create-batch-K1[ns]	64	1024	0	2048	GENERIC	13.08596
create-batch-K1-total[ms]	64	1024	0	2048	GENERIC	27.44325
create-batch-K1[ns]	64	1024	0	2048	CLMUL	21.69270
create-batch-K1-total[ms]	64	1024	0	2048	CLMUL	45.49288
create-batch-K2[ns]	64	1024	0	2048	GENERIC	13.64004
create-batch-K2-total[ms]	64	1024	0	2048	GENERIC	28.60524
create-batch-K2[ns]	64	1024	0	2048	CLMUL	8.07880
create-batch-K2-total[ms]	64	1024	0	2048	CLMUL	16.94247
create-batch-K4[ns]	64	1024	0	2048	GENERIC	16.42198
create-batch-K4-total[ms]	64	1024	0	2048	GENERIC	34.43940
create-batch-K4[ns]	64	1024	0	2048	CLMUL	5.91909
create-batch-K4-total[ms]	64	1024	0	2048	CLMUL	12.41322
create-batch-K8[ns]	64	1024	0	2048	GENERIC	17.18704
create-batch-K8-total[ms]	64	1024	0	2048	GENERIC	36.04384
create-batch-K8[ns]	64	1024	0	2048	CLMUL	5.23886
create-batch-K8-total[ms]	64	1024	0	2048	CLMUL	10.98669
create-batch-K1[ns]	64	1024	0	4096	GENERIC	13.09097
create-batch-K1-total[ms]	64	1024	0	4096	GENERIC	54.90750
create-batch-K1[ns]	64	1024	0	4096	CLMUL	21.69318
create-batch-K1-total[ms]	64	1024	0	4096	CLMUL	90.98780
create-batch-K2[ns]	64	1024	0	4096	GENERIC	13.64227
create-batch-K2-total[ms]	64	1024	0	4096	GENERIC	57.21981
create-batch-K2[ns]	64	1024	0	4096	CLMUL	8.07908
create-batch-K2-total[ms]	64	1024	0	4096	CLMUL	33.88611
create-batch-K4[ns]	64	1024	0	4096	GENERIC	16.42539
create-batch-K4-total[ms]	64	1024	0	4096	GENERIC	68.89309
create-batch-K4[ns]	64	1024	0	4096	CLMUL	5.92201
create-batch-K4-total[ms]	64	1024	0	4096	CLMUL	24.83869
create-batch-K8[ns]	64	1024	0	4096	GENERIC	17.18426
create-batch-K8-total[ms]	64	1024	0	4096	GENERIC	72.07601
create-batch-K8[ns]	64	1024	0	4096	CLMUL	5.23977
create-batch-K8-total[ms]	64	1024	0	4096	CLMUL	21.97718
create-batch-K1[ns]	64	1024	0	8192	GENERIC	13.08892
create-batch-K1-total[ms]	64	1024	0	8192	GENERIC	109.79780
create-batch-K1[ns]	64	1024	0	8192	CLMUL	21.69464
create-batch-K1-total[ms]	64	1024	0	8192	CLMUL	181.98785
create-batch-K2[ns]	64	1024	0	8192	GENERIC	13.64846
create-batch-K2-total[ms]	64	1024	0	8192	GENERIC	114.49155
create-batch-K2[ns]	64	1024	0	8192	CLMUL	8.07804
create-batch-K2-total[ms]	64	1024	0	8192	CLMUL	67.76347
create-batch-K4[ns]	64	1024	0	8192	GENERIC	16.42515
create-batch-K4-total[ms]	64	1024	0	8192	GENERIC	137.78413
create-batch-K4[ns]	64	1024	0	8192	CLMUL	5.91947
create-batch-K4-total[ms]	64	1024	0	8192	CLMUL	49.65609
create-batch-K8[ns]	64	1024	0	8192	GENERIC	17.20488
create-batch-K8-total[ms]	64	1024	0	8192	GENERIC	144.32498
create-batch-K8[ns]	64	1024	0	8192	CLMUL	5.24036
create-batch-K8-total[ms]	64	1024	0	8192	CLMUL	43.95931
create-batch-K1[ns]	64	2048	0	16	GENERIC	12.96857
create-batch-K1-total[ms]	64	2048	0	16	GENERIC	0.42495
create-batch-K1[ns]	64	2048	0	16	CLMUL	21.66473
create-batch-K1-total[ms]	64	2048	0	16	CLMUL	0.70991
create-batch-K2[ns]	64	2048	0	16	GENERIC	13.53824
create-batch-K2-total[ms]	64	2048	0	16	GENERIC	0.44362
create-batch-K2[ns]	64	2048	0	16	CLMUL	8.06421
create-batch-K2-total[ms]	64	2048	0	16	CLMUL	0.26425
create-batch-K4[ns]	64	2048	0	16	GENERIC	16.29749
create-batch-K4-total[ms]	64	2048	0	16	GENERIC	0.53404
create-batch-K4[ns]	64	2048	0	16	CLMUL	5.91019
create-batch-K4-total[ms]	64	2048	0	16	CLMUL	0.19367
create-batch-K8[ns]	64	2048	0	16	GENERIC	17.03629
create-batch-K8-total[ms]	64	2048	0	16	GENERIC	0.55824
create-batch-K8[ns]	64	2048	0	16	CLMUL	5.22482
create-batch-K8-total[ms]	64	2048	0	16	CLMUL	0.17121
create-batch-K1[ns]	64	2048	0	64	GENERIC	12.96413
create-batch-K1-total[ms]	64	2048	0	64	GENERIC	1.69923
create-batch-K1[ns]	64	2048	0	64	CLMUL	21.67587
create-batch-K1-total[ms]	64	2048	0	64	CLMUL	2.84110
create-batch-K2[ns]	64	2048	0	64	GENERIC	13.51821
create-batch-K2-total[ms]	64	2048	0	64	GENERIC	1.77186
create-batch-K2[ns]	64	2048	0	64	CLMUL	8.06642
create-batch-K2-total[ms]	64	2048	0	64	CLMUL	1.05728
create-batch-K4[ns]	64	2048	0	64	GENERIC	16.29529
create-batch-K4-total[ms]	64	2048	0	64	GENERIC	2.13586
create-batch-K4[ns]	64	2048	0	64	CLMUL	5.91686
create-batch-K4-total[ms]	64	2048	0	64	CLMUL	0.77554
create-batch-K8[ns]	64	2048	0	64	GENERIC	17.04518
create-batch-K8-total[ms]	64	2048	0	64	GENERIC	2.23415
create-batch-K8[ns]	64	2048	0	64	CLMUL	5.23594
create-batch-K8-total[ms]	64	2048	0	64	CLMUL	0.68629
create-batch-K1[ns]	64	2048	0	128	GENERIC	12.93632
create-batch-K1-total[ms]	64	2048	0	128	GENERIC	3.39118
create-batch-K1[ns]	64	2048	0	128	CLMUL	21.69478
create-batch-K1-total[ms]	64	2048	0	128	CLMUL	5.68716
create-batch-K2[ns]	64	2048	0	128	GENERIC	13.54158
create-batch-K2-total[ms]	64	2048	0	128	GENERIC	3.54984
create-batch-K2[ns]	64	2048	0	128	CLMUL	8.06642
create-batch-K2-total[ms]	64	2048	0	128	CLMUL	2.11456
create-batch-K4[ns]	64	2048	0	128	GENERIC	16.31309
create-batch-K4-total[ms]	64	2048	0	128	GENERIC	4.27638
create-batch-K4[ns]	64	2048	0	128	CLMUL	5.93244
create-batch-K4-total[ms]	64	2048	0	128	CLMUL	1.55515
create-batch-K8[ns]	64	2048	0	128	GENERIC	17.05520
create-batch-K8-total[ms]	64	2048	0	128	GENERIC	4.47092
create-batch-K8[ns]	64	2048	0	128	CLMUL	5.19477
create-batch-K8-total[ms]	64	2048	0	128	CLMUL	1.36178
create-batch-K1[ns]	64	2048	0	512	GENERIC	12.94188
create-batch-K1-total[ms]	64	2048	0	512	GENERIC	13.57054
create-batch-K1[ns]	64	2048	0	512	CLMUL	21.69172
create-batch-K1-total[ms]	64	2048	0	512	CLMUL	22.74542
create-batch-K2[ns]	64	2048	0	512	GENERIC	13.52155
create-batch-K2-total[ms]	64	2048	0	512	GENERIC	14.17837
create-batch-K2[ns]	64	2048	0	512	CLMUL	8.07115
create-batch-K2-total[ms]	64	2048	0	512	CLMUL	8.46321
create-batch-K4[ns]	64	2048	0	512	GENERIC	16.31615
create-batch-K4-total[ms]	64	2048	0	512	GENERIC	17.10872
create-batch-K4[ns]	64	2048	0	512	CLMUL	5.95135
create-batch-K4-total[ms]	64	2048	0	512	CLMUL	6.24044
create-batch-K8[ns]	64	2048	0	512	GENERIC	17.05909
create-batch-K8-total[ms]	64	2048	0	512	GENERIC	17.88776
create-batch-K8[ns]	64	2048	0	512	CLMUL	5.21536
create-batch-K8-total[ms]	64	2048	0	512	CLMUL	5.46870
create-batch-K1[ns]	64	2048	0	1024	GENERIC	12.94480
create-batch-K1-total[ms]	64	2048	0	1024	GENERIC	27.14721
create-batch-K1[ns]	64	2048	0	1024	CLMUL	21.70076
create-batch-K1-total[ms]	64	2048	0	1024	CLMUL	45.50980
create-batch-K2[ns]	64	2048	0	1024	GENERIC	13.53420
create-batch-K2-total[ms]	64	2048	0	1024	GENERIC	28.38328
create-batch-K2[ns]	64	2048	0	1024	CLMUL	8.07324
create-batch-K2-total[ms]	64	2048	0	1024	CLMUL	16.93080
create-batch-K4[ns]	64	2048	0	1024	GENERIC	16.31267
create-batch-K4-total[ms]	64	2048	0	1024	GENERIC	34.21015
create-batch-K4[ns]	64	2048	0	1024	CLMUL	5.91324
create-batch-K4-total[ms]	64	2048	0	1024	CLMUL	12.40097
create-batch-K8[ns]	64	2048	0	1024	GENERIC	17.05895
create-batch-K8-total[ms]	64	2048	0	1024	GENERIC	35.77522
create-batch-K8[ns]	64	2048	0	1024	CLMUL	5.23761
create-batch-K8-total[ms]	64	2048	0	1024	CLMUL	10.98407
create-batch-K1[ns]	64	2048	0	2048	GENERIC	12.94995
create-batch-K1-total[ms]	64	2048	0	2048	GENERIC	54.31601
create-batch-K1[ns]	64	2048	0	2048	CLMUL	21.69812
create-batch-K1-total[ms]	64	2048	0	2048	CLMUL	91.00851
create-batch-K2[ns]	64	2048	0	2048	GENERIC	13.53149
create-batch-K2-total[ms]	64	2048	0	2048	GENERIC	56.75520
create-batch-K2[ns]	64	2048	0	2048	CLMUL	8.07859
create-batch-K2-total[ms]	64	2048	0	2048	CLMUL	33.88407
create-batch-K4[ns]	64	2048	0	2048	GENERIC	16.32665
create-batch-K4-total[ms]	64	2048	0	2048	GENERIC	68.47892
create-batch-K4[ns]	64	2048	0	2048	CLMUL	5.92673
create-batch-K4-total[ms]	64	2048	0	2048	CLMUL	24.85853
create-batch-K8[ns]	64	2048	0	2048	GENERIC	17.06229
create-batch-K8-total[ms]	64	2048	0	2048	GENERIC	71.56444
create-batch-K8[ns]	64	2048	0	2048	CLMUL	5.23601
create-batch-K8-total[ms]	64	2048	0	2048	CLMUL	21.96143
create-batch-K1[ns]	64	2048	0	4096	GENERIC	12.94859
create-batch-K1-total[ms]	64	2048	0	4096	GENERIC	108.62064
create-batch-K1[ns]	64	2048	0	4096	CLMUL	21.69923
create-batch-K1-total[ms]	64	2048	0	4096	CLMUL	182.02635
create-batch-K2[ns]	64	2048	0	4096	GENERIC	13.51421
create-batch-K2-total[ms]	64	2048	0	4096	GENERIC	113.36543
create-batch-K2[ns]	64	2048	0	4096	CLMUL	8.07772
create-batch-K2-total[ms]	64	2048	0	4096	CLMUL	67.76085
create-batch-K4[ns]	64	2048	0	4096	GENERIC	16.30718
create-batch-K4-total[ms]	64	2048	0	4096	GENERIC	136.79451
create-batch-K4[ns]	64	2048	0	4096	CLMUL	5.93570
create-batch-K4-total[ms]	64	2048	0	4096	CLMUL	49.79230
create-batch-K8[ns]	64	2048	0	4096	GENERIC	17.06705
create-batch-K8-total[ms]	64	2048	0	4096	GENERIC	143.16883
create-batch-K8[ns]	64	2048	0	4096	CLMUL	5.24189
create-batch-K8-total[ms]	64	2048	0	4096	CLMUL	43.97214
create-batch-K1[ns]	64	2048	0	8192	GENERIC	12.95087
create-batch-K1-total[ms]	64	2048	0	8192	GENERIC	217.27949
create-batch-K1[ns]	64	2048	0	8192	CLMUL	21.70014
create-batch-K1-total[ms]	64	2048	0	8192	CLMUL	364.06787
create-batch-K2[ns]	64	2048	0	8192	GENERIC	13.51703
create-batch-K2-total[ms]	64	2048	0	8192	GENERIC	226.77811
create-batch-K2[ns]	64	2048	0	8192	CLMUL	8.07485
create-batch-K2-total[ms]	64	2048	0	8192	CLMUL	135.47356
create-batch-K4[ns]	64	2048	0	8192	GENERIC	16.30479
create-batch-K4-total[ms]	64	2048	0	8192	GENERIC	273.54906
create-batch-K4[ns]	64	2048	0	8192	CLMUL	6.00496
create-batch-K4-total[ms]	64	2048	0	8192	CLMUL	100.74659
create-batch-K8[ns]	64	2048	0	8192	GENERIC	17.05986
create-batch-K8-total[ms]	64	2048	0	8192	GENERIC	286.21691
create-batch-K8[ns]	64	2048	0	8192	CLMUL	5.23678
create-batch-K8-total[ms]	64	2048	0	8192	CLMUL	87.85854
create-batch-K1[ns]	64	3072	0	16	GENERIC	12.93001
create-batch-K1-total[ms]	64	3072	0	16	GENERIC	0.63554
create-batch-K1[ns]	64	3072	0	16	CLMUL	21.67660
create-batch-K1-total[ms]	64	3072	0	16	CLMUL	1.06545
create-batch-K2[ns]	64	3072	0	16	GENERIC	13.49373
create-batch-K2-total[ms]	64	3072	0	16	GENERIC	0.66324
create-batch-K2[ns]	64	3072	0	16	CLMUL	8.07013
create-batch-K2-total[ms]	64	3072	0	16	CLMUL	0.39666
create-batch-K4[ns]	64	3072	0	16	GENERIC	16.24707
create-batch-K4-total[ms]	64	3072	0	16	GENERIC	0.79858
create-batch-K4[ns]	64	3072	0	16	CLMUL	6.05261
create-batch-K4-total[ms]	64	3072	0	16	CLMUL	0.29750
create-batch-K8[ns]	64	3072	0	16	GENERIC	16.98881
create-batch-K8-total[ms]	64	3072	0	16	GENERIC	0.83503
create-batch-K8[ns]	64	3072	0	16	CLMUL	5.21592
create-batch-K8-total[ms]	64	3072	0	16	CLMUL	0.25637
create-batch-K1[ns]	64	3072	0	64	GENERIC	12.93149
create-batch-K1-total[ms]	64	3072	0	64	GENERIC	2.54244
create-batch-K1[ns]	64	3072	0	64	CLMUL	21.69589
create-batch-K1-total[ms]	64	3072	0	64	CLMUL	4.26559
create-batch-K2[ns]	64	3072	0	64	GENERIC	13.47297
create-batch-K2-total[ms]	64	3072	0	64	GENERIC	2.64889
create-batch-K2[ns]	64	3072	0	64	CLMUL	8.06864
create-batch-K2-total[ms]	64	3072	0	64	CLMUL	1.58636
create-batch-K4[ns]	64	3072	0	64	GENERIC	16.26488
create-batch-K4-total[ms]	64	3072	0	64	GENERIC	3.19781
create-batch-K4[ns]	64	3072	0	64	CLMUL	6.03628
create-batch-K4-total[ms]	64	3072	0	64	CLMUL	1.18678
create-batch-K8[ns]	64	3072	0	64	GENERIC	16.98881
create-batch-K8-total[ms]	64	3072	0	64	GENERIC	3.34014
create-batch-K8[ns]	64	3072	0	64	CLMUL	5.21147
create-batch-K8-total[ms]	64	3072	0	64	CLMUL	1.02462
create-batch-K1[ns]	64	3072	0	128	GENERIC	12.94114
create-batch-K1-total[ms]	64	3072	0	128	GENERIC	5.08866
create-batch-K1[ns]	64	3072	0	128	CLMUL	21.69738
create-batch-K1-total[ms]	64	3072	0	128	CLMUL	8.53176
create-batch-K2[ns]	64	3072	0	128	GENERIC	13.48780
create-batch-K2-total[ms]	64	3072	0	128	GENERIC	5.30362
create-batch-K2[ns]	64	3072	0	128	CLMUL	8.07236
create-batch-K2-total[ms]	64	3072	0	128	CLMUL	3.17418
create-batch-K4[ns]	64	3072	0	128	GENERIC	16.27229
create-batch-K4-total[ms]	64	3072	0	128	GENERIC	6.39853
create-batch-K4[ns]	64	3072	0	128	CLMUL	6.04296
create-batch-K4-total[ms]	64	3072	0	128	CLMUL	2.37619
create-batch-K8[ns]	64	3072	0	128	GENERIC	17.00142
create-batch-K8-total[ms]	64	3072	0	128	GENERIC	6.68523
create-batch-K8[ns]	64	3072	0	128	CLMUL	5.22333
create-batch-K8-total[ms]	64	3072	0	128	CLMUL	2.05390
create-batch-K1[ns]	64	3072	0	512	GENERIC	12.93613
create-batch-K1-total[ms]	64	3072	0	512	GENERIC	20.34677
create-batch-K1[ns]	64	3072	0	512	CLMUL	21.69682
create-batch-K1-total[ms]	64	3072	0	512	CLMUL	34.12615
create-batch-K2[ns]	64	3072	0	512	GENERIC	13.49318
create-batch-K2-total[ms]	64	3072	0	512	GENERIC	21.22293
create-batch-K2[ns]	64	3072	0	512	CLMUL	8.08218
create-batch-K2-total[ms]	64	3072	0	512	CLMUL	12.71218
create-batch-K4[ns]	64	3072	0	512	GENERIC	16.25857
create-batch-K4-total[ms]	64	3072	0	512	GENERIC	25.57252
create-batch-K4[ns]	64	3072	0	512	CLMUL	5.99789
create-batch-K4-total[ms]	64	3072	0	512	CLMUL	9.43387
create-batch-K8[ns]	64	3072	0	512	GENERIC	17.01663
create-batch-K8-total[ms]	64	3072	0	512	GENERIC	26.76484
create-batch-K8[ns]	64	3072	0	512	CLMUL	5.22222
create-batch-K8-total[ms]	64	3072	0	512	CLMUL	8.21384
create-batch-K1[ns]	64	3072	0	1024	GENERIC	12.93771
create-batch-K1-total[ms]	64	3072	0	1024	GENERIC	40.69851
create-batch-K1[ns]	64	3072	0	1024	CLMUL	21.70099
create-batch-K1-total[ms]	64	3072	0	1024	CLMUL	68.26542
create-batch-K2[ns]	64	3072	0	1024	GENERIC	13.49605
create-batch-K2-total[ms]	64	3072	0	1024	GENERIC	42.45491
create-batch-K2[ns]	64	3072	0	1024	CLMUL	8.07523
create-batch-K2-total[ms]	64	3072	0	1024	CLMUL	25.40248
create-batch-K4[ns]	64	3072	0	1024	GENERIC	16.26701
create-batch-K4-total[ms]	64	3072	0	1024	GENERIC	51.17158
create-batch-K4[ns]	64	3072	0	1024	CLMUL	6.01115
create-batch-K4-total[ms]	64	3072	0	1024	CLMUL	18.90945
create-batch-K8[ns]	64	3072	0	1024	GENERIC	17.01422
create-batch-K8-total[ms]	64	3072	0	1024	GENERIC	53.52210
create-batch-K8[ns]	64	3072	0	1024	CLMUL	5.24123
create-batch-K8-total[ms]	64	3072	0	1024	CLMUL	16.48748
create-batch-K1[ns]	64	3072	0	2048	GENERIC	12.93975
create-batch-K1-total[ms]	64	3072	0	2048	GENERIC	81.40985
create-batch-K1[ns]	64	3072	0	2048	CLMUL	21.70076
create-batch-K1-total[ms]	64	3072	0	2048	CLMUL	136.52939
create-batch-K2[ns]	64	3072	0	2048	GENERIC	13.49429
create-batch-K2-total[ms]	64	3072	0	2048	GENERIC	84.89873
create-batch-K2[ns]	64	3072	0	2048	CLMUL	8.07982
create-batch-K2-total[ms]	64	3072	0	2048	CLMUL	50.83383
create-batch-K4[ns]	64	3072	0	2048	GENERIC	16.26687
create-batch-K4-total[ms]	64	3072	0	2048	GENERIC	102.34228
create-batch-K4[ns]	64	3072	0	2048	CLMUL	6.02988
create-batch-K4-total[ms]	64	3072	0	2048	CLMUL	37.93674
create-batch-K8[ns]	64	3072	0	2048	GENERIC	17.01306
create-batch-K8-total[ms]	64	3072	0	2048	GENERIC	107.03691
create-batch-K8[ns]	64	3072	0	2048	CLMUL	5.23673
create-batch-K8-total[ms]	64	3072	0	2048	CLMUL	32.94666
create-batch-K1[ns]	64	3072	0	4096	GENERIC	12.94742
create-batch-K1-total[ms]	64	3072	0	4096	GENERIC	162.91623
create-batch-K1[ns]	64	3072	0	4096	CLMUL	21.70262
create-batch-K1-total[ms]	64	3072	0	4096	CLMUL	273.08211
create-batch-K2[ns]	64	3072	0	4096	GENERIC	13.50041
create-batch-K2-total[ms]	64	3072	0	4096	GENERIC	169.87446
create-batch-K2[ns]	64	3072	0	4096	CLMUL	8.07871
create-batch-K2-total[ms]	64	3072	0	4096	CLMUL	101.65366
create-batch-K4[ns]	64	3072	0	4096	GENERIC	16.26469
create-batch-K4-total[ms]	64	3072	0	4096	GENERIC	204.65715
create-batch-K4[ns]	64	3072	0	4096	CLMUL	5.98853
create-batch-K4-total[ms]	64	3072	0	4096	CLMUL	75.35315
create-batch-K8[ns]	64	3072	0	4096	GENERIC	17.01081
create-batch-K8-total[ms]	64	3072	0	4096	GENERIC	214.04552
create-batch-K8[ns]	64	3072	0	4096	CLMUL	5.24202
create-batch-K8-total[ms]	64	3072	0	4096	CLMUL	65.95982
create-batch-K1[ns]	64	3072	0	8192	GENERIC	12.94563
create-batch-K1-total[ms]	64	3072	0	8192	GENERIC	325.78755
create-batch-K1[ns]	64	3072	0	8192	CLMUL	21.70417
create-batch-K1-total[ms]	64	3072	0	8192	CLMUL	546.20331
create-batch-K2[ns]	64	3072	0	8192	GENERIC	13.49071
create-batch-K2-total[ms]	64	3072	0	8192	GENERIC	339.50480
create-batch-K2[ns]	64	3072	0	8192	CLMUL	8.07421
create-batch-K2-total[ms]	64	3072	0	8192	CLMUL	203.19416
create-batch-K4[ns]	64	3072	0	8192	GENERIC	16.27219
create-batch-K4-total[ms]	64	3072	0	8192	GENERIC	409.50300
create-batch-K4[ns]	64	3072	0	8192	CLMUL	6.01209
create-batch-K4-total[ms]	64	3072	0	8192	CLMUL	151.29925
create-batch-K8[ns]	64	3072	0	8192	GENERIC	17.01643
create-batch-K8-total[ms]	64	3072	0	8192	GENERIC	428.23250
create-batch-K8[ns]	64	3072	0	8192	CLMUL	5.24300
create-batch-K8-total[ms]	64	3072	0	8192	CLMUL	131.94443
create-batch-K1[ns]	64	4096	0	16	GENERIC	12.89291
create-batch-K1-total[ms]	64	4096	0	16	GENERIC	0.84495
create-batch-K1[ns]	64	4096	0	16	CLMUL	21.67365
create-batch-K1-total[ms]	64	4096	0	16	CLMUL	1.42040
create-batch-K2[ns]	64	4096	0	16	GENERIC	13.46259
create-batch-K2-total[ms]	64	4096	0	16	GENERIC	0.88228
create-batch-K2[ns]	64	4096	0	16	CLMUL	8.06419
create-batch-K2-total[ms]	64	4096	0	16	CLMUL	0.52850
create-batch-K4[ns]	64	4096	0	16	GENERIC	16.22185
create-batch-K4-total[ms]	64	4096	0	16	GENERIC	1.06311
create-batch-K4[ns]	64	4096	0	16	CLMUL	6.03925
create-batch-K4-total[ms]	64	4096	0	16	CLMUL	0.39579
create-batch-K8[ns]	64	4096	0	16	GENERIC	16.96507
create-batch-K8-total[ms]	64	4096	0	16	GENERIC	1.11182
create-batch-K8[ns]	64	4096	0	16	CLMUL	5.22926
create-batch-K8-total[ms]	64	4096	0	16	CLMUL	0.34270
create-batch-K1[ns]	64	4096	0	64	GENERIC	12.89960
create-batch-K1-total[ms]	64	4096	0	64	GENERIC	3.38155
create-batch-K1[ns]	64	4096	0	64	CLMUL	21.69367
create-batch-K1-total[ms]	64	4096	0	64	CLMUL	5.68687
create-batch-K2[ns]	64	4096	0	64	GENERIC	13.45702
create-batch-K2-total[ms]	64	4096	0	64	GENERIC	3.52768
create-batch-K2[ns]	64	4096	0	64	CLMUL	8.06642
create-batch-K2-total[ms]	64	4096	0	64	CLMUL	2.11456
create-batch-K4[ns]	64	4096	0	64	GENERIC	16.23632
create-batch-K4-total[ms]	64	4096	0	64	GENERIC	4.25625
create-batch-K4[ns]	64	4096	0	64	CLMUL	6.03702
create-batch-K4-total[ms]	64	4096	0	64	CLMUL	1.58257
create-batch-K8[ns]	64	4096	0	64	GENERIC	16.97954
create-batch-K8-total[ms]	64	4096	0	64	GENERIC	4.45108
create-batch-K8[ns]	64	4096	0	64	CLMUL	5.23038
create-batch-K8-total[ms]	64	4096	0	64	CLMUL	1.37111
create-batch-K1[ns]	64	4096	0	128	GENERIC	12.91017
create-batch-K1-total[ms]	64	4096	0	128	GENERIC	6.76865
create-batch-K1[ns]	64	4096	0	128	CLMUL	21.70424
create-batch-K1-total[ms]	64	4096	0	128	CLMUL	11.37927
create-batch-K2[ns]	64	4096	0	128	GENERIC	13.47482
create-batch-K2-total[ms]	64	4096	0	128	GENERIC	7.06469
create-batch-K2[ns]	64	4096	0	128	CLMUL	8.07421
create-batch-K2-total[ms]	64	4096	0	128	CLMUL	4.23321
create-batch-K4[ns]	64	4096	0	128	GENERIC	16.23743
create-batch-K4-total[ms]	64	4096	0	128	GENERIC	8.51309
create-batch-K4[ns]	64	4096	0	128	CLMUL	6.03814
create-batch-K4-total[ms]	64	4096	0	128	CLMUL	3.16572
create-batch-K8[ns]	64	4096	0	128	GENERIC	16.98010
create-batch-K8-total[ms]	64	4096	0	128	GENERIC	8.90246
create-batch-K8[ns]	64	4096	0	128	CLMUL	5.21258
create-batch-K8-total[ms]	64	4096	0	128	CLMUL	2.73289
create-batch-K1[ns]	64	4096	0	512	GENERIC	12.91685
create-batch-K1-total[ms]	64	4096	0	512	GENERIC	27.08859
create-batch-K1[ns]	64	4096	0	512	CLMUL	21.70132
create-batch-K1-total[ms]	64	4096	0	512	CLMUL	45.51096
create-batch-K2[ns]	64	4096	0	512	GENERIC	13.47148
create-batch-K2-total[ms]	64	4096	0	512	GENERIC	28.25174
create-batch-K2[ns]	64	4096	0	512	CLMUL	8.07644
create-batch-K2-total[ms]	64	4096	0	512	CLMUL	16.93751
create-batch-K4[ns]	64	4096	0	512	GENERIC	16.24744
create-batch-K4-total[ms]	64	4096	0	512	GENERIC	34.07336
create-batch-K4[ns]	64	4096	0	512	CLMUL	5.99933
create-batch-K4-total[ms]	64	4096	0	512	CLMUL	12.58151
create-batch-K8[ns]	64	4096	0	512	GENERIC	16.99859
create-batch-K8-total[ms]	64	4096	0	512	GENERIC	35.64864
create-batch-K8[ns]	64	4096	0	512	CLMUL	5.21272
create-batch-K8-total[ms]	64	4096	0	512	CLMUL	10.93186
create-batch-K1[ns]	64	4096	0	1024	GENERIC	12.90655
create-batch-K1-total[ms]	64	4096	0	1024	GENERIC	54.13401
create-batch-K1[ns]	64	4096	0	1024	CLMUL	21.70055
create-batch-K1-total[ms]	64	4096	0	1024	CLMUL	91.01872
create-batch-K2[ns]	64	4096	0	1024	GENERIC	13.48754
create-batch-K2-total[ms]	64	4096	0	1024	GENERIC	56.57086
create-batch-K2[ns]	64	4096	0	1024	CLMUL	8.07734
create-batch-K2-total[ms]	64	4096	0	1024	CLMUL	33.87882
create-batch-K4[ns]	64	4096	0	1024	GENERIC	16.24800
create-batch-K4-total[ms]	64	4096	0	1024	GENERIC	68.14905
create-batch-K4[ns]	64	4096	0	1024	CLMUL	6.00455
create-batch-K4-total[ms]	64	4096	0	1024	CLMUL	25.18490
create-batch-K8[ns]	64	4096	0	1024	GENERIC	16.99018
create-batch-K8-total[ms]	64	4096	0	1024	GENERIC	71.26198
create-batch-K8[ns]	64	4096	0	1024	CLMUL	5.25374
create-batch-K8-total[ms]	64	4096	0	1024	CLMUL	22.03580
create-batch-K1[ns]	64	4096	0	2048	GENERIC	12.91479
create-batch-K1-total[ms]	64	4096	0	2048	GENERIC	108.33714
create-batch-K1[ns]	64	4096	0	2048	CLMUL	21.70664
create-batch-K1-total[ms]	64	4096	0	2048	CLMUL	182.08848
create-batch-K2[ns]	64	4096	0	2048	GENERIC	13.47781
create-batch-K2-total[ms]	64	4096	0	2048	GENERIC	113.06006
create-batch-K2[ns]	64	4096	0	2048	CLMUL	8.07887
create-batch-K2-total[ms]	64	4096	0	2048	CLMUL	67.77047
create-batch-K4[ns]	64	4096	0	2048	GENERIC	16.24988
create-batch-K4-total[ms]	64	4096	0	2048	GENERIC	136.31385
create-batch-K4[ns]	64	4096	0	2048	CLMUL	6.03073
create-batch-K4-total[ms]	64	4096	0	2048	CLMUL	50.58942
create-batch-K8[ns]	64	4096	0	2048	GENERIC	16.99241
create-batch-K8-total[ms]	64	4096	0	2048	GENERIC	142.54263
create-batch-K8[ns]	64	4096	0	2048	CLMUL	5.23973
create-batch-K8-total[ms]	64	4096	0	2048	CLMUL	43.95406
create-batch-K1[ns]	64	4096	0	4096	GENERIC	12.91420
create-batch-K1-total[ms]	64	4096	0	4096	GENERIC	216.66437
create-batch-K1[ns]	64	4096	0	4096	CLMUL	21.70528
create-batch-K1-total[ms]	64	4096	0	4096	CLMUL	364.15420
create-batch-K2[ns]	64	4096	0	4096	GENERIC	13.47332
create-batch-K2-total[ms]	64	4096	0	4096	GENERIC	226.04487
create-batch-K2[ns]	64	4096	0	4096	CLMUL	8.07548
create-batch-K2-total[ms]	64	4096	0	4096	CLMUL	135.48406
create-batch-K4[ns]	64	4096	0	4096	GENERIC	16.24077
create-batch-K4-total[ms]	64	4096	0	4096	GENERIC	272.47487
create-batch-K4[ns]	64	4096	0	4096	CLMUL	6.01460
create-batch-K4-total[ms]	64	4096	0	4096	CLMUL	100.90817
create-batch-K8[ns]	64	4096	0	4096	GENERIC	16.98835
create-batch-K8-total[ms]	64	4096	0	4096	GENERIC	285.01729
create-batch-K8[ns]	64	4096	0	4096	CLMUL	5.23732
create-batch-K8-total[ms]	64	4096	0	4096	CLMUL	87.86758
create-batch-K1[ns]	64	4096	0	8192	GENERIC	12.91659
create-batch-K1-total[ms]	64	4096	0	8192	GENERIC	433.40895
create-batch-K1[ns]	64	4096	0	8192	CLMUL	21.70640
create-batch-K1-total[ms]	64	4096	0	8192	CLMUL	728.34603
create-batch-K2[ns]	64	4096	0	8192	GENERIC	13.48110
create-batch-K2-total[ms]	64	4096	0	8192	GENERIC	452.35049
create-batch-K2[ns]	64	4096	0	8192	CLMUL	8.07719
create-batch-K2-total[ms]	64	4096	0	8192	CLMUL	271.02559
create-batch-K4[ns]	64	4096	0	8192	GENERIC	16.24450
create-batch-K4-total[ms]	64	4096	0	8192	GENERIC	545.07486
create-batch-K4[ns]	64	4096	0	8192	CLMUL	6.01207
create-batch-K4-total[ms]	64	4096	0	8192	CLMUL	201.73176
create-batch-K8[ns]	64	4096	0	8192	GENERIC	16.98722
create-batch-K8-total[ms]	64	4096	0	8192	GENERIC	569.99638
create-batch-K8[ns]	64	4096	0	8192	CLMUL	5.24505
create-batch-K8-total[ms]	64	4096	0	8192	CLMUL	175.99474
create-batch-K1[ns]	64	5120	0	16	GENERIC	12.89559
create-batch-K1-total[ms]	64	5120	0	16	GENERIC	1.05641
create-batch-K1[ns]	64	5120	0	16	CLMUL	21.67543
create-batch-K1-total[ms]	64	5120	0	16	CLMUL	1.77565
create-batch-K2[ns]	64	5120	0	16	GENERIC	13.45100
create-batch-K2-total[ms]	64	5120	0	16	GENERIC	1.10191
create-batch-K2[ns]	64	5120	0	16	CLMUL	8.06775
create-batch-K2-total[ms]	64	5120	0	16	CLMUL	0.66091
create-batch-K4[ns]	64	5120	0	16	GENERIC	16.20671
create-batch-K4-total[ms]	64	5120	0	16	GENERIC	1.32765
create-batch-K4[ns]	64	5120	0	16	CLMUL	6.05616
create-batch-K4-total[ms]	64	5120	0	16	CLMUL	0.49612
create-batch-K8[ns]	64	5120	0	16	GENERIC	16.95439
create-batch-K8-total[ms]	64	5120	0	16	GENERIC	1.38890
create-batch-K8[ns]	64	5120	0	16	CLMUL	5.22659
create-batch-K8-total[ms]	64	5120	0	16	CLMUL	0.42816
create-batch-K1[ns]	64	5120	0	64	GENERIC	12.89826
create-batch-K1-total[ms]	64	5120	0	64	GENERIC	4.22650
create-batch-K1[ns]	64	5120	0	64	CLMUL	21.69411
create-batch-K1-total[ms]	64	5120	0	64	CLMUL	7.10873
create-batch-K2[ns]	64	5120	0	64	GENERIC	13.46347
create-batch-K2-total[ms]	64	5120	0	64	GENERIC	4.41171
create-batch-K2[ns]	64	5120	0	64	CLMUL	8.07221
create-batch-K2-total[ms]	64	5120	0	64	CLMUL	2.64510
create-batch-K4[ns]	64	5120	0	64	GENERIC	16.22452
create-batch-K4-total[ms]	64	5120	0	64	GENERIC	5.31645
create-batch-K4[ns]	64	5120	0	64	CLMUL	6.05082
create-batch-K4-total[ms]	64	5120	0	64	CLMUL	1.98273
create-batch-K8[ns]	64	5120	0	64	GENERIC	16.96419
create-batch-K8-total[ms]	64	5120	0	64	GENERIC	5.55882
create-batch-K8[ns]	64	5120	0	64	CLMUL	5.22927
create-batch-K8-total[ms]	64	5120	0	64	CLMUL	1.71353
create-batch-K1[ns]	64	5120	0	128	GENERIC	12.90894
create-batch-K1-total[ms]	64	5120	0	128	GENERIC	8.46001
create-batch-K1[ns]	64	5120	0	128	CLMUL	21.69812
create-batch-K1-total[ms]	64	5120	0	128	CLMUL	14.22008
create-batch-K2[ns]	64	5120	0	128	GENERIC	13.46570
create-batch-K2-total[ms]	64	5120	0	128	GENERIC	8.82488
create-batch-K2[ns]	64	5120	0	128	CLMUL	8.07176
create-batch-K2-total[ms]	64	5120	0	128	CLMUL	5.28991
create-batch-K4[ns]	64	5120	0	128	GENERIC	16.22274
create-batch-K4-total[ms]	64	5120	0	128	GENERIC	10.63174
create-batch-K4[ns]	64	5120	0	128	CLMUL	6.05260
create-batch-K4-total[ms]	64	5120	0	128	CLMUL	3.96663
create-batch-K8[ns]	64	5120	0	128	GENERIC	16.97754
create-batch-K8-total[ms]	64	5120	0	128	GENERIC	11.12640
create-batch-K8[ns]	64	5120	0	128	CLMUL	5.24529
create-batch-K8-total[ms]	64	5120	0	128	CLMUL	3.43755
create-batch-K1[ns]	64	5120	0	512	GENERIC	12.90616
create-batch-K1-total[ms]	64	5120	0	512	GENERIC	33.83274
create-batch-K1[ns]	64	5120	0	512	CLMUL	21.70257
create-batch-K1-total[ms]	64	5120	0	512	CLMUL	56.89198
create-batch-K2[ns]	64	5120	0	512	GENERIC	13.46870
create-batch-K2-total[ms]	64	5120	0	512	GENERIC	35.30739
create-batch-K2[ns]	64	5120	0	512	CLMUL	8.07766
create-batch-K2-total[ms]	64	5120	0	512	CLMUL	21.17510
create-batch-K4[ns]	64	5120	0	512	GENERIC	16.22775
create-batch-K4-total[ms]	64	5120	0	512	GENERIC	42.54007
create-batch-K4[ns]	64	5120	0	512	CLMUL	6.03524
create-batch-K4-total[ms]	64	5120	0	512	CLMUL	15.82102
create-batch-K8[ns]	64	5120	0	512	GENERIC	16.98677
create-batch-K8-total[ms]	64	5120	0	512	GENERIC	44.52980
create-batch-K8[ns]	64	5120	0	512	CLMUL	5.23739
create-batch-K8-total[ms]	64	5120	0	512	CLMUL	13.72950
create-batch-K1[ns]	64	5120	0	1024	GENERIC	12.89921
create-batch-K1-total[ms]	64	5120	0	1024	GENERIC	67.62901
create-batch-K1[ns]	64	5120	0	1024	CLMUL	21.70691
create-batch-K1-total[ms]	64	5120	0	1024	CLMUL	113.80672
create-batch-K2[ns]	64	5120	0	1024	GENERIC	13.46698
create-batch-K2-total[ms]	64	5120	0	1024	GENERIC	70.60574
create-batch-K2[ns]	64	5120	0	1024	CLMUL	8.07688
create-batch-K2-total[ms]	64	5120	0	1024	CLMUL	42.34612
create-batch-K4[ns]	64	5120	0	1024	GENERIC	16.22920
create-batch-K4-total[ms]	64	5120	0	1024	GENERIC	85.08773
create-batch-K4[ns]	64	5120	0	1024	CLMUL	6.02812
create-batch-K4-total[ms]	64	5120	0	1024	CLMUL	31.60471
create-batch-K8[ns]	64	5120	0	1024	GENERIC	16.97270
create-batch-K8-total[ms]	64	5120	0	1024	GENERIC	88.98582
create-batch-K8[ns]	64	5120	0	1024	CLMUL	5.22960
create-batch-K8-total[ms]	64	5120	0	1024	CLMUL	27.41817
create-batch-K1[ns]	64	5120	0	2048	GENERIC	12.89512
create-batch-K1-total[ms]	64	5120	0	2048	GENERIC	135.21515
create-batch-K1[ns]	64	5120	0	2048	CLMUL	21.70224
create-batch-K1-total[ms]	64	5120	0	2048	CLMUL	227.56444
create-batch-K2[ns]	64	5120	0	2048	GENERIC	13.46834
create-batch-K2-total[ms]	64	5120	0	2048	GENERIC	141.22576
create-batch-K2[ns]	64	5120	0	2048	CLMUL	8.07466
create-batch-K2-total[ms]	64	5120	0	2048	CLMUL	84.66890
create-batch-K4[ns]	64	5120	0	2048	GENERIC	16.22580
create-batch-K4-total[ms]	64	5120	0	2048	GENERIC	170.13988
create-batch-K4[ns]	64	5120	0	2048	CLMUL	6.05496
create-batch-K4-total[ms]	64	5120	0	2048	CLMUL	63.49088
create-batch-K8[ns]	64	5120	0	2048	GENERIC	16.97134
create-batch-K8-total[ms]	64	5120	0	2048	GENERIC	177.95735
create-batch-K8[ns]	64	5120	0	2048	CLMUL	5.23288
create-batch-K8-total[ms]	64	5120	0	2048	CLMUL	54.87075
create-batch-K1[ns]	64	5120	0	4096	GENERIC	12.89623
create-batch-K1-total[ms]	64	5120	0	4096	GENERIC	270.45364
create-batch-K1[ns]	64	5120	0	4096	CLMUL	21.70527
create-batch-K1-total[ms]	64	5120	0	4096	CLMUL	455.19246
create-batch-K2[ns]	64	5120	0	4096	GENERIC	13.47204
create-batch-K2-total[ms]	64	5120	0	4096	GENERIC	282.52911
create-batch-K2[ns]	64	5120	0	4096	CLMUL	8.07840
create-batch-K2-total[ms]	64	5120	0	4096	CLMUL	169.41626
create-batch-K4[ns]	64	5120	0	4096	GENERIC	16.22336
create-batch-K4-total[ms]	64	5120	0	4096	GENERIC	340.22842
create-batch-K4[ns]	64	5120	0	4096	CLMUL	6.04310
create-batch-K4-total[ms]	64	5120	0	4096	CLMUL	126.73298
create-batch-K8[ns]	64	5120	0	4096	GENERIC	16.97428
create-batch-K8-total[ms]	64	5120	0	4096	GENERIC	355.97653
create-batch-K8[ns]	64	5120	0	4096	CLMUL	5.23283
create-batch-K8-total[ms]	64	5120	0	4096	CLMUL	109.74034
create-batch-K1[ns]	64	5120	0	8192	GENERIC	12.89904
create-batch-K1-total[ms]	64	5120	0	8192	GENERIC	541.02481
create-batch-K1[ns]	64	5120	0	8192	CLMUL	21.70605
create-batch-K1-total[ms]	64	5120	0	8192	CLMUL	910.41788
create-batch-K2[ns]	64	5120	0	8192	GENERIC	13.46044
create-batch-K2-total[ms]	64	5120	0	8192	GENERIC	564.57172
create-batch-K2[ns]	64	5120	0	8192	CLMUL	8.07494
create-batch-K2-total[ms]	64	5120	0	8192	CLMUL	338.68756
create-batch-K4[ns]	64	5120	0	8192	GENERIC	16.22607
create-batch-K4-total[ms]	64	5120	0	8192	GENERIC	680.57059
create-batch-K4[ns]	64	5120	0	8192	CLMUL	6.01701
create-batch-K4-total[ms]	64	5120	0	8192	CLMUL	252.37163
create-batch-K8[ns]	64	5120	0	8192	GENERIC	16.97280
create-batch-K8-total[ms]	64	5120	0	8192	GENERIC	711.89064
create-batch-K8[ns]	64	5120	0	8192	CLMUL	5.23755
create-batch-K8-total[ms]	64	5120	0	8192	CLMUL	219.67872
create-batch-K1[ns]	64	6144	0	16	GENERIC	12.87364
create-batch-K1-total[ms]	64	6144	0	16	GENERIC	1.26553
create-batch-K1[ns]	64	6144	0	16	CLMUL	21.67365
create-batch-K1-total[ms]	64	6144	0	16	CLMUL	2.13061
create-batch-K2[ns]	64	6144	0	16	GENERIC	13.42846
create-batch-K2-total[ms]	64	6144	0	16	GENERIC	1.32007
create-batch-K2[ns]	64	6144	0	16	CLMUL	8.06420
create-batch-K2-total[ms]	64	6144	0	16	CLMUL	0.79274
create-batch-K4[ns]	64	6144	0	16	GENERIC	16.19069
create-batch-K4-total[ms]	64	6144	0	16	GENERIC	1.59161
create-batch-K4[ns]	64	6144	0	16	CLMUL	6.04963
create-batch-K4-total[ms]	64	6144	0	16	CLMUL	0.59470
create-batch-K8[ns]	64	6144	0	16	GENERIC	16.93837
create-batch-K8-total[ms]	64	6144	0	16	GENERIC	1.66511
create-batch-K8[ns]	64	6144	0	16	CLMUL	5.21592
create-batch-K8-total[ms]	64	6144	0	16	CLMUL	0.51275
create-batch-K1[ns]	64	6144	0	64	GENERIC	12.88180
create-batch-K1-total[ms]	64	6144	0	64	GENERIC	5.06533
create-batch-K1[ns]	64	6144	0	64	CLMUL	21.69515
create-batch-K1-total[ms]	64	6144	0	64	CLMUL	8.53088
create-batch-K2[ns]	64	6144	0	64	GENERIC	13.43884
create-batch-K2-total[ms]	64	6144	0	64	GENERIC	5.28437
create-batch-K2[ns]	64	6144	0	64	CLMUL	8.07384
create-batch-K2-total[ms]	64	6144	0	64	CLMUL	3.17476
create-batch-K4[ns]	64	6144	0	64	GENERIC	16.20554
create-batch-K4-total[ms]	64	6144	0	64	GENERIC	6.37228
create-batch-K4[ns]	64	6144	0	64	CLMUL	6.06743
create-batch-K4-total[ms]	64	6144	0	64	CLMUL	2.38581
create-batch-K8[ns]	64	6144	0	64	GENERIC	16.98065
create-batch-K8-total[ms]	64	6144	0	64	GENERIC	6.67706
create-batch-K8[ns]	64	6144	0	64	CLMUL	5.19960
create-batch-K8-total[ms]	64	6144	0	64	CLMUL	2.04456
create-batch-K1[ns]	64	6144	0	128	GENERIC	12.88291
create-batch-K1-total[ms]	64	6144	0	128	GENERIC	10.13153
create-batch-K1[ns]	64	6144	0	128	CLMUL	21.69960
create-batch-K1-total[ms]	64	6144	0	128	CLMUL	17.06526
create-batch-K2[ns]	64	6144	0	128	GENERIC	13.44589
create-batch-K2-total[ms]	64	6144	0	128	GENERIC	10.57428
create-batch-K2[ns]	64	6144	0	128	CLMUL	8.06791
create-batch-K2-total[ms]	64	6144	0	128	CLMUL	6.34486
create-batch-K4[ns]	64	6144	0	128	GENERIC	16.20776
create-batch-K4-total[ms]	64	6144	0	128	GENERIC	12.74630
create-batch-K4[ns]	64	6144	0	128	CLMUL	6.05779
create-batch-K4-total[ms]	64	6144	0	128	CLMUL	4.76404
create-batch-K8[ns]	64	6144	0	128	GENERIC	16.96174
create-batch-K8-total[ms]	64	6144	0	128	GENERIC	13.33925
create-batch-K8[ns]	64	6144	0	128	CLMUL	5.21703
create-batch-K8-total[ms]	64	6144	0	128	CLMUL	4.10284
create-batch-K1[ns]	64	6144	0	512	GENERIC	12.88365
create-batch-K1-total[ms]	64	6144	0	512	GENERIC	40.52847
create-batch-K1[ns]	64	6144	0	512	CLMUL	21.70322
create-batch-K1-total[ms]	64	6144	0	512	CLMUL	68.27242
create-batch-K2[ns]	64	6144	0	512	GENERIC	13.44580
create-batch-K2-total[ms]	64	6144	0	512	GENERIC	42.29683
create-batch-K2[ns]	64	6144	0	512	CLMUL	8.07616
create-batch-K2-total[ms]	64	6144	0	512	CLMUL	25.40540
create-batch-K4[ns]	64	6144	0	512	GENERIC	16.21453
create-batch-K4-total[ms]	64	6144	0	512	GENERIC	51.00650
create-batch-K4[ns]	64	6144	0	512	CLMUL	6.01394
create-batch-K4-total[ms]	64	6144	0	512	CLMUL	18.91820
create-batch-K8[ns]	64	6144	0	512	GENERIC	16.98492
create-batch-K8-total[ms]	64	6144	0	512	GENERIC	53.42993
create-batch-K8[ns]	64	6144	0	512	CLMUL	5.23770
create-batch-K8-total[ms]	64	6144	0	512	CLMUL	16.47639
create-batch-K1[ns]	64	6144	0	1024	GENERIC	12.88546
create-batch-K1-total[ms]	64	6144	0	1024	GENERIC	81.06831
create-batch-K1[ns]	64	6144	0	1024	CLMUL	21.70493
create-batch-K1-total[ms]	64	6144	0	1024	CLMUL	136.55564
create-batch-K2[ns]	64	6144	0	1024	GENERIC	13.44464
create-batch-K2-total[ms]	64	6144	0	1024	GENERIC	84.58636
create-batch-K2[ns]	64	6144	0	1024	CLMUL	8.07352
create-batch-K2-total[ms]	64	6144	0	1024	CLMUL	50.79416
create-batch-K4[ns]	64	6144	0	1024	GENERIC	16.21722
create-batch-K4-total[ms]	64	6144	0	1024	GENERIC	102.02991
create-batch-K4[ns]	64	6144	0	1024	CLMUL	6.02418
create-batch-K4-total[ms]	64	6144	0	1024	CLMUL	37.90086
create-batch-K8[ns]	64	6144	0	1024	GENERIC	16.99558
create-batch-K8-total[ms]	64	6144	0	1024	GENERIC	106.92695
create-batch-K8[ns]	64	6144	0	1024	CLMUL	5.23154
create-batch-K8-total[ms]	64	6144	0	1024	CLMUL	32.91399
create-batch-K1[ns]	64	6144	0	2048	GENERIC	12.88402
create-batch-K1-total[ms]	64	6144	0	2048	GENERIC	162.11853
create-batch-K1[ns]	64	6144	0	2048	CLMUL	21.70526
create-batch-K1-total[ms]	64	6144	0	2048	CLMUL	273.11536
create-batch-K2[ns]	64	6144	0	2048	GENERIC	13.44578
create-batch-K2-total[ms]	64	6144	0	2048	GENERIC	169.18701
create-batch-K2[ns]	64	6144	0	2048	CLMUL	8.07488
create-batch-K2-total[ms]	64	6144	0	2048	CLMUL	101.60554
create-batch-K4[ns]	64	6144	0	2048	GENERIC	16.21933
create-batch-K4-total[ms]	64	6144	0	2048	GENERIC	204.08636
create-batch-K4[ns]	64	6144	0	2048	CLMUL	6.06073
create-batch-K4-total[ms]	64	6144	0	2048	CLMUL	76.26168
create-batch-K8[ns]	64	6144	0	2048	GENERIC	16.99913
create-batch-K8-total[ms]	64	6144	0	2048	GENERIC	213.89852
create-batch-K8[ns]	64	6144	0	2048	CLMUL	5.22375
create-batch-K8-total[ms]	64	6144	0	2048	CLMUL	65.72999
create-batch-K1[ns]	64	6144	0	4096	GENERIC	12.88647
create-batch-K1-total[ms]	64	6144	0	4096	GENERIC	324.29861
create-batch-K1[ns]	64	6144	0	4096	CLMUL	21.70408
create-batch-K1-total[ms]	64	6144	0	4096	CLMUL	546.20097
create-batch-K2[ns]	64	6144	0	4096	GENERIC	13.44355
create-batch-K2-total[ms]	64	6144	0	4096	GENERIC	338.31802
create-batch-K2[ns]	64	6144	0	4096	CLMUL	8.07288
create-batch-K2-total[ms]	64	6144	0	4096	CLMUL	203.16062
create-batch-K4[ns]	64	6144	0	4096	GENERIC	16.21264
create-batch-K4-total[ms]	64	6144	0	4096	GENERIC	408.00443
create-batch-K4[ns]	64	6144	0	4096	CLMUL	6.02792
create-batch-K4-total[ms]	64	6144	0	4096	CLMUL	151.69767
create-batch-K8[ns]	64	6144	0	4096	GENERIC	16.96458
create-batch-K8-total[ms]	64	6144	0	4096	GENERIC	426.92759
create-batch-K8[ns]	64	6144	0	4096	CLMUL	5.23797
create-batch-K8-total[ms]	64	6144	0	4096	CLMUL	131.81785
create-batch-K1[ns]	64	6144	0	8192	GENERIC	12.88708
create-batch-K1-total[ms]	64	6144	0	8192	GENERIC	648.62784
create-batch-K1[ns]	64	6144	0	8192	CLMUL	21.70687
create-batch-K1-total[ms]	64	6144	0	8192	CLMUL	1092.54253
create-batch-K2[ns]	64	6144	0	8192	GENERIC	13.43935
create-batch-K2-total[ms]	64	6144	0	8192	GENERIC	676.42488
create-batch-K2[ns]	64	6144	0	8192	CLMUL	8.07734
create-batch-K2-total[ms]	64	6144	0	8192	CLMUL	406.54582
create-batch-K4[ns]	64	6144	0	8192	GENERIC	16.21654
create-batch-K4-total[ms]	64	6144	0	8192	GENERIC	816.20515
create-batch-K4[ns]	64	6144	0	8192	CLMUL	6.03882
create-batch-K4-total[ms]	64	6144	0	8192	CLMUL	303.94367
create-batch-K8[ns]	64	6144	0	8192	GENERIC	16.96367
create-batch-K8-total[ms]	64	6144	0	8192	GENERIC	853.80969
create-batch-K8[ns]	64	6144	0	8192	CLMUL	5.23685
create-batch-K8-total[ms]	64	6144	0	8192	CLMUL	263.57912
create-batch-K1[ns]	64	7168	0	16	GENERIC	12.87576
create-batch-K1-total[ms]	64	7168	0	16	GENERIC	1.47670
create-batch-K1[ns]	64	7168	0	16	CLMUL	21.67746
create-batch-K1-total[ms]	64	7168	0	16	CLMUL	2.48615
create-batch-K2[ns]	64	7168	0	16	GENERIC	13.42761
create-batch-K2-total[ms]	64	7168	0	16	GENERIC	1.53999
create-batch-K2[ns]	64	7168	0	16	CLMUL	8.06420
create-batch-K2-total[ms]	64	7168	0	16	CLMUL	0.92487
create-batch-K4[ns]	64	7168	0	16	GENERIC	16.18434
create-batch-K4-total[ms]	64	7168	0	16	GENERIC	1.85615
create-batch-K4[ns]	64	7168	0	16	CLMUL	6.05769
create-batch-K4-total[ms]	64	7168	0	16	CLMUL	0.69474
create-batch-K8[ns]	64	7168	0	16	GENERIC	16.96000
create-batch-K8-total[ms]	64	7168	0	16	GENERIC	1.94511
create-batch-K8[ns]	64	7168	0	16	CLMUL	5.21337
create-batch-K8-total[ms]	64	7168	0	16	CLMUL	0.59791
create-batch-K1[ns]	64	7168	0	64	GENERIC	12.88466
create-batch-K1-total[ms]	64	7168	0	64	GENERIC	5.91086
create-batch-K1[ns]	64	7168	0	64	CLMUL	21.69971
create-batch-K1-total[ms]	64	7168	0	64	CLMUL	9.95479
create-batch-K2[ns]	64	7168	0	64	GENERIC	13.44097
create-batch-K2-total[ms]	64	7168	0	64	GENERIC	6.16607
create-batch-K2[ns]	64	7168	0	64	CLMUL	8.07818
create-batch-K2-total[ms]	64	7168	0	64	CLMUL	3.70588
create-batch-K4[ns]	64	7168	0	64	GENERIC	16.21041
create-batch-K4-total[ms]	64	7168	0	64	GENERIC	7.43656
create-batch-K4[ns]	64	7168	0	64	CLMUL	5.99919
create-batch-K4-total[ms]	64	7168	0	64	CLMUL	2.75214
create-batch-K8[ns]	64	7168	0	64	GENERIC	16.98351
create-batch-K8-total[ms]	64	7168	0	64	GENERIC	7.79122
create-batch-K8[ns]	64	7168	0	64	CLMUL	5.24135
create-batch-K8-total[ms]	64	7168	0	64	CLMUL	2.40448
create-batch-K1[ns]	64	7168	0	128	GENERIC	12.88498
create-batch-K1-total[ms]	64	7168	0	128	GENERIC	11.82202
create-batch-K1[ns]	64	7168	0	128	CLMUL	21.70225
create-batch-K1-total[ms]	64	7168	0	128	CLMUL	19.91190
create-batch-K2[ns]	64	7168	0	128	GENERIC	13.44446
create-batch-K2-total[ms]	64	7168	0	128	GENERIC	12.33535
create-batch-K2[ns]	64	7168	0	128	CLMUL	8.07469
create-batch-K2-total[ms]	64	7168	0	128	CLMUL	7.40856
create-batch-K4[ns]	64	7168	0	128	GENERIC	16.20405
create-batch-K4-total[ms]	64	7168	0	128	GENERIC	14.86728
create-batch-K4[ns]	64	7168	0	128	CLMUL	6.06595
create-batch-K4-total[ms]	64	7168	0	128	CLMUL	5.56553
create-batch-K8[ns]	64	7168	0	128	GENERIC	16.98574
create-batch-K8-total[ms]	64	7168	0	128	GENERIC	15.58448
create-batch-K8[ns]	64	7168	0	128	CLMUL	5.24516
create-batch-K8-total[ms]	64	7168	0	128	CLMUL	4.81246
create-batch-K1[ns]	64	7168	0	512	GENERIC	12.88077
create-batch-K1-total[ms]	64	7168	0	512	GENERIC	47.27261
create-batch-K1[ns]	64	7168	0	512	CLMUL	21.69812
create-batch-K1-total[ms]	64	7168	0	512	CLMUL	79.63245
create-batch-K2[ns]	64	7168	0	512	GENERIC	13.44573
create-batch-K2-total[ms]	64	7168	0	512	GENERIC	49.34605
create-batch-K2[ns]	64	7168	0	512	CLMUL	8.07214
create-batch-K2-total[ms]	64	7168	0	512	CLMUL	29.62490
create-batch-K4[ns]	64	7168	0	512	GENERIC	16.20818
create-batch-K4-total[ms]	64	7168	0	512	GENERIC	59.48430
create-batch-K4[ns]	64	7168	0	512	CLMUL	6.00158
create-batch-K4-total[ms]	64	7168	0	512	CLMUL	22.02588
create-batch-K8[ns]	64	7168	0	512	GENERIC	16.98487
create-batch-K8-total[ms]	64	7168	0	512	GENERIC	62.33473
create-batch-K8[ns]	64	7168	0	512	CLMUL	5.23626
create-batch-K8-total[ms]	64	7168	0	512	CLMUL	19.21716
create-batch-K1[ns]	64	7168	0	1024	GENERIC	12.88267
create-batch-K1-total[ms]	64	7168	0	1024	GENERIC	94.55923
create-batch-K1[ns]	64	7168	0	1024	CLMUL	21.70476
create-batch-K1-total[ms]	64	7168	0	1024	CLMUL	159.31360
create-batch-K2[ns]	64	7168	0	1024	GENERIC	13.43759
create-batch-K2-total[ms]	64	7168	0	1024	GENERIC	98.63231
create-batch-K2[ns]	64	7168	0	1024	CLMUL	8.07274
create-batch-K2-total[ms]	64	7168	0	1024	CLMUL	59.25417
create-batch-K4[ns]	64	7168	0	1024	GENERIC	16.20755
create-batch-K4-total[ms]	64	7168	0	1024	GENERIC	118.96392
create-batch-K4[ns]	64	7168	0	1024	CLMUL	6.00507
create-batch-K4-total[ms]	64	7168	0	1024	CLMUL	44.07743
create-batch-K8[ns]	64	7168	0	1024	GENERIC	16.97104
create-batch-K8-total[ms]	64	7168	0	1024	GENERIC	124.56796
create-batch-K8[ns]	64	7168	0	1024	CLMUL	5.24147
create-batch-K8-total[ms]	64	7168	0	1024	CLMUL	38.47253
create-batch-K1[ns]	64	7168	0	2048	GENERIC	12.87999
create-batch-K1-total[ms]	64	7168	0	2048	GENERIC	189.07908
create-batch-K1[ns]	64	7168	0	2048	CLMUL	21.70625
create-batch-K1-total[ms]	64	7168	0	2048	CLMUL	318.64907
create-batch-K2[ns]	64	7168	0	2048	GENERIC	13.43751
create-batch-K2-total[ms]	64	7168	0	2048	GENERIC	197.26346
create-batch-K2[ns]	64	7168	0	2048	CLMUL	8.07284
create-batch-K2-total[ms]	64	7168	0	2048	CLMUL	118.50980
create-batch-K4[ns]	64	7168	0	2048	GENERIC	16.20445
create-batch-K4-total[ms]	64	7168	0	2048	GENERIC	237.88235
create-batch-K4[ns]	64	7168	0	2048	CLMUL	6.00329
create-batch-K4-total[ms]	64	7168	0	2048	CLMUL	88.12862
create-batch-K8[ns]	64	7168	0	2048	GENERIC	16.95749
create-batch-K8-total[ms]	64	7168	0	2048	GENERIC	248.93700
create-batch-K8[ns]	64	7168	0	2048	CLMUL	5.24373
create-batch-K8-total[ms]	64	7168	0	2048	CLMUL	76.97830
create-batch-K1[ns]	64	7168	0	4096	GENERIC	12.87894
create-batch-K1-total[ms]	64	7168	0	4096	GENERIC	378.12725
create-batch-K1[ns]	64	7168	0	4096	CLMUL	21.70147
create-batch-K1-total[ms]	64	7168	0	4096	CLMUL	637.15786
create-batch-K2[ns]	64	7168	0	4096	GENERIC	13.43692
create-batch-K2-total[ms]	64	7168	0	4096	GENERIC	394.50972
create-batch-K2[ns]	64	7168	0	4096	CLMUL	8.07439
create-batch-K2-total[ms]	64	7168	0	4096	CLMUL	237.06510
create-batch-K4[ns]	64	7168	0	4096	GENERIC	16.20617
create-batch-K4-total[ms]	64	7168	0	4096	GENERIC	475.81515
create-batch-K4[ns]	64	7168	0	4096	CLMUL	6.01028
create-batch-K4-total[ms]	64	7168	0	4096	CLMUL	176.46257
create-batch-K8[ns]	64	7168	0	4096	GENERIC	16.95918
create-batch-K8-total[ms]	64	7168	0	4096	GENERIC	497.92358
create-batch-K8[ns]	64	7168	0	4096	CLMUL	5.24099
create-batch-K8-total[ms]	64	7168	0	4096	CLMUL	153.87611
create-batch-K1[ns]	64	7168	0	8192	GENERIC	12.88135
create-batch-K1-total[ms]	64	7168	0	8192	GENERIC	756.39628
create-batch-K1[ns]	64	7168	0	8192	CLMUL	21.70740
create-batch-K1-total[ms]	64	7168	0	8192	CLMUL	1274.66386
create-batch-K2[ns]	64	7168	0	8192	GENERIC	13.43755
create-batch-K2-total[ms]	64	7168	0	8192	GENERIC	789.05656
create-batch-K2[ns]	64	7168	0	8192	CLMUL	8.07411
create-batch-K2-total[ms]	64	7168	0	8192	CLMUL	474.11398
create-batch-K4[ns]	64	7168	0	8192	GENERIC	16.20739
create-batch-K4-total[ms]	64	7168	0	8192	GENERIC	951.70197
create-batch-K4[ns]	64	7168	0	8192	CLMUL	6.01118
create-batch-K4-total[ms]	64	7168	0	8192	CLMUL	352.97822
create-batch-K8[ns]	64	7168	0	8192	GENERIC	16.96833
create-batch-K8-total[ms]	64	7168	0	8192	GENERIC	996.38464
create-batch-K8[ns]	64	7168	0	8192	CLMUL	5.23985
create-batch-K8-total[ms]	64	7168	0	8192	CLMUL	307.68539
create-batch-K1[ns]	64	8192	0	16	GENERIC	12.86623
create-batch-K1-total[ms]	64	8192	0	16	GENERIC	1.68640
create-batch-K1[ns]	64	8192	0	16	CLMUL	21.68479
create-batch-K1-total[ms]	64	8192	0	16	CLMUL	2.84227
create-batch-K2[ns]	64	8192	0	16	GENERIC	13.42031
create-batch-K2-total[ms]	64	8192	0	16	GENERIC	1.75903
create-batch-K2[ns]	64	8192	0	16	CLMUL	8.07088
create-batch-K2-total[ms]	64	8192	0	16	CLMUL	1.05787
create-batch-K4[ns]	64	8192	0	16	GENERIC	16.18404
create-batch-K4-total[ms]	64	8192	0	16	GENERIC	2.12128
create-batch-K4[ns]	64	8192	0	16	CLMUL	6.04816
create-batch-K4-total[ms]	64	8192	0	16	CLMUL	0.79274
create-batch-K8[ns]	64	8192	0	16	GENERIC	16.96954
create-batch-K8-total[ms]	64	8192	0	16	GENERIC	2.22423
create-batch-K8[ns]	64	8192	0	16	CLMUL	5.23817
create-batch-K8-total[ms]	64	8192	0	16	CLMUL	0.68658
create-batch-K1[ns]	64	8192	0	64	GENERIC	12.86957
create-batch-K1-total[ms]	64	8192	0	64	GENERIC	6.74736
create-batch-K1[ns]	64	8192	0	64	CLMUL	21.69647
create-batch-K1-total[ms]	64	8192	0	64	CLMUL	11.37520
create-batch-K2[ns]	64	8192	0	64	GENERIC	13.42810
create-batch-K2-total[ms]	64	8192	0	64	GENERIC	7.04019
create-batch-K2[ns]	64	8192	0	64	CLMUL	8.07589
create-batch-K2-total[ms]	64	8192	0	64	CLMUL	4.23409
create-batch-K4[ns]	64	8192	0	64	GENERIC	16.19461
create-batch-K4-total[ms]	64	8192	0	64	GENERIC	8.49064
create-batch-K4[ns]	64	8192	0	64	CLMUL	6.02590
create-batch-K4-total[ms]	64	8192	0	64	CLMUL	3.15931
create-batch-K8[ns]	64	8192	0	64	GENERIC	16.98345
create-batch-K8-total[ms]	64	8192	0	64	GENERIC	8.90422
create-batch-K8[ns]	64	8192	0	64	CLMUL	5.23873
create-batch-K8-total[ms]	64	8192	0	64	CLMUL	2.74660
create-batch-K1[ns]	64	8192	0	128	GENERIC	12.87625
create-batch-K1-total[ms]	64	8192	0	128	GENERIC	13.50172
create-batch-K1[ns]	64	8192	0	128	CLMUL	21.70092
create-batch-K1-total[ms]	64	8192	0	128	CLMUL	22.75506
create-batch-K2[ns]	64	8192	0	128	GENERIC	13.43033
create-batch-K2-total[ms]	64	8192	0	128	GENERIC	14.08272
create-batch-K2[ns]	64	8192	0	128	CLMUL	8.07533
create-batch-K2-total[ms]	64	8192	0	128	CLMUL	8.46760
create-batch-K4[ns]	64	8192	0	128	GENERIC	16.19795
create-batch-K4-total[ms]	64	8192	0	128	GENERIC	16.98478
create-batch-K4[ns]	64	8192	0	128	CLMUL	6.00643
create-batch-K4-total[ms]	64	8192	0	128	CLMUL	6.29820
create-batch-K8[ns]	64	8192	0	128	GENERIC	16.98623
create-batch-K8-total[ms]	64	8192	0	128	GENERIC	17.81135
create-batch-K8[ns]	64	8192	0	128	CLMUL	5.24123
create-batch-K8-total[ms]	64	8192	0	128	CLMUL	5.49583
create-batch-K1[ns]	64	8192	0	512	GENERIC	12.87138
create-batch-K1-total[ms]	64	8192	0	512	GENERIC	53.98647
create-batch-K1[ns]	64	8192	0	512	CLMUL	21.70711
create-batch-K1-total[ms]	64	8192	0	512	CLMUL	91.04621
create-batch-K2[ns]	64	8192	0	512	GENERIC	13.42935
create-batch-K2-total[ms]	64	8192	0	512	GENERIC	56.32679
create-batch-K2[ns]	64	8192	0	512	CLMUL	8.07609
create-batch-K2-total[ms]	64	8192	0	512	CLMUL	33.87360
create-batch-K4[ns]	64	8192	0	512	GENERIC	16.19982
create-batch-K4-total[ms]	64	8192	0	512	GENERIC	67.94698
create-batch-K4[ns]	64	8192	0	512	CLMUL	5.99899
create-batch-K4-total[ms]	64	8192	0	512	CLMUL	25.16158
create-batch-K8[ns]	64	8192	0	512	GENERIC	16.98053
create-batch-K8-total[ms]	64	8192	0	512	GENERIC	71.22150
create-batch-K8[ns]	64	8192	0	512	CLMUL	5.24401
create-batch-K8-total[ms]	64	8192	0	512	CLMUL	21.99499
create-batch-K1[ns]	64	8192	0	1024	GENERIC	12.87277
create-batch-K1-total[ms]	64	8192	0	1024	GENERIC	107.98461
create-batch-K1[ns]	64	8192	0	1024	CLMUL	21.71128
create-batch-K1-total[ms]	64	8192	0	1024	CLMUL	182.12742
create-batch-K2[ns]	64	8192	0	1024	GENERIC	13.42960
create-batch-K2-total[ms]	64	8192	0	1024	GENERIC	112.65562
create-batch-K2[ns]	64	8192	0	1024	CLMUL	8.07721
create-batch-K2-total[ms]	64	8192	0	1024	CLMUL	67.75653
create-batch-K4[ns]	64	8192	0	1024	GENERIC	16.19791
create-batch-K4-total[ms]	64	8192	0	1024	GENERIC	135.87793
create-batch-K4[ns]	64	8192	0	1024	CLMUL	6.00407
create-batch-K4-total[ms]	64	8192	0	1024	CLMUL	50.36575
create-batch-K8[ns]	64	8192	0	1024	GENERIC	16.98338
create-batch-K8-total[ms]	64	8192	0	1024	GENERIC	142.46691
create-batch-K8[ns]	64	8192	0	1024	CLMUL	5.24151
create-batch-K8-total[ms]	64	8192	0	1024	CLMUL	43.96897
create-batch-K1[ns]	64	8192	0	2048	GENERIC	12.87287
create-batch-K1-total[ms]	64	8192	0	2048	GENERIC	215.97098
create-batch-K1[ns]	64	8192	0	2048	CLMUL	21.70393
create-batch-K1-total[ms]	64	8192	0	2048	CLMUL	364.13147
create-batch-K2[ns]	64	8192	0	2048	GENERIC	13.43224
create-batch-K2-total[ms]	64	8192	0	2048	GENERIC	225.35556
create-batch-K2[ns]	64	8192	0	2048	CLMUL	8.07135
create-batch-K2-total[ms]	64	8192	0	2048	CLMUL	135.41476
create-batch-K4[ns]	64	8192	0	2048	GENERIC	16.20085
create-batch-K4-total[ms]	64	8192	0	2048	GENERIC	271.80514
create-batch-K4[ns]	64	8192	0	2048	CLMUL	6.00881
create-batch-K4-total[ms]	64	8192	0	2048	CLMUL	100.81113
create-batch-K8[ns]	64	8192	0	2048	GENERIC	16.97916
create-batch-K8-total[ms]	64	8192	0	2048	GENERIC	284.86295
create-batch-K8[ns]	64	8192	0	2048	CLMUL	5.24344
create-batch-K8-total[ms]	64	8192	0	2048	CLMUL	87.97032
create-batch-K1[ns]	64	8192	0	4096	GENERIC	12.87417
create-batch-K1-total[ms]	64	8192	0	4096	GENERIC	431.98541
create-batch-K1[ns]	64	8192	0	4096	CLMUL	21.70548
create-batch-K1-total[ms]	64	8192	0	4096	CLMUL	728.31514
create-batch-K2[ns]	64	8192	0	4096	GENERIC	13.42929
create-batch-K2-total[ms]	64	8192	0	4096	GENERIC	450.61226
create-batch-K2[ns]	64	8192	0	4096	CLMUL	8.07518
create-batch-K2-total[ms]	64	8192	0	4096	CLMUL	270.95815
create-batch-K4[ns]	64	8192	0	4096	GENERIC	16.20180
create-batch-K4-total[ms]	64	8192	0	4096	GENERIC	543.64207
create-batch-K4[ns]	64	8192	0	4096	CLMUL	6.01135
create-batch-K4-total[ms]	64	8192	0	4096	CLMUL	201.70743
create-batch-K8[ns]	64	8192	0	4096	GENERIC	16.95197
create-batch-K8-total[ms]	64	8192	0	4096	GENERIC	568.81387
create-batch-K8[ns]	64	8192	0	4096	CLMUL	5.24267
create-batch-K8-total[ms]	64	8192	0	4096	CLMUL	175.91468
create-batch-K1[ns]	64	8192	0	8192	GENERIC	12.87729
create-batch-K1-total[ms]	64	8192	0	8192	GENERIC	864.18023
create-batch-K1[ns]	64	8192	0	8192	CLMUL	21.70857
create-batch-K1-total[ms]	64	8192	0	8192	CLMUL	1456.83765
create-batch-K2[ns]	64	8192	0	8192	GENERIC	13.43319
create-batch-K2-total[ms]	64	8192	0	8192	GENERIC	901.48584
create-batch-K2[ns]	64	8192	0	8192	CLMUL	8.07711
create-batch-K2-total[ms]	64	8192	0	8192	CLMUL	542.04550
create-batch-K4[ns]	64	8192	0	8192	GENERIC	16.20141
create-batch-K4-total[ms]	64	8192	0	8192	GENERIC	1087.25819
create-batch-K4[ns]	64	8192	0	8192	CLMUL	6.01320
create-batch-K4-total[ms]	64	8192	0	8192	CLMUL	403.53881
create-batch-K8[ns]	64	8192	0	8192	GENERIC	16.94993
create-batch-K8-total[ms]	64	8192	0	8192	GENERIC	1137.49036
create-batch-K8[ns]	64	8192	0	8192	CLMUL	5.24348
create-batch-K8-total[ms]	64	8192	0	8192	CLMUL	351.88390
